sender_address,recipient_address,amount,timestamp,metadata
0xb2c945372e33a8bf4629370eeb3b86e06539c17b,0x28b1dc1a5e3699a428bc51d234dfab7c9cb2a183,0.0,2026-03-20T03:24:35+00:00,0x568bb787e0c8a6c9f63228f017591dcfc3d1818ccb1a00050e77c8fcb3e252e4
0x591342772bbc7d0630efbdea3c0b704e7addad17,0x28b1dc1a5e3699a428bc51d234dfab7c9cb2a183,0.0,2026-04-23T03:03:35+00:00,0xf472f3aab2370af7f8412fb9fb96b12a971234300c3e88062e6112a6e4c45f6c
0x896f4edd6601eda7d12f077a35e1cdf2898282ce,0x28b1dc1a5e3699a428bc51d234dfab7c9cb2a183,0.0,2026-04-23T05:03:47+00:00,0x73e1879076ce085e246288409e26a730e86d7a22ebe596ff24d6b448e3954392
0x896f4edd6601eda7d12f077a35e1cdf2898282ce,0x28b1dc1a5e3699a428bc51d234dfab7c9cb2a183,0.0,2026-04-23T05:18:23+00:00,0xf830847aec1eb38fae38eb1bae3d716b8f396669a570959df190b9ee099768c3
0x7ead224b229b01a1e87f84e11c0c7bf653f03d1f,0x28b1dc1a5e3699a428bc51d234dfab7c9cb2a183,0.0,2026-04-23T10:25:11+00:00,0x33562b4f33a5be3d664c37ac60899cfc65584edbece1b3518b6c5c9aa0195839
0x7ead224b229b01a1e87f84e11c0c7bf653f03d1f,0x28b1dc1a5e3699a428bc51d234dfab7c9cb2a183,0.0,2026-04-23T10:25:47+00:00,0x17e05d28416d38d03b0bb3e4b29e369550256b7fc60160bb5d4848cea23de4ae
0xc171a1caa36b1c9e2c56fe71a24ceac127ff5ae4,0x28b1dc1a5e3699a428bc51d234dfab7c9cb2a183,0.0,2026-04-23T10:53:23+00:00,0x55f79e0f86e660116019ca773542d9903543fce235653fca8b88ff05f3090e65
0x1d425d5c3fe77f5f91f5582f2a98d4a94cb0549b,0x28b1dc1a5e3699a428bc51d234dfab7c9cb2a183,0.0,2026-04-23T11:00:23+00:00,0xf5b9992181be98567fc6c9a4dfbf4b214c73d0fe6088baf79656f62033bbbca7
0x0b302898c53ed4ab6af5e1bc18fa4250a7a1d97d,0x28b1dc1a5e3699a428bc51d234dfab7c9cb2a183,0.74,2026-04-23T11:01:11+00:00,0x724c53931dd3650cfd60ec983dec81ab4a6dccba842eb6614b31e6854a6d648c
0x0c8d0833086c14b9d03e32fb4e7b40eddc765e6d,0x28b1dc1a5e3699a428bc51d234dfab7c9cb2a183,0.015,2026-04-23T11:01:47+00:00,0x75d60e39bc49dac7c7eac387812bdd419f526ced0d3c0e544295bdcd960926ad
0xa966213c0cea2c430677602e2ee9a29ca6af2efa,0x28b1dc1a5e3699a428bc51d234dfab7c9cb2a183,0.0,2026-04-23T11:03:11+00:00,0xe1db23375c778ec6c23643e84cf376dddbe5f586cdc37494738719411e394d36
0x520a934f8d0f529c4d1d6dbde13f73baaf55049f,0x28b1dc1a5e3699a428bc51d234dfab7c9cb2a183,0.0,2026-04-23T11:03:23+00:00,0x9e9c94896963077acb508b90a49be875f69aa729826dd85a33738467cefdcecb
0x148368fef9aee25e079fc64d67db9f3f817d855f,0x28b1dc1a5e3699a428bc51d234dfab7c9cb2a183,0.01,2026-04-23T11:03:59+00:00,0x5d4c9bb778f4a06143df987537c0822c4b418c51301654c1095f4a1d80b850f4
0x96d93210813350ddd6d226a9209f0ce40300f58d,0x28b1dc1a5e3699a428bc51d234dfab7c9cb2a183,0.0,2026-04-23T11:04:59+00:00,0x81840421962471f00ffcd9b9cd7bf0464a26dac995dfb06949ce3544f470ad45
0x4020e06c313d7a308c55a254de74fc988fb41bc8,0x28b1dc1a5e3699a428bc51d234dfab7c9cb2a183,0.0,2026-04-23T11:05:35+00:00,0x35c3d0eae98f1d012d057d5af8f244dc4a201a053f9c88b265b40270b7272366
0x95339b042e8a6c279d625b965446195d0f86c1c7,0x28b1dc1a5e3699a428bc51d234dfab7c9cb2a183,0.043146653300447195,2026-04-23T11:07:59+00:00,0xb27e8f4fbb5df84a8f76b378cc39e6c9e0af6ecd6fed5c93ebc3f2c2407d44b6
0x767465ffd6060bd9fbc4e83bcf7650b7f2f9940a,0x28b1dc1a5e3699a428bc51d234dfab7c9cb2a183,0.0,2026-04-23T11:07:59+00:00,0x88f85554704a4c5aef8d3ab75f1047c5e205ef202102841fc1070fcbeabab846
0xc6411ca5a80deb7abc0827da82e2ddb9c906614a,0x28b1dc1a5e3699a428bc51d234dfab7c9cb2a183,0.0,2026-04-23T11:08:11+00:00,0x4395f278949c34a002340d1f94c68c9442dcbdf5befea92bffef73ee666eb9c2
0x520a934f8d0f529c4d1d6dbde13f73baaf55049f,0x28b1dc1a5e3699a428bc51d234dfab7c9cb2a183,0.1,2026-04-23T11:08:47+00:00,0x6c2b4978b4b6541e113a21b53f18fabe425e666be7947fbc4d685f0b5c231df8
0x1906c912bf68f847d719b134aa99c2e3f59a6f44,0x28b1dc1a5e3699a428bc51d234dfab7c9cb2a183,0.0,2026-04-23T11:08:59+00:00,0x7dad7d020e8d80e8bb2d1bf36f28531d2b745f59d31cd145918540068ed831f2
0x88538812e41b89689f5e23871ef5d5ce2be0f987,0x28b1dc1a5e3699a428bc51d234dfab7c9cb2a183,0.0,2026-04-23T11:09:35+00:00,0x1383cbd51b3e3d1d2de8ddce91527dbde0fcb24d1ab4960ca8ca0ccae53c610a
0x7f5afc67d4c3ae0182354ea6e785fdeb20150f15,0x28b1dc1a5e3699a428bc51d234dfab7c9cb2a183,0.065,2026-04-23T11:09:47+00:00,0x450047af697153840e786da46d9b82a672302e826e28299d4efdc5dff2ce5395
0x520a934f8d0f529c4d1d6dbde13f73baaf55049f,0x28b1dc1a5e3699a428bc51d234dfab7c9cb2a183,0.1,2026-04-23T11:09:47+00:00,0xba8cc193916d4272e89be610b7268ae65d546793bb411ffc79373ffcdb155e6c
0x46a22336c9f873fa79a0f14fad8e49e521d532c0,0x28b1dc1a5e3699a428bc51d234dfab7c9cb2a183,0.0,2026-04-23T11:10:35+00:00,0xcfa0d05aafb2a64e078eb02e2ad611c70401e6497939bb4e58e0a451760301ab
0x2ec12a1b62210754bd48fd9c943ff654a0ba2f1a,0x28b1dc1a5e3699a428bc51d234dfab7c9cb2a183,0.0,2026-04-23T11:11:47+00:00,0x44e85dd7f0a6e5756b3f98bb487f56f4448f6dcc173b8dc741ec06a96c66176b
0xd5b4e0c3eac4bee8d51556e6dd970d1099eaf79d,0x28b1dc1a5e3699a428bc51d234dfab7c9cb2a183,0.0,2026-04-23T11:11:59+00:00,0xbdcb027696088c717bfd5d20eaa0037d5df2c5bff55692e78e898e52dfa8fa48
0x2a13271c8695334d575aa4c70c2c62683a8470ae,0x28b1dc1a5e3699a428bc51d234dfab7c9cb2a183,0.07286457552895474,2026-04-23T11:12:35+00:00,0x19dab43586f4f51d69b9c0777930a1a9e7d89612280a59bd495357978692bc84
0xc6411ca5a80deb7abc0827da82e2ddb9c906614a,0x28b1dc1a5e3699a428bc51d234dfab7c9cb2a183,0.05,2026-04-23T11:12:47+00:00,0x40c92e40385c9c49483a5ec6ceec52d153b47f9d9f30ceb3fe97b73a1b1901c1
0x01bd818444b1ea0a038fff799dcc501b876bfa03,0x28b1dc1a5e3699a428bc51d234dfab7c9cb2a183,0.0,2026-04-23T11:13:11+00:00,0x28528d3d8af6bff3e5c795c294c7583428554874fc53bb630bfc5e763b71cd58
0xa164482aa2aeb40e03e492dde6aa4d6f48f514ab,0x28b1dc1a5e3699a428bc51d234dfab7c9cb2a183,0.0,2026-04-23T11:13:47+00:00,0x819e505a7946131140788a0926db57e9b1c6b0ec1fe3db9570380c40f668f8e0
0x37bce97116fc49c22a3723c591dbc63a7bd6c609,0x28b1dc1a5e3699a428bc51d234dfab7c9cb2a183,0.0,2026-04-23T11:13:59+00:00,0x8486cbea2e4d842d1f8b75ffc74fadf22d367d9bde7585bbfbee1e0468eabdfb
0x31fc2fc7267bb2ab4445091fabf418a024558e9e,0x28b1dc1a5e3699a428bc51d234dfab7c9cb2a183,0.0,2026-04-23T11:15:11+00:00,0x03fb965de42d821b14e1857dcd75f5719ae1425a2175150f4d3d8ee244a56d12
0x3c6c715acba6c6eb4646c799abd5410fc7a21660,0x28b1dc1a5e3699a428bc51d234dfab7c9cb2a183,0.0,2026-04-23T11:15:11+00:00,0xaa0db975e0eddb3ddb8672accceb6fc1caec69b6e930cb61ce74f75d1fffcf53
0x64979e7505ab135df939aa2e477f7477582f2fc1,0x28b1dc1a5e3699a428bc51d234dfab7c9cb2a183,0.001295099112228291,2026-04-23T11:15:11+00:00,0x170bd713b757ffc6ac7d338d767ac8aa1ebddd5b60963b9a69d9855a9225de13
0xb9d6c820eb369d5dc8f069bc19e2cf676cc8e376,0x28b1dc1a5e3699a428bc51d234dfab7c9cb2a183,0.0,2026-04-23T11:15:47+00:00,0x73ed92dbbd9afdf7cbcee65fe9c06da9408f8d047685974698dcc14243992a44
0x6f802aba2e897187af1c2703c4271cff1a86406b,0x28b1dc1a5e3699a428bc51d234dfab7c9cb2a183,0.0,2026-04-23T11:16:23+00:00,0xd38aff5617cd1673c3bb7f265eca850429ad9dbefea943bc709790bf4535cbb9
0xf91ab02bbbaff04d363c2c8adf5f2da4bbc5b7d2,0x28b1dc1a5e3699a428bc51d234dfab7c9cb2a183,0.1,2026-04-23T11:16:23+00:00,0x70d0a2e7f23b0b5ce524872638afefc2718f6b7ca9e058c851e420063996994a
0x3c6c715acba6c6eb4646c799abd5410fc7a21660,0x28b1dc1a5e3699a428bc51d234dfab7c9cb2a183,0.0,2026-04-23T11:16:47+00:00,0xf08c3b823f6e81750363406807c9330709eaa8423ad519691d1fdf4d0ca27809
0xaa914f005786df09ef71f0a0799e5d5a3e43d8e6,0x28b1dc1a5e3699a428bc51d234dfab7c9cb2a183,0.008195683775246142,2026-04-23T11:16:59+00:00,0xeef93db611a0519292dba86ffa270daaac0c2b4da5ca1f1e5b581ded012e4a6f
0x2ef62d8bbc11e519f2a536e932c65201c34ef286,0x28b1dc1a5e3699a428bc51d234dfab7c9cb2a183,0.3,2026-04-23T11:16:59+00:00,0xb1633cd29db043b373d85d90d9d41bed45db2fe8f40b1bb71103d82ae6591f85
0xd38189d6cbff426e9b7efc20523c9690a5df494f,0x28b1dc1a5e3699a428bc51d234dfab7c9cb2a183,0.0,2026-04-23T11:17:23+00:00,0xa0db6e4953a511fb06cb1734bf46fc9df3c4b72f7946e1002fddab962e0b38a4
0xb1b2d032aa2f52347fbcfd08e5c3cc55216e8404,0x28b1dc1a5e3699a428bc51d234dfab7c9cb2a183,0.0,2026-04-23T11:18:11+00:00,0xdb45184248d3887f918c839b84287790d4ee995e6edd9b93883e6f8047ca2709
0x3ae93d269f5bc011378c37346858d074c02fe83d,0x28b1dc1a5e3699a428bc51d234dfab7c9cb2a183,0.062136324506954735,2026-04-23T11:18:11+00:00,0xdc51dc47c797e94389bfe2d00115c90bd36b28963b85be7c1858421329065954
0x964928809aa59258b456a637e4d845527b8de9a3,0x28b1dc1a5e3699a428bc51d234dfab7c9cb2a183,0.0,2026-04-23T11:18:23+00:00,0x61065a4f19a54792dbf6e0eb1b201b703c5d843c04eab5479087a89d35d4c340
0x39fe29bcb14beafe1d82f8c3ce33206d06f55963,0x28b1dc1a5e3699a428bc51d234dfab7c9cb2a183,0.0,2026-04-23T11:18:23+00:00,0x90d54e8b4f5e01a851dd0970d2141be13e30377ef69e62bb876e0677625adb65
0xed974eb7456b65e24af1abac95e270eb75d7edc5,0x28b1dc1a5e3699a428bc51d234dfab7c9cb2a183,0.0,2026-04-23T11:18:47+00:00,0x886fc2cdf125349a14bcc9f7a4f006ae45d44fe952f38287fabab75eeac31a5f
0x3e04f04ec76c6069c6e1c83b564109460c1edd78,0x28b1dc1a5e3699a428bc51d234dfab7c9cb2a183,0.0,2026-04-23T11:18:47+00:00,0x03066097c4c141402a08a89838bdb9b0b797085a1363b72965ce26457d82e1ba
0x1b8ed62c672d31670507bf3d357a09b11a590bb2,0x28b1dc1a5e3699a428bc51d234dfab7c9cb2a183,0.0,2026-04-23T11:18:47+00:00,0x5ad162be1c35d1790ea2365ff7240abdc93314979233152807f08e1362b3cce6
0xb1b2d032aa2f52347fbcfd08e5c3cc55216e8404,0x28b1dc1a5e3699a428bc51d234dfab7c9cb2a183,0.0,2026-04-23T11:19:11+00:00,0xbe75c6f92869361002fd524aa7d3668190d98557fc5905840637be34d39c2e17
0xaafcce434441956acdc26b3b1f5f3f5b4f40ad06,0x28b1dc1a5e3699a428bc51d234dfab7c9cb2a183,0.03191821914745792,2026-04-23T11:19:11+00:00,0x8f90c68632b0d4e12b22523bf04fa234a45383397c3f6a59203a0b0020a6d5dd
0xf313c4ffc7019f86d243c926a27cba48245025d7,0x28b1dc1a5e3699a428bc51d234dfab7c9cb2a183,0.0,2026-04-23T11:19:11+00:00,0x8c0b2c4482481fff6a8f9945c6b82df6b82b4efafc44f10408e81dc42667c1f6
0xd87ac8845f2e9ec2abfde9216f17e3c97c4a2a78,0x28b1dc1a5e3699a428bc51d234dfab7c9cb2a183,0.0,2026-04-23T11:19:11+00:00,0x92bc4e44c4de3581932b455b140755e1991b384ea9979cd3d96d28761a703735
0xd40854fe02d033000be9a863511f0f53d5667bac,0x28b1dc1a5e3699a428bc51d234dfab7c9cb2a183,0.0,2026-04-23T11:19:11+00:00,0x56bd8cfe8db23d0be6f71fd00fb96de41bd89fc6050dc5dc43704dc6d58055e4
0xfe02cd64210f9b4a1e3824e7e217ac0e2204dec6,0x28b1dc1a5e3699a428bc51d234dfab7c9cb2a183,0.000503626066042377,2026-04-23T11:19:23+00:00,0x4d4fb829dcba8f0133dde5d902d13cbddfe98a4bc8469848b043771f843d5312
0xb1b2d032aa2f52347fbcfd08e5c3cc55216e8404,0x28b1dc1a5e3699a428bc51d234dfab7c9cb2a183,0.0,2026-04-23T11:19:35+00:00,0x4a5797e214bc16c12d36d253d81cb9fb04289429f314e685461dc129b0480fa5
0x04537724dafd6806d90faca2a37d852259eaed9e,0x28b1dc1a5e3699a428bc51d234dfab7c9cb2a183,0.0,2026-04-23T11:19:35+00:00,0xcf0ff5d42988b1a6a63eaa72c41b45c68c6c03621ee9ba3a5021995195b1743e
0x5418bc75d4db3b930522dab2eed12f387dcb1a77,0x28b1dc1a5e3699a428bc51d234dfab7c9cb2a183,0.01077878942072927,2026-04-23T11:19:47+00:00,0x0ac513366b16ddfdbe41bf61fd62cb9f1c53a973ff0aca231e2ab041e090c259
0xd02d1f2d08c8d09f903f19466eb8c64b5ba96529,0x28b1dc1a5e3699a428bc51d234dfab7c9cb2a183,0.0,2026-04-23T11:19:47+00:00,0x5a16da20cc30c17907860b50db1d0e0bad50be07d25fd7e3e27138924cb1a4d2
0x0abaa4c72a57cb5c3b7b4a9feadb1e7dcadcec53,0x28b1dc1a5e3699a428bc51d234dfab7c9cb2a183,0.29,2026-04-23T11:19:47+00:00,0x88e38b3ddbbeac3a444716b2e0adc3c1665a7ff0190ba3bdd5beee47f08b038e
0xb4fbc8f9b5a345044010b5d80f8e2b00ba68faf6,0x28b1dc1a5e3699a428bc51d234dfab7c9cb2a183,0.0,2026-04-23T11:19:47+00:00,0x37ef398a9dfb675528e105677a32f3183ce903f27b6a854e853f2799ab3ec1ab
0x7f563c2de5cb8602495ec39b3b00aa6c3d94d5d9,0x28b1dc1a5e3699a428bc51d234dfab7c9cb2a183,0.0,2026-04-23T11:19:59+00:00,0x61d73ab376df9e7e234a60f30fd446e26043800c39b14f9d089a26bd831e5fca
0x7578f7b89ce6eb17b1221a92814305666cd7dfe8,0x28b1dc1a5e3699a428bc51d234dfab7c9cb2a183,0.0,2026-04-23T11:19:59+00:00,0xacf8a41d270fbe556cc036fb04cb250de0aabcdb5fb135ead19318f35fc703a0
0x148368fef9aee25e079fc64d67db9f3f817d855f,0x28b1dc1a5e3699a428bc51d234dfab7c9cb2a183,0.01,2026-04-23T11:19:59+00:00,0x5971f311f229bb7a53021066908c236e1e299c6db0908916e028ebc51b180cc8
0xdd3014109ecb84d7b5ee26052b5489084b58123e,0x28b1dc1a5e3699a428bc51d234dfab7c9cb2a183,0.05,2026-04-23T11:20:23+00:00,0x381a759ab2be020b64688d1bd8df15c9a1e795bdfb7aa4f4180e2e4ab16c966b
0xfea7334dc4e6dbe9aa7d141d5f753ffa7bbeedf4,0x28b1dc1a5e3699a428bc51d234dfab7c9cb2a183,0.001292925486094169,2026-04-23T11:20:23+00:00,0x9e62010615e0965ee2ac95c7c0a8f94dd77df5c4b203f42e7a4c4f342fbf2c83
0x7905d44c7e75411854d927bf981fa35991a54c9d,0x28b1dc1a5e3699a428bc51d234dfab7c9cb2a183,0.0,2026-04-23T11:20:23+00:00,0x86b53e986249547e29dd39e72adeff0b0b8a5595ab46d00dcacb897d32973425
0x20c02e88acb45804318d43695d5a27c61d094eb9,0x28b1dc1a5e3699a428bc51d234dfab7c9cb2a183,0.167126912611,2026-04-23T11:20:23+00:00,0x70956046f51c01d844af225abdc8eb7405ebd9667ae75de5a809858f5ff93cfc
0xa1aef30fbbeee0c29a43f8e1ab23ff6685fbe52f,0x28b1dc1a5e3699a428bc51d234dfab7c9cb2a183,0.040945089240609786,2026-04-23T11:20:35+00:00,0xc8d9e65f974c4ea9f11f46e914a603234dabf7f9210d073488c8fec945cf989f
0x97a0df673425acd860cdffb14c218668d987e76f,0x28b1dc1a5e3699a428bc51d234dfab7c9cb2a183,0.0,2026-04-23T11:20:47+00:00,0x6f3293ca27d27d59598d787a10afc5fb6199430b0133a918b3c84770e0c732a0
0x38c84bbfe052d69c5fd0fee6624e928f0dbc41d0,0x28b1dc1a5e3699a428bc51d234dfab7c9cb2a183,0.016,2026-04-23T11:20:47+00:00,0xef263b761fd97dea52cf92745e647af5086bd68804d1af940e5ac008ce14f360
0x11b329c7cc727437f299be7379601d1bc93a3471,0x28b1dc1a5e3699a428bc51d234dfab7c9cb2a183,0.0,2026-04-23T11:20:59+00:00,0xf67768544e64574f2060f3e8f6586011a70e8e08ec4c25c9ef93adb5452e4e68
0x4a7e21857f2f15e004c9a1653b1779c550db4264,0x28b1dc1a5e3699a428bc51d234dfab7c9cb2a183,0.0,2026-04-23T11:21:11+00:00,0x4600429271227473950d7edcb2dbe9764d4d3b3aca077daea6b6e6e2a96a97a0
0xab57130e23e8416e569889a9d34aa7785682994d,0x28b1dc1a5e3699a428bc51d234dfab7c9cb2a183,0.004,2026-04-23T11:21:11+00:00,0x576f4980a80d40f8a3a4af027eb905ef9fe2bb4c9af549d3e9da89377c0df358
0x7fde9736ffb964c722303e02de4cea46860b17a0,0x28b1dc1a5e3699a428bc51d234dfab7c9cb2a183,0.0,2026-04-23T11:21:11+00:00,0xf72ceb842b13246d1466182eda42a5bf64e7c6165c5959947f1e913586865ef7
0x283632552e210f4a1ced8d909d29184046dee9a4,0x28b1dc1a5e3699a428bc51d234dfab7c9cb2a183,0.0,2026-04-23T11:21:35+00:00,0x680482cdd612715f2656fa82a644e8328400e5be567e5a4aa1f36b13cd819fe1
0x4209c460dda83f67f92f808863da02fcfdbd80fa,0x28b1dc1a5e3699a428bc51d234dfab7c9cb2a183,0.0,2026-04-23T11:21:59+00:00,0x0829912a2da244a2ed8c4680c2ec49691ba67113c9395bed225a49b20b66d02d
0xc0b0f14d95ee6153ab55a509833e3a6cab431e67,0x28b1dc1a5e3699a428bc51d234dfab7c9cb2a183,0.000337243162964966,2026-04-23T11:21:59+00:00,0xee451d12b8be7bdbcc41b95d96f2aee15230aa78f75109b9749f864c6a40e0f9
0x6917c63263f44f9bf9bf8b61f3d591b54de7a91f,0x28b1dc1a5e3699a428bc51d234dfab7c9cb2a183,0.0,2026-04-23T11:22:35+00:00,0xa6900a9ad790c098da359a6757af44239a93b894aa5e52416dca7f694975650e
0x198e5f10b9675d6752c7788e16de70798a99061c,0x28b1dc1a5e3699a428bc51d234dfab7c9cb2a183,0.079924969361,2026-04-23T11:22:59+00:00,0x37c5e9c03df134d090aae788d02be1d963b882cbdade6fcdf764eefd600cacbe
0xd4c736d4a3b3e04a9aa1aa9df467eba0fea4e796,0x28b1dc1a5e3699a428bc51d234dfab7c9cb2a183,0.0,2026-04-23T11:23:11+00:00,0xe4bc5ce72516881a0e1003de015c9470f95216e91e5063c607ff96a313e75960
0x291d8209597477ddeeca822b713a0355d0b8e3db,0x28b1dc1a5e3699a428bc51d234dfab7c9cb2a183,0.0,2026-04-23T11:23:11+00:00,0x8e5522927f28b044caa0da27a9f4a6d11df1061fe49c8c6f5c557601ca46cc84
0x94e207d80f28f06404a102d40b0141543d3682f3,0x28b1dc1a5e3699a428bc51d234dfab7c9cb2a183,0.0,2026-04-23T11:23:35+00:00,0xc6ee36387e598612c87dd0fe2077cc3024c84441a2465f3c9911e7ded2951cd6
0x43cd5e1de4d672aef2bfa166b0c83e8a1f6ac664,0x28b1dc1a5e3699a428bc51d234dfab7c9cb2a183,0.0045,2026-04-23T11:23:35+00:00,0xa1c6b197ca1f6958715969d3d7db5fedf75f5f1ea476eaae7a0a7c92e7e7be24
0x530b5146ff442278f7f7b5e838468aea6862266e,0x28b1dc1a5e3699a428bc51d234dfab7c9cb2a183,0.0,2026-04-23T11:23:59+00:00,0xb1c5c6075c780609ca959841e6ae5d4248f80642a9e2b1abc849b6e1446dede7
0xd4c736d4a3b3e04a9aa1aa9df467eba0fea4e796,0x28b1dc1a5e3699a428bc51d234dfab7c9cb2a183,0.0172371071824871,2026-04-23T11:23:59+00:00,0xa460e4cb15df54189892f76bb145d1aa98a879a86b2159c8e69badd26183c1cd
0x3268624fc52b8e734385cf5e95dd58aeb7737559,0x28b1dc1a5e3699a428bc51d234dfab7c9cb2a183,0.0,2026-04-23T11:24:11+00:00,0xff5232c5a9f5b97c1d7a666c0aefc6d96d4557849eafdc343e9f74f045b9fff2
0xe5c43ec2b28acdade01b51278cd6347456935f5b,0x28b1dc1a5e3699a428bc51d234dfab7c9cb2a183,0.16,2026-04-23T11:24:23+00:00,0xff99fcf81f0a37032530e1ba8a1bcb5e6c83c41ded3e07bdcc1f8f2e4021a72c
0xd70da3b83107a32f58071e2f236138195eea85b3,0x28b1dc1a5e3699a428bc51d234dfab7c9cb2a183,0.0,2026-04-23T11:24:23+00:00,0x10004e3e23ba2becaeae8e893b8251c9e1ec51fcee5926ae71ae266255638bcb
0x9887141689cdfdea1db3012f54d469d3689c39ab,0x28b1dc1a5e3699a428bc51d234dfab7c9cb2a183,0.0,2026-04-23T11:24:47+00:00,0x98505f60cdae3d7d045269876a18846a3445600efa7c369aa30def3b155a17b0
0x5de3a10386ca3c387f96b6d22ac1337ce3f1294f,0x28b1dc1a5e3699a428bc51d234dfab7c9cb2a183,0.0,2026-04-23T11:24:47+00:00,0x5bb33d978ac1642ec06d393a1adf4513cfd7d42cbf3490b18118720b0ae22373
0x6c334972870138fb2d0d0562ae01362ce63cfec7,0x28b1dc1a5e3699a428bc51d234dfab7c9cb2a183,0.000288314963908278,2026-04-23T11:24:59+00:00,0x1881523de234f93187f3ba2ab0950a7567603e96995b502b4f74e7117bcec2be
0xa791cebae769b653cddb5203fd8e15c7342926d7,0x28b1dc1a5e3699a428bc51d234dfab7c9cb2a183,0.059,2026-04-23T11:24:59+00:00,0x347a8589c342f16c9d7efcb796587c9be5b4b74c18ae80fe9f5ac228a95a4884
0x0c8d0833086c14b9d03e32fb4e7b40eddc765e6d,0x28b1dc1a5e3699a428bc51d234dfab7c9cb2a183,0.011,2026-04-23T11:25:11+00:00,0xbc7254f15ad03de2b50cb7dcbad15548a47fb25d81cf9465aafc85d8e10f03fe
0x373957fdcb9fac1c09a18c8db1c8637933482700,0x28b1dc1a5e3699a428bc51d234dfab7c9cb2a183,0.0,2026-04-23T11:25:23+00:00,0x201838bab635cfe962c51cec20d91fb63f65c0730cd573b8200bf78b449dd8a3
0xd82002024642d694731c317f450ffe39e9744bc2,0x28b1dc1a5e3699a428bc51d234dfab7c9cb2a183,0.25,2026-04-23T11:25:23+00:00,0x9051fc9f11fa2cd5064564dec1dc5c510e9b2e4894dfabce153b72a0c76559ca
0xa27a2c94ff8177ccee8889a8f69e70a4bcaa8787,0x28b1dc1a5e3699a428bc51d234dfab7c9cb2a183,0.01889878627506827,2026-04-23T11:25:23+00:00,0x3cf1207df04ff53e9d2de267e09eeb53c789fd2ded0dd8a520e7add79d19839e
0x88538812e41b89689f5e23871ef5d5ce2be0f987,0x28b1dc1a5e3699a428bc51d234dfab7c9cb2a183,0.0,2026-04-23T11:25:35+00:00,0xe071cfb2ea71fcc2b992a5b6f85af7847c9e15a37cbe78e0e5da77ee4fb15e4f
0x69cdd517d70082553ca35556d30fe4543a116f52,0x28b1dc1a5e3699a428bc51d234dfab7c9cb2a183,0.003,2026-04-23T11:25:47+00:00,0xf8d115ec4b4a1d275edde91cb37e1bd173972fad360289cdda1e991571080e68
0x47a658a0658331d0ad520be0ee2cd19f597df1cd,0x28b1dc1a5e3699a428bc51d234dfab7c9cb2a183,0.0,2026-04-23T11:25:47+00:00,0xb8816a17010df7345d1236e9348fc8d826dfbea85d41421463233c0d15b8cc53
0x1955c2dc24d5fa47960426093090e26bac23f5fc,0x28b1dc1a5e3699a428bc51d234dfab7c9cb2a183,0.0,2026-04-23T11:25:47+00:00,0x95451102930ac302c4efc2d87fcaead8e993773e122d8fbc02fe807b0e0d7fb5
0xc6328e3a3a4cc7a2233397a3f4a2e9ff315662bb,0x28b1dc1a5e3699a428bc51d234dfab7c9cb2a183,0.023696531207689175,2026-04-23T11:26:23+00:00,0xa4cea92482d811147a15f70b5530d5362f81ddac20cbe776c4271ed7c8634c86
0x3fec8d90001b37b0f43d16b0c117ef62360c9733,0x28b1dc1a5e3699a428bc51d234dfab7c9cb2a183,0.0,2026-04-23T11:26:23+00:00,0x74713f40a6f173036a18e23c97ed241620ca99507bf9b753eb0f02a81b1583ff
0x283632552e210f4a1ced8d909d29184046dee9a4,0x28b1dc1a5e3699a428bc51d234dfab7c9cb2a183,0.07,2026-04-23T11:26:47+00:00,0x3049fb9a43162e6e36c2d0437b08cb9c09733f17023f3c68f1dadd47c310e2cc
0x9c6220ffc43a631d7df963920167d2314646908b,0x28b1dc1a5e3699a428bc51d234dfab7c9cb2a183,0.072,2026-04-23T11:26:59+00:00,0x57be7b0ef0cab7a5dbaa9c530f1bf57e8c42323cba827d9a6f8a69d37720c00a
0xe00244b4f2f63b034dbf9d3e88cdfd606ad950df,0x28b1dc1a5e3699a428bc51d234dfab7c9cb2a183,0.0,2026-04-23T11:26:59+00:00,0xecdd5419412eff0b28aabfc6b94e7aea7dc49519ac465d0df6599b0fa1d7c7a1
0x1906c912bf68f847d719b134aa99c2e3f59a6f44,0x28b1dc1a5e3699a428bc51d234dfab7c9cb2a183,0.0,2026-04-23T11:26:59+00:00,0x09771feb4759bfb8c2ba83b2da545f9d6df7ae041b5e84730422e3a0bb1c70ae
0x07b334c624416d7dde5e3a217873aa18484ffd6d,0x28b1dc1a5e3699a428bc51d234dfab7c9cb2a183,0.04905,2026-04-23T11:27:23+00:00,0x3834356853dba1aa62ee9700dd0d7e5b7a71b08277fcb6d6b54d63ded18227be
0xc16478f7e13564c62875a842ca7cc3984b37238d,0x28b1dc1a5e3699a428bc51d234dfab7c9cb2a183,0.0,2026-04-23T11:27:35+00:00,0xc27b3dc43ba370ad39c5d121e849a9201078aa723de5454f1dfea426c45e1ca1
0x26777149bc26ea0aabb04611778c58066c2e709f,0x28b1dc1a5e3699a428bc51d234dfab7c9cb2a183,0.0,2026-04-23T11:27:35+00:00,0xe87125612a59be43b43d2564d403179f84a535f288715f338f8fffbf37b616c5
0x26690a1bdc3a37b93e1f5894dd117014f0b48ba8,0x28b1dc1a5e3699a428bc51d234dfab7c9cb2a183,0.002,2026-04-23T11:27:47+00:00,0x99b873ef001fd5b2b6693cac7f4610678f87c02ae1d150e023561695209569f9
0x878661c651dbec86c6ed8b14fcdaafa9f4a911f4,0x28b1dc1a5e3699a428bc51d234dfab7c9cb2a183,0.0,2026-04-23T11:27:47+00:00,0xbe55bd72543ab8cea65d9d3cbd657eef2ca3b3fdd5bc533dda0afa3f708f34b5
0x8dc2385bb837429fac26550240eb7b72c8e386a8,0x28b1dc1a5e3699a428bc51d234dfab7c9cb2a183,0.045,2026-04-23T11:27:47+00:00,0x89db7af642a2d1208044dda231bf9f93a54691c92b6e7026c757b88f56a9f782
0x1c3fb1364641c724f3ca91ae1b34e3bc5ba87ff8,0x28b1dc1a5e3699a428bc51d234dfab7c9cb2a183,0.0,2026-04-23T11:27:59+00:00,0x8243ac1202def9694b38d41a2abb05adfdf915806719176dde69cdd9fd8a66dc
0xb74848c1476de8b5ba1d9b669dd00319316ee4ba,0x28b1dc1a5e3699a428bc51d234dfab7c9cb2a183,0.003330295770574837,2026-04-23T11:27:59+00:00,0x3eba5811135ff9185a105b53bc421a2a603feef9fe84e655eb5f237165f60214
0x6e1d27fa626df5fe7a3340b87f5913a7c3874b32,0x28b1dc1a5e3699a428bc51d234dfab7c9cb2a183,0.0,2026-04-23T11:28:11+00:00,0xa19b3d9e4babb74d377c6066c72b01199565789aef3648b4697dce293d566655
0x7333bc3f0757de75c3139b925c89d64196ec6d45,0x28b1dc1a5e3699a428bc51d234dfab7c9cb2a183,2.0,2026-04-23T11:28:11+00:00,0x89abb1697db7cc38ee2bbb50eb177f483bde31f14efa4ea686c8072963c71856
0xc2c05bdb780252756cb18b18bf1db3921015cd47,0x28b1dc1a5e3699a428bc51d234dfab7c9cb2a183,0.008091714867565622,2026-04-23T11:28:11+00:00,0xf04c03597f5d2a89aa7bd3da790357231d705019050e5728d9b28a7ff4f1ce4c
0xe155309db5b383cfbe3c63c2c1f75128d939ccf6,0x28b1dc1a5e3699a428bc51d234dfab7c9cb2a183,0.0,2026-04-23T11:28:35+00:00,0x2d7f4be19a6da4695c0c286580404cdd74094eb0a222bd19620fa4f719cf5fa8
0x836072e338dbab939be128ae774eb8ae396f41c0,0x28b1dc1a5e3699a428bc51d234dfab7c9cb2a183,3.0,2026-04-23T11:28:35+00:00,0xb05d491b028d4b6697082a0cdfddca42d2a560d78e6c9bfff142e4547c396815
0x7fde9736ffb964c722303e02de4cea46860b17a0,0x28b1dc1a5e3699a428bc51d234dfab7c9cb2a183,0.013442309168674917,2026-04-23T11:28:35+00:00,0xa42211fab87699136c28330b59f68e7f8eb524adc98d75514cae6db7202037d1
0xb2ef0ec38948ec19192d45c6d46a7c8fda5a11a7,0x28b1dc1a5e3699a428bc51d234dfab7c9cb2a183,0.0,2026-04-23T11:28:35+00:00,0x39b18a9751ff827c4edeb33ca716df82d3bedc47f1639d168153d54943cde2ac
0x406126ee4cf60e9a9fd2d2950ecc9c4a49f7302b,0x28b1dc1a5e3699a428bc51d234dfab7c9cb2a183,0.02,2026-04-23T11:28:35+00:00,0x54f7db939f0f91c0ee6070151fd5682d101dea5c481d4aadcd5e4588a1ea3b51
0x878661c651dbec86c6ed8b14fcdaafa9f4a911f4,0x28b1dc1a5e3699a428bc51d234dfab7c9cb2a183,0.009909281336881116,2026-04-23T11:28:47+00:00,0xcecb28bb904518c659426e4f751ca8b58eefcd0298ce41f657459785a1def2f1
0x8e0d1481fa42e85b5c4ada8b170cc9e498fbc947,0x28b1dc1a5e3699a428bc51d234dfab7c9cb2a183,0.025,2026-04-23T11:28:47+00:00,0xfc32e11f6033959c8ab34f5b023a45b9c531b1f259f850af985eb13dd0b47e99
0xd556f9c3a8cc5e08e81d15c475e34230b04dcea9,0x28b1dc1a5e3699a428bc51d234dfab7c9cb2a183,0.042,2026-04-23T11:28:47+00:00,0xcc265fcd2943e3e82b6c1fc5e8dcdc83178a47cff3d7889eb390291506977610
0xe155309db5b383cfbe3c63c2c1f75128d939ccf6,0x28b1dc1a5e3699a428bc51d234dfab7c9cb2a183,0.0,2026-04-23T11:28:47+00:00,0xbb4b05cc4ea8f2b93d7eac2e9d413e6fdc3f70294f1b52672f251196f4309472
0x26777149bc26ea0aabb04611778c58066c2e709f,0x28b1dc1a5e3699a428bc51d234dfab7c9cb2a183,0.07,2026-04-23T11:28:59+00:00,0x93456ba32ecb0fe56a9f48b1bc18f2c7c660931946d0ec9cd1f9eec55723830c
0xc94aa58273751c44538be28924f32c22696fe6c3,0x28b1dc1a5e3699a428bc51d234dfab7c9cb2a183,0.0,2026-04-23T11:28:59+00:00,0xd942231ee83492e41d4ed0ab3bc995d3fefffe34a78da54c3574060118b143a0
0x26e2e4ded04f9a4caea63840dc3ada8e428c9aaa,0x28b1dc1a5e3699a428bc51d234dfab7c9cb2a183,0.5,2026-04-23T11:28:59+00:00,0x7f4efa0281f86454abc3d52ac9811f15e4071cbcbdf16ac56fd90c321d4f7d81
0xc6eb6d842ae822bb3a520b6222bf6a704641bf4b,0x28b1dc1a5e3699a428bc51d234dfab7c9cb2a183,0.00788681,2026-04-23T11:28:59+00:00,0xa26d60cd1b71728a5c3bcf7552d3b1ed5a36d802fec44e96865dd839902c31f5
0xfea7334dc4e6dbe9aa7d141d5f753ffa7bbeedf4,0x28b1dc1a5e3699a428bc51d234dfab7c9cb2a183,0.003016779342116595,2026-04-23T11:29:23+00:00,0x05383e084e3846fe3d44201873ea897d03dfb732c4f51275f7f2a46ee3ffc4b0
0x759d5713858be630caac20a0a029195e0a39e5ff,0x28b1dc1a5e3699a428bc51d234dfab7c9cb2a183,0.0038792607557809,2026-04-23T11:29:35+00:00,0xe92f569624e03b988a3984eaa7daaf728e1f76f3f450c61c8436f3a14b7c9b5c
0x3af7b2ef891963b1530699c0f2c1d33eede2d5af,0x28b1dc1a5e3699a428bc51d234dfab7c9cb2a183,0.0,2026-04-23T11:29:35+00:00,0x213588b69399a029046a4452a4b824d23c4c7eb0095bf78f5ef3fd8e6bbf4d75
0xbecdded131c473dff7621061cf73df675c5d420e,0x28b1dc1a5e3699a428bc51d234dfab7c9cb2a183,0.006641746296808886,2026-04-23T11:29:47+00:00,0x95fbe10bbdbe13b98b8bf7629bc1ad3cc7a943f91e74045e8752126c01ee1c1f
0x313449a06d1f3b5dd9a8a6c7414c7804ee5e86da,0x28b1dc1a5e3699a428bc51d234dfab7c9cb2a183,0.0,2026-04-23T11:29:47+00:00,0x1f981e09f455fe47dfd22b8799461efb2ee9c409ea74b4d501997c1a7d703b37
0x619757eafb31544e900425ca817ad590f39bd9f6,0x28b1dc1a5e3699a428bc51d234dfab7c9cb2a183,0.0,2026-04-23T11:29:47+00:00,0x3e7cac84eeb57fa46a5dde3b6e12bce092b13299ad299c74a1ff1bd4c058c62b
0xc626527950936994609c44e002257a2753b6da66,0x28b1dc1a5e3699a428bc51d234dfab7c9cb2a183,0.0,2026-04-23T11:30:11+00:00,0x143b743b948304461c043c653d9f262b8e1cdf54df1756e30110e0546854f655
0xc8c15eea04fa3e717b8d33caa9a18a25fee04fbe,0x28b1dc1a5e3699a428bc51d234dfab7c9cb2a183,0.1,2026-04-23T11:30:23+00:00,0xa068d0961c6dcfb61718c6405892c3e465cca130cdce21a60b736afd002b6214
0x9f6dabf5e9863310e3dabfdd6b24a57aaafb2ffb,0x28b1dc1a5e3699a428bc51d234dfab7c9cb2a183,0.02,2026-04-23T11:30:23+00:00,0x6aeec08c655ee31d38032c51849cdd816826da49a7e3f8408064a364ced4ab55
0x159b0b3c9a2b7a691977110afb8ef1b881ddb877,0x28b1dc1a5e3699a428bc51d234dfab7c9cb2a183,0.0,2026-04-23T11:30:47+00:00,0x3140fbcf0de36eceb1d38dd0744bf449c047b017f43ee55277f83f70047f80ca
0xf7185dd29fcdc0cf078638d6a344a0bfffc1b8a4,0x28b1dc1a5e3699a428bc51d234dfab7c9cb2a183,0.0,2026-04-23T11:30:47+00:00,0x122e2adce2427fc8314bdd7555a9d77ad4b338d6e23768de2e7cdbf6220183cf
0x3af7b2ef891963b1530699c0f2c1d33eede2d5af,0x28b1dc1a5e3699a428bc51d234dfab7c9cb2a183,0.003,2026-04-23T11:30:47+00:00,0xe4046658464599b0d6ab3e5295402f606fdaa96efd2ebf7810a33c04bb998655
0xa2c4c741b8c54343d43d30bde4876e5189346072,0x28b1dc1a5e3699a428bc51d234dfab7c9cb2a183,0.0,2026-04-23T11:30:59+00:00,0xcda0f9a65839e8663270c1615b8428474ad3ca7b28991157fc0eb7ea2b22dd67
0xe6f919afc3dfaffccd76f63e60f032b43eee2334,0x28b1dc1a5e3699a428bc51d234dfab7c9cb2a183,0.0,2026-04-23T11:30:59+00:00,0x686535943e4492c47bed70a51e6bb6c44fedfb61c981cfb3fc561ff5fa8e885b
0xb8741a5c02049005a91f10c19c2ed93f0f011ed6,0x28b1dc1a5e3699a428bc51d234dfab7c9cb2a183,0.065,2026-04-23T11:30:59+00:00,0x245152a6ccfe8407afb8600ab0204c528b41bd6a6b9fe93c87e9c3107d84b301
0x40d3f60414a8d504e5c6ed909f5ed4a8175ae43a,0x28b1dc1a5e3699a428bc51d234dfab7c9cb2a183,0.0,2026-04-23T11:31:11+00:00,0x993e4775a6e1c9ee992a51096d3a534c753c54435032b7b91dcabc353de7627c
0x023845b3c758a3424c16b84ff88684b5414e4a6a,0x28b1dc1a5e3699a428bc51d234dfab7c9cb2a183,0.0,2026-04-23T11:31:11+00:00,0x3a670cefb2e1e3597d917722944bf4de1cd04ad15f18a45c6874789051b4a046
0x38c84bbfe052d69c5fd0fee6624e928f0dbc41d0,0x28b1dc1a5e3699a428bc51d234dfab7c9cb2a183,0.0,2026-04-23T11:31:11+00:00,0xa191336b370ed4f67d513efea71a432bb71bf7942d6e8adb54e52f49e9d66ebf
0xf987124e28a7b5648e6f47bde76d307ffedcb596,0x28b1dc1a5e3699a428bc51d234dfab7c9cb2a183,0.0004315200348814,2026-04-23T11:31:23+00:00,0x2b91b0602ac7243f969c60bb7a8572417130b1f1f088097abb01ae1df295c5fa
0x831938866dc9564d565e55c477749fc83eafc23a,0x28b1dc1a5e3699a428bc51d234dfab7c9cb2a183,1.0,2026-04-23T11:31:23+00:00,0x44ab79600f3b5376e677393c5cc9876af118e5325bc20cce9717f4211066db99
0x313449a06d1f3b5dd9a8a6c7414c7804ee5e86da,0x28b1dc1a5e3699a428bc51d234dfab7c9cb2a183,0.020909603900937476,2026-04-23T11:31:23+00:00,0x3e4e714e257cb2f5c771f9e27f1537f05d356ab57de14897d886920a6a323bb5
0xdea1e287deb6a02a12d66628fcd4a7ed53908e18,0x28b1dc1a5e3699a428bc51d234dfab7c9cb2a183,0.06,2026-04-23T11:31:47+00:00,0x2039d287771fd35d02a7dcc126e1aa716119e8b6156e5d93d14b7bbf50f6d1f3
0xe8c61cefdc3747dfa4a78f9bd2276e0ed01ca23f,0x28b1dc1a5e3699a428bc51d234dfab7c9cb2a183,0.0,2026-04-23T11:31:47+00:00,0x0a5a8a66753ca4bcd969363b77de79ed948c4a90b7cb4314bf461759fe593206
0x642548f449052714e8ab7aced360b3cb27365c5d,0x28b1dc1a5e3699a428bc51d234dfab7c9cb2a183,0.0,2026-04-23T11:31:47+00:00,0x1167ca61530b016622d3074ea923438431bfb7f21a67544a86e79923350b9a6c
0xf665192d81bd9cacfd2c80d5193927a21f2f5210,0x28b1dc1a5e3699a428bc51d234dfab7c9cb2a183,0.03,2026-04-23T11:31:59+00:00,0xcac29813e4e55656a761ed7aabf5d55a2d1f48dc85d0f39b7344a8c4ccff99a6
0x64333e712e2815cbed27edf4c82773bc54dd42d1,0x28b1dc1a5e3699a428bc51d234dfab7c9cb2a183,0.002162308151023442,2026-04-23T11:31:59+00:00,0x22571e46fabdd27748c1d872fd6e6664788bd3e41588f30d3b4884450f82ae53
0x2c67b31daa354bc453223f4d80cd262ce01d8fb7,0x28b1dc1a5e3699a428bc51d234dfab7c9cb2a183,0.014583214475146282,2026-04-23T11:32:11+00:00,0x7b545478f2e51a4a5483ae8cfec58222e89b64a1d3803c49a8e4297cd3a082e2
0x9f6dabf5e9863310e3dabfdd6b24a57aaafb2ffb,0x28b1dc1a5e3699a428bc51d234dfab7c9cb2a183,0.01,2026-04-23T11:32:23+00:00,0x642cf26908c3f1a643df86a3ba60cf83cfce927147ef8eb9fbbf1b7c3e26a1dc
0xb6746952deacb415c36796ba0b0d8efb6a3515d8,0x28b1dc1a5e3699a428bc51d234dfab7c9cb2a183,0.0,2026-04-23T11:32:35+00:00,0x5c72383f35a56eea05b48da040916fdb8d64d616e8cd57847125438cc3b5a241
0x5b82c25165f3c116f3f50337d42fa27dd9ad046d,0x28b1dc1a5e3699a428bc51d234dfab7c9cb2a183,0.0,2026-04-23T11:32:35+00:00,0x65f18d5d59f389b02aa4885c141befc673409f06dad807d832125d5a2802723d
0x8634611fecc89b239dcb89d3c98521f434a8aa73,0x28b1dc1a5e3699a428bc51d234dfab7c9cb2a183,0.02344064,2026-04-23T11:32:35+00:00,0x4eb839a7f7c12deb934cf0dd8ff4399d0b8b98f8e439859d77403ac4d82fa8f6
0x3af7b2ef891963b1530699c0f2c1d33eede2d5af,0x28b1dc1a5e3699a428bc51d234dfab7c9cb2a183,0.0,2026-04-23T11:32:47+00:00,0x93bcc1da938c511ce53f520e91243c49d59e872f29a7d392f1a3b6a85bbbdfd5
0xadea7f922a7773d971b984e4c8028eea6ccf1401,0x28b1dc1a5e3699a428bc51d234dfab7c9cb2a183,0.05,2026-04-23T11:32:47+00:00,0x6b59faaa98cd2bdf3c66835310b6a6e92b766bf7951f3c41cf4e2ca5f05c0882
0xd82002024642d694731c317f450ffe39e9744bc2,0x28b1dc1a5e3699a428bc51d234dfab7c9cb2a183,0.09051111439288771,2026-04-23T11:33:11+00:00,0x31e9dbf8ace896a8fd83a12b91064cef0da5b506a108c07e2b83e50af61e276c
0x241706ea56b4423fa6384801f5f28d64ab8b6a3f,0x28b1dc1a5e3699a428bc51d234dfab7c9cb2a183,0.0,2026-04-23T11:33:47+00:00,0xe3ac2e2f51ecd6143adf106415a85283d02ddc7e711d16d448db8c4be46d2046
0x330625bfee406c96717bfbd179dbbad4ace18be6,0x28b1dc1a5e3699a428bc51d234dfab7c9cb2a183,0.0,2026-04-23T11:33:47+00:00,0xfd3b093df2232ebe301c7e3d0c154df3fb7f00f2b1bf5722ee961446e9131db9
0x936d6c184e0037364b41f79b599bb3101b9017a0,0x28b1dc1a5e3699a428bc51d234dfab7c9cb2a183,0.0,2026-04-23T11:34:11+00:00,0x370ca2586e10447891e4d3ca8de8aeb3610aa680d1107ed37a6ffe32840a645e
0x31318cd273339a72a6141a9e1411de46d2df370a,0x28b1dc1a5e3699a428bc51d234dfab7c9cb2a183,0.03,2026-04-23T11:34:11+00:00,0x2e7d6e17be451512e255a4f62b8cdfb85e972022e1cbd8f5c8a6b18c8ec22f53
0x641ab34086b580c7d2f8dfeb3279abae5eb9f873,0x28b1dc1a5e3699a428bc51d234dfab7c9cb2a183,0.0,2026-04-23T11:34:23+00:00,0xc91c9993b216e1426386cbbb4e030ebafa16d2b6fa3263310689a486f0e711c9
0x30a57e8dd7574d5a3e80f0aead0c4e6ad0433137,0x28b1dc1a5e3699a428bc51d234dfab7c9cb2a183,0.0,2026-04-23T11:34:23+00:00,0x84916d57e8adbd23a10e18a6071855aa6a4a517a169a10c5d7b10b0de3774c2c
0xb338b923851f4166a74cbdcf65deaa3e5c19c3a5,0x28b1dc1a5e3699a428bc51d234dfab7c9cb2a183,0.0,2026-04-23T11:34:23+00:00,0xf25cf94d0ac1ccb9719f0c1149cae32df039e1666fda5c0e3a1a9aa13eb25808
0xb430e0330e9d83b7e99166e6f4a6aeb10bab1c4d,0x28b1dc1a5e3699a428bc51d234dfab7c9cb2a183,0.0,2026-04-23T11:34:23+00:00,0x9baa993450ebb0b171e93ee9822d6ba3761937aa10211de677b597739c04629a
0xbc75d39242aa7d5caaeb7c4077d0d4abddfe47bb,0x28b1dc1a5e3699a428bc51d234dfab7c9cb2a183,0.08456498084517933,2026-04-23T11:34:23+00:00,0xb43ddd71a67ad56eef0e6490c3c6547c57aa1651e18e64f75467a4ec9fd34ca5
0x847e9e41ee4e24a2975f7c9c82840d67edd5ef48,0x28b1dc1a5e3699a428bc51d234dfab7c9cb2a183,0.002,2026-04-23T11:34:23+00:00,0x95ce38fc584798ea1f9a89454671eab09b5bedbca982472c9b363962f502a870
0x9c4b3077c7c8c65e39819db202dbb4ac253c2f0a,0x28b1dc1a5e3699a428bc51d234dfab7c9cb2a183,0.0092,2026-04-23T11:34:23+00:00,0x0defdbed771a0f0de2dcb6f2570166fedf6840ec2b91a2dfa0bce3adabee2ec0
0x72e184734a633623309362d6a5831f616b9db04e,0x28b1dc1a5e3699a428bc51d234dfab7c9cb2a183,0.0,2026-04-23T11:34:35+00:00,0x6b1fd70e632792408461193c0dc1b3ff967ea7e342cad64c586302a564432286
0xcaaa0939ceecd1193c85bb4e1a2adae1933537fe,0x28b1dc1a5e3699a428bc51d234dfab7c9cb2a183,0.0,2026-04-23T11:34:35+00:00,0x7eba555e9487ea4fb1a5419b639ab017db7d50869a06896ea3cb4c9208ae6652
0x64b9596843ec69717fbbaaec65fba7a0067890b0,0x28b1dc1a5e3699a428bc51d234dfab7c9cb2a183,0.0,2026-04-23T11:34:35+00:00,0x0ff9e211d98854ba8ae72d3fcd5d08398890dd06e0dec34e64dd5d36bd2e4e2a
0xb1b2d032aa2f52347fbcfd08e5c3cc55216e8404,0x28b1dc1a5e3699a428bc51d234dfab7c9cb2a183,0.0,2026-04-23T11:34:35+00:00,0x61188c1d1d5fc6247b8be485a6be846b57b6f6fe456899d786dddb2b4171588a
0x6cb85cf2964239df2d747c9d905acb3488a5e263,0x28b1dc1a5e3699a428bc51d234dfab7c9cb2a183,0.15,2026-04-23T11:34:47+00:00,0xf37e63ab525c8658edeecb0ebcdf630caa0c15bfd0e8e27969ccb3fea3851f75
0xba5d03cdaa5d0da5694445e5a38ef29f232a92a5,0x28b1dc1a5e3699a428bc51d234dfab7c9cb2a183,0.0,2026-04-23T11:34:47+00:00,0xf1b8a2e2a7c57fb0025590ea11c4ba71feb825db728ad1323b371e9fee7041a6
0xc38a9211e0b4282d146ae0415882dccee2888888,0x28b1dc1a5e3699a428bc51d234dfab7c9cb2a183,0.001,2026-04-23T11:34:59+00:00,0x7aa6236e4d6a4e8ae08b84af388a6fe23fcb1fa92a6f946c259b851ca3120eaf
0x7905d44c7e75411854d927bf981fa35991a54c9d,0x28b1dc1a5e3699a428bc51d234dfab7c9cb2a183,0.0,2026-04-23T11:34:59+00:00,0x84adeb4e66b5ceb0140dcb25198e434c6b3dbc64570fdf048b26dd3626bcb379
0xc0c5035ce13378ae000167d60cd56e46ec95ae3f,0x28b1dc1a5e3699a428bc51d234dfab7c9cb2a183,0.0,2026-04-23T11:34:59+00:00,0x0c58787333e44f53a392dbb08364d465b68da4d256dc186b73697314036699b6
0x1906c912bf68f847d719b134aa99c2e3f59a6f44,0x28b1dc1a5e3699a428bc51d234dfab7c9cb2a183,0.0,2026-04-23T11:34:59+00:00,0xe28a72ac7dff099f6156992dca3650e49c02138add79a692a87809c2a890a958
0x1906c912bf68f847d719b134aa99c2e3f59a6f44,0x28b1dc1a5e3699a428bc51d234dfab7c9cb2a183,0.0,2026-04-23T11:35:11+00:00,0xcf22170235678aea958d2e823d25284be283f41c26f6156647bf5158bae3f7f1
0xad2d63c6147b5d6a2eed0ff1d26752e53fc692c2,0x28b1dc1a5e3699a428bc51d234dfab7c9cb2a183,0.5,2026-04-23T11:35:47+00:00,0xc8a63f9d34393710b1c9aaa8aa123af600e8076ad33599a3892fddb4baee5d68
0xacdda73c61b35fe2850c079d022a8cba1b264841,0x28b1dc1a5e3699a428bc51d234dfab7c9cb2a183,0.0,2026-04-23T11:35:47+00:00,0xdad91bb885bb1c0f2ef5dd33118ae8355fdd68c53a16d5a9c303fbd787943b95
0xf90b435514ff8f5cbc5427154afc5c3aae43a8a0,0x28b1dc1a5e3699a428bc51d234dfab7c9cb2a183,0.02071523393130984,2026-04-23T11:35:59+00:00,0x38b3efb5d4ebdf84362885221face1dc28e6030ef93a85c4624c1df1119d3ab4
0x4d7b5108962d7407aa77e44000ddc81a9aec4a47,0x28b1dc1a5e3699a428bc51d234dfab7c9cb2a183,0.0,2026-04-23T11:35:59+00:00,0xf343164e6658268be3088151352ed927541c172df36f34cc8468983ba5e410be
0x3bba0a6b6647159ce777ae79861d1a97486c5742,0x28b1dc1a5e3699a428bc51d234dfab7c9cb2a183,0.0,2026-04-23T11:36:11+00:00,0x8ecaf2fa65316995eeb094ab4c8fa0dc629aae955a6cad6e188def61ee376d59
0x588405b95ce891cff4b8326b836b9b66f8d7db06,0x28b1dc1a5e3699a428bc51d234dfab7c9cb2a183,0.05,2026-04-23T11:36:11+00:00,0xeff99033ae1dbb70cb7265e39c724157d6845e3618d8b5fe502173c0b0d96c01
0x74f73875ee43c4e2a8c6b603465e38bf09419f00,0x28b1dc1a5e3699a428bc51d234dfab7c9cb2a183,0.0,2026-04-23T11:36:11+00:00,0xcebf6dc3e98fdaa07b394e4e6b0181001fd292401a0cf28375163ead12914c81
0xc31420d1c1a247a256077dd6589bb27d450156e0,0x28b1dc1a5e3699a428bc51d234dfab7c9cb2a183,0.00083,2026-04-23T11:36:11+00:00,0x6f12bd3cd87a922fb5f52f4cba397d80d30c87f8ee14d57e473d9633bdba88ed
0x93aa158d4a43ad2bbb202946c0448e0ed1596a10,0x28b1dc1a5e3699a428bc51d234dfab7c9cb2a183,0.0,2026-04-23T11:36:23+00:00,0x85b9a447f3e50fecd5c82e753d63fd058e1951cad7dd9a5efefaebcc6d27a318
0x88538812e41b89689f5e23871ef5d5ce2be0f987,0x28b1dc1a5e3699a428bc51d234dfab7c9cb2a183,0.08819992160032399,2026-04-23T11:36:23+00:00,0x2f1186bed9131d1f60d9686e4043de52a4724b460152d423deba072acc38d9aa
0x46cd705a66a5f987bf9e48b80a8c5a1ea1ea29a2,0x28b1dc1a5e3699a428bc51d234dfab7c9cb2a183,0.000771575863218892,2026-04-23T11:36:23+00:00,0x35ae199dc6051c83c853cf489bd3dffef9b2a4a2a87f9a6f844a5e756d8149ba
0xc5977187e46398c4b6f93a704cb054714c143d04,0x28b1dc1a5e3699a428bc51d234dfab7c9cb2a183,0.0,2026-04-23T11:36:35+00:00,0xf8adb99df7e54f993647c979c9362fdc4167997b4d747921f5f930bc8d41a8b1
0x74f73875ee43c4e2a8c6b603465e38bf09419f00,0x28b1dc1a5e3699a428bc51d234dfab7c9cb2a183,0.1,2026-04-23T11:36:59+00:00,0xda8ecc337c7d92c12f92d4ae8da1a31497187f6affd46229f6f88bce5e28ec57
0xf90b435514ff8f5cbc5427154afc5c3aae43a8a0,0x28b1dc1a5e3699a428bc51d234dfab7c9cb2a183,0.01906081823095333,2026-04-23T11:36:59+00:00,0x8484261a5773434b3a45e1507b01c30b9521bfd2280b762ee2293cdc33971b35
0xa38d1c6acd78cd2444147a793a39be424662d9f1,0x28b1dc1a5e3699a428bc51d234dfab7c9cb2a183,0.0,2026-04-23T11:36:59+00:00,0xca92b0b59d66d40150ab8efbcf2bcf6de0ae991466cdcd7aaf37c8cd85478471
0xb5ef51c522ac90ed48ed3bda5af40ae1ca824b79,0x28b1dc1a5e3699a428bc51d234dfab7c9cb2a183,0.0,2026-04-23T11:37:11+00:00,0x139f2c9177792df3e8d46b1f2558a62ec79f31b8fe86a3445c9d31e02b185e9f
0x72e184734a633623309362d6a5831f616b9db04e,0x28b1dc1a5e3699a428bc51d234dfab7c9cb2a183,0.3,2026-04-23T11:37:23+00:00,0x7452c07b7b9ec705015ea9866c6b31489998f32d65fd72b1874773b21488f0a3
0x224d997df19e4f93b3006efe7d36a291d5f5f0bf,0x28b1dc1a5e3699a428bc51d234dfab7c9cb2a183,0.003,2026-04-23T11:37:23+00:00,0xcf1a52bd2178a85c86cdd773373e4aaf911b51350b9148e2e021b8b6b601f0a0
0x3bba0a6b6647159ce777ae79861d1a97486c5742,0x28b1dc1a5e3699a428bc51d234dfab7c9cb2a183,0.0,2026-04-23T11:37:35+00:00,0x34a6c5fed7ca299aa38185c6c266dbcbeed6261e81f1fea8b364dc6ee58033bd
0xe9d47c32e1f064657ebe6e558f6d00b13a847694,0x28b1dc1a5e3699a428bc51d234dfab7c9cb2a183,0.21,2026-04-23T11:37:35+00:00,0x445463ca79de66870460ca6cab648f2680016a7d4edcc2a2472332f64fc298c3
0xebe1f7ac5fccff1c69c80cac628e79632437907a,0x28b1dc1a5e3699a428bc51d234dfab7c9cb2a183,0.0,2026-04-23T11:37:47+00:00,0xe3bc96c280d361281fd87d27f2da6a1e2141497a1faff6114f5b2f4696f54645
0xa7e1c3b9553e8eeb01ff9c37e44cab32629750b5,0x28b1dc1a5e3699a428bc51d234dfab7c9cb2a183,0.0,2026-04-23T11:37:59+00:00,0x7bbcc4d62fae0b60c37f0306d8950e1e5ee258f216041774dfb364b3da222a47
0x75e9b5aadaa6ac79b1dc7aa7451a1cdf4e6ba6d6,0x28b1dc1a5e3699a428bc51d234dfab7c9cb2a183,0.003156198958958348,2026-04-23T11:37:59+00:00,0x8048369fc18e09cc988975df78791ab3ba7c292b7c32f9fe72ab6cee916ff514
0x2861036892eb446302d21be6bd39a9f66b568c14,0x28b1dc1a5e3699a428bc51d234dfab7c9cb2a183,0.0216931773024863,2026-04-23T11:38:23+00:00,0xd468667eb628354fb8746f10250b343187fd966f96e211bdd3a3c4229a02ecd8
0x911582dcd6e92468b62291be2711fa7d294d059a,0x28b1dc1a5e3699a428bc51d234dfab7c9cb2a183,0.008613264427217916,2026-04-23T11:38:23+00:00,0xfd0d88492bd2f7c8340509f2439fd63bb8c7da920818f6ac40c8268550632476
0xbfd2e0b5796e03f5a7a969506306c50b1ce938b7,0x28b1dc1a5e3699a428bc51d234dfab7c9cb2a183,0.135,2026-04-23T11:38:47+00:00,0x4bb80579efa2606da9db553f692a558d8b615c80c0adee28deef22cbfcfbf8f4
0x0b1654cd51613020b38c36d8141f42cf6dff5cdd,0x28b1dc1a5e3699a428bc51d234dfab7c9cb2a183,0.00129294253257307,2026-04-23T11:38:47+00:00,0xac72e10871519d5d16c8c7ef46d830854c19af324f4a61d7604a68d3fb96cdfd
0x3e90af71407b3400575a5b299fb4f21a6ebba03e,0x28b1dc1a5e3699a428bc51d234dfab7c9cb2a183,0.0,2026-04-23T11:38:47+00:00,0x3fd99ee24c332102ef64b7f699019586787d556d84ab6ded5cf004b9deb33df3
0x9954ae9dd695dd0890a44f0473e871ba9a347f32,0x28b1dc1a5e3699a428bc51d234dfab7c9cb2a183,0.0,2026-04-23T11:38:59+00:00,0x35e3e2a33bf6d910e863bc0e5d30e66e9dfc802bc50a8d9fafaf697736b91f23
0xbc962864d299f7f01da4ee9abbe25fd039d93c9b,0x28b1dc1a5e3699a428bc51d234dfab7c9cb2a183,1e-06,2026-04-23T11:39:11+00:00,0x7439296d3e2a3dc082d1fc30da4ad24325a8e3669c9bd4f1c7f1dbad9e443516
0xdab893c73450954d6a9e7d99659bfb0551b448ec,0x28b1dc1a5e3699a428bc51d234dfab7c9cb2a183,0.01,2026-04-23T11:39:11+00:00,0x95c4d6b17cb805f332bffb4f2d960e250b151a1fa2a20f0a53656d52cc447b80
0xbb0dbd1c71e1db2615a4dc939166433bca9ca79e,0x28b1dc1a5e3699a428bc51d234dfab7c9cb2a183,0.006884907977944611,2026-04-23T11:39:23+00:00,0xfcc19a72759703d4cabee17dc0f20fc37335287ebd8c674b41ee34671358effd
0x911582dcd6e92468b62291be2711fa7d294d059a,0x28b1dc1a5e3699a428bc51d234dfab7c9cb2a183,0.005165351925288597,2026-04-23T11:39:35+00:00,0x2f8e08f40cbc0ee9c5375655578d66d07b731225f111777b1e2fe2599f913b56
0x3c0a8f843a63c31f73e13ce046bb9de140f7eba9,0x28b1dc1a5e3699a428bc51d234dfab7c9cb2a183,0.0,2026-04-23T11:39:35+00:00,0xb175d2a32d3e461951f24430e9b8cad9718a217730a9ada81a5a22d91c7def9e
0xf9efff3f98ed1b897a79ef6040224f5f605dac4f,0x28b1dc1a5e3699a428bc51d234dfab7c9cb2a183,0.135,2026-04-23T11:39:47+00:00,0x2f424d98d135a32cd322724d06afe7a730d11e9c0bc934e68d160b956dd17af8
0x90b395b5c6fa766f3d1da4936fbac40fc9ee9656,0x28b1dc1a5e3699a428bc51d234dfab7c9cb2a183,0.38,2026-04-23T11:39:59+00:00,0x19b0aee898d5c45e2dd8a16f2b442b0cd33a9ce8dbc46bf4bfef3cf12daf9758
0xf7036c711bd9fbc6d33503d78647bcc6b0532c1d,0x28b1dc1a5e3699a428bc51d234dfab7c9cb2a183,0.02625005508252388,2026-04-23T11:39:59+00:00,0x59f70740da5b76d3487d6420c66cf8f2d4a7a7c07106dac8fb10cc953c3da124
0xc8a8a815ca8c7d14b3d6af53d551aeea3c08c82e,0x28b1dc1a5e3699a428bc51d234dfab7c9cb2a183,0.004303361140218568,2026-04-23T11:39:59+00:00,0x7e9acf3d36cb2a9d0eb31767a4c866aadafa25cac4cbf2983df4839ee491fb97
0x6e27a6887d834092cb2b2d23b74bc8ba3650ab49,0x28b1dc1a5e3699a428bc51d234dfab7c9cb2a183,0.0,2026-04-23T11:39:59+00:00,0xb56b46874abc083ba45d9788f520e3e29af5006aadba646a50c88c5d92fca0b5
0x4d6f13003eda8ca38bf0985ffaeae4bc944c7410,0x28b1dc1a5e3699a428bc51d234dfab7c9cb2a183,0.003083633902081976,2026-04-23T11:40:11+00:00,0x9d3c01b09c7b076e6c63f90e05f0e571fd69e2947f5130ecba8b3911cb9a7f4e
0x7f1631df1eea17f0360baacb941f9d457019126b,0x28b1dc1a5e3699a428bc51d234dfab7c9cb2a183,0.0,2026-04-23T11:40:11+00:00,0xc0c4e9e65af6ac1b77acc834166d4c6dc5d463207679547391b7dcd507713dfc
0x46371740faa5121c8ff2427189755617d7845d17,0x28b1dc1a5e3699a428bc51d234dfab7c9cb2a183,0.0,2026-04-23T11:40:35+00:00,0xb23e04f3d915dfc5cb68111c1caac59deb92fc07f3f662ac3a04260162ce3b3d
0xc6efcbb069ac86822d46d92062e5f7e1b96a99a1,0x28b1dc1a5e3699a428bc51d234dfab7c9cb2a183,0.006044030993736361,2026-04-23T11:40:35+00:00,0xd027c29c3d7bc7e4a739773efa60dc1d5d9144ee11fc791ab544e228d0fbab64
0x9fc156105be3b32da951b6cf374fa6b35db52528,0x28b1dc1a5e3699a428bc51d234dfab7c9cb2a183,0.0,2026-04-23T11:40:47+00:00,0x79411cf54b64118220cc3fe040294d38a3066040e7b756d859aedb4d07e630d0
0xb1b2d032aa2f52347fbcfd08e5c3cc55216e8404,0x28b1dc1a5e3699a428bc51d234dfab7c9cb2a183,0.0,2026-04-23T11:40:47+00:00,0x683411499d635ccb49838425c65f331ad6be4e52410896e97ab590f9286f7b83
0x889cd8db3d7b55c6a563cee042e72b33a70ba5d2,0x28b1dc1a5e3699a428bc51d234dfab7c9cb2a183,0.2703290332991592,2026-04-23T11:40:47+00:00,0xadead22d24ed5e5af772dd06759e9e1353e4497be3ea4f5351e7201e234c26f9
0x6b103e9c53ab6fd657543e03cbbb3139be0893c9,0x28b1dc1a5e3699a428bc51d234dfab7c9cb2a183,0.0,2026-04-23T11:40:47+00:00,0x03325978c66766f2a62313f59206a995e7d9ba6041e37b7d48d0b16e1b13ec97
0xdea1e287deb6a02a12d66628fcd4a7ed53908e18,0x28b1dc1a5e3699a428bc51d234dfab7c9cb2a183,0.0,2026-04-23T11:40:47+00:00,0xa5aa86c681aeb1d73ef8c440f1f6c4a213e0a05332dcc503f7ab6c4189478c49
0xe6c6e8543497ae63b53e1d78515c79facffe63da,0x28b1dc1a5e3699a428bc51d234dfab7c9cb2a183,0.0,2026-04-23T11:40:59+00:00,0x43476360ee293734ad15d5ed323601d93780762b4779e8dafd17d29297529a70
0x30a20ab9534ba6fb346c078f7ada708b9618faef,0x28b1dc1a5e3699a428bc51d234dfab7c9cb2a183,0.0,2026-04-23T11:40:59+00:00,0xd2bacb7072b841fcd1fb1d26aaae0b4aaa0bfa0360a98295be8b768698b98b04
0xbf121d379c9b0b0391d41b960882949cbbc9684c,0x28b1dc1a5e3699a428bc51d234dfab7c9cb2a183,0.0,2026-04-23T11:41:11+00:00,0x7e2da285417b8acb6273e7f0a7fcb9b1cb6c7be6ee30b2702719b151a774ad2f
0x49dac7f646c8f043544ddf14d16901546249c03b,0x28b1dc1a5e3699a428bc51d234dfab7c9cb2a183,0.000861039701801861,2026-04-23T11:41:23+00:00,0xa46715c6b8237558183ead1805be15e756f0aeaa8bad0f3d8094f75c506fb276
0xf87e931acb11ad20756bc628e54631fb82649dbf,0x28b1dc1a5e3699a428bc51d234dfab7c9cb2a183,0.0,2026-04-23T11:41:23+00:00,0x29250480a3142e6803ae9d0d373b3aae369265943a76d22be81cafcc3287509a
0xc086796191ca0808a08c876bd81a07cadd521dc6,0x28b1dc1a5e3699a428bc51d234dfab7c9cb2a183,0.0,2026-04-23T11:41:35+00:00,0x32bfd9caff0d57a500841be454fdaadb4f2fa2b29b7ad3a511aeb959616ebb56
0xed7920730b3c5aac551801ba72b19f6783a36acb,0x28b1dc1a5e3699a428bc51d234dfab7c9cb2a183,0.02,2026-04-23T11:41:35+00:00,0xb3fb1d856f20a1bf83ad4b5492c4e70544b14e0be3f60db89f259f0a5a8b67d9
0x96f36569c629dd53f0c42ab19a3406aed00b3f4b,0x28b1dc1a5e3699a428bc51d234dfab7c9cb2a183,0.0,2026-04-23T11:41:35+00:00,0xb4ccc7b7f992a02316c1b3f223c6437662cdfd82bbdd226358d099604c922ee6
0x5039d6b829fae68ade28c014430e50f58832a6d1,0x28b1dc1a5e3699a428bc51d234dfab7c9cb2a183,0.0,2026-04-23T11:41:47+00:00,0x96127e10035b4fb302fcd0bee5b1c919b501d72f61603f38c633bce055631acb
0xe81d515342c74abafc73192f5bf1dea5ce09caef,0x28b1dc1a5e3699a428bc51d234dfab7c9cb2a183,0.0,2026-04-23T11:42:11+00:00,0x7a46925e288a4331ab02d7a6ed5b5fa702a35739d3eb72a68a309594454ed25b
0xb3c3713cf47dac5924e6548018146fbe2461069b,0x28b1dc1a5e3699a428bc51d234dfab7c9cb2a183,0.0,2026-04-23T11:42:11+00:00,0x52b75b55c00b4c0351363e8e07536e3ba07aa889b71bbdbd606de45df1ddff9a
0xd6eb265bdce12dc737901ce0277d7503b666a1a2,0x28b1dc1a5e3699a428bc51d234dfab7c9cb2a183,0.0,2026-04-23T11:42:11+00:00,0x881ea9ad585a2cf7e2e2c19a060fc756b6001b17b28bf3ec7b8b77d79d5d1ec9
0x3dcba7ec10e5cd99f66cafc63e8160fef0515c02,0x28b1dc1a5e3699a428bc51d234dfab7c9cb2a183,0.22,2026-04-23T11:42:23+00:00,0x1dc3882cbdf3617f8d7fcbbef650ec739ddb5894743b2f5d5f9492381a29304a
0xef8e9b4cfb8a2e817fa8a9d8c0d68cf92c1f2173,0x28b1dc1a5e3699a428bc51d234dfab7c9cb2a183,0.013,2026-04-23T11:42:35+00:00,0xde9464163384d2f8ecfa53ee1d0b20052348690edac91328939da1d299f1e512
0xb5dc8c684a81ac3d25c08a68e5bcb166ef18ae6a,0x28b1dc1a5e3699a428bc51d234dfab7c9cb2a183,0.0,2026-04-23T11:42:35+00:00,0x92bd886e2f3fa006ffa8c1f82817da48a91fcf1515e4cbf5355542740fd8f951
0xee65fabf04e17ef7daed3f8eea089afe6243a8d2,0x28b1dc1a5e3699a428bc51d234dfab7c9cb2a183,0.04,2026-04-23T11:42:47+00:00,0x186de725b72a0369f9acbd0953d80e2ac26e26f83482f5434ea63535e94a5244
0x65be25249ed37c55e0fff88bfd20d3b1c1200f21,0x28b1dc1a5e3699a428bc51d234dfab7c9cb2a183,0.2,2026-04-23T11:42:47+00:00,0x0d4a177c6c71074b282bf607ea6e524a45358868fc703ff773dbc592c15bd8c1
0xe81d515342c74abafc73192f5bf1dea5ce09caef,0x28b1dc1a5e3699a428bc51d234dfab7c9cb2a183,0.0,2026-04-23T11:42:59+00:00,0x73ecf1430c7d6fa3be8e55c995f6389365b9c3fca6b0e8f692ff2abee907ccb8
0x50c9b028e5a433c4bac736a204e2fe9201b9220a,0x28b1dc1a5e3699a428bc51d234dfab7c9cb2a183,0.006455153971843008,2026-04-23T11:42:59+00:00,0xe71435b03f911cbeb2e462131a13c137093477dfe3dfe8b0b6f59d5159ad327c
0x88538812e41b89689f5e23871ef5d5ce2be0f987,0x28b1dc1a5e3699a428bc51d234dfab7c9cb2a183,0.0,2026-04-23T11:43:11+00:00,0x4f047a2f691ac93e9e55932ab1a45908a9a42062d66487cdb7fa7d27e8801cd7
0x49dac7f646c8f043544ddf14d16901546249c03b,0x28b1dc1a5e3699a428bc51d234dfab7c9cb2a183,0.00086009949172427,2026-04-23T11:43:23+00:00,0xff1e07216864f3b0828fef4577791a92d6633e6c63d88424d3d74342cd68ec95
0x2f57a6d33786f487a98496e689490284349ad5be,0x28b1dc1a5e3699a428bc51d234dfab7c9cb2a183,0.043,2026-04-23T11:43:35+00:00,0x40b008b249a3869358913df986ad068748c3e39079d2e7de833e317b95c79c18
0x8a45279598cd2838e10061677a8b4f603ede2dbc,0x28b1dc1a5e3699a428bc51d234dfab7c9cb2a183,0.4408044080212702,2026-04-23T11:43:35+00:00,0x4fd8bcb1fc3c760a7c82d3e2209d24e5a7514e1fbcbab0930217278202e7477f
0xc8ebf277dda4a8a9059b9f10c7c6bd2c0e01d184,0x28b1dc1a5e3699a428bc51d234dfab7c9cb2a183,0.0,2026-04-23T11:43:47+00:00,0xa5918eb8e8dec016464a5958167d108563242ba59ee336461d3bcdfb2c0d2c57
0x24ecc35cc9f0dbc819322c869d818a7484a9ab90,0x28b1dc1a5e3699a428bc51d234dfab7c9cb2a183,0.0,2026-04-23T11:43:47+00:00,0x1a44bb83bc29010af64ddbeea682ba90ced755ed46331462e31dac3434d9d427
0x07c252d841b99b55e50d28a4ad1613d118d06d43,0x28b1dc1a5e3699a428bc51d234dfab7c9cb2a183,0.0,2026-04-23T11:43:59+00:00,0xf5be5bc50ec90586fce3356f97632ae189671650a91791bc460bc7ed53c03472
0xea5ff5814a46a32cf5d97067889f2f2e4b3a120e,0x28b1dc1a5e3699a428bc51d234dfab7c9cb2a183,0.0,2026-04-23T11:43:59+00:00,0x22eb5095e7717b3e95754561551cb030d92920ffb5c3484abefe3f6b80006f40
0xf7185dd29fcdc0cf078638d6a344a0bfffc1b8a4,0x28b1dc1a5e3699a428bc51d234dfab7c9cb2a183,0.0,2026-04-23T11:43:59+00:00,0x00b71162bd0ae77a892c79cfa21fd34b0c857b1438899703f5715f0b00e08882
0x88a5b9ef8dd292efc257ef7d4183b35863ef2331,0x28b1dc1a5e3699a428bc51d234dfab7c9cb2a183,0.0,2026-04-23T11:44:11+00:00,0xb561a23190997ff1a0e5e3f84642a1902d69d4d92d76a1718e6946dda287090b
0x74529d1b480dde73aba6a5d487baabd8072274d3,0x28b1dc1a5e3699a428bc51d234dfab7c9cb2a183,0.008601164323212873,2026-04-23T11:44:11+00:00,0x30df680f186b3ae363d096244e90a609da95be89d4e6be3922d04452b75e4f9c
0x9c9c3ef23451200dc63fdbc1a5be37bbfbf96466,0x28b1dc1a5e3699a428bc51d234dfab7c9cb2a183,0.0,2026-04-23T11:44:23+00:00,0xe5bece5c52467ea0b0ad236791a4aa5ad289d66410211ffec5c1a67d34de9795
0xa38d1c6acd78cd2444147a793a39be424662d9f1,0x28b1dc1a5e3699a428bc51d234dfab7c9cb2a183,0.0,2026-04-23T11:44:23+00:00,0x4064660229adb218c7f175a9f482b981f701162ae993bb2ef045d442026ba7cc
0x7ef540c56c91ec65b4d15afdccb8d9a1bfff6da2,0x28b1dc1a5e3699a428bc51d234dfab7c9cb2a183,0.008843572292878561,2026-04-23T11:44:23+00:00,0x3589a66ce8b4c1ab832af846b6683980263863ca7348d7b11579ae5bb7f77a13
0xb5dc8c684a81ac3d25c08a68e5bcb166ef18ae6a,0x28b1dc1a5e3699a428bc51d234dfab7c9cb2a183,0.0,2026-04-23T11:44:23+00:00,0x5f80a14db5de57874a6483bbc19c3a4aae95b4cf6a33f086461ecc5479818b94
0x49dac7f646c8f043544ddf14d16901546249c03b,0x28b1dc1a5e3699a428bc51d234dfab7c9cb2a183,0.000430070396190812,2026-04-23T11:44:23+00:00,0x32bbbb3d1117a55749266bb3999acd1aab7812f6ebb9a8efbab90780911f58bc
0xd041444d448e565abf5ff0851b53f28a5eb00e8c,0x28b1dc1a5e3699a428bc51d234dfab7c9cb2a183,0.0,2026-04-23T11:44:47+00:00,0x0da38e11d6d8dbb9bdf63832ed63247e1f04442e718aabe87302115b4a291a4c
0x1c91fbca748435a9302b76b682066a7b9607e262,0x28b1dc1a5e3699a428bc51d234dfab7c9cb2a183,0.01,2026-04-23T11:44:47+00:00,0x85165fbc8fbba9d6abc83d583140308454f30f139a84f6bfd2a4cc6231865e5e
0x88538812e41b89689f5e23871ef5d5ce2be0f987,0x28b1dc1a5e3699a428bc51d234dfab7c9cb2a183,0.0,2026-04-23T11:44:47+00:00,0x8413b0f4c3607d009ce1f3d0d18780d3b2b8c35acef804fdce76d1246d8f4110
0x49dac7f646c8f043544ddf14d16901546249c03b,0x28b1dc1a5e3699a428bc51d234dfab7c9cb2a183,0.000859763584461352,2026-04-23T11:44:47+00:00,0x12b03f44ee9d3187c3fa9f96078593d9b9edc507e83b9f271de45a7123c2c91a
0x926c9a4a265de017daa5a24f2070d14d7446c9e8,0x28b1dc1a5e3699a428bc51d234dfab7c9cb2a183,0.0,2026-04-23T11:44:59+00:00,0x840ac11dcbd5506250dabbde69fb74173656ff3938832ae0487839b569805da4
0x767465ffd6060bd9fbc4e83bcf7650b7f2f9940a,0x28b1dc1a5e3699a428bc51d234dfab7c9cb2a183,0.0,2026-04-23T11:44:59+00:00,0xf1ea4093840f4c40c30a6c08562274d268056dc3a88818676f77d25f67b96a0a
0xdf27f9c8527ba85acb33265aa7fa7637cd2058ee,0x28b1dc1a5e3699a428bc51d234dfab7c9cb2a183,0.0,2026-04-23T11:44:59+00:00,0xf2f3801bb83dcaac0741f1680ac709cba75efd26a30c43eed1b06a4e45e23e4d
0x11b329c7cc727437f299be7379601d1bc93a3471,0x28b1dc1a5e3699a428bc51d234dfab7c9cb2a183,0.0,2026-04-23T11:45:11+00:00,0x62ecda4663b45fba44ee15dd5f44e933ac9ae9d5e65f2cc83c36dec461309a22
0x506f8c441aa3c8388cd1fc9251539b56110e06c5,0x28b1dc1a5e3699a428bc51d234dfab7c9cb2a183,0.0,2026-04-23T11:45:23+00:00,0xa5fe9c18a2b57371e7bf515d3bb7e9adcc6c3f28963d257a69f1f488c99b35ae
0xb5dc8c684a81ac3d25c08a68e5bcb166ef18ae6a,0x28b1dc1a5e3699a428bc51d234dfab7c9cb2a183,0.0,2026-04-23T11:45:23+00:00,0xea9afe7f23c213568c98494c8f239c4ef1810648ae9d32ea4a933656d137da1b
0x506f8c441aa3c8388cd1fc9251539b56110e06c5,0x28b1dc1a5e3699a428bc51d234dfab7c9cb2a183,0.0,2026-04-23T11:45:35+00:00,0x36e29172591328a1993f5b9f36f00d62e181afcc0831034b0d55504716d6e5b1
0xc356ca5e825a0e2c702dd15643cad99b63744bf3,0x28b1dc1a5e3699a428bc51d234dfab7c9cb2a183,0.0,2026-04-23T11:45:35+00:00,0x3c4727b81329e242a3e8c475499085923cae5e3a013282f3925a8abd261ee1f7
0x8fc44e301fc780ca4d733facf6329b4f4d3250fb,0x28b1dc1a5e3699a428bc51d234dfab7c9cb2a183,0.0,2026-04-23T11:45:47+00:00,0xa49595f038153afe6de8c3cad97af682b03a3de8a29ecb7c60b9614d67928834
0x06302b4253339eadc204e9b09d1b386cb843ff6e,0x28b1dc1a5e3699a428bc51d234dfab7c9cb2a183,0.0,2026-04-23T11:45:59+00:00,0x8b02afa2d74d3ce32ff8809b638ee6e0a1422c3d830facd8d3d5387ada333fcb
0xc0e45c6abfa7d1adf8463191e40bd80781fe646a,0x28b1dc1a5e3699a428bc51d234dfab7c9cb2a183,0.0,2026-04-23T11:45:59+00:00,0x4d61be90b8ea7cb2f2942805adece6b97186e4f19c0466997d422da124be1b1b
0x767465ffd6060bd9fbc4e83bcf7650b7f2f9940a,0x28b1dc1a5e3699a428bc51d234dfab7c9cb2a183,0.0,2026-04-23T11:45:59+00:00,0x1eaf4ef589e00b57bf8a168dfdab485e52731d3c0a5481980fa79f126ba5842e
0xb2f0801bdf89d27d7bc2b378d4c0be6a98137ab4,0x28b1dc1a5e3699a428bc51d234dfab7c9cb2a183,0.0,2026-04-23T11:46:11+00:00,0x1bf99711c61cffcb4753cc61920fc82edd0b3987a3de1c1552c4b9359ed81626
0xa45db19844ea695b4e1cdfd851a5ffbe0454bc5b,0x28b1dc1a5e3699a428bc51d234dfab7c9cb2a183,0.0,2026-04-23T11:46:23+00:00,0xda1bec820c03b61874228af085b0fdb108d7500ae705f0124e378af5e53d3c36
0x6205a512485f52eceb6b797897b6d5942c22ef8a,0x28b1dc1a5e3699a428bc51d234dfab7c9cb2a183,0.0,2026-04-23T11:46:23+00:00,0x148fd28690bf97ca014d0c9193c8e420f5feb9ff3e0baa5616bcee7417614013
0x4ae7842075920e6e2e87f7169560af5be3b0eb11,0x28b1dc1a5e3699a428bc51d234dfab7c9cb2a183,0.0,2026-04-23T11:46:23+00:00,0x643ce7d0955863995ca6c28dcaee7a7217a12156dec3bfd6793e2b8ba9009aad
0xb5dc8c684a81ac3d25c08a68e5bcb166ef18ae6a,0x28b1dc1a5e3699a428bc51d234dfab7c9cb2a183,0.0,2026-04-23T11:46:23+00:00,0x3bdccacbac6e6ca8c6510feaf71f81e93c9b824b87e3b046f5b0078089298427
0x70ceda516b9a7ff8630890bbd9ffbc6c24e04a3e,0x28b1dc1a5e3699a428bc51d234dfab7c9cb2a183,0.0,2026-04-23T11:46:35+00:00,0x877c14515bcafc57e8662049c051af557597fe00b0359dc7f2352a5e8de0ea77
0xe81d515342c74abafc73192f5bf1dea5ce09caef,0x28b1dc1a5e3699a428bc51d234dfab7c9cb2a183,0.0,2026-04-23T11:46:35+00:00,0x7a6fa31d890961473dd593d7779a34794457912204c7807c6cadce8a9aa16532
0xb5dc8c684a81ac3d25c08a68e5bcb166ef18ae6a,0x28b1dc1a5e3699a428bc51d234dfab7c9cb2a183,0.0,2026-04-23T11:46:35+00:00,0x93c475917bde4c9cfbe60164e496c98dc006d5aac6c570305cb74adca54faf5f
0xaad3221df4cdda31222de5ae229dc1ee698a269e,0x28b1dc1a5e3699a428bc51d234dfab7c9cb2a183,0.0,2026-04-23T11:46:47+00:00,0x612579c2d796c072a10074a989f58003871940976a1b28d913543468c6d10004
0xd3dfb8ef1e154be880d36fcacf4fa10303ad5f40,0x28b1dc1a5e3699a428bc51d234dfab7c9cb2a183,0.0,2026-04-23T11:46:47+00:00,0x8940e3ceaf89f2b49275df2a3700405192300c41aef2ce0477506a31cb3a7b67
0xebd53307f315400ce6c45659aebee03d991975af,0x28b1dc1a5e3699a428bc51d234dfab7c9cb2a183,0.0,2026-04-23T11:46:47+00:00,0x4dbe823db1352cb4a0d16d8b421a72def70ac5a6bfb9e7f3cbafc2ca5ede2080
0x191ac428d28f0812243348485b7e11537e5f3299,0x28b1dc1a5e3699a428bc51d234dfab7c9cb2a183,0.017,2026-04-23T11:46:59+00:00,0x5f1ab68ab52c74d6424aa05a81323f5769c9b686d7b7b86ecfa8c24ad85d9b63
0x35706ff1754f6291ccdb8ae6f29131b358a4d59b,0x28b1dc1a5e3699a428bc51d234dfab7c9cb2a183,0.0,2026-04-23T11:46:59+00:00,0x4ed39c5e7ddf34a441fd3a1f46a0ce2fa6779497aca4353df68c8eff1fb357bc
0xb5dc8c684a81ac3d25c08a68e5bcb166ef18ae6a,0x28b1dc1a5e3699a428bc51d234dfab7c9cb2a183,0.0,2026-04-23T11:46:59+00:00,0x0e79147461e5ca5dfc3528a2e5d5a779928f82387ae8b0c6710d9a6028df2c01
0xf91ab02bbbaff04d363c2c8adf5f2da4bbc5b7d2,0x28b1dc1a5e3699a428bc51d234dfab7c9cb2a183,0.02,2026-04-23T11:47:11+00:00,0xe531b34708e18870b00cc9bcd20d8d1ae13624c646aa0cea3c818ac37b461359
0xf77f46c03bec325cb2bc38a78541ed037c1abe82,0x28b1dc1a5e3699a428bc51d234dfab7c9cb2a183,0.0,2026-04-23T11:47:23+00:00,0x12ba1cae2ded8b207f2bddf0f82b8dffd3c08ed1d00d08fc5bd9a4a2e0ea6be4
0xf51baa272e47f2b590da96278489559ad72f3292,0x28b1dc1a5e3699a428bc51d234dfab7c9cb2a183,0.0,2026-04-23T11:47:23+00:00,0x4b1fe4a99ce39dc9e2ed7d8302a59fadef4e68b0e467b33d67ed6905499283f1
0xc8812442264dca187a97909adb9ed454260b220e,0x28b1dc1a5e3699a428bc51d234dfab7c9cb2a183,0.005,2026-04-23T11:47:35+00:00,0xe47b6cb2bb9fc52e5ae97161499e0bd69bd24b4a47bb1a5052f398f852674aac
0x88b3724fc8042618bd9a431142a5137b2c495510,0x28b1dc1a5e3699a428bc51d234dfab7c9cb2a183,0.14,2026-04-23T11:47:47+00:00,0x6d583f39f1a36f7194f4a796f173a620fe9cef9dda0eabb43945225521969860
0x35c393b0109c8b42a489bb3ab50e14e729e3fac2,0x28b1dc1a5e3699a428bc51d234dfab7c9cb2a183,0.0706832212401287,2026-04-23T11:47:47+00:00,0xce61418d110880c1fc464be1e4727f2319abca05e7d4424fac33da50b2c86a7b
0x7d5d790d85edfd45cf627a82372aa13f94b43871,0x28b1dc1a5e3699a428bc51d234dfab7c9cb2a183,0.0087,2026-04-23T11:47:47+00:00,0x0ddf3a399abd22993730cbf01471c86bd3ecab23d76b4f4d1ed91cb0646deb36
0xebf8e4a7918d62862a0c05898f9bff45e91a870e,0x28b1dc1a5e3699a428bc51d234dfab7c9cb2a183,0.25,2026-04-23T11:47:47+00:00,0xb5b559542a094856e1c9e64292fb394fa39297b4831bb417ae83eb0a86f143a6
0xd93f774365fc6d9036b9038bc71123a6b7b206a1,0x28b1dc1a5e3699a428bc51d234dfab7c9cb2a183,0.0,2026-04-23T11:47:47+00:00,0x41b44f3a019cd3b8a56e30e9303d686197c2be67bc92201224041b96445415e4
0x463abc7c25a4e2b8a9e667876090073a5cc380d4,0x28b1dc1a5e3699a428bc51d234dfab7c9cb2a183,0.0047,2026-04-23T11:47:47+00:00,0xee6aaf8b66462f3969147150458363f8273eeef96ea6808070843561eaa4023e
0xa0e64d2b8df7f4857a62a707ff7198e9e398269c,0x28b1dc1a5e3699a428bc51d234dfab7c9cb2a183,0.01,2026-04-23T11:47:47+00:00,0x56223d93fda1571181d4e830167230f9288ba3b371b81bfc79b32353c76f0c4f
0x451f74f6e1699b8f381985c5bfeb4f26b138e98d,0x28b1dc1a5e3699a428bc51d234dfab7c9cb2a183,0.0,2026-04-23T11:47:59+00:00,0x82c156707f6b414f1da282f3268afc575ff4a236d76d279dcb834bb3ef554050
0xd93f774365fc6d9036b9038bc71123a6b7b206a1,0x28b1dc1a5e3699a428bc51d234dfab7c9cb2a183,0.0,2026-04-23T11:47:59+00:00,0x70a2e4782a6dc86509b0202d4d3bf253be562e0f12f26c7a635b898429056a11
0xb88b796a6b9965bc0aa97bd482e1d3ce055a8bca,0x28b1dc1a5e3699a428bc51d234dfab7c9cb2a183,0.0,2026-04-23T11:48:11+00:00,0xa7745dd8b1ab19402ad88467648fdc50206104c5b57245c475b9a3767b55c020
0xe078bc55f53cdbcdbd67f2618649a6cd153a7167,0x28b1dc1a5e3699a428bc51d234dfab7c9cb2a183,0.0,2026-04-23T11:48:23+00:00,0x1088c28fc36a2e7f71ab2bef4393056697189b19984b783ab5465c0dbbe8beb4
0x06b8aa236d4d06a713b44fb1db61bf230347133c,0x28b1dc1a5e3699a428bc51d234dfab7c9cb2a183,0.00021084,2026-04-23T11:48:23+00:00,0x6b99f971297463dd32de035ea0603f4ba72222b519319c5f496f890dc19f00b3
0x0df801e9a6786aca8113a994835abb14cdd4fa14,0x28b1dc1a5e3699a428bc51d234dfab7c9cb2a183,0.11983887175942656,2026-04-23T11:48:23+00:00,0x2f86a713c9f2811a092e562b5cc0957847c0fcc8e078573d976d0327bdf54a4f
0x1bc46b0af110e6e6362c77b9115df193233b4e07,0x28b1dc1a5e3699a428bc51d234dfab7c9cb2a183,0.0,2026-04-23T11:48:23+00:00,0x5a0ab06a04ab6fdfe85657f9ff9dede894eeacdfa021ad2066e3c46b306a8fe6
0xd93f774365fc6d9036b9038bc71123a6b7b206a1,0x28b1dc1a5e3699a428bc51d234dfab7c9cb2a183,0.0,2026-04-23T11:48:23+00:00,0x77850bf5ab03edbcb0115b142c9df52a15bd57f3069e2dfacef684bb8647d83f
0x4caf5d330763b70c4caca20556d1fd52912b3e7d,0x28b1dc1a5e3699a428bc51d234dfab7c9cb2a183,0.08198198571938375,2026-04-23T11:48:35+00:00,0x5e567aef782cd4580569867232d1d5366d4aac3ef50f4fae180e696d233790c2
0xbe17f0630f3f9cd2a14f03863c9c23c61fe637ae,0x28b1dc1a5e3699a428bc51d234dfab7c9cb2a183,0.4,2026-04-23T11:48:59+00:00,0xb31bde6888532abee883f450599c6b24865125f4b72b016d768692ed3e499a33
0xd371312d08950dd806a7c9aea0f7a6bc642404d2,0x28b1dc1a5e3699a428bc51d234dfab7c9cb2a183,0.0,2026-04-23T11:48:59+00:00,0xcb97b03a20f6d72ff3f201005e063fda4f48250c203c33c9b7b228e2da6b8ff2
0x1ef3a605cb43f1e5e8e1660452e889a8e2a5a2ac,0x28b1dc1a5e3699a428bc51d234dfab7c9cb2a183,0.015802459893860952,2026-04-23T11:48:59+00:00,0xaf3dbf2a94579e99889c1acb7b2e707c254e9b00e587cf1d68ceebbe5c34ee21
0x80619a79d390cce82f120d199d69b7066e5a42fc,0x28b1dc1a5e3699a428bc51d234dfab7c9cb2a183,0.001905767291323528,2026-04-23T11:49:11+00:00,0x0f8084884e8ef5c341852b62bea034edef7bc8e1837669e4274a8eaa27dfbaeb
0xba19ecd3843204ac82ec23955099f87db90e6529,0x28b1dc1a5e3699a428bc51d234dfab7c9cb2a183,0.0,2026-04-23T11:49:11+00:00,0x1cd582c19dc6182a6669c559994f1984c024d48ca9370eb5e81f7ef8a24357a6
0x1bc46b0af110e6e6362c77b9115df193233b4e07,0x28b1dc1a5e3699a428bc51d234dfab7c9cb2a183,0.001,2026-04-23T11:49:11+00:00,0x86cfbf256c472682e58becded03e9a5fee06155ec0e95c9636df8e6f24303c77
0x451f74f6e1699b8f381985c5bfeb4f26b138e98d,0x28b1dc1a5e3699a428bc51d234dfab7c9cb2a183,0.0,2026-04-23T11:49:23+00:00,0xba0147a79906a8fdc395ad704f37a180f3be65d086a14c1468d1e265a9fba41f
0xb1b2d032aa2f52347fbcfd08e5c3cc55216e8404,0x28b1dc1a5e3699a428bc51d234dfab7c9cb2a183,0.0,2026-04-23T11:49:23+00:00,0x3a314aed22a6fbf88f6e354e6dc367e44f4eca7beaffbc86ec49bc133de6adeb
0x1bc46b0af110e6e6362c77b9115df193233b4e07,0x28b1dc1a5e3699a428bc51d234dfab7c9cb2a183,0.001,2026-04-23T11:49:23+00:00,0x0c894e5294b2001e728154d60dd03ae7e9b748627cf77e9f3e070627a0fe651e
0x26d23d230a0e730897560c15c9a22e91112fea41,0x28b1dc1a5e3699a428bc51d234dfab7c9cb2a183,0.10197583038078646,2026-04-23T11:49:47+00:00,0x3aacd0b5a3e496bb52125bd2844082d41c03e9b18edccdaac22367ffe2a128d0
0xccca24a7b848c452de90d0050c8e9ffd3dc7f7df,0x28b1dc1a5e3699a428bc51d234dfab7c9cb2a183,0.0,2026-04-23T11:49:47+00:00,0x327aec7194f0b01879fa3505f45c777b915979062c02870aa35fa8182b3540b2
0xb1b2d032aa2f52347fbcfd08e5c3cc55216e8404,0x28b1dc1a5e3699a428bc51d234dfab7c9cb2a183,0.0,2026-04-23T11:49:47+00:00,0xbb61dcaed464c1afe849905a4074b9f3c3ea34c07d37625de82030bf16942b7a
0x409c2802febaaf3d474f1cce190ed303fca8b57f,0x28b1dc1a5e3699a428bc51d234dfab7c9cb2a183,0.02,2026-04-23T11:49:59+00:00,0xbec642d0aca614e8d2387737fe6c2103168e789e46681b83f28065aafdd53b44
0x1bc46b0af110e6e6362c77b9115df193233b4e07,0x28b1dc1a5e3699a428bc51d234dfab7c9cb2a183,0.005,2026-04-23T11:49:59+00:00,0x42533b7957045ceeb6b5c4f212ec6c98440ada9e15d61ac4efaf531cb77b72d6
0x7326539ae87fac0dfcab409491ab6daacf76be9c,0x28b1dc1a5e3699a428bc51d234dfab7c9cb2a183,0.0,2026-04-23T11:49:59+00:00,0x163c3ff7bdd65b846f550e5adf0f2b39bb9c797cab9a12499f046af4d3e51d0c
0xa4cdc22805e0f8813245ca4fdcac9e78436c2d76,0x28b1dc1a5e3699a428bc51d234dfab7c9cb2a183,0.05,2026-04-23T11:49:59+00:00,0xefadb7e3b59dfaccc3b84d7fc45b043fd6a72224e4186107d2d9130041a2d229
0x424b7ac3d677df432354e36c1c35ca07d6e3ccc9,0x28b1dc1a5e3699a428bc51d234dfab7c9cb2a183,0.0,2026-04-23T11:49:59+00:00,0x6f9d6837f4885991d32f40057b5f4491b1483c8d1fde2ed7596b49dc9a010bad
0x936d6c184e0037364b41f79b599bb3101b9017a0,0x28b1dc1a5e3699a428bc51d234dfab7c9cb2a183,0.3,2026-04-23T11:49:59+00:00,0x580aa874704c744632253a3b49da7cfeeac923d6d66ae77a8841a9792a56cf41
0xb1b2d032aa2f52347fbcfd08e5c3cc55216e8404,0x28b1dc1a5e3699a428bc51d234dfab7c9cb2a183,0.0,2026-04-23T11:50:11+00:00,0x50f40c62e53d635830c2e814a0be792083e4037fbeea6c8ab07734c04613429c
0x011179b37baba01da40d05f94a41b251d6c76664,0x28b1dc1a5e3699a428bc51d234dfab7c9cb2a183,0.0,2026-04-23T11:50:11+00:00,0xa6761db6e49cd90a491c1deea4a8da8de464dc9d17d397c4867b2cd4f42cb36c
0x26ba5ff094f9ae52fe7836c1c394771fa56f9a6b,0x28b1dc1a5e3699a428bc51d234dfab7c9cb2a183,0.084230138196452,2026-04-23T11:50:11+00:00,0x0e4f9edde3f1fbebaebbd4aad968ff3e70fcc56fbf3ef08a672362090e99708c
0xdf27f9c8527ba85acb33265aa7fa7637cd2058ee,0x28b1dc1a5e3699a428bc51d234dfab7c9cb2a183,0.17930749985182698,2026-04-23T11:50:11+00:00,0xba343b7570da7a5b1d1800a02a1e7b135b7557f55a8a272c1cca7244623d7550
0xb2e84eac305d98d38952d73bec7443d8cfe8e6ca,0x28b1dc1a5e3699a428bc51d234dfab7c9cb2a183,0.003285488679144514,2026-04-23T11:50:11+00:00,0xcf5616ac9210b97a8d9f05687dfb5f328b8081985c44fb688bbbaa42fa527e1b
0x97a0df673425acd860cdffb14c218668d987e76f,0x28b1dc1a5e3699a428bc51d234dfab7c9cb2a183,0.01,2026-04-23T11:50:23+00:00,0xb8dce43a95d05467f470e2ee2e34045b6c1df81165363567b23a8f6df2e46463
0xe353bcc0d705721b53032d7b1fabc28d04a9ba0e,0x28b1dc1a5e3699a428bc51d234dfab7c9cb2a183,0.0,2026-04-23T11:50:23+00:00,0x2f236693222bdfccc1d475d9f65518767af37f9a1fc739bcf14d23c3739ee5e8
0xcea96dcd841f092c89c13c6c118f12727038b666,0x28b1dc1a5e3699a428bc51d234dfab7c9cb2a183,0.0,2026-04-23T11:50:35+00:00,0x8be03ad0e200c2a012170e8d9520fd201951181349a3c7327337d86340bbc693
0x424b7ac3d677df432354e36c1c35ca07d6e3ccc9,0x28b1dc1a5e3699a428bc51d234dfab7c9cb2a183,0.0,2026-04-23T11:50:35+00:00,0x9cd643e30c9429d86dd1ca899098e94c5a044141a33560c00747232f1109bf69
0x1bc46b0af110e6e6362c77b9115df193233b4e07,0x28b1dc1a5e3699a428bc51d234dfab7c9cb2a183,0.0,2026-04-23T11:50:35+00:00,0x7078f6b01a199401790ae038b47a80960d4c3ca1223a1562697f3d6f78857b95
0xa8c2257fe003f1dd06d48d7356445fde2bb6a13f,0x28b1dc1a5e3699a428bc51d234dfab7c9cb2a183,0.0,2026-04-23T11:50:35+00:00,0xd6ff38a72081ce921e895b82e97efb6a6dd23bb68f17b41b18b941eeb607052e
0x4998b0fede950b1cc118b6af656b80db8cc8ee1b,0x28b1dc1a5e3699a428bc51d234dfab7c9cb2a183,0.0,2026-04-23T11:50:35+00:00,0xcb39bc730db73ce5ee5bab6435023c62c57c71f95fea15f1239e2dea29bdeb4c
0xa9630382c6c8b62a30e2b47973dc71bde55f9868,0x28b1dc1a5e3699a428bc51d234dfab7c9cb2a183,0.007,2026-04-23T11:50:47+00:00,0x7aca30b5eca447314964ac68a88facfad6fea25a73bad072bd99c1334824336f
0x3bba0a6b6647159ce777ae79861d1a97486c5742,0x28b1dc1a5e3699a428bc51d234dfab7c9cb2a183,0.0,2026-04-23T11:50:59+00:00,0x06188462b753b64f7711cd5091ce6c8b934d2219842b22822b329c28363df93a
0x1f5271e5051efae38c9a739e73bc5f30ffa6d61c,0x28b1dc1a5e3699a428bc51d234dfab7c9cb2a183,0.0,2026-04-23T11:50:59+00:00,0x0b5623dc51f20ae4e32d95aff7ed6c078800c9d026a665d61dd4d06d7a47d747
0x224d997df19e4f93b3006efe7d36a291d5f5f0bf,0x28b1dc1a5e3699a428bc51d234dfab7c9cb2a183,0.0,2026-04-23T11:50:59+00:00,0x91f8622177baeec2f4ca7c7b6d3ace1d3ac6f6bd78de3e9c76043991975a4b0d
0x604acf59d3f467bf6352f69e4956f4dc6c6875ce,0x28b1dc1a5e3699a428bc51d234dfab7c9cb2a183,0.02,2026-04-23T11:50:59+00:00,0x247c5b0bfc13fc3fc4242fb1f78c53babc142711922fb43cb1f9c5a13dc10ca1
0x2f57a6d33786f487a98496e689490284349ad5be,0x28b1dc1a5e3699a428bc51d234dfab7c9cb2a183,0.0,2026-04-23T11:51:11+00:00,0xe54337f9fa8b9ff61f3aae13bcb590ea0018ccde47b85db16b0a7e1b29b6894c
0xdea1e287deb6a02a12d66628fcd4a7ed53908e18,0x28b1dc1a5e3699a428bc51d234dfab7c9cb2a183,0.09,2026-04-23T11:51:35+00:00,0xad7ec615dc203c600fb4f8725c8504eb05c7d8fdc73019fa13fd376fc5dc91b2
0x1c01ee7741c3152a6b5aa764747748130127e56a,0x28b1dc1a5e3699a428bc51d234dfab7c9cb2a183,0.1,2026-04-23T11:51:35+00:00,0x2544168ceadf16dc17b970b7c0e0c6e298e767ebbfb816f9f06d4f740510f83f
0x7512a64142eedb823209126d056ecc34dec01045,0x28b1dc1a5e3699a428bc51d234dfab7c9cb2a183,0.033,2026-04-23T11:51:35+00:00,0x96c7902200a9ab7e8b28c492eeb23a92c397961f0fbacac5b553b1563ee08c40
0x91b5066e3b6067cc06c339a1eedf1a8cd581eb09,0x28b1dc1a5e3699a428bc51d234dfab7c9cb2a183,0.0,2026-04-23T11:51:35+00:00,0xec4e533f5266fdec979c7299df85676bd60e478ee49fa57f897d1521f1776e16
0x011179b37baba01da40d05f94a41b251d6c76664,0x28b1dc1a5e3699a428bc51d234dfab7c9cb2a183,0.041,2026-04-23T11:51:35+00:00,0xa150dcc9113f1c55423abb43fcf3d6c9f8d9790e3ec7b096ea37f315bdaedf45
0x83d516e60fbec12a3eed0a40c22738cbf1eb31df,0x28b1dc1a5e3699a428bc51d234dfab7c9cb2a183,0.0,2026-04-23T11:51:35+00:00,0x5ac831cf3c60e3629e5072bf7aee87c1cd67c49c2b25952e04eae0cdb145b47e
0xee65fabf04e17ef7daed3f8eea089afe6243a8d2,0x28b1dc1a5e3699a428bc51d234dfab7c9cb2a183,0.0,2026-04-23T11:51:35+00:00,0x218b427e33a52e735362db44134918cd7673c70136e2a2c1c1c3ea83f66de1c8
0x1bc46b0af110e6e6362c77b9115df193233b4e07,0x28b1dc1a5e3699a428bc51d234dfab7c9cb2a183,0.005,2026-04-23T11:51:35+00:00,0xb5e1b59289ca18999e6cd98e90c08c82eda428c398fecd516ab18ebf31aca148
0xd40854fe02d033000be9a863511f0f53d5667bac,0x28b1dc1a5e3699a428bc51d234dfab7c9cb2a183,0.0,2026-04-23T11:51:35+00:00,0xab8632055633bc8b9d4ed7cad2da0e5a305823748054568dc177a93d8b924f88
0x3f53d781ec390a000546e8cdb1b6b673bb8f08f3,0x28b1dc1a5e3699a428bc51d234dfab7c9cb2a183,0.0,2026-04-23T11:51:47+00:00,0xd50d98e24266782068f66c2fbb9604c353d44264ce3f06536e9c51328114c531
0xe42e66abc99c50df80b20ff653b960492f1b1668,0x28b1dc1a5e3699a428bc51d234dfab7c9cb2a183,0.0,2026-04-23T11:51:47+00:00,0x6a2eb172fc5dbefa46480f9a02e7f0e895e8cfe5351e55943db560c6a71d94fc
0x1bc46b0af110e6e6362c77b9115df193233b4e07,0x28b1dc1a5e3699a428bc51d234dfab7c9cb2a183,0.0,2026-04-23T11:51:47+00:00,0xc4fee3514bfc228dfc2dc596e237822a45361bc4f254f903a8d99e7228c2c264
0xc0e45c6abfa7d1adf8463191e40bd80781fe646a,0x28b1dc1a5e3699a428bc51d234dfab7c9cb2a183,0.0,2026-04-23T11:51:59+00:00,0x6a31de73298a59f254b0be9d5ae44608a3b1405ea553fe42cf02501cfa9ff500
0x7b6af0488e92ac42765bb90895bcdb1f07aab83e,0x28b1dc1a5e3699a428bc51d234dfab7c9cb2a183,0.0,2026-04-23T11:51:59+00:00,0x72065175c42e25f4b279a9eba84c8ea127949aa7706bb940ca3b3e65ebc87a92
0xee54d24f450b000eceb12ef1514c9256da9f9235,0x28b1dc1a5e3699a428bc51d234dfab7c9cb2a183,0.01959056371684644,2026-04-23T11:51:59+00:00,0xf101719c5ee69ee487ceedd800d5cd25c71b8a2f045a8e197c54876d901f671e
0x3a1ab38a9f1701fe40099c32fdea3d929a481478,0x28b1dc1a5e3699a428bc51d234dfab7c9cb2a183,0.0,2026-04-23T11:52:11+00:00,0xeea1f1a6a47943799d3ce27c8fa3872e9132dd7b1bcf12d668e7187d72ce295a
0x2c849c4918ffae60ab5a1191c42600cfd77a8751,0x28b1dc1a5e3699a428bc51d234dfab7c9cb2a183,0.0,2026-04-23T11:52:11+00:00,0x4b3240018b6d3d9995fdcf4b6dd9fa208c2a97243a22bf45da0ad94da516b611
0xf84ae4ffaad343af7e0c2791fd220108f6cd5678,0x28b1dc1a5e3699a428bc51d234dfab7c9cb2a183,0.001251398510914746,2026-04-23T11:52:11+00:00,0x82c9b67079f37f186b216a86157d2ed0bf20d4a73b040f3c0d4618e27c46987b
0x84b563c931a22d4203c0480ad1099094ece82546,0x28b1dc1a5e3699a428bc51d234dfab7c9cb2a183,0.07,2026-04-23T11:52:11+00:00,0xef89242def342119bb88a7f298e1e41c0b86e4fbc1a5edcca8db0328e5951715
0xb73f16e6418be393df77112acf6581f58d62f7ff,0x28b1dc1a5e3699a428bc51d234dfab7c9cb2a183,0.005,2026-04-23T11:52:11+00:00,0xaed81331ac6f347a13b00bdcce7d8acf2035fc03fd6dfbe7e31b9a44d83897f4
0x9a8fafb259e9d85016e00c4fb80e2f3399b4296d,0x28b1dc1a5e3699a428bc51d234dfab7c9cb2a183,0.0,2026-04-23T11:52:23+00:00,0xe970cd09b8f07de6c6025516e99e3e723655c24fd529d6120ac1f6fd8667d5cf
0xec66a2a4761c3483fb4c1a9d31b7df7723bc6de7,0x28b1dc1a5e3699a428bc51d234dfab7c9cb2a183,0.0,2026-04-23T11:52:23+00:00,0xa67d780a8f24aa4ae0535a0b5ad40533a10eb04bb690a02b3ab677f84d44bab7
0x42a4385757b9835508ee19298743904219e4cb85,0x28b1dc1a5e3699a428bc51d234dfab7c9cb2a183,0.0,2026-04-23T11:52:35+00:00,0x836b47b21141ae1c4e36fdb53afe5b4c7b85a671ae94d5c3c3362e79bd9b9a96
0xc6c13c087375c41fe6dc9e7be118b717be463800,0x28b1dc1a5e3699a428bc51d234dfab7c9cb2a183,0.0,2026-04-23T11:52:35+00:00,0xc4ea2cfaa2642b1635bd5b92cb3c9eede17f0024c27a6f0a7ee8d331ad3e190b
0xc18d59c3cc995f32cda235183d7ee859e23ab560,0x28b1dc1a5e3699a428bc51d234dfab7c9cb2a183,0.0,2026-04-23T11:52:35+00:00,0x2f4d2378f3a7afb087554b6b83d466a08cd6bff46dd63ceba29661dd7c5d0865
0xe33f279a078f5677bdde7a21d32973927e617e85,0x28b1dc1a5e3699a428bc51d234dfab7c9cb2a183,0.05115076356046034,2026-04-23T11:52:47+00:00,0x5f909484ce38e04c4d03286287cbff660593420e06317f8511c028613b56643e
0x9666d119f9effe467093c0b0333f156b52c0da7b,0x28b1dc1a5e3699a428bc51d234dfab7c9cb2a183,0.0,2026-04-23T11:52:47+00:00,0x3a8c943b3c5b06588580927e672f882d3db40657c30634816bd00cb65a6a35b9
0xb753908782045e239a871e79bc03430b2a179977,0x28b1dc1a5e3699a428bc51d234dfab7c9cb2a183,0.007092260547294358,2026-04-23T11:52:47+00:00,0x67834120d74e214ab73e1393d1d428c8ba5fbff5ac569df115d41ad81894371a
0x767465ffd6060bd9fbc4e83bcf7650b7f2f9940a,0x28b1dc1a5e3699a428bc51d234dfab7c9cb2a183,0.0,2026-04-23T11:52:59+00:00,0x8e2b9ed6da18ed4d7be63c2f28e812af1ca2fe4ea239adb65fca101558cc9a10
0x4349a9ad8a906061008acf89f60426c4ca10967d,0x28b1dc1a5e3699a428bc51d234dfab7c9cb2a183,0.000440989640448788,2026-04-23T11:52:59+00:00,0xfc0e3b31f82ede7879422295a0568a7d16b7c1e743376c1a185ef2bdf3979127
0x3e04f04ec76c6069c6e1c83b564109460c1edd78,0x28b1dc1a5e3699a428bc51d234dfab7c9cb2a183,0.0,2026-04-23T11:52:59+00:00,0xe261e7c728659522a25c3615010caafacefd01e24397d36396e10c69b0e3409a
0xe42e66abc99c50df80b20ff653b960492f1b1668,0x28b1dc1a5e3699a428bc51d234dfab7c9cb2a183,0.0,2026-04-23T11:52:59+00:00,0x471edde4fe3a0eb310bd322c910ae931ba8763731ab1b45b5422c216500186ea
0x83d516e60fbec12a3eed0a40c22738cbf1eb31df,0x28b1dc1a5e3699a428bc51d234dfab7c9cb2a183,0.001515301997,2026-04-23T11:52:59+00:00,0xd32c49643b4688a680e74bff2822fccba8ee0bb34edcb96c42fe570e36fd1369
0x839d0dfcbde6ed4b87e5e07c7c8d535db55fc232,0x28b1dc1a5e3699a428bc51d234dfab7c9cb2a183,0.15017268645927379,2026-04-23T11:52:59+00:00,0x12388687faa134c5fb85ec9fb354339a4f80cbc3f2f879e88343f7945ad608a4
0x1bc46b0af110e6e6362c77b9115df193233b4e07,0x28b1dc1a5e3699a428bc51d234dfab7c9cb2a183,0.002,2026-04-23T11:53:11+00:00,0x5bf1f7d117a417c8fcbd94c8fd2875c71cd0d6d2256854ac0c510033de725936
0x35c5bbff211286364142fb51fcb95aaf4021b399,0x28b1dc1a5e3699a428bc51d234dfab7c9cb2a183,0.05,2026-04-23T11:53:11+00:00,0x0e4266e8457cdaa6fbcf893fb6a58b2bbbe4a9e724fcd4106a208fe1e5452dc0
0x3af7b2ef891963b1530699c0f2c1d33eede2d5af,0x28b1dc1a5e3699a428bc51d234dfab7c9cb2a183,0.0,2026-04-23T11:53:23+00:00,0x994a08c9ca3d4c2089fa60287766b6d2e62ffd2c4373ca299f5fa273cb1de80f
0x0d8a0c657b3840aafeb588676c669879f1b328f7,0x28b1dc1a5e3699a428bc51d234dfab7c9cb2a183,0.0,2026-04-23T11:53:35+00:00,0x2662186cdc118b17d39e14c17703cc84feb18df06a9783883499c75f79e29aee
0x81c10d86167a2d6b6a96ec1ce9b69f4a9ab9442d,0x28b1dc1a5e3699a428bc51d234dfab7c9cb2a183,0.05,2026-04-23T11:53:35+00:00,0xe4944d1bcbf5c914d4487e37c57f64dcf2cee9623982713ae180619ac817f7f1
0xc08bf2b3c51b889b83d20dcf33c46b40425af3cf,0x28b1dc1a5e3699a428bc51d234dfab7c9cb2a183,0.006,2026-04-23T11:53:35+00:00,0xd7a42309d549ad2b3ed8336ba2277272a4452c7c14b7e125995564ac65a56e9c
0x91b5066e3b6067cc06c339a1eedf1a8cd581eb09,0x28b1dc1a5e3699a428bc51d234dfab7c9cb2a183,0.0,2026-04-23T11:53:35+00:00,0x1960e051ba3a56890b03ef39aa89e300a0c53ad7910340eec7a4d7778b40ca7b
0x7719ce06e4bd5b8868379c451b41b5d5469c0e7e,0x28b1dc1a5e3699a428bc51d234dfab7c9cb2a183,0.2,2026-04-23T11:53:35+00:00,0x1116b3def4ca6ed19fa8d3d99baca361b5fb4c482eaa01ca6a8d9407f61a8123
0x74fd12717689a9e43c15534de797e245873c70d9,0x28b1dc1a5e3699a428bc51d234dfab7c9cb2a183,0.01,2026-04-23T11:53:47+00:00,0x0162bfb917b8f1dd927111ee4a4eda1182e46fc47bca5cd613a2376954694a01
0x6cb5d5c2387d4c3ea728ad112bc1ab368130c9c4,0x28b1dc1a5e3699a428bc51d234dfab7c9cb2a183,0.0,2026-04-23T11:53:59+00:00,0x0de6942b654affde6643c7cb4a4cf5211ff3302fce37d3a8c3dfe1c5651a5c61
0xd4d0d9c8028a54b26c4fef881af6e2436015965d,0x28b1dc1a5e3699a428bc51d234dfab7c9cb2a183,0.0,2026-04-23T11:53:59+00:00,0x78b48602d75445d6f254362fc8539460b9b7db839d970bdb706e4a496b7e1f7b
0xa86ac77dc885e68485b9ea2c38c4ea3d9b4bb5d2,0x28b1dc1a5e3699a428bc51d234dfab7c9cb2a183,0.02,2026-04-23T11:54:11+00:00,0xc94981f3e38593d4e82cfebb782fdbd919a37a3e2ce2e37d554acf1bff035edb
0x127405c36897b3c8d98405006da7912f26119dbf,0x28b1dc1a5e3699a428bc51d234dfab7c9cb2a183,0.001585272837677861,2026-04-23T11:54:11+00:00,0xf3c7602babd9b0649dc1c0d99100c154432595bf075da99edf0996dc52fd13d3
0x38f6b7fbcf8909e13b316047c0f42615bbebae94,0x28b1dc1a5e3699a428bc51d234dfab7c9cb2a183,0.0,2026-04-23T11:54:11+00:00,0x421e15634d8576bf059596520083520ed124b5bf97f4f3386aea9111a3823670
0xb8741a5c02049005a91f10c19c2ed93f0f011ed6,0x28b1dc1a5e3699a428bc51d234dfab7c9cb2a183,0.0,2026-04-23T11:54:23+00:00,0x6b15e702c7f18fa2f57f6bfae29b4209d7428f36d45274d0a0c3d5b3d7f03b5b
0x4d87aeaa49046a6187eb517f908e8587a7f1349c,0x28b1dc1a5e3699a428bc51d234dfab7c9cb2a183,0.024051231827560093,2026-04-23T11:54:23+00:00,0x4dbd548d86e1307cf5d01a423e0fd34db0f0a246ab2ff379f3289c25296bf2bd
0xa8121927329f6ec31b5c6789380c5f19434966bb,0x28b1dc1a5e3699a428bc51d234dfab7c9cb2a183,0.0,2026-04-23T11:54:23+00:00,0xed36be4d604d97d4f0745a1275272e0ec5f1ad24ceed89ee77b9df507ec197ba
0x4b112e94808ffdc7231532c8cb998d396c5c2d85,0x28b1dc1a5e3699a428bc51d234dfab7c9cb2a183,0.91,2026-04-23T11:54:35+00:00,0x05681efd759ecd3456d28cee0f232a92b905aae21e0db118c994b13ccde24b3e
0x64a377267da2964042eddbb6871bca8f49c54a53,0x28b1dc1a5e3699a428bc51d234dfab7c9cb2a183,0.0,2026-04-23T11:54:35+00:00,0x37d1aa09e47ef360b9293496db30b01192095464ed85b4c6b0cb0a6554751564
0x7719ce06e4bd5b8868379c451b41b5d5469c0e7e,0x28b1dc1a5e3699a428bc51d234dfab7c9cb2a183,0.1,2026-04-23T11:54:35+00:00,0x6a71bc4e2b3896f3894f4d0e272727509e323d3da6a8bc2eef822aa356c6e500
0xd13c2a97851b62fffc5f8c396bfee41310b7daf1,0x28b1dc1a5e3699a428bc51d234dfab7c9cb2a183,0.1,2026-04-23T11:54:35+00:00,0x213bd3875b64340f156f421d00cd4bd9257523a793f8857a64e3cf6ef540bae9
0x1bc46b0af110e6e6362c77b9115df193233b4e07,0x28b1dc1a5e3699a428bc51d234dfab7c9cb2a183,0.0,2026-04-23T11:54:47+00:00,0x0c83ae456dab5fbee2226215fcb61b74056a7850d132e801be6ab2adf2582de1
0xfc416e8116fdef4335d3fe2183ba608c4bc2120d,0x28b1dc1a5e3699a428bc51d234dfab7c9cb2a183,0.002728615783199885,2026-04-23T11:54:47+00:00,0xcf4e1a69b6911a04efd39c59bc454c03d76e01b77ded44e647f1a437d99c9d8c
0xb338b923851f4166a74cbdcf65deaa3e5c19c3a5,0x28b1dc1a5e3699a428bc51d234dfab7c9cb2a183,0.0,2026-04-23T11:54:47+00:00,0xcf0bc00bf542d726a454c73120c8afd4edaf1734a8689be7e9125b5f2636c2fc
0xca1c2c5ba2bbdbb1a64bdd998d5abe3f88b812f6,0x28b1dc1a5e3699a428bc51d234dfab7c9cb2a183,0.004228792318187139,2026-04-23T11:54:59+00:00,0xbd26724de17447b21e23715ae204580655a04f138b71b1121774d17e370ba740
0xb29c0f7973191a3a3ed5e2717ed693aa9feb6366,0x28b1dc1a5e3699a428bc51d234dfab7c9cb2a183,0.0,2026-04-23T11:54:59+00:00,0x8fd8c676f4d22903a9562368caacd43a1cb02044e9f1d60a81bf9e79973eb99a
0xea5ff5814a46a32cf5d97067889f2f2e4b3a120e,0x28b1dc1a5e3699a428bc51d234dfab7c9cb2a183,0.000290274954412608,2026-04-23T11:54:59+00:00,0x7b1fa30ff961eb5d50d9203a93fa21e30519f4222a2c1449e11b7eace9c01c93
0x42a4385757b9835508ee19298743904219e4cb85,0x28b1dc1a5e3699a428bc51d234dfab7c9cb2a183,0.0,2026-04-23T11:55:11+00:00,0x8d3398cf410c42553b363c020ca13d31fe3840bc1c556222a7aa420d7df68730
0x9268f1f0f945db72e373d4d5791f65a21bf32e8f,0x28b1dc1a5e3699a428bc51d234dfab7c9cb2a183,0.08577810778114861,2026-04-23T11:55:23+00:00,0x48319df376a0e6a8938f5b6e41672475833de3c980f0f844391a7247bc618bcc
0xa4cdc22805e0f8813245ca4fdcac9e78436c2d76,0x28b1dc1a5e3699a428bc51d234dfab7c9cb2a183,0.05,2026-04-23T11:55:23+00:00,0x24a5d96d51aa79641d1cebcaef38ca9bac217c537bb266c7d4462c11460af617
0x561f4354fa070e3c17e7d32fc3b341832f109e92,0x28b1dc1a5e3699a428bc51d234dfab7c9cb2a183,0.03,2026-04-23T11:55:23+00:00,0x91138c801f0b3806c5507524e73505caeaf1782cd0ec867b46246947ebdd0770
0x1ca3a0a07a1edef62d4b2274fb7b219659487385,0x28b1dc1a5e3699a428bc51d234dfab7c9cb2a183,0.0,2026-04-23T11:55:47+00:00,0x58b4abca2c25e8afe644d820788a981f0b1523a060d99dc3e2aaec0346e79d88
0xc8c15eea04fa3e717b8d33caa9a18a25fee04fbe,0x28b1dc1a5e3699a428bc51d234dfab7c9cb2a183,0.03,2026-04-23T11:55:59+00:00,0x50164e1f76f385608e95a8fda49d48514cbc685cc7e01fce8101743622eeaeae
0x3d65c0ae320ad9d82d8113b2a67eb527ca683ffb,0x28b1dc1a5e3699a428bc51d234dfab7c9cb2a183,0.0,2026-04-23T11:56:11+00:00,0xf3824a9a978e87918df8fd1177fa25c4ecba7271d78ac8947583e0f47bc08ddb
0x7cdc87e5c16de4616f018619d5b5d8ea3cd9ef86,0x28b1dc1a5e3699a428bc51d234dfab7c9cb2a183,0.00414952,2026-04-23T11:56:11+00:00,0xd3f62f8f4b304d8fd73cfd848ee92192cec9b00a6d3a55dee6042c9376e89a5a
0xa13bab2238df4cb7db4ced74d02f6d7a3e6aa8f1,0x28b1dc1a5e3699a428bc51d234dfab7c9cb2a183,0.0,2026-04-23T11:56:11+00:00,0x4502a2cac12202db286e7e01958d9599a251d8a59006406a3c7fc52d79948176
0xaf63e2662b73b2e2bdceed4fab879c1901d7305f,0x28b1dc1a5e3699a428bc51d234dfab7c9cb2a183,0.0,2026-04-23T11:56:11+00:00,0x1a2882cd70213076a3d8da9e72d8bff372739e9545894241f18bd42f50390cf2
0x7dd4ff4b5972352d5a809c6ddd1189b7c65b1663,0x28b1dc1a5e3699a428bc51d234dfab7c9cb2a183,0.038,2026-04-23T11:56:11+00:00,0x89de966f73cdb22e46c8031453a94d5f714098f7cf6352b665fc7743b4c9478f
0x40dcaed132f9653b747fd4c924cb2042276d58f8,0x28b1dc1a5e3699a428bc51d234dfab7c9cb2a183,0.365,2026-04-23T11:56:23+00:00,0x8ea04271cea00b7ad9bfd42ba16f6f834096cce6b6d84b19944ea9887829e833
0xebc98d61a3b9538c926ee94df71dfe22ded46ca9,0x28b1dc1a5e3699a428bc51d234dfab7c9cb2a183,0.02,2026-04-23T11:56:23+00:00,0x2b6a5dcd3cd3d3fd9b26b7ab1abf4795f9f94237855674cab137a85b93fd87ca
0x5f853ae67a759831469b45f5d082eab07e45d6e4,0x28b1dc1a5e3699a428bc51d234dfab7c9cb2a183,0.042702402056275054,2026-04-23T11:56:23+00:00,0x8286679f36c333b9f1e8469bfaf8f0c4a390b4886f3bef84d77a8906f2e88c93
0xba7951d0d53fa6dd7709859abf90b1ea88a7a1f7,0x28b1dc1a5e3699a428bc51d234dfab7c9cb2a183,0.0,2026-04-23T11:56:23+00:00,0xcaf20328057d84cd9f778459d99fcedefb3d18fdcaefd068add0a2be7ee990d2
0x63e52e393648159e016c3f0dce7b7de00809cf6d,0x28b1dc1a5e3699a428bc51d234dfab7c9cb2a183,0.0,2026-04-23T11:56:23+00:00,0x440cbe4e16380fcdbf7b74a0827e2b9d5968848cddd0bc8079f980812bfde45c
0x3f549d166979f710eb002a6f02e0eab8f37c51d3,0x28b1dc1a5e3699a428bc51d234dfab7c9cb2a183,0.0,2026-04-23T11:56:23+00:00,0x4f20258243e1497ea49d666de46eae78ac9860690b3b885ffb38621a4ee46521
0xbe870a0aa5068c5696ced353a0a3c20eff73f049,0x28b1dc1a5e3699a428bc51d234dfab7c9cb2a183,0.1,2026-04-23T11:56:23+00:00,0xa4e5baf06844f39a0bd0a51f090e088f5c3ff07063c4517afa911264ddde365e
0xa4cdc22805e0f8813245ca4fdcac9e78436c2d76,0x28b1dc1a5e3699a428bc51d234dfab7c9cb2a183,0.1,2026-04-23T11:56:23+00:00,0x36d958635dab8d4c2807ade655e7c4ac81dd999c42df8016e083f116994e9df0
0x63e52e393648159e016c3f0dce7b7de00809cf6d,0x28b1dc1a5e3699a428bc51d234dfab7c9cb2a183,0.0,2026-04-23T11:56:35+00:00,0x07539b52abe1befadf4c75b8fea2315a07b8b71720c2e454e60c3ac71347544d
0xf20d1fd2876ff30de41fa4f463f8696e5733d3a4,0x28b1dc1a5e3699a428bc51d234dfab7c9cb2a183,0.0,2026-04-23T11:56:47+00:00,0xf0086c3171e61f7871553b8e3195cee582f0b5e876193a53af44a3da1c44c9be
0xd135c4649fc76315c82d9770ff9d3d2af24d59c0,0x28b1dc1a5e3699a428bc51d234dfab7c9cb2a183,0.07,2026-04-23T11:56:59+00:00,0x18a532b94e04f8f2edf96d11c35e8b7623dbbf5689969f87525a6be278101bde
0x3085117e48d770aeb494b3996ff862b7da4cc687,0x28b1dc1a5e3699a428bc51d234dfab7c9cb2a183,0.005608296697,2026-04-23T11:57:23+00:00,0x6866c98fef11c43f2131bb81709fecff17c2421456a833eed897c23582e4f28d
0x7767080d87b27890747bdd2bb8f371bd1d32d6dc,0x28b1dc1a5e3699a428bc51d234dfab7c9cb2a183,0.0,2026-04-23T11:57:23+00:00,0xe92561893dae23b1419436da70a568f97ef47a4043418e2bf04cdd95737145c5
0x660bb3766224eec6e0f7bc3d5b9e42c383cb3707,0x28b1dc1a5e3699a428bc51d234dfab7c9cb2a183,0.0,2026-04-23T11:57:23+00:00,0xc383d30ccfeed7a858502629ecb9d0ef7f9c25d470adaa154848f74725dc530a
0xba28ab9f029e091467410d8621f1c39b64709903,0x28b1dc1a5e3699a428bc51d234dfab7c9cb2a183,0.0,2026-04-23T11:57:23+00:00,0x7cdadb050c0aaf30fbe6c45650d6e1553efd65c385d07cf6f421720fab12bc21
0x3a6650bad8c5f0d68c93a7f172f7433122df8b5c,0x28b1dc1a5e3699a428bc51d234dfab7c9cb2a183,0.0,2026-04-23T11:57:23+00:00,0x233656812fc92c49d428041910d0a7384bbb135c0475cc484442b0eee7bf33fa
0x3a1ab38a9f1701fe40099c32fdea3d929a481478,0x28b1dc1a5e3699a428bc51d234dfab7c9cb2a183,0.0,2026-04-23T11:57:23+00:00,0x840cd483b4bdd2993a8b22a0d36b959eba27fdeb79b6e131f20a26aa11bd037d
0x1bc46b0af110e6e6362c77b9115df193233b4e07,0x28b1dc1a5e3699a428bc51d234dfab7c9cb2a183,0.0,2026-04-23T11:57:23+00:00,0xaf3e2b0bc262a1f024a02c89c4bd445d43862c863df903f09c3df3f4f6f817d6
0xe2bb11dfb9c657f42c0df544bfcdd697cb7a9a90,0x28b1dc1a5e3699a428bc51d234dfab7c9cb2a183,0.02,2026-04-23T11:57:35+00:00,0x1e5314c3b78ffcbb6dbb0523110363a71d4d6747139e5beeea8d911b16965f68
0xecb5bc16c55d340034322b5528e70192dd8e9649,0x28b1dc1a5e3699a428bc51d234dfab7c9cb2a183,0.0,2026-04-23T11:57:35+00:00,0x9312d4224d163714bbf3dc6c5df001dbae823da439753d7fa171f30c642e3d91
0xb61c19fe2bf617f4bd9ba4fe3c79ad08971789e6,0x28b1dc1a5e3699a428bc51d234dfab7c9cb2a183,0.0,2026-04-23T11:57:47+00:00,0x47528ef4da74fdd28aa3ad0df10acdb4b04b0b5ea81d1c0144ca110795947ff8
0xf51baa272e47f2b590da96278489559ad72f3292,0x28b1dc1a5e3699a428bc51d234dfab7c9cb2a183,0.0,2026-04-23T11:57:59+00:00,0x2617c493ffefa79e8e290e15b7dee61a1d46321a13aca6ce988be14160a25b42
0x63a05b5e9a096fabe1744dc7880eee60c53f55b1,0x28b1dc1a5e3699a428bc51d234dfab7c9cb2a183,0.0,2026-04-23T11:57:59+00:00,0xcca135440f1c09db6ce47438bd299e12345de9f1d90682abd1c4f0bf89926938
0x43cd5e1de4d672aef2bfa166b0c83e8a1f6ac664,0x28b1dc1a5e3699a428bc51d234dfab7c9cb2a183,0.084,2026-04-23T11:57:59+00:00,0xd4c1a9b418d3e2162ce695577f8a787bd7ba452fa283660fc1a7e3341cb19a4f
0x8bf712f23855b5162f8dd103859c969e865087eb,0x28b1dc1a5e3699a428bc51d234dfab7c9cb2a183,0.0,2026-04-23T11:58:11+00:00,0xeb8397ab3c314cfe4fc99cba5c07d07e6a7ccc8d707d5b3a5a77879e39b0fa91
0x3a6650bad8c5f0d68c93a7f172f7433122df8b5c,0x28b1dc1a5e3699a428bc51d234dfab7c9cb2a183,0.051412956620726286,2026-04-23T11:58:11+00:00,0xc3fa0d87d2c9ee92bbe9420d2dacff2e1f6b290b4c58d4ad8a5fbd68fe10fda3
0x54d04a4a81e617fe0caf57b5091020a7efe6c093,0x28b1dc1a5e3699a428bc51d234dfab7c9cb2a183,0.0,2026-04-23T11:58:23+00:00,0xfad1e45ea871573cbbf73ea86c782bd3ed3600acb010942c52223a7616043ece
0xdb7823e2997e1260f24612c7e3177d7d4c247c3f,0x28b1dc1a5e3699a428bc51d234dfab7c9cb2a183,0.0424,2026-04-23T11:58:23+00:00,0x1309ac019dc6682c58f39defbbe98f3f5973b5ae766f52dadef84858a9302f68
0x35e651353300380b745b038050add3b5931bfb0e,0x28b1dc1a5e3699a428bc51d234dfab7c9cb2a183,0.02,2026-04-23T11:58:35+00:00,0xe62daebc3d2203c43279854ba07d7e6340d72508d02f2c7d7cc1c50be38ad536
0x63e52e393648159e016c3f0dce7b7de00809cf6d,0x28b1dc1a5e3699a428bc51d234dfab7c9cb2a183,0.0,2026-04-23T11:58:35+00:00,0x798d5150ae0b099a53231f0401fc7f9c15222da448e7a4176dc9f028cb6a4742
0x5ab0a5fbb4543dc3b87f60377b49ae5151a0efa9,0x28b1dc1a5e3699a428bc51d234dfab7c9cb2a183,0.0,2026-04-23T11:58:47+00:00,0xcae950887c354de551c6c18072297e26826098df53e23704b190e2d745909383
0x2a2d7d4e2fe7d1b50a3813c3d3199df6c5088eff,0x28b1dc1a5e3699a428bc51d234dfab7c9cb2a183,0.000710736835953207,2026-04-23T11:58:47+00:00,0x72c1d553a25938cec78f272d0930af434ccbd13a238dd947982de941048b8cad
0xf9e1d4cc7c2f30b99ae2bd8525c1ee8adbd79654,0x28b1dc1a5e3699a428bc51d234dfab7c9cb2a183,0.05,2026-04-23T11:58:59+00:00,0xa159a7db16fda661ebb02723fc25f22e97d549e77b075d57ae0b47b769048c51
0xf46df30aeb730b2a3cb982e12bcc52315ccfaa3c,0x28b1dc1a5e3699a428bc51d234dfab7c9cb2a183,0.0,2026-04-23T11:58:59+00:00,0x5a0e6a02aacc8d228e64d32ed35d220d95be571093f02cbcf63f097054e994d3
0xb94502055af05098d17566684fffa9c69dc92c06,0x28b1dc1a5e3699a428bc51d234dfab7c9cb2a183,0.0,2026-04-23T11:58:59+00:00,0x151f6f39bcc5e0600ffb108091725ada79662ff4afae95f79fd0835a1d0e7bc7
0xddf7c4a53a01235b5d17f4aca26b929b90620cb8,0x28b1dc1a5e3699a428bc51d234dfab7c9cb2a183,0.0,2026-04-23T11:58:59+00:00,0xde36bdf88477524a29f3e881c0b9605be757a31711dc946dd729fe0f4da6ed8e
0xc56c497dd32abeb2a786b8647dde5945857c441e,0x28b1dc1a5e3699a428bc51d234dfab7c9cb2a183,0.0065,2026-04-23T11:58:59+00:00,0xde6ac55a216b72a0668673f83810f52407e9a931e76bd456a69a6fb41f68dcf7
0x152ae1838f30104a8bf2a4e26dee93c94a443f6e,0x28b1dc1a5e3699a428bc51d234dfab7c9cb2a183,0.0,2026-04-23T11:59:11+00:00,0x9ece8d9327b8d1d47bc2e2a5edc737d4deab11ddb8852da6dc321bd1d9b51dde
0xb19eb0f09a7e8ae916f25dddeb6c2729d68f79ae,0x28b1dc1a5e3699a428bc51d234dfab7c9cb2a183,0.0,2026-04-23T11:59:23+00:00,0xd05c39fd706af69afedb16215f44d7e4b8dda9eb85ed5ada9075ee0e31c5e670
0xebd53307f315400ce6c45659aebee03d991975af,0x28b1dc1a5e3699a428bc51d234dfab7c9cb2a183,0.00343463717295101,2026-04-23T11:59:23+00:00,0x45d9a3fa09f9349eb0372e816188a944ebe035659d105f958463f11bde62bdc0
0x9f6dabf5e9863310e3dabfdd6b24a57aaafb2ffb,0x28b1dc1a5e3699a428bc51d234dfab7c9cb2a183,0.02,2026-04-23T11:59:35+00:00,0xd3f50bb8c7b7c913fd8e8fccd2e3e18386cf8d2a378738d0678475eec543eaa5
0x1bc46b0af110e6e6362c77b9115df193233b4e07,0x28b1dc1a5e3699a428bc51d234dfab7c9cb2a183,0.02,2026-04-23T11:59:47+00:00,0x5aaff1a30674c287169290f1193b489dc1286311fad532a59f6e5f622857bcce
0x63e52e393648159e016c3f0dce7b7de00809cf6d,0x28b1dc1a5e3699a428bc51d234dfab7c9cb2a183,0.06640468625079494,2026-04-23T11:59:47+00:00,0xe9341cc9e0c5939612bf604f098e1adb416ea8f3b97c2e16653c79214909e13d
0x6c26f92da1e633166921b342f1307e89884729b7,0x28b1dc1a5e3699a428bc51d234dfab7c9cb2a183,0.009216634611196905,2026-04-23T11:59:47+00:00,0x6041c42342f87856832517c7f3b283e725aab37d5b5fd4c4cf9897b856dac5f8
0x26ba5ff094f9ae52fe7836c1c394771fa56f9a6b,0x28b1dc1a5e3699a428bc51d234dfab7c9cb2a183,0.0723039863666562,2026-04-23T11:59:47+00:00,0xa8e3a978151908ea10288f5d456b2d96b23a4d6685f7b4577aaa555aa8a6d1b7
0x660bb3766224eec6e0f7bc3d5b9e42c383cb3707,0x28b1dc1a5e3699a428bc51d234dfab7c9cb2a183,0.0,2026-04-23T11:59:47+00:00,0xe86d65b919de5c2391e458f9056ea97784c78cb24a3a5f9df591a7b9c7129242
0x8ce7ac178290b1544095b8781cdbcb2d52f59089,0x28b1dc1a5e3699a428bc51d234dfab7c9cb2a183,0.0,2026-04-23T11:59:47+00:00,0x90c4db48d2591dff9c1b976a9d67d7ddf86242b13ab1b6714715a68c369483e0
0xe9f9840b805a1c2807c1c0e07eb3d19abf05b4c5,0x28b1dc1a5e3699a428bc51d234dfab7c9cb2a183,0.0,2026-04-23T12:00:11+00:00,0xb9469808fa4147ff7cdcbe5dd554135e8f33073ddc6080918f3dd32ed3a47820
0xd41cd94fba987fd46d51ab2104a4707822666666,0x28b1dc1a5e3699a428bc51d234dfab7c9cb2a183,0.0,2026-04-23T12:00:11+00:00,0x83490db54b4ce661a8517ce243c2647aa519226bd75a519a0023d5928b3dd4d6
0x1bc46b0af110e6e6362c77b9115df193233b4e07,0x28b1dc1a5e3699a428bc51d234dfab7c9cb2a183,0.02,2026-04-23T12:00:11+00:00,0x02f75d673b3e441f89ca63d808238c24c74f0a967c4f8e147134bef1941556c0
0x32349f4b54714fabdf0d2297094712db44f2be14,0x28b1dc1a5e3699a428bc51d234dfab7c9cb2a183,0.0,2026-04-23T12:00:11+00:00,0xbec48eee256afeca899aa1fa3188053e675f9c1e6a0828fdf13decfa719b752b
0x77f5cc4a43adb1bfc27ae401c65e8752b1914289,0x28b1dc1a5e3699a428bc51d234dfab7c9cb2a183,0.0,2026-04-23T12:00:11+00:00,0x3a25690718d342bca6caa3838ff168209c7a13144455964c52b1f08335f4b700
0xdd2a3ecb81c5275297fd2374d64cc8f7aee0b989,0x28b1dc1a5e3699a428bc51d234dfab7c9cb2a183,0.012,2026-04-23T12:00:23+00:00,0x4dd9e5ff53354066ad15e66daeac647f2d12f254aa68e8462557213aa34918b5
0xd3a1e530a299acdc2d0acdbcd5aab5b9dfe83fe4,0x28b1dc1a5e3699a428bc51d234dfab7c9cb2a183,0.0,2026-04-23T12:00:35+00:00,0x2ff0cb983cbedc218080b4265c19f2391536400788c23b4f2c310b0affd667fe
0xa62b886db69dcc257b9cf4573c2b4b6d7c3edd3c,0x28b1dc1a5e3699a428bc51d234dfab7c9cb2a183,0.0,2026-04-23T12:00:35+00:00,0x12f5d5f5dc9d25c9883a9624e646b322ff41e8074c13364c11ddea3690e6d4b4
0x40f2e7f3ade8f5e1035037d201c4ea54313783dc,0x28b1dc1a5e3699a428bc51d234dfab7c9cb2a183,0.0649415188943667,2026-04-23T12:00:35+00:00,0x4ee4cf5762dfc8cfa94b777240cae153ca18e2a38b2929414998b98f8463c43e
0x47a658a0658331d0ad520be0ee2cd19f597df1cd,0x28b1dc1a5e3699a428bc51d234dfab7c9cb2a183,0.0,2026-04-23T12:00:35+00:00,0xf091483d8f3da081f16ea9fd35e2061c13c6898dea40f80a132d39950e3d565d
0xa4cdc22805e0f8813245ca4fdcac9e78436c2d76,0x28b1dc1a5e3699a428bc51d234dfab7c9cb2a183,0.0,2026-04-23T12:00:35+00:00,0xebf1a59b0177697357577bda089ce75f47804a051c1ccac0f7f5c8603a805827
0x660bb3766224eec6e0f7bc3d5b9e42c383cb3707,0x28b1dc1a5e3699a428bc51d234dfab7c9cb2a183,0.0,2026-04-23T12:00:35+00:00,0x546f993313450c21971cca283dfff3364a8302b08b08232112397bbcba1740f8
0xda9c4339ac46f35a51d4bf1b3d0196b68f6ae5ae,0x28b1dc1a5e3699a428bc51d234dfab7c9cb2a183,0.0,2026-04-23T12:00:35+00:00,0x2d5c6040a0862316f682144a0a2260686a95b4d0ef53d321be8e96c3cad3f5b7
0x0b8958feb4ac2e7c8c415b49632b9b5d986cf1c4,0x28b1dc1a5e3699a428bc51d234dfab7c9cb2a183,0.13189864257559628,2026-04-23T12:00:35+00:00,0xba22db1c6a4c55143e6601941b9d0fc350ab90010effad7227d71d168c1b452a
0x011179b37baba01da40d05f94a41b251d6c76664,0x28b1dc1a5e3699a428bc51d234dfab7c9cb2a183,0.0,2026-04-23T12:00:47+00:00,0x6b877b34a751a531b3879e0ca8786081fc69e6fb1ee9dcbd16288bb1045db59b
0x9640034c46bb80b208d400b7d51f8e8082e77aef,0x28b1dc1a5e3699a428bc51d234dfab7c9cb2a183,0.0,2026-04-23T12:00:47+00:00,0x2102192dd7621c1b0325f95e31d5e60bda1f30c383868144eecf039af79d156c
0x7232390752caac523e51fa3b15cb79b986a83f71,0x28b1dc1a5e3699a428bc51d234dfab7c9cb2a183,0.0,2026-04-23T12:00:47+00:00,0x1dcdf9f15c413776218de557accdba68bae6c601c715922b40573d16f5cd5c38
0x25de3b21be206b114478ab696e728e62350e7bbe,0x28b1dc1a5e3699a428bc51d234dfab7c9cb2a183,0.0,2026-04-23T12:00:47+00:00,0x64dd11eb22c5241496260672c637fcd02c90559ed2f34a3ff6f9069339390393
0x2bead750c6648512d808d84506e5b7a70e4778ba,0x28b1dc1a5e3699a428bc51d234dfab7c9cb2a183,0.0,2026-04-23T12:00:47+00:00,0x652a9129cf4a654c2100e4ba75078aa034f2109fe3a414ccebec78cd552a5775
0x773fee4f7ec026deea2dacdc7aba1ebe9bd30368,0x28b1dc1a5e3699a428bc51d234dfab7c9cb2a183,0.0,2026-04-23T12:00:47+00:00,0x26a9f4378614bf36cef9423e71707a5e657baaa47eb64f2c58ba88e3cbc8bf7e
0xbf7cdbba511511a2ca20ff9cc54b5aa61b507298,0x28b1dc1a5e3699a428bc51d234dfab7c9cb2a183,0.0128889481753788,2026-04-23T12:00:59+00:00,0x11d8ec32a0548b939b07e9b04648b4f337f8eeea19344f1aad75c9032f42aed2
0x88538812e41b89689f5e23871ef5d5ce2be0f987,0x28b1dc1a5e3699a428bc51d234dfab7c9cb2a183,0.0,2026-04-23T12:00:59+00:00,0x5eca5b5f25d83a1ed4db3539409b0a5b3995e52767cf873ad298405020e509c7
0x290f3574c8afc4dd7b266bd33d16e8ea7f9b568e,0x28b1dc1a5e3699a428bc51d234dfab7c9cb2a183,0.107,2026-04-23T12:00:59+00:00,0x919203fcd92ca1e8f4752aaed4e0b737acfeabf0cca309b2d5b10899ae1fe61f
0x3d65c0ae320ad9d82d8113b2a67eb527ca683ffb,0x28b1dc1a5e3699a428bc51d234dfab7c9cb2a183,0.5,2026-04-23T12:00:59+00:00,0xa16b707b1827c75882ac862a4512214bdac630d75993eec06b00e3bb8ce62bcd
0x9b54f6882d8ad1aa98bb3f0d58a721e455921485,0x28b1dc1a5e3699a428bc51d234dfab7c9cb2a183,0.005,2026-04-23T12:00:59+00:00,0x19e145e2937c3551dd8fcb3720ec0d201d6ef37626b351301734d9a4b9db188c
0x3a62fa2808481e70dda7a483c78561bf7fc0b3ee,0x28b1dc1a5e3699a428bc51d234dfab7c9cb2a183,0.0,2026-04-23T12:00:59+00:00,0x25d385bfd686843bcc8645f063094a114c8bf560e4e1b6ca72e26bcdfa8f7af9
0x9640034c46bb80b208d400b7d51f8e8082e77aef,0x28b1dc1a5e3699a428bc51d234dfab7c9cb2a183,0.0,2026-04-23T12:01:11+00:00,0x48a4c98235478ed28ded612f6dfb466ecec28ec9f4f482b9b2ca9e0e7f0ad01e
0xe416cf9b20b97b60709df7ab9ced0b1c090b60bb,0x28b1dc1a5e3699a428bc51d234dfab7c9cb2a183,0.0,2026-04-23T12:01:23+00:00,0x07452c9d488bbdd434f6a8fd986c83d935f52774ab6706998f89ab7a95513e7a
0xa4ada37273dd6b8fc858538dd7a288b01577aa50,0x28b1dc1a5e3699a428bc51d234dfab7c9cb2a183,0.0,2026-04-23T12:01:23+00:00,0x167cceda05aadbe216784416494363432d3f852787cee3521f4c83474cb0ef3a
0xe383c8ab133f7e97be2d24bfc0496e0abfea7c46,0x28b1dc1a5e3699a428bc51d234dfab7c9cb2a183,0.0,2026-04-23T12:01:35+00:00,0x8df5c4ae71edd6f2d3a224d6c2d87dbb219fc3ffe22efdd7fa8f576a4e16d10d
0xe79d6a780989ef260e0b92bf6e3422d55efd6e18,0x28b1dc1a5e3699a428bc51d234dfab7c9cb2a183,0.0,2026-04-23T12:01:35+00:00,0x471cbed73276cc14ed1be8637d1fb7081d54fbe087acb1407c97d871d98f669b
0x0e71acc9e796d5ae2443a8096153ffcc713f6656,0x28b1dc1a5e3699a428bc51d234dfab7c9cb2a183,0.0,2026-04-23T12:01:35+00:00,0x0b2c37d14997a3742390b65445380cccc872dec1f9e9bca7e350588fe9e03024
0x7232390752caac523e51fa3b15cb79b986a83f71,0x28b1dc1a5e3699a428bc51d234dfab7c9cb2a183,0.021460424830569945,2026-04-23T12:01:35+00:00,0xfa8817d7c754b6f14260c71bc8df0f062aa1caac647baac1330215b63988f1a4
0xb62fb4c56c9d1496315f480de6b863b219168ff8,0x28b1dc1a5e3699a428bc51d234dfab7c9cb2a183,0.0,2026-04-23T12:01:35+00:00,0xaed1a0b395e8177b1e8f3f8979d46934dbcc2071c48629b5f811b9b01c26ac2f
0xb94502055af05098d17566684fffa9c69dc92c06,0x28b1dc1a5e3699a428bc51d234dfab7c9cb2a183,0.038,2026-04-23T12:01:35+00:00,0x405de314dea1cb9e6c8ecc4939dfc151171ad6c830e43227490fda6c9727bff1
0x3a6650bad8c5f0d68c93a7f172f7433122df8b5c,0x28b1dc1a5e3699a428bc51d234dfab7c9cb2a183,0.04001592785985814,2026-04-23T12:01:35+00:00,0xb8d64076b87bc430d6a5e18c2275ed874c02ed15e63886309a6d5ded9bd838ed
0x99ca394e86e292fccac7c0f9a26ac3e053be621e,0x28b1dc1a5e3699a428bc51d234dfab7c9cb2a183,0.0,2026-04-23T12:01:35+00:00,0x1638eda7e2511160bcf356550e137648d2346441d055e57c05197bcb6f0d792b
0x6c3aab694298b9928ecb122a12516cb8e36c5a3c,0x28b1dc1a5e3699a428bc51d234dfab7c9cb2a183,0.2,2026-04-23T12:01:59+00:00,0x75d924c064f8640a02bba06209372bde2c80eb3ac1c566fa549d84b733243991
0x9640034c46bb80b208d400b7d51f8e8082e77aef,0x28b1dc1a5e3699a428bc51d234dfab7c9cb2a183,0.0,2026-04-23T12:01:59+00:00,0xdb3c43ad9967e8e7e313080c6e72a042e848f714d74b11e1ce91b9286fb9d87c
0xff855ccd0e0fc2041b97a842fef99c13b966bd0b,0x28b1dc1a5e3699a428bc51d234dfab7c9cb2a183,0.0,2026-04-23T12:02:11+00:00,0xfae39810bb87b359f84d3a5fd1d5313cefb71db87919a681943d8b42219e50d5
0xddf7c4a53a01235b5d17f4aca26b929b90620cb8,0x28b1dc1a5e3699a428bc51d234dfab7c9cb2a183,0.0,2026-04-23T12:02:11+00:00,0xf0afa6f00716fab9208c6e03782357f8a15b3c60d37edeb108abffe7d2eac2ee
0xf9e9e2d0ce1e35ef7a32136fa78bf9d68e478c5c,0x28b1dc1a5e3699a428bc51d234dfab7c9cb2a183,0.01,2026-04-23T12:02:11+00:00,0x21bade2b8297ca571e267ba8a6c48e31e784072e55026d1fec59fb214a52c826
0xe383c8ab133f7e97be2d24bfc0496e0abfea7c46,0x28b1dc1a5e3699a428bc51d234dfab7c9cb2a183,0.03,2026-04-23T12:02:11+00:00,0x01e82cc34a2e218d73d591043a31a2906c9c520d34c77733764974c82c1c53bd
0xf23dc685c57c7b523f439b84f79d19dce017ba01,0x28b1dc1a5e3699a428bc51d234dfab7c9cb2a183,0.05,2026-04-23T12:02:11+00:00,0xd6ada70259b56d5abb4246ab9fa1d39e298fcca3f9c4ad7ea3a16439603485d2
0xec25762ebc40d63c6b2d76c60c9564a5020248a8,0x28b1dc1a5e3699a428bc51d234dfab7c9cb2a183,0.012887077618836057,2026-04-23T12:02:11+00:00,0x3c25918c5ca52081bd69a3328b3d16bc1ac708abe6be11c2e40d3219dac61628
0xebf8e4a7918d62862a0c05898f9bff45e91a870e,0x28b1dc1a5e3699a428bc51d234dfab7c9cb2a183,0.0,2026-04-23T12:02:11+00:00,0xcefaf0f3b4fc694aa579c0eef163bba8d1680def15b5efe4796fcdd33f5cfc3b
0x773fee4f7ec026deea2dacdc7aba1ebe9bd30368,0x28b1dc1a5e3699a428bc51d234dfab7c9cb2a183,0.03219080242787977,2026-04-23T12:02:23+00:00,0xd3a3dc30d42d2d15ffca783c230a1914ef81724e8729c511e145308e1391c0e2
0x9640034c46bb80b208d400b7d51f8e8082e77aef,0x28b1dc1a5e3699a428bc51d234dfab7c9cb2a183,0.0,2026-04-23T12:02:23+00:00,0xceec65de10f4abc12c00dcff33805dd15979addb6d0ea2da1152d8eca4951528
0x9f6dabf5e9863310e3dabfdd6b24a57aaafb2ffb,0x28b1dc1a5e3699a428bc51d234dfab7c9cb2a183,0.0,2026-04-23T12:02:23+00:00,0x5f7fdbd6e4ae6aba0f3d1c9af8d8d9f994b713d5599bd5aba02c42bea6a28760
0xb94502055af05098d17566684fffa9c69dc92c06,0x28b1dc1a5e3699a428bc51d234dfab7c9cb2a183,0.01,2026-04-23T12:02:35+00:00,0x0a582b34d276086af02afd857dee26e3d02bc9bb4cd36d398c8a403bdb8948aa
0xdcdcfc52a7e338bf896f4310842aaf818c2a2471,0x28b1dc1a5e3699a428bc51d234dfab7c9cb2a183,0.28,2026-04-23T12:02:35+00:00,0x49ffaf12d0e6041c59299d3040e2be0cf4c3e7ee2d3b9128545c38f9c5104d1f
0x9640034c46bb80b208d400b7d51f8e8082e77aef,0x28b1dc1a5e3699a428bc51d234dfab7c9cb2a183,0.0,2026-04-23T12:02:47+00:00,0x3ebe57c249ae563e7222b88f77d3b700d909db5276e95d88b5249731fd3bf233
0x011179b37baba01da40d05f94a41b251d6c76664,0x28b1dc1a5e3699a428bc51d234dfab7c9cb2a183,0.046970039583652194,2026-04-23T12:02:47+00:00,0x8e41125d91898a5e950d358efa8c3ee76822b53b94dd5507fb83d9ff5b420cd1
0xe416cf9b20b97b60709df7ab9ced0b1c090b60bb,0x28b1dc1a5e3699a428bc51d234dfab7c9cb2a183,0.0,2026-04-23T12:02:47+00:00,0x45972c16b77d9324b320a467e8e1e6bfcfcda6d652e1cad7791585cc2ac2fbde
0x08026daa6498161f3b367ddca1a6b119ca6946f8,0x28b1dc1a5e3699a428bc51d234dfab7c9cb2a183,0.0,2026-04-23T12:02:47+00:00,0x339441a0ff2ace2ea31b160942050e23792d7dd139c2fef255da51a96715ec7e
0xc6c13c087375c41fe6dc9e7be118b717be463800,0x28b1dc1a5e3699a428bc51d234dfab7c9cb2a183,0.0,2026-04-23T12:02:47+00:00,0x1aa51390bd496454912a6228cbf0c91aad970749f65727dd459ce83e408d5a7a
0x7c33534ac382605b98d63b786f5b337080fe45ac,0x28b1dc1a5e3699a428bc51d234dfab7c9cb2a183,0.0,2026-04-23T12:02:59+00:00,0x94dbc34f06382e6f0297de8177c469b4c4dd515b3783b85f3dfc97803eb2282a
0x0dd51236012b96d8efd80f038c99be5ca7cc358b,0x28b1dc1a5e3699a428bc51d234dfab7c9cb2a183,0.0,2026-04-23T12:02:59+00:00,0x55f073e19c60e42c097d3431536dfda88f593b65ee382784adcc4eb7232f9143
0xd1b7ba65398fff9d581acf6aeb4cb80c216ef95a,0x28b1dc1a5e3699a428bc51d234dfab7c9cb2a183,0.0,2026-04-23T12:02:59+00:00,0xe3aae41b5da7c0037b9c6fd2ef968dc9a0900fd69bd9671dc0dc6a8de90471d3
0xff855ccd0e0fc2041b97a842fef99c13b966bd0b,0x28b1dc1a5e3699a428bc51d234dfab7c9cb2a183,0.04708051268374666,2026-04-23T12:02:59+00:00,0xa74187a85bd59670dc694f1a908a064932220786c78026330a29d4c8be3efbc3
0x26ba5ff094f9ae52fe7836c1c394771fa56f9a6b,0x28b1dc1a5e3699a428bc51d234dfab7c9cb2a183,0.11084212182568773,2026-04-23T12:02:59+00:00,0xb30c8676e725d7ada69cebc715f73efdd830859ea379b10904d407d1b5f3c49e
0xfd46400ed8002570ff49c40b29fea9abe5c14f79,0x28b1dc1a5e3699a428bc51d234dfab7c9cb2a183,0.0,2026-04-23T12:03:11+00:00,0x2b8ad1de718a3f0806c9b4591c43b3bfa38711714a34c674c7a5ae2fc13d1bdb
0x74f73875ee43c4e2a8c6b603465e38bf09419f00,0x28b1dc1a5e3699a428bc51d234dfab7c9cb2a183,0.0,2026-04-23T12:03:23+00:00,0x7e794f1b23142db5689ee4d38cc91da1a55cd9f6ed5006a71daedad424febb12
0xa1fee4ec1c56ff67632719f9bb24fd63ed019ff6,0x28b1dc1a5e3699a428bc51d234dfab7c9cb2a183,0.0,2026-04-23T12:03:23+00:00,0xc219d3bb01d30bdcb00c937750628097e24b379cc9bf8ebc37f7f036a2f10b3c
0x0c003b84e1b946605be5fbddde113fdad5a0993a,0x28b1dc1a5e3699a428bc51d234dfab7c9cb2a183,0.0,2026-04-23T12:03:23+00:00,0x47c28b3facb74e5213d2fc230ad7e1fef7fb92caf5bd930bc011be181de26e19
0xb1b2d032aa2f52347fbcfd08e5c3cc55216e8404,0x28b1dc1a5e3699a428bc51d234dfab7c9cb2a183,0.0,2026-04-23T12:03:23+00:00,0x0ba5ff4ba0d8254cf99ab78dd98bb1cc1ee007fe6ea9bca31acd322d11aa695d
0xf84ae4ffaad343af7e0c2791fd220108f6cd5678,0x28b1dc1a5e3699a428bc51d234dfab7c9cb2a183,0.0,2026-04-23T12:03:23+00:00,0x60f1fc5e2add8bfcc7aed18907d25a521bc8f9923f301245de3dae33d9648c03
0xb88b796a6b9965bc0aa97bd482e1d3ce055a8bca,0x28b1dc1a5e3699a428bc51d234dfab7c9cb2a183,0.0,2026-04-23T12:03:23+00:00,0x1678dbc38363e94033c11159d138a4768d376c9164b5a5ce83f1bbd289e0c15e
0xa4cdc22805e0f8813245ca4fdcac9e78436c2d76,0x28b1dc1a5e3699a428bc51d234dfab7c9cb2a183,0.1,2026-04-23T12:03:23+00:00,0xc6926c43fbd44b8359141f2ad520aa34ccae947375eb5ee2586d5ca97ca4c7dc
0xb338b923851f4166a74cbdcf65deaa3e5c19c3a5,0x28b1dc1a5e3699a428bc51d234dfab7c9cb2a183,0.0,2026-04-23T12:03:23+00:00,0x1e27a6c793035152318752752f33f2d36929f7fd0a40e8e403ffd440b33efca9
0x9640034c46bb80b208d400b7d51f8e8082e77aef,0x28b1dc1a5e3699a428bc51d234dfab7c9cb2a183,0.0,2026-04-23T12:03:23+00:00,0x84fa836974cca10cbdc5d29f9fd58becbb03a6bb4806f68901fb0db3b4cdf22a
0x9f6dabf5e9863310e3dabfdd6b24a57aaafb2ffb,0x28b1dc1a5e3699a428bc51d234dfab7c9cb2a183,0.0,2026-04-23T12:03:23+00:00,0x904dc8867d59209bc0c94bd026232ad0d4123de9dc84e7f4e0618ef0f31c5808
0x0f13921fee73e46bf3c75971e4ffef77118a750b,0x28b1dc1a5e3699a428bc51d234dfab7c9cb2a183,0.2,2026-04-23T12:03:35+00:00,0x9a88aa99154da6e068d3142ab3676cb07ef10513ff89d72e50c1baba12f307c1
0x7c33534ac382605b98d63b786f5b337080fe45ac,0x28b1dc1a5e3699a428bc51d234dfab7c9cb2a183,0.65,2026-04-23T12:03:35+00:00,0x9f78628089757b18aa9151e1a48ddded454d93fef5d21f3afeff9a5ee9a877c1
0x02230fe7f3cf3fdd71c3a4fd7ae038f55cbcd056,0x28b1dc1a5e3699a428bc51d234dfab7c9cb2a183,0.085,2026-04-23T12:03:35+00:00,0x7fcd39f9fd4c07919fab1513d5e91fbb0ce07a1436ba61a726ce4e1fdd371bb1
0xe44e36334121fd19695c572757aa5adb21c617d7,0x28b1dc1a5e3699a428bc51d234dfab7c9cb2a183,0.0,2026-04-23T12:03:47+00:00,0x53146d2475d14208e9361893dd923a3a1f4c10d5f8a3b74b54654fa85bf5bf17
0x9640034c46bb80b208d400b7d51f8e8082e77aef,0x28b1dc1a5e3699a428bc51d234dfab7c9cb2a183,0.0,2026-04-23T12:03:47+00:00,0xfeee404b164f09137e4cf00c561b69cd61a85c4f451968af0ebbd548e2ae7843
0xd3bf707b17ad37672afab512f8abdf5dede365ca,0x28b1dc1a5e3699a428bc51d234dfab7c9cb2a183,0.0,2026-04-23T12:03:47+00:00,0xa3f18c2b55dcd4f128d5ecda44331b4703ed5c32601bdbfe4f3f9f77a40a236b
0xb1b2d032aa2f52347fbcfd08e5c3cc55216e8404,0x28b1dc1a5e3699a428bc51d234dfab7c9cb2a183,0.0,2026-04-23T12:03:47+00:00,0xe8bf53c71e23f673c77130fd28989cd43b10e39d381f3726f9d297306e90103a
0xeec1986aada5b60569fc0f0ee147e14825e4ed1c,0x28b1dc1a5e3699a428bc51d234dfab7c9cb2a183,0.0,2026-04-23T12:03:59+00:00,0x86c52f28d74d3bd37677e544ddc3b373519963b15004610b7fd305e18e844e10
0xdf3b19302f3b9abf739eb2874c040ff819fabbee,0x28b1dc1a5e3699a428bc51d234dfab7c9cb2a183,0.0,2026-04-23T12:03:59+00:00,0x35510b088a024186d001f75109799eaab212f68a3dd2e2c6deff558338b587a0
0xfcfe0f771d50c012ffd9c6f16a6ed376a497a545,0x28b1dc1a5e3699a428bc51d234dfab7c9cb2a183,0.2,2026-04-23T12:03:59+00:00,0x96b95c501f081283f6b34e1c962ea61452fdead74381f3efdb22c5cb9046405b
0x2aca7fbf457cb3459f6771d17d67dc4c46ccee18,0x28b1dc1a5e3699a428bc51d234dfab7c9cb2a183,0.000429253978799684,2026-04-23T12:03:59+00:00,0x8eba0f5c114c453cb93693745b4758397d4c4526d22200cd5785f8cdfa562b75
0x5b82c25165f3c116f3f50337d42fa27dd9ad046d,0x28b1dc1a5e3699a428bc51d234dfab7c9cb2a183,0.01740458396724833,2026-04-23T12:03:59+00:00,0x2c099385ba127d50a518f477e9e440aab50bb1194622a211227d4b0eeb5a7970
0xc34d22cb8942ce55015bf7132a2e71163291d72e,0x28b1dc1a5e3699a428bc51d234dfab7c9cb2a183,0.0065,2026-04-23T12:03:59+00:00,0xa07ccba7cdc3233a3aa585417d8a7a2704c5ac9516397e1a052993b9ce8f8001
0xcdc405de98f3da25899d2bd4e2f9f0810bc2e183,0x28b1dc1a5e3699a428bc51d234dfab7c9cb2a183,0.08327931625105708,2026-04-23T12:04:11+00:00,0xeb12da5751b43bf5a0c80adde4e1e4e11bb3e7ad921b39a6959f1bf4567bd168
0xddf73de9aa68ec46a21cd0fca3797f8e30578289,0x28b1dc1a5e3699a428bc51d234dfab7c9cb2a183,0.0,2026-04-23T12:04:11+00:00,0x8e9dd005ed67f42fdaf865597507d563aa08bb89bde73e1fe125bc799bbfb63a
0x7b6af0488e92ac42765bb90895bcdb1f07aab83e,0x28b1dc1a5e3699a428bc51d234dfab7c9cb2a183,0.005,2026-04-23T12:04:11+00:00,0x835415e583f96137c964e3cc950bb70923405462d17da6bd43c2ea121c52c8d2
0xcf786d202cd1dce62b5697e312008c4aaef495f9,0x28b1dc1a5e3699a428bc51d234dfab7c9cb2a183,0.005,2026-04-23T12:04:11+00:00,0xc85d5b71d87244ab310eead3d7ae0cf386e84ae94b20be191b1b1f37c435160e
0x7af99ec6dcdd9b590e1fda884debb3cbfe15d293,0x28b1dc1a5e3699a428bc51d234dfab7c9cb2a183,0.012136437770753636,2026-04-23T12:04:11+00:00,0x4399b1fb1d1f8e13174805fcdc4f55ee19bea9b73315c5cb74ba146fc402e9c2
0x62829329c68114e2da0d477db5eff363ae1855fd,0x28b1dc1a5e3699a428bc51d234dfab7c9cb2a183,0.0,2026-04-23T12:04:11+00:00,0x9921888ad241e71da7cb18e62b77b47d1100ca4355d0b3dd76577edb8c128e82
0xe7f63bce4286b5899dc1d20dbb5d5804907d0230,0x28b1dc1a5e3699a428bc51d234dfab7c9cb2a183,0.0,2026-04-23T12:04:11+00:00,0xa9a28e4e63e40e5e1aaa6ffd38ad720279ad02fbfece5b7f7598c0c5b4a9598c
0x06bdf059d3abc37fc84d5dcf2d3f1ea6a7d69811,0x28b1dc1a5e3699a428bc51d234dfab7c9cb2a183,0.03,2026-04-23T12:04:23+00:00,0x2980d646ae772a2bbe04242843bd43f745466dbc58a218cfe9b1b1954d692db8
0x2e95a82112300ea3654a9d803516c1f0d121cf67,0x28b1dc1a5e3699a428bc51d234dfab7c9cb2a183,0.014728729607399698,2026-04-23T12:04:23+00:00,0xbfa4f8b9ccbdbb8a9e3f5a747f4974865701282b848387cdf06b1c4bbf639b73
0xf2d7422470a7f1c6f37ac9285a54f4254c9b7a7e,0x28b1dc1a5e3699a428bc51d234dfab7c9cb2a183,0.22,2026-04-23T12:04:23+00:00,0xed746d5cfc733fc3d69e6f7aaf7c181805a02da890b8c356e284ed4a156298b4
0x52c8bbc2c918f043f95115b7911178044d87407f,0x28b1dc1a5e3699a428bc51d234dfab7c9cb2a183,0.0,2026-04-23T12:04:35+00:00,0x469f87db07d87ae22176af5871020da8aabeb8d3ef0b1cee95f537fc47658e89
0xbbca4b96a067cbef7ab6f71fc6c2ca0d152d6d8b,0x28b1dc1a5e3699a428bc51d234dfab7c9cb2a183,0.004,2026-04-23T12:04:35+00:00,0xfd0deebc51164385e97da2af8713c20823d2c87327ca9632e00e68092a5aee15
0xb88b796a6b9965bc0aa97bd482e1d3ce055a8bca,0x28b1dc1a5e3699a428bc51d234dfab7c9cb2a183,0.05,2026-04-23T12:04:35+00:00,0x46f9b92b53f20e1f027b30a6c93d5bb05b60801e2193aaeb859de9ce1250eb7b
0x4d1d593b2c9a43c235ea518165fb38bf29504e9b,0x28b1dc1a5e3699a428bc51d234dfab7c9cb2a183,0.015,2026-04-23T12:04:35+00:00,0x4a2ca3fa6c775da614cfb89a37188bb2c5a724ff79a80e8b3eb620461ac9427b
0x0eb3710b53da620b55c4373089474836ce5094b2,0x28b1dc1a5e3699a428bc51d234dfab7c9cb2a183,0.0,2026-04-23T12:04:47+00:00,0xed513390817a2ab7ad344b1db5696e3b107e43c74bdeb9d9b3ace1ab14c73c73
0x9666d119f9effe467093c0b0333f156b52c0da7b,0x28b1dc1a5e3699a428bc51d234dfab7c9cb2a183,8.5840628807069e-05,2026-04-23T12:04:47+00:00,0x18211da5206b6b89e2c0c3070f2a987c40c0bb330ea4275f818c7430b6ab47ac
0x47a658a0658331d0ad520be0ee2cd19f597df1cd,0x28b1dc1a5e3699a428bc51d234dfab7c9cb2a183,0.0301,2026-04-23T12:04:47+00:00,0xd1e59cfa4fa1d8528035575a9d91ae49430d5bdc94194e5a916a96ae499edf86
0x53479bfded184f4c7f1b98c51024951c7f00d9a2,0x28b1dc1a5e3699a428bc51d234dfab7c9cb2a183,0.0,2026-04-23T12:04:47+00:00,0x32dddc58c8752dd490d5469ff7393bd68730786a7f14c8f41bba0216c613fa0e
0xddf73de9aa68ec46a21cd0fca3797f8e30578289,0x28b1dc1a5e3699a428bc51d234dfab7c9cb2a183,0.047873841462750755,2026-04-23T12:04:59+00:00,0x461b4f845094b021cbb8ae277fe8266049240901bf780f0d4421dab16d83cd53
0x20abd3f84c2b4fc4b09c4d871513f0337c8e666a,0x28b1dc1a5e3699a428bc51d234dfab7c9cb2a183,0.0,2026-04-23T12:04:59+00:00,0xa7242e2756c3e519047c3aaf2235968a458a1f5a63694f833b06628bb1dc3069
0x91a91829c29ff22b574a76cacf4ca34ea3e04208,0x28b1dc1a5e3699a428bc51d234dfab7c9cb2a183,0.0,2026-04-23T12:05:35+00:00,0x68000a04ae53f0231a839efd229baad03e78b1e4b67c65ca25297f82ca4f8bc5
0xecb5bc16c55d340034322b5528e70192dd8e9649,0x28b1dc1a5e3699a428bc51d234dfab7c9cb2a183,0.0,2026-04-23T12:05:35+00:00,0xd66c8281986591bfd59aaa1f7a4250d2498bda093af5b95907132923e32398e7
0xe078bc55f53cdbcdbd67f2618649a6cd153a7167,0x28b1dc1a5e3699a428bc51d234dfab7c9cb2a183,0.025,2026-04-23T12:05:35+00:00,0xfc33bde019056a338d5aefb02ab3734c49938b3b0d11ddaced3ff4796192c5cb
0xa23989d47954de579f07b3168cf81114343579eb,0x28b1dc1a5e3699a428bc51d234dfab7c9cb2a183,0.0,2026-04-23T12:05:35+00:00,0x02013bbd0048553261f9a1313d87c47a2cbce0c524d2508ac835b9155df5cea9
0x74f73875ee43c4e2a8c6b603465e38bf09419f00,0x28b1dc1a5e3699a428bc51d234dfab7c9cb2a183,0.1,2026-04-23T12:05:35+00:00,0x1d4230fbaea47015568db21ccb2589926b20286ad1613d5a80bc37dac6d64484
0x88538812e41b89689f5e23871ef5d5ce2be0f987,0x28b1dc1a5e3699a428bc51d234dfab7c9cb2a183,0.09430253719816711,2026-04-23T12:05:47+00:00,0x5c9024eed93d040b0850cea2c69fd86ea5e1ec38eef1d45d7df44866be376b3e
0x67928372e025316f5b21f8fea5029027eb7d7415,0x28b1dc1a5e3699a428bc51d234dfab7c9cb2a183,0.0,2026-04-23T12:05:47+00:00,0x2644846ade6f599509dcfaa566da1655b59ee21832650465fd296aa2c92bab5d
0x1badc4bd431f987af95699b7fa74fd9d23af5963,0x28b1dc1a5e3699a428bc51d234dfab7c9cb2a183,0.0,2026-04-23T12:05:47+00:00,0x5a4d92eed76fa1718f99eec1f64fa17c73f22098bace3b6757a4479e56b80232
0xf699abaf5a3944496e643ccfab27c12fccdf1e0d,0x28b1dc1a5e3699a428bc51d234dfab7c9cb2a183,0.0,2026-04-23T12:05:47+00:00,0x76ea1d031acbffc86c80467dd1a8c03543c0ccd13f866c82e4dd118b4ea133d7
0x71eba42ff9cc3f655d49bf8c2ac61a437f8e9f96,0x28b1dc1a5e3699a428bc51d234dfab7c9cb2a183,0.009798206512623612,2026-04-23T12:05:47+00:00,0x40ff1068a9cad5cdb4ff984d3deb01dc94f5ad71db458ee34d3574c360a2c1d2
0x5ff387a6eca2d56797aafa3a123a5ba946ff0f1a,0x28b1dc1a5e3699a428bc51d234dfab7c9cb2a183,0.0,2026-04-23T12:05:59+00:00,0x3ac2a7b7ea658702fcaaf49ea82f41e11d4ad81dbd9c7dd647fbfbba53362fb4
0xef372fc108f371ec5a36b0b152004df5f94997e1,0x28b1dc1a5e3699a428bc51d234dfab7c9cb2a183,0.0,2026-04-23T12:05:59+00:00,0x4e53521c6dcb76f41f896622393822e4a1611c096a329e8daa91ed3c2f58fa88
0x08cca751b7d127a0256ffc2c53ca98b4057bbe17,0x28b1dc1a5e3699a428bc51d234dfab7c9cb2a183,0.0,2026-04-23T12:05:59+00:00,0x6782b36ffac8338554d974c072cd0ef1cd90b9354c1e0ed16fb39ebfe74c9bf5
0xf953b0c2d2c677cb30bd2dfd8df86b06427ac20f,0x28b1dc1a5e3699a428bc51d234dfab7c9cb2a183,0.04549825172049337,2026-04-23T12:05:59+00:00,0x19a6df9af7fe6444e40fbfad309a635e9cfd2e35c56f7a54b263cf7bff12395b
0xc56c497dd32abeb2a786b8647dde5945857c441e,0x28b1dc1a5e3699a428bc51d234dfab7c9cb2a183,0.012,2026-04-23T12:05:59+00:00,0x13eff90fe176817d478a5d6cbbd65b24148906aa276ccdcbb3b7b9079f4a7460
0xff855ccd0e0fc2041b97a842fef99c13b966bd0b,0x28b1dc1a5e3699a428bc51d234dfab7c9cb2a183,0.0,2026-04-23T12:06:11+00:00,0x79be6a7cceca1daa9436a731d9417f0dc95a8033dd6d86183bc5c5aeaca9068d
0xf699abaf5a3944496e643ccfab27c12fccdf1e0d,0x28b1dc1a5e3699a428bc51d234dfab7c9cb2a183,0.0,2026-04-23T12:06:11+00:00,0xbd278c682b9f4b8198f297ab9dbca62c560f4d7479e6c0087d9554f6e50a3ac8
0x8767aafa4f185997e1a790151be428157ea3364f,0x28b1dc1a5e3699a428bc51d234dfab7c9cb2a183,0.034,2026-04-23T12:06:11+00:00,0xcbda9e836e3b2e27cd17f46d4698970444942ce29b6f3f3f34063a3528448d12
0x26ba5ff094f9ae52fe7836c1c394771fa56f9a6b,0x28b1dc1a5e3699a428bc51d234dfab7c9cb2a183,0.16032211854178294,2026-04-23T12:06:11+00:00,0x4bf5853665a3964cf44a0fb8a1fb81d30230f5018c5fd271e6cef9bfef32670b
0x2f06dbf46d9116f9973f8b88ef365d095bc44f42,0x28b1dc1a5e3699a428bc51d234dfab7c9cb2a183,0.0,2026-04-23T12:06:11+00:00,0x06c704e18564ea4fbc4411579e3608ae16df56f0c34021b88ff5205fc01cca7d
0x3a6650bad8c5f0d68c93a7f172f7433122df8b5c,0x28b1dc1a5e3699a428bc51d234dfab7c9cb2a183,0.0,2026-04-23T12:06:11+00:00,0x270c8cf57ee2c54775f4878b24fc9e6996a6c1c1e6c6996db42f0b9f5ad7f66f
0x1badc4bd431f987af95699b7fa74fd9d23af5963,0x28b1dc1a5e3699a428bc51d234dfab7c9cb2a183,0.008,2026-04-23T12:06:23+00:00,0x0a1b47202f498cd390a9a494faacd046e6d967ae81b93e8478745b7c10976b00
0xe7fd307d9e78c6088586ab601351b5c1f3644b04,0x28b1dc1a5e3699a428bc51d234dfab7c9cb2a183,0.0,2026-04-23T12:06:23+00:00,0xf3dc605ea3e2fafeb83c6fe00e3a6e4385a3d39030f95817edc4df94e3ff6e1b
0xd20820730d148e9efedf878b6c2622457d359c92,0x28b1dc1a5e3699a428bc51d234dfab7c9cb2a183,0.0,2026-04-23T12:06:23+00:00,0xd17e7c7a9ce96c701b9ec7dc4c38a3c29a53591384c68570d807981117582915
0xc04de04809058f5dacd67bbdd5f057824dd7d4df,0x28b1dc1a5e3699a428bc51d234dfab7c9cb2a183,0.05363494767374505,2026-04-23T12:06:35+00:00,0x35ce7d4076e6d42f2f188abf161180814945ea1d1e94312427f7ba93ef70cc2e
0x3af7b2ef891963b1530699c0f2c1d33eede2d5af,0x28b1dc1a5e3699a428bc51d234dfab7c9cb2a183,0.0,2026-04-23T12:06:35+00:00,0xb3338e1b6583aeeca6bf1f4ac7f84a7a647eef0195b063eebd8f042a734513fe
0xbe8ab031bb6bf050c3b4674a44b0b024e28ed724,0x28b1dc1a5e3699a428bc51d234dfab7c9cb2a183,0.0,2026-04-23T12:06:35+00:00,0x6c1bd655dae6e5f6b73930d993264298c9d3b960f31c9a5e27b521f31ba2c448
0x11573bc2152e215ed3071d7668084518cbbed215,0x28b1dc1a5e3699a428bc51d234dfab7c9cb2a183,0.12,2026-04-23T12:06:35+00:00,0xafdd1412bec4c6f8bbafbe63e155d5d323dffebe37859c02b7b19fc6b88249b6
0xffd8b6d3ac59201c1cca54494baf4533f2548cc6,0x28b1dc1a5e3699a428bc51d234dfab7c9cb2a183,0.0,2026-04-23T12:06:47+00:00,0xac7e158f87d339ece506680aa66434d42aeea5b18348ad5d641e3e9955dee315
0xda5fb9edcc6b9429a076fbb4130c3382ad703074,0x28b1dc1a5e3699a428bc51d234dfab7c9cb2a183,0.0,2026-04-23T12:06:47+00:00,0xe079cc07094c451b0003e4d7820c3473c8da396d43c35a9b409dfef618131ee5
0xef372fc108f371ec5a36b0b152004df5f94997e1,0x28b1dc1a5e3699a428bc51d234dfab7c9cb2a183,0.079,2026-04-23T12:06:47+00:00,0x98bef53e04647030aa622ce4535ddf7ec6d17446924452aee32601566df8ccac
0x51eb12606207126a3503e38ee0101165c7e4420c,0x28b1dc1a5e3699a428bc51d234dfab7c9cb2a183,0.0,2026-04-23T12:06:47+00:00,0xf86025c7d391d3d10b24f83959c430caa28bbaefc4403acbccf23b8aeb0f9ea1
0x42671dcd9c33d2e533108ab8f7bbfaefad1bbc85,0x28b1dc1a5e3699a428bc51d234dfab7c9cb2a183,0.0,2026-04-23T12:06:47+00:00,0xa01ffabb41c92ed39bd7d29095e274c3f529c83cc914a2119e2f4add7bc223a8
0x52c8bbc2c918f043f95115b7911178044d87407f,0x28b1dc1a5e3699a428bc51d234dfab7c9cb2a183,0.033,2026-04-23T12:06:47+00:00,0x2b32c2bc8c61c04498e72dd699cfcc77dfec384771aaa3596024543399c22a9d
0xff855ccd0e0fc2041b97a842fef99c13b966bd0b,0x28b1dc1a5e3699a428bc51d234dfab7c9cb2a183,0.0344072483201968,2026-04-23T12:06:47+00:00,0x02fb733cedc7c2f2904adc3f15e22212b5a39b8ef0a4b5c31e0c115362f687c6
0xe961d3b7a7e7c3044b6af03a2002d780a1e8e5c8,0x28b1dc1a5e3699a428bc51d234dfab7c9cb2a183,0.018,2026-04-23T12:06:47+00:00,0x5c01ed705e9786d6e2b54fa8b92996746d84104b35c404a0f9b00eae3fa1c7df
0x7f1631df1eea17f0360baacb941f9d457019126b,0x28b1dc1a5e3699a428bc51d234dfab7c9cb2a183,0.0,2026-04-23T12:06:47+00:00,0x2a8e79a5810c14a2990f8e7206c7b170f1d719b4cdd3d7e9c1e2fb99c3df3111
0xa17a1064c6b183f4fdfc40fdaa92147a525e3d21,0x28b1dc1a5e3699a428bc51d234dfab7c9cb2a183,0.0,2026-04-23T12:07:11+00:00,0x36703aa15762548617751a14c4d4bd36ae76ff21ff28857f01841af349c18c3d
0xb04318e756c21e085d659eec7d2178f65fc0df55,0x28b1dc1a5e3699a428bc51d234dfab7c9cb2a183,0.05,2026-04-23T12:07:11+00:00,0x6910e0fdfcd4246268366800133a5703499902768038da546a82f660fbb5bb08
0x80d3073a18e4df69191fc109d430342d5f099c88,0x28b1dc1a5e3699a428bc51d234dfab7c9cb2a183,0.005333838350284703,2026-04-23T12:07:11+00:00,0x8e5d443b41172d7548cc02fbfb7892838f55b1712c0c66609d0efc4bf1c4b493
0x170aedc94ff1e342d4695e32fcbdefb71080e57b,0x28b1dc1a5e3699a428bc51d234dfab7c9cb2a183,0.0,2026-04-23T12:07:11+00:00,0xa52d60607e998affca3c5fc505e8078d4596d8e0b7890295dc16f7a75c378943
0x88538812e41b89689f5e23871ef5d5ce2be0f987,0x28b1dc1a5e3699a428bc51d234dfab7c9cb2a183,0.06852279962834532,2026-04-23T12:07:11+00:00,0x105f1d4fafb85abd88be58be01cf84460494bd7ea040a03f44e1a3e602e1e5db
0xe265cd72d309e1bbc089e31d5108faa383d895d2,0x28b1dc1a5e3699a428bc51d234dfab7c9cb2a183,0.01,2026-04-23T12:07:23+00:00,0x694f149dae4514b72d961dd77888c9fe96b7e2ac6ca4e5cdd910c22229ea718b
0x033a99b5ad71ab60021dba177188d5f98275727f,0x28b1dc1a5e3699a428bc51d234dfab7c9cb2a183,0.0,2026-04-23T12:07:23+00:00,0xdfdb702bf4cbab448b6831fda2971cd05c4a48c63d0feb83fbe21ac5b2350b58
0x55951dc0acb2b736fe5246536a9f2d0d79c27d6a,0x28b1dc1a5e3699a428bc51d234dfab7c9cb2a183,0.00265,2026-04-23T12:07:23+00:00,0xf745c510fbfa74bc8c922141646e7164ffeb33d72fe02864d2da657e52a1d0f5
0xf9e9e2d0ce1e35ef7a32136fa78bf9d68e478c5c,0x28b1dc1a5e3699a428bc51d234dfab7c9cb2a183,0.01,2026-04-23T12:07:23+00:00,0xc7b067d877c961cacdf612bc0c7b1f01c70fec033771ec2100f4eddfc11b24f4
0xbd9ff97d5e0db663925dcb9b863fed3b0631947d,0x28b1dc1a5e3699a428bc51d234dfab7c9cb2a183,0.15,2026-04-23T12:07:23+00:00,0xcf01aa6c1185cb5559409e6c47bf906ad5893a0af7b9f3e2360f40d816bb37b0
0x1d9d0e058f3a0d46411f2d6b0f71487f6a505f76,0x28b1dc1a5e3699a428bc51d234dfab7c9cb2a183,0.08803255368927349,2026-04-23T12:07:35+00:00,0xe0f3cb571fe82e520574ffcd8c0fdb3ea36bb62578ae30c1f8ffbee5a5a60999
0xe7fd307d9e78c6088586ab601351b5c1f3644b04,0x28b1dc1a5e3699a428bc51d234dfab7c9cb2a183,0.0,2026-04-23T12:07:35+00:00,0xe8ae7ffb2fc828245daed75da37b14bef93bed7ba8c29f050dd6c0f753ad0a53
0x74ad2b5d38b8d929fd12dccb23b9a855df36a07b,0x28b1dc1a5e3699a428bc51d234dfab7c9cb2a183,0.0,2026-04-23T12:07:47+00:00,0x72a4e8b9c492ad1255a0b257fa49a82153d69f44d375d6c2d4a4d80f69a9aad7
0xdd06728cd44f57eb76083c04cda752b44947fcf3,0x28b1dc1a5e3699a428bc51d234dfab7c9cb2a183,0.1111,2026-04-23T12:07:47+00:00,0xb407ce4354afcdd7eccca21910837b1e06875c6e0627d56862e72b69d14e6113
0xaea33d7727a2ce7e3df1e80a38fcb3ee40b1e635,0x28b1dc1a5e3699a428bc51d234dfab7c9cb2a183,0.0,2026-04-23T12:07:47+00:00,0x2ae8f38225f54d0cd3fbe27e16b81beff80b12bd2955a5f6e11dce1ae64a7aeb
0xe078bc55f53cdbcdbd67f2618649a6cd153a7167,0x28b1dc1a5e3699a428bc51d234dfab7c9cb2a183,0.0,2026-04-23T12:07:47+00:00,0xc255a4f2dbf30ac8acb03d50ed40bab92dcea08cc6ba94501e5192962b40d185
0x0af2c2fce530c9f7dfee539386d70fc63ab57ae9,0x28b1dc1a5e3699a428bc51d234dfab7c9cb2a183,0.10065498849799903,2026-04-23T12:07:59+00:00,0xe3ced591f20c9aa2f87f398b22b26c175fa6b6f3cd390d5e4f2b63d29e22d436
0x91b5066e3b6067cc06c339a1eedf1a8cd581eb09,0x28b1dc1a5e3699a428bc51d234dfab7c9cb2a183,0.0,2026-04-23T12:07:59+00:00,0x23f9fa5cfa621ee24455dd0a228b1028952eb8a28a4ab254aa9f82044669c797
0xf84ae4ffaad343af7e0c2791fd220108f6cd5678,0x28b1dc1a5e3699a428bc51d234dfab7c9cb2a183,0.0,2026-04-23T12:07:59+00:00,0x9910b7ac3b0f174be5e7d06e9a017ee831eb41d222e8d039118342839ab9ffd2
0xc26cfdf1a348e9a3c6f4ef697f0c8c9c1559a469,0x28b1dc1a5e3699a428bc51d234dfab7c9cb2a183,0.0,2026-04-23T12:08:11+00:00,0x9a251cc63c7d18bc4e65133d70bcceab6fd41fcb859ab5eea42ea7970c64cfec
0xc82203664ed65336c67656b569b29c0dc2466363,0x28b1dc1a5e3699a428bc51d234dfab7c9cb2a183,0.0,2026-04-23T12:08:11+00:00,0x3fa138df710402ee6bf3cd79689c0ca6f4ee128220e967f336c401daa56ea6d9
0x81fe3d7d35dfefa15b9e6800b6aefc3358e7b156,0x28b1dc1a5e3699a428bc51d234dfab7c9cb2a183,0.0,2026-04-23T12:08:11+00:00,0x708e86b546c56886b65a4d07eb0f969c1435aa1a1ae1bfa4c5de5a96525d7fae
0x6beb58dd60135601743c4fff9be5695fbdcb45f4,0x28b1dc1a5e3699a428bc51d234dfab7c9cb2a183,0.0,2026-04-23T12:08:11+00:00,0xe14657445f90ca3e85874583a4b96921c466c71cd7d3fd630eeabef48ec4464f
0x02f02bd1b1dc6579f7cec5cecca2f2d2ee769830,0x28b1dc1a5e3699a428bc51d234dfab7c9cb2a183,0.03,2026-04-23T12:08:11+00:00,0xc9b6797de11bc1612e14a591bd182b6be89484f4b3cf8dd81dbe1c7417cb4a96
0x26e2e4ded04f9a4caea63840dc3ada8e428c9aaa,0x28b1dc1a5e3699a428bc51d234dfab7c9cb2a183,0.05,2026-04-23T12:08:11+00:00,0x7a7f2a08ea741dbdc670a8f2ff220d1086e6b57bbb10a79df07b14247c51f534
0x9640034c46bb80b208d400b7d51f8e8082e77aef,0x28b1dc1a5e3699a428bc51d234dfab7c9cb2a183,0.0,2026-04-23T12:08:23+00:00,0x856a812e4cf4f2dbe775d5d8ccd3bba80bfedaaf6c73ccac02d417e9d8190ca9
0xc3fac3b9cc28ccbf2bc7b1ae8bb02c6111463aa6,0x28b1dc1a5e3699a428bc51d234dfab7c9cb2a183,0.0,2026-04-23T12:08:23+00:00,0x47b8f757b185cd0f1b123445254c539e9f3047a0f768831fada80f170bc04f23
0xb2f0801bdf89d27d7bc2b378d4c0be6a98137ab4,0x28b1dc1a5e3699a428bc51d234dfab7c9cb2a183,0.02,2026-04-23T12:08:23+00:00,0x30d65bc33e00d4f2d0119eddae57aa490acc4eff04684846e9650347258857a8
0x0989b6e8a993f7315da2ea8e991d70f46edd9db8,0x28b1dc1a5e3699a428bc51d234dfab7c9cb2a183,0.040807095021164974,2026-04-23T12:08:35+00:00,0xf264073a607494fdd9bd965f42e6f7ed708ff7815189b5f88e7dbf2a5a7dc364
0x58d8dc6b4bcbc3f44b8d6e5f1875017ee0003fbb,0x28b1dc1a5e3699a428bc51d234dfab7c9cb2a183,0.01,2026-04-23T12:08:35+00:00,0x22cdcfc735dc5d0ccc56c87b9bb78ed65479f9e554baac19f96d5d3f3a3a52a5
0xb2777d5ed41236dcf013e8839794e4c7ecfab373,0x28b1dc1a5e3699a428bc51d234dfab7c9cb2a183,0.0,2026-04-23T12:08:35+00:00,0x05c787cf2f723cb0bd1dd60d5ac02f671e89bdd12b1d31d4f47daf79b1a66179
0x51eb12606207126a3503e38ee0101165c7e4420c,0x28b1dc1a5e3699a428bc51d234dfab7c9cb2a183,0.00385857392364506,2026-04-23T12:08:35+00:00,0xf366ceee44b6723c7822f4d88af09f9f56b0ca33847cfa7af7b87d8e09ed16dd
0xda5fb9edcc6b9429a076fbb4130c3382ad703074,0x28b1dc1a5e3699a428bc51d234dfab7c9cb2a183,0.0,2026-04-23T12:08:35+00:00,0x475b46d3f60bb6dfd7416b69495f8a1f038fcd90747a74996337e4e934c96919
0x977bba31b2b14be1d7ea3444962eb44f42899bf0,0x28b1dc1a5e3699a428bc51d234dfab7c9cb2a183,0.0,2026-04-23T12:08:35+00:00,0x8de16aa65b990d6da9a18bf019222d130dfc2e50f73ec65a8b6240b271ceff68
0x6beb58dd60135601743c4fff9be5695fbdcb45f4,0x28b1dc1a5e3699a428bc51d234dfab7c9cb2a183,0.0,2026-04-23T12:08:35+00:00,0x5e22218f00960a179eac7358202cefce7b9079e7bd1cc275e414e52e53593450
0x0abaa4c72a57cb5c3b7b4a9feadb1e7dcadcec53,0x28b1dc1a5e3699a428bc51d234dfab7c9cb2a183,0.0,2026-04-23T12:08:35+00:00,0xcfe4e81c7a05cc4d87bde234bec0947373a9d411ac2869e47e86700aa4c12b3f
0x5e5f98639b2ea96ffde7a7b4a656b494453cce3e,0x28b1dc1a5e3699a428bc51d234dfab7c9cb2a183,0.0,2026-04-23T12:08:47+00:00,0xc598e780e78bf9d9e5569c8a630a97d5bb53306b0fdafd20f8c91706086ba38e
0x7f0bca31c33fcc41c6c9d1987295be89b42c2a87,0x28b1dc1a5e3699a428bc51d234dfab7c9cb2a183,0.0,2026-04-23T12:08:47+00:00,0x22ea8c76b621c7980fb031685bb37722d44b41b15da94c886ef461dddec73de9
0xfd81da24c31f2729e7e8cf4088d440a92bebabca,0x28b1dc1a5e3699a428bc51d234dfab7c9cb2a183,0.0,2026-04-23T12:08:47+00:00,0xd1289d9209b95fc79f8888bd6ff8788e3d2e8fae8b8c3065226ae65724971cb7
0xa38d1c6acd78cd2444147a793a39be424662d9f1,0x28b1dc1a5e3699a428bc51d234dfab7c9cb2a183,0.0,2026-04-23T12:08:47+00:00,0x5d4e35f5e6747d02eb5b1ff38cc3c57cd138966036c3840864ce6d66550d6a41
0x7905d44c7e75411854d927bf981fa35991a54c9d,0x28b1dc1a5e3699a428bc51d234dfab7c9cb2a183,0.0,2026-04-23T12:08:47+00:00,0x2b8edfa7380a0c4b684651faf7cd4c8eeb90d976e14582fa7c1c0ace031038f8
0x1ef3a605cb43f1e5e8e1660452e889a8e2a5a2ac,0x28b1dc1a5e3699a428bc51d234dfab7c9cb2a183,0.016310614417746807,2026-04-23T12:08:47+00:00,0x44a40267b714904bab7c333cd80a0c6cb16ae26c2127989bd34c4d764c7cdf95
0x0306709029e47fe5ccf8e61bddf8dd055abfe84a,0x28b1dc1a5e3699a428bc51d234dfab7c9cb2a183,0.03,2026-04-23T12:08:47+00:00,0x6323656ff7f1835510065a56167717a51fa020b68f75e7667c46ef75345af42a
0xebf8e4a7918d62862a0c05898f9bff45e91a870e,0x28b1dc1a5e3699a428bc51d234dfab7c9cb2a183,0.5,2026-04-23T12:08:59+00:00,0xd4d9cee4afd3664be9f39ed46acf5076ec15f9678871cff540f5bc2dd6611bbc
0xa4cdc22805e0f8813245ca4fdcac9e78436c2d76,0x28b1dc1a5e3699a428bc51d234dfab7c9cb2a183,0.0,2026-04-23T12:08:59+00:00,0x01bf51d95011c615dee82772e12a7c6ffaaa587f54819efef5f97062d40b2c4d
0x0d8a0c657b3840aafeb588676c669879f1b328f7,0x28b1dc1a5e3699a428bc51d234dfab7c9cb2a183,0.0,2026-04-23T12:09:11+00:00,0xf7aa26d6ac8b68b783dd0c0874f1cda78692cff081c49c31e58edbc234be1879
0x81fe3d7d35dfefa15b9e6800b6aefc3358e7b156,0x28b1dc1a5e3699a428bc51d234dfab7c9cb2a183,0.0,2026-04-23T12:09:11+00:00,0xa33c1c58a542cd940a938089d98f60174ac7129452907311d889a61073308040
0x7a4e4530b58589e4bf39fa8021f1930bdc242c02,0x28b1dc1a5e3699a428bc51d234dfab7c9cb2a183,0.0,2026-04-23T12:09:11+00:00,0x0d6a97f1f3d4fc2c35d2939a67181d10ef25d60ca44ecc45eadd15a87f27e450
0x52f3cbb72b6d73461a1ad2542f7e0fcdb8efc51e,0x28b1dc1a5e3699a428bc51d234dfab7c9cb2a183,0.15012423719204374,2026-04-23T12:09:11+00:00,0x3a0d478cb056d8031ad70e20452e26749bdf0e7ee14536914c2cdf06fb89e53c
0x19ec47a33a3a92891043b4393d0ad472524721d3,0x28b1dc1a5e3699a428bc51d234dfab7c9cb2a183,0.0,2026-04-23T12:09:11+00:00,0x24411ede51ab849b805086fb26bdad85d6f5c0fbe6507d860cdf93afe45eb4e8
0x5990e3e4377437f9cb12437f42bb481f553d68e5,0x28b1dc1a5e3699a428bc51d234dfab7c9cb2a183,5.0613515176656e-05,2026-04-23T12:09:23+00:00,0x9561674176d274b410ce3eb774c3482ed267bda459aeba397bf398820646b6b7
0xccd1553c01a1e7b2a6d105495c67e2e1b7e145a7,0x28b1dc1a5e3699a428bc51d234dfab7c9cb2a183,1.85,2026-04-23T12:09:35+00:00,0x6a351c290b7fc5e301d5a312c046bda14f1b6458c01f33439cbe8bcb99123082
0xfcfe0f771d50c012ffd9c6f16a6ed376a497a545,0x28b1dc1a5e3699a428bc51d234dfab7c9cb2a183,0.0,2026-04-23T12:09:35+00:00,0x8f0bb3688ef6d5111be3842f61afa95f80f77e8b4d9fd76eb9cedb6c1bb08af0
0x24dea095befd164b4618d26ee95a4f708213fde3,0x28b1dc1a5e3699a428bc51d234dfab7c9cb2a183,0.0,2026-04-23T12:09:35+00:00,0x8e0c489584b06690a2c946036cea0570930b7b76a1ce76106cb2d4d01568aa3c
0xe75c84c34fbfb54b7300980ebde420b3de4e8bd9,0x28b1dc1a5e3699a428bc51d234dfab7c9cb2a183,0.0,2026-04-23T12:09:35+00:00,0x7b9d2d4e087ddf36679b87bce578d0940b5f4dc468c990cb4af2f77888761dab
0x00de063cbd11eaad00397e06be56c0bb94bc01eb,0x28b1dc1a5e3699a428bc51d234dfab7c9cb2a183,0.0,2026-04-23T12:09:35+00:00,0x8619bbd761fd0608ccd0322d6be3c6e49c977a7c66bec4fa365dca3ca92129ee
0xeb67ad4463f2a7758fb5a13381be329ce1cad5a4,0x28b1dc1a5e3699a428bc51d234dfab7c9cb2a183,0.05,2026-04-23T12:09:35+00:00,0xce175ce653a7c21f4d5cbab964668f4bd55d24ecbf82edb5c43a9db8768ee89b
0x023845b3c758a3424c16b84ff88684b5414e4a6a,0x28b1dc1a5e3699a428bc51d234dfab7c9cb2a183,0.06,2026-04-23T12:09:47+00:00,0x635bb2962637fff17a9e079373ad90adf405829d5342843944ce709236bfbbe8
0xcbb8af4423d9270e81ed5abb511442c745ae74e9,0x28b1dc1a5e3699a428bc51d234dfab7c9cb2a183,0.0,2026-04-23T12:09:59+00:00,0x1a46ffdacb4a734e8b6332400cf94bcc3311495bdc29a28924596c6a3331e8c0
0x00de063cbd11eaad00397e06be56c0bb94bc01eb,0x28b1dc1a5e3699a428bc51d234dfab7c9cb2a183,0.0,2026-04-23T12:09:59+00:00,0x894dedf19357a0969edce7e9fe9a79fab5bd53d5e8733546b30767852908a450
0x42671dcd9c33d2e533108ab8f7bbfaefad1bbc85,0x28b1dc1a5e3699a428bc51d234dfab7c9cb2a183,0.00042885083773507,2026-04-23T12:09:59+00:00,0x649014fd9f7944f06f2d03097961b21c04ecc6c1f864669cc0271055549935ae
0xe84690fe65280f00c650d3ffe0aa2f8d65f41b85,0x28b1dc1a5e3699a428bc51d234dfab7c9cb2a183,0.022,2026-04-23T12:10:11+00:00,0x4ee70ede84ff76d0c1f67e55d025892fb1b1b8f0e05b88e34288d4c24bd5322f
0xd810a5638c4415b88fe0c9d46357fd0d00706235,0x28b1dc1a5e3699a428bc51d234dfab7c9cb2a183,0.005,2026-04-23T12:10:11+00:00,0x8011547267a3c8902050961c04c67680b0f5bde6ea8b3ed0d39ca06f5e0c422d
0x9716c4392e02f2950f43294dc7a16b2ab3a5560c,0x28b1dc1a5e3699a428bc51d234dfab7c9cb2a183,1.9732351785919782,2026-04-23T12:10:23+00:00,0x6030694c6413f0a6216a3454014b1bff8da0a8b81f474011a349865276c65e5f
0x2c825edb17c2c04983a481ebd2da2a39424c7cb7,0x28b1dc1a5e3699a428bc51d234dfab7c9cb2a183,0.00043,2026-04-23T12:10:23+00:00,0xf268170a78a5b703ef5b55009780de726837ee61a806ed3c46d37af67f501030
0x978c55f243af599efa2a48f2d6e77139dabacb5f,0x28b1dc1a5e3699a428bc51d234dfab7c9cb2a183,0.000933637001765634,2026-04-23T12:10:23+00:00,0x7b035b601c7a74ddf31af95215e6c17cef60dd00e2e3beb40cc60a6d4bf8a9d8
0x9da99a2f17e53e1b4fc08454d6cf988dd78570f0,0x28b1dc1a5e3699a428bc51d234dfab7c9cb2a183,0.0,2026-04-23T12:10:23+00:00,0xe76d91a1d61ee89a0b73d325999419280b9e26d6cf441f202b731d1b0cc0c341
0x1df917002f801b863510b1a86c4f7f5aba82fc2e,0x28b1dc1a5e3699a428bc51d234dfab7c9cb2a183,0.1,2026-04-23T12:10:23+00:00,0x35bb34de71be87fa0565c5d16287d7984ffa29075f7131b9f749a4c8c9ddddd8
0xa9fb6b54990cf30887755d6476ca7c32437b3c79,0x28b1dc1a5e3699a428bc51d234dfab7c9cb2a183,0.02,2026-04-23T12:10:23+00:00,0xf29c0bcb94db5a2ffadfaa4522fae67b27d8af700b1262770c5552a8d6718890
0xf7c7a037b71c3c6d4f1ed185d36ea69d571e431a,0x28b1dc1a5e3699a428bc51d234dfab7c9cb2a183,0.0,2026-04-23T12:10:35+00:00,0x349c0c66bdef20abfa5c7acb7144bba26a909bc8661099dac0795f98d1fe13bc
0xd50a712bc962467db75f0598cb589cde12d8991a,0x28b1dc1a5e3699a428bc51d234dfab7c9cb2a183,0.0,2026-04-23T12:10:35+00:00,0xec1bb3f67ea0718a2db463342af651dfa678ba600fd97f8d04b1ffef6f6263f5
0x48186eff480ba5654c58850c7ed71febe897fc6c,0x28b1dc1a5e3699a428bc51d234dfab7c9cb2a183,0.3,2026-04-23T12:10:35+00:00,0xd70cd0f92d797c4d68673a7d0497b67dc31d82b834d46f44a753375a05756293
0xa4cdc22805e0f8813245ca4fdcac9e78436c2d76,0x28b1dc1a5e3699a428bc51d234dfab7c9cb2a183,0.0,2026-04-23T12:10:35+00:00,0x43142f02c5ef726fb7f451c48597ad1a8603eb8f7c31485d33fe313febdf7573
0xb13b2cce79287e074e19e5f2b5351c7e0325c620,0x28b1dc1a5e3699a428bc51d234dfab7c9cb2a183,0.0,2026-04-23T12:10:35+00:00,0x40ad202914c29a42eaa88bf6b897007e0f9f8f8164413040620abe8ee5832df0
0x617e24fcdf3e283cf374e950918ecb960253ffb2,0x28b1dc1a5e3699a428bc51d234dfab7c9cb2a183,0.0,2026-04-23T12:10:35+00:00,0xb63949c77342c88c1a63735096070e726f2ddf9018732908253876f122d7b163
0xa9fb6b54990cf30887755d6476ca7c32437b3c79,0x28b1dc1a5e3699a428bc51d234dfab7c9cb2a183,0.03,2026-04-23T12:10:35+00:00,0x32d759efe0a6b7682316552fc90037ed37acceeef38faab2df02d6cb46d9ba6f
0xc737642e3a9c26879836a745dc3242cd8ec343f5,0x28b1dc1a5e3699a428bc51d234dfab7c9cb2a183,0.0,2026-04-23T12:10:35+00:00,0xc88733426a0cc324a586b252eb31a8908c3c45bc1fbb66d88b9262d6bc86e889
0x36532a5bc792b2e0fa60408f5df11dc336c39da1,0x28b1dc1a5e3699a428bc51d234dfab7c9cb2a183,0.0,2026-04-23T12:10:35+00:00,0x87d357c8c23e7727ae3f5c4cff3a1750f4a61fa4afb649ce233badcb1f9f4c55
0xa77cff0af1dfa30ea7d3d99e222608bc4b1bb404,0x28b1dc1a5e3699a428bc51d234dfab7c9cb2a183,0.0,2026-04-23T12:10:35+00:00,0xa499baf1d922ea054121b0fe895ac6b278d1c73b2426ce5a777e0cde3af59532
0xa2c1710a53edcff79b2d4b0e57d746bac2bfa034,0x28b1dc1a5e3699a428bc51d234dfab7c9cb2a183,0.0,2026-04-23T12:10:47+00:00,0xbf0c0260848e0237870837f850fb22cafddeae983be52a6515abcf7c5a7b2624
0x97a0df673425acd860cdffb14c218668d987e76f,0x28b1dc1a5e3699a428bc51d234dfab7c9cb2a183,0.0,2026-04-23T12:10:47+00:00,0xa0cd462e2fba2b503af5f42e5d3895e5d9e00a711b7ae2791f214bb693ffc41d
0x4b9de77ede736a085b858bad46879354c380599a,0x28b1dc1a5e3699a428bc51d234dfab7c9cb2a183,0.0,2026-04-23T12:10:47+00:00,0x6a6ebd6cf8502adf584222386f3ab31be1e740ddf053aa126133dc5ef51544e9
0x4b96b0c619b0d0d41fb3199b9499111ac95257c2,0x28b1dc1a5e3699a428bc51d234dfab7c9cb2a183,0.0,2026-04-23T12:10:59+00:00,0x45d59ea56e2d8180bd716998067de5f3f81980e69fded4e715982663f87a35d2
0x10dbd6619e15928eb5bb94ba43e421fdcaca206d,0x28b1dc1a5e3699a428bc51d234dfab7c9cb2a183,0.007411594411687473,2026-04-23T12:10:59+00:00,0x9dea94827d5eaa3144bef4de88530000c0c75ab3a8a83bbd37181842e25a70fe
0xb1b2d032aa2f52347fbcfd08e5c3cc55216e8404,0x28b1dc1a5e3699a428bc51d234dfab7c9cb2a183,0.0,2026-04-23T12:10:59+00:00,0x070eb6662b77e829c24790ee3f4323f539cb89fe39037628cfc47c8f97e70bec
0x28e8157781011a163bc8843646cc1c6120988714,0x28b1dc1a5e3699a428bc51d234dfab7c9cb2a183,0.0,2026-04-23T12:10:59+00:00,0xa7bfd47bc2fb0bca010bcd5826fb66906a88e92f7a628c63c3bdf8d99bc73867
0x1bc46b0af110e6e6362c77b9115df193233b4e07,0x28b1dc1a5e3699a428bc51d234dfab7c9cb2a183,0.0,2026-04-23T12:10:59+00:00,0x7ae9ea958a5f91c35a04bf4b6b658c235a7c83d8f1107f25382bb13600de82e3
0xbaf072587232b3c617811c41400090d5b05a37e8,0x28b1dc1a5e3699a428bc51d234dfab7c9cb2a183,0.0,2026-04-23T12:10:59+00:00,0x2f40070855c31aa7d924f6c7078fdc5f9b630120cae3ca7c0b0ec9f36db95a80
0x9fd95ce930b10a35a255dae8be50be44c33dd8d0,0x28b1dc1a5e3699a428bc51d234dfab7c9cb2a183,0.0,2026-04-23T12:10:59+00:00,0x0ede4b8f048ec648aeed3b9bbb903cf7913d6a70acd00d3a825d911886e892de
0x26e2e4ded04f9a4caea63840dc3ada8e428c9aaa,0x28b1dc1a5e3699a428bc51d234dfab7c9cb2a183,0.04,2026-04-23T12:10:59+00:00,0x98508782f681b53037da182b54160cce444400dcc8526b510814956803b510db
0xd44b7d2435fa8934baeb9841b8d037ef35907067,0x28b1dc1a5e3699a428bc51d234dfab7c9cb2a183,0.0,2026-04-23T12:10:59+00:00,0x9e6b54e9e43d2e24dd5ebe978db740e9dbe7d1173811d7cff1b5acc3ca864d0a
0x6288a8112ae28dfc6d8ccba19894ecb49355f8b1,0x28b1dc1a5e3699a428bc51d234dfab7c9cb2a183,0.0,2026-04-23T12:10:59+00:00,0x8982ea2d4968c82f176bbf6066e44dee3bf0731a50a7f4995b87bda940f29508
0x4aadd3117de5ed72971e4b742b8108c523b30a0a,0x28b1dc1a5e3699a428bc51d234dfab7c9cb2a183,0.065,2026-04-23T12:11:11+00:00,0x253d0c67c42216914cd8256c5e461fb2b9bc635e331f239b489f41e75853027b
0xf7c7a037b71c3c6d4f1ed185d36ea69d571e431a,0x28b1dc1a5e3699a428bc51d234dfab7c9cb2a183,0.0,2026-04-23T12:11:11+00:00,0x59215445768dcdbebfcab7975c447c6f419e3181477fd213ecfe2e7744dcdc50
0x512fdd0f9bcf6bc040ca88df5c57bcce966b5c99,0x28b1dc1a5e3699a428bc51d234dfab7c9cb2a183,0.0,2026-04-23T12:11:11+00:00,0xbdcaeb5c225fe8ebf340e78621a92a7abbc25f16c92fcd8dd2d40dcc01ea761d
0xe888b8de409db845f3acce55d7f13353aff67092,0x28b1dc1a5e3699a428bc51d234dfab7c9cb2a183,0.025,2026-04-23T12:11:11+00:00,0x8bd6b3fbe4b3ec832cf7e38444e52020edb2724aa9ddc74848d48db197e25fcc
0x4b9de77ede736a085b858bad46879354c380599a,0x28b1dc1a5e3699a428bc51d234dfab7c9cb2a183,0.03,2026-04-23T12:11:11+00:00,0xd25c70dee413d85271798b086a389093f196d3cabf8db1e343dd7b919cf7cee0
0xc9151bb614a4f343af5678c16107ac08d891a617,0x28b1dc1a5e3699a428bc51d234dfab7c9cb2a183,0.01,2026-04-23T12:11:11+00:00,0xa4348890f30d41be0244b09411d16984fd412a61ebb6c4085758b79d32e97c42
0x4b96b0c619b0d0d41fb3199b9499111ac95257c2,0x28b1dc1a5e3699a428bc51d234dfab7c9cb2a183,0.0,2026-04-23T12:11:23+00:00,0xf9830ca9fa2b80f908e8d87a39bba394ff7e797eb99d028f61b9484a64a080f0
0x81fe3d7d35dfefa15b9e6800b6aefc3358e7b156,0x28b1dc1a5e3699a428bc51d234dfab7c9cb2a183,0.0,2026-04-23T12:11:23+00:00,0x8a50324653a982846d576218cf8f4692ba0765f7f21e45f40c63e676b510ce8d
0x492e89eafa75df7fbde2e58bbd68faba25f96456,0x28b1dc1a5e3699a428bc51d234dfab7c9cb2a183,0.0,2026-04-23T12:11:23+00:00,0x21f8cdd3b3196115f0703ecf72a01fc0f641b0474ea7cf0189be113f18527b57
0x00f4985c601c69c72c05111f9600a9904fcd998d,0x28b1dc1a5e3699a428bc51d234dfab7c9cb2a183,0.0,2026-04-23T12:11:23+00:00,0x17535fe51d17daa5b133ee766bcefe8b53c23d97a83db9447b7635c424063f65
0xf7175a295ca78b86cbc6a9fbd07650fe161a5fbb,0x28b1dc1a5e3699a428bc51d234dfab7c9cb2a183,0.0,2026-04-23T12:11:35+00:00,0x7b6f55c67743082969a3b12f8855dadf8aa0b52b8922023bb0e6c49b81c21e52
0xd67d657fe1588a764a51ee0162717ae5b0f34be1,0x28b1dc1a5e3699a428bc51d234dfab7c9cb2a183,0.0,2026-04-23T12:11:35+00:00,0x4ed3ba5554736d551388a0f5f97329bd12a2671722d840d92d810be653a52117
0x00f4985c601c69c72c05111f9600a9904fcd998d,0x28b1dc1a5e3699a428bc51d234dfab7c9cb2a183,0.0,2026-04-23T12:11:35+00:00,0xd980c1d6bf1dafb95ff64bdc25b68daa4b568b202e511c163ed81a2694ab76fa
0x7e4663af281606efa720ac61f342bda9d48b15cd,0x28b1dc1a5e3699a428bc51d234dfab7c9cb2a183,0.0,2026-04-23T12:11:35+00:00,0x0bc9de7dbc0744786d2f6212d514d9e652cb33eb29f01248f3ddf743c08963b9
0xa27a2c94ff8177ccee8889a8f69e70a4bcaa8787,0x28b1dc1a5e3699a428bc51d234dfab7c9cb2a183,0.0,2026-04-23T12:11:35+00:00,0x52d83b5f65de4bb97654635df166a04212cf2438b4cc06321d7570090794c3b9
0x26690a1bdc3a37b93e1f5894dd117014f0b48ba8,0x28b1dc1a5e3699a428bc51d234dfab7c9cb2a183,0.0,2026-04-23T12:11:35+00:00,0x29310dc77527fb85739957aad32c509a322ad05390b5b637fe0cc0950f89e217
0x5a87efe269c73f76a748d6fee11f6854af29437e,0x28b1dc1a5e3699a428bc51d234dfab7c9cb2a183,0.05,2026-04-23T12:11:35+00:00,0x38b7e4d3cc07ba1e7b8e243a30b01b077c74f9ac37175f6f9245801082aa80b3
0xbc75d39242aa7d5caaeb7c4077d0d4abddfe47bb,0x28b1dc1a5e3699a428bc51d234dfab7c9cb2a183,0.0632006814929158,2026-04-23T12:11:35+00:00,0xcb8af1dd4cd6591a45703fe3848fb68d344f2a190123f202bc77a45ffcf4efe2
0x312a81925c3944e760df9be8e3a1de22d84d07e7,0x28b1dc1a5e3699a428bc51d234dfab7c9cb2a183,0.0,2026-04-23T12:11:35+00:00,0x1030d2e29ba9d46efac50408bdcf9a4176e2461daf6eafba06de9de25455b58c
0xe81d515342c74abafc73192f5bf1dea5ce09caef,0x28b1dc1a5e3699a428bc51d234dfab7c9cb2a183,0.0,2026-04-23T12:11:35+00:00,0x059fcd472cd17ddf1682d97defcd7bf2ee154a1a0fea81ee139b239b4f720ca6
0x0ec8074a8dba55e5303b3e0e8fc21e03a90d63d7,0x28b1dc1a5e3699a428bc51d234dfab7c9cb2a183,0.051,2026-04-23T12:11:35+00:00,0x00433c0a4b368542b94eb269d2cbbcb31d88f5a5f97d4a90733179ce0a406f8e
0x556b84d713ef8921ba9d7311a2542771c9ff61ae,0x28b1dc1a5e3699a428bc51d234dfab7c9cb2a183,0.0,2026-04-23T12:11:47+00:00,0x451ca7d304ef99c3c61909b7f506824483990b2458f25285b97a1674231c0c57
0x011179b37baba01da40d05f94a41b251d6c76664,0x28b1dc1a5e3699a428bc51d234dfab7c9cb2a183,0.0,2026-04-23T12:11:47+00:00,0xab3a4046656bd68ae816ef609ee2063f24ef4692c2fee38cb885c0a15830e553
0xfff2fa6cf55c16eb8500ceaa05f6165c00e0adf4,0x28b1dc1a5e3699a428bc51d234dfab7c9cb2a183,0.0,2026-04-23T12:11:47+00:00,0x2dde418679233e3a6ff7564272278f0c3d6671ebcb8f36c1a7096b67f548922b
0x3a6650bad8c5f0d68c93a7f172f7433122df8b5c,0x28b1dc1a5e3699a428bc51d234dfab7c9cb2a183,0.0336798383270123,2026-04-23T12:11:47+00:00,0x68ad3b37000387773525c82d0828f8378aa2d3cfedca6ed44283e00c67b6189d
0x9765d7cda45ca8340cf39cf5dfc70005708c7d4c,0x28b1dc1a5e3699a428bc51d234dfab7c9cb2a183,0.05,2026-04-23T12:11:47+00:00,0xd5009a5da054f0f5a733dacd10a5a3ea83ef1b9ab58bf3852e6d74687253c70c
0x2a3c12b8269e63e061ecc2c2629bf528dbffb413,0x28b1dc1a5e3699a428bc51d234dfab7c9cb2a183,1.25,2026-04-23T12:11:59+00:00,0xcef791ecddfcdf81dc75856ad995a293e6caeb89379cf59dce7253a1ca08260d
0x03ef7bbb259f11c67eedcad05d2125f1b3a50064,0x28b1dc1a5e3699a428bc51d234dfab7c9cb2a183,0.1286137187525493,2026-04-23T12:11:59+00:00,0x7796ad97a76d67d9ad6678e22ee03c9abfe2778dd9098f7d15fb0b6213e2dc76
0x64f369c1a486f76de0bf72f4aa60db16bd2a39d6,0x28b1dc1a5e3699a428bc51d234dfab7c9cb2a183,0.0,2026-04-23T12:12:11+00:00,0xa9975a13e38f3c548eef79518ad831861f35c3ea993e149ba6a326899407747a
0x2191084796a422d8b0b4193c04b0085bd6ffc49d,0x28b1dc1a5e3699a428bc51d234dfab7c9cb2a183,0.540368917245569,2026-04-23T12:12:11+00:00,0xc9de542b8eed0849f0e5208790cdde002446981e466e0e8836e83934b2aba29a
0xf0f0025046dcddf449c609acb00b397cd90c3e8b,0x28b1dc1a5e3699a428bc51d234dfab7c9cb2a183,0.0,2026-04-23T12:12:11+00:00,0x7c19ba471ac0a43fa7c858ac3353baed6d298a2d6fdb5b4c14cf5d1dc8aed2fd
0xdc2ccea870349778d03879025f5d6c7c2486f28b,0x28b1dc1a5e3699a428bc51d234dfab7c9cb2a183,0.0,2026-04-23T12:12:11+00:00,0xecb485bc2c8301eaf70efb5f50cf8fe61e5536faa6d42a5689e0cd84e8a8af05
0xd135c4649fc76315c82d9770ff9d3d2af24d59c0,0x28b1dc1a5e3699a428bc51d234dfab7c9cb2a183,0.0,2026-04-23T12:12:11+00:00,0x1590d337ab05572c710ccbc4ef79f94e5f53ff081310658c9bab3fbdfb71d8d8
0x1787b6563bd2b57e7fca87b94682c3c6399f6105,0x28b1dc1a5e3699a428bc51d234dfab7c9cb2a183,0.0,2026-04-23T12:12:11+00:00,0x5451aef65478db00581842f729ed2e6cfb672917b76fae14c9cb46b1c7e58492
0xda5fb9edcc6b9429a076fbb4130c3382ad703074,0x28b1dc1a5e3699a428bc51d234dfab7c9cb2a183,0.03,2026-04-23T12:12:11+00:00,0xad939a8aad81b07d3482dda721ccddfacb56e03e4da24e21c640ce723533d6a7
0x00f4985c601c69c72c05111f9600a9904fcd998d,0x28b1dc1a5e3699a428bc51d234dfab7c9cb2a183,0.099168236915307,2026-04-23T12:12:11+00:00,0x942b722dcbcdb0f68af440c2a0c1d5cf0c32b7a4278c0771a80340bb182f7dd7
0xa27a2c94ff8177ccee8889a8f69e70a4bcaa8787,0x28b1dc1a5e3699a428bc51d234dfab7c9cb2a183,0.017,2026-04-23T12:12:11+00:00,0x9ca25aefa4b56305ebda66b797335df8fc0002ea7bdb0abd094c0770ee7adad8
0x0306709029e47fe5ccf8e61bddf8dd055abfe84a,0x28b1dc1a5e3699a428bc51d234dfab7c9cb2a183,0.02,2026-04-23T12:12:11+00:00,0xedb66bbd1acea9a5184e05ea1f15e6656e9f3eacc5a3cff8f5678d207681530d
0x1bc46b0af110e6e6362c77b9115df193233b4e07,0x28b1dc1a5e3699a428bc51d234dfab7c9cb2a183,0.03,2026-04-23T12:12:11+00:00,0xaa550c0399c04b9145c958e84f9081c624a90afb7ef8e468f8de73bbb6f4dff6
0xc94aa58273751c44538be28924f32c22696fe6c3,0x28b1dc1a5e3699a428bc51d234dfab7c9cb2a183,0.0,2026-04-23T12:12:23+00:00,0xece907ac67479924390af6203044de1b2402e188f2cb43d971e3c0ee1428cb46
0xb25fdc5f9d3d72e158e51ef3d0ebf4217bb35510,0x28b1dc1a5e3699a428bc51d234dfab7c9cb2a183,0.0,2026-04-23T12:12:23+00:00,0x67dbfb174585ce9f1e10449b28ca53158d12a8476359487a15da6e005e17d3ba
0xefce21cb5aee93f77db1a3313625c71fd46e2ec5,0x28b1dc1a5e3699a428bc51d234dfab7c9cb2a183,0.03,2026-04-23T12:12:23+00:00,0x6b7d852b72da614d4a55df66d197730842d2d4412ffdef17757352f25efc43e5
0x08cca751b7d127a0256ffc2c53ca98b4057bbe17,0x28b1dc1a5e3699a428bc51d234dfab7c9cb2a183,0.005,2026-04-23T12:12:23+00:00,0xdfb56cfb916d000b2698516615a3e42afe8df87e47dc3045c9297a8a4f15af6a
0x1bc46b0af110e6e6362c77b9115df193233b4e07,0x28b1dc1a5e3699a428bc51d234dfab7c9cb2a183,0.01,2026-04-23T12:12:23+00:00,0xc8f5144012be25a48f9f1018e1114c12a2f335ac0dfe4def1d85504364d9a8be
0xf7c7a037b71c3c6d4f1ed185d36ea69d571e431a,0x28b1dc1a5e3699a428bc51d234dfab7c9cb2a183,0.0,2026-04-23T12:12:23+00:00,0x839f404f619d9bc3c83bf2cfe8cfa3043ae8ec4a0d5277b0fcae6d7511282a8c
0xfdf4bf7d7bf99859abf845525574fc83c223ba91,0x28b1dc1a5e3699a428bc51d234dfab7c9cb2a183,0.0026,2026-04-23T12:12:23+00:00,0xa6dde3c171299e2a57cb351c70e07b4377472cf98cb097fe5ecdfa108b1a323c
0xa6efdcdef0da0fc6be701684aaa951530df9b867,0x28b1dc1a5e3699a428bc51d234dfab7c9cb2a183,0.0,2026-04-23T12:12:35+00:00,0x6a35d1f47a36cb7aea266f70ae91772f119e095a39bf5354830e43ce38a00f6c
0xa3bff53689cdb30a4cabb9546edb5e22fd61d37c,0x28b1dc1a5e3699a428bc51d234dfab7c9cb2a183,0.0,2026-04-23T12:12:35+00:00,0xc657eb25a676d641a5babcb14cfaaf2169c054bed1ab65f6ab67e395000cddd7
0x011179b37baba01da40d05f94a41b251d6c76664,0x28b1dc1a5e3699a428bc51d234dfab7c9cb2a183,0.046,2026-04-23T12:12:35+00:00,0x2495a05ade60f1bf94043bc134bc24cb3ffaee3845dcffb7955730b63ff47776
0x4fb8637c7e8d7a80c4f590d6233e2e495a38d2a4,0x28b1dc1a5e3699a428bc51d234dfab7c9cb2a183,0.0,2026-04-23T12:12:35+00:00,0x9683f84b4fef56f927a66d61190cf91b36f5142b1419e125765ae89bdea3c9aa
0x2f57a6d33786f487a98496e689490284349ad5be,0x28b1dc1a5e3699a428bc51d234dfab7c9cb2a183,0.04,2026-04-23T12:12:35+00:00,0xb3ed32d1ca17b42d31eb6bd89b3e72444f21b1c4f37bc63ab0cb1dd9342e062f
0x556b84d713ef8921ba9d7311a2542771c9ff61ae,0x28b1dc1a5e3699a428bc51d234dfab7c9cb2a183,0.0,2026-04-23T12:12:47+00:00,0x3ab9291c585ad68ae518865c47e0269d91a0932d658394a80c784e2b391c5738
0xf7c7a037b71c3c6d4f1ed185d36ea69d571e431a,0x28b1dc1a5e3699a428bc51d234dfab7c9cb2a183,0.0,2026-04-23T12:12:47+00:00,0x786a784bccdc7870721aa239a39b4bb2b6f4904266d264cf69ad47a39e8fe764
0xfff2fa6cf55c16eb8500ceaa05f6165c00e0adf4,0x28b1dc1a5e3699a428bc51d234dfab7c9cb2a183,0.0,2026-04-23T12:12:47+00:00,0xd5c3a40a3546ce05b76d8405f7c1dcb9db5cc2f99182635d5090310be5d2a600
0x019c741fb83c5722974044ef3f95aa6aba2a6fa9,0x28b1dc1a5e3699a428bc51d234dfab7c9cb2a183,0.01,2026-04-23T12:12:47+00:00,0xcd9a9dab46c4fdbb8d6497380c982e262f2cf6ce79399dc3fd5075376c3f582b
0x53986d26d6b490e97fa24b709f34b960e4bbc065,0x28b1dc1a5e3699a428bc51d234dfab7c9cb2a183,0.0,2026-04-23T12:12:59+00:00,0xa8332360459340e6174e29c52018d0bec1831256a9cd9aee2783103cb8a9c2b7
0x27d1aa82836d03b40101b244a6579178b31638c5,0x28b1dc1a5e3699a428bc51d234dfab7c9cb2a183,0.0,2026-04-23T12:12:59+00:00,0x5de5a884d9f4630dd2ab0269acac15454faf224aa24dbef02692f1e1d7316beb
0xe2c1187a45905ccdbff55d7b97c21320ea739791,0x28b1dc1a5e3699a428bc51d234dfab7c9cb2a183,0.0,2026-04-23T12:12:59+00:00,0xae7a13559bd198143f4487d006554382409448c0385d09073f89f31e8ec5c173
0x6a40874388a0382ef434305c981a33e7f07a8458,0x28b1dc1a5e3699a428bc51d234dfab7c9cb2a183,0.280828,2026-04-23T12:12:59+00:00,0x8609694fa220ef63afb8a71d850794eb9cf85f797b50c2a16ca360e1f4b57135
0xee764bce61ea79d348935814ce3075d7c4fae346,0x28b1dc1a5e3699a428bc51d234dfab7c9cb2a183,0.0,2026-04-23T12:12:59+00:00,0x68f8b745844ac16c9dec7ee07353f70bf87a9b7c14c82b00dd9feef40cfad00c
0xd8cdcb5f7a99b58795c019f93e1d8d720d7d0253,0x28b1dc1a5e3699a428bc51d234dfab7c9cb2a183,0.0,2026-04-23T12:12:59+00:00,0x1a9f82c7dc1133e7f1512fbf620e4b5180fdce63ad30d493c880f8ea9cd5f1d4
0x5990e3e4377437f9cb12437f42bb481f553d68e5,0x28b1dc1a5e3699a428bc51d234dfab7c9cb2a183,0.118,2026-04-23T12:12:59+00:00,0xe83330c729498d4e45f7b2e15d257bd90a66aa7d2a712bae0424564d3fd5b3eb
0x25fbe873eafe8af1c3341b98c5011331bb3a25d7,0x28b1dc1a5e3699a428bc51d234dfab7c9cb2a183,0.107,2026-04-23T12:13:11+00:00,0x1cdd701b3dd840242144ceb73e55c15f1af53e9300bae2569a42434b8974efd4
0xebc98d61a3b9538c926ee94df71dfe22ded46ca9,0x28b1dc1a5e3699a428bc51d234dfab7c9cb2a183,0.03,2026-04-23T12:13:11+00:00,0xdb78fd9502e9993528303cf49033a9270336dd5f1a9a67c81911ccce1017b577
0xc3e8599742a880ac746006d7a312b2e137cdab01,0x28b1dc1a5e3699a428bc51d234dfab7c9cb2a183,0.0,2026-04-23T12:13:11+00:00,0x34ddd4f9ca01b609d3cd87b8863abc49b839505af85fa379aa0b066d10f38486
0xf912dde5f640df7e0c34b23cf0bec788325ea8aa,0x28b1dc1a5e3699a428bc51d234dfab7c9cb2a183,0.029405950824642473,2026-04-23T12:13:11+00:00,0xbbcc241474734572285f07573f5b93d70bc61ef0e7b962e64d767cb9020553f8
0xda3dd9f1fe8b0f1ad034e0cd1c9800693f08e095,0x28b1dc1a5e3699a428bc51d234dfab7c9cb2a183,0.0,2026-04-23T12:13:11+00:00,0xe2387fb73e31baddaf1d284db7a533b4f6734b34d117b97e93c2a6f6b7fdc51d
0x97a0df673425acd860cdffb14c218668d987e76f,0x28b1dc1a5e3699a428bc51d234dfab7c9cb2a183,0.03,2026-04-23T12:13:23+00:00,0x5bf36fe49f78cb3f15b28ed2ddebe3918fdf89d6f9b697db8fc4481f940b1f28
0x22ccc420466f9918e5e54eca33ad023e942d44d0,0x28b1dc1a5e3699a428bc51d234dfab7c9cb2a183,0.0,2026-04-23T12:13:23+00:00,0x914465325044553e1532e8a18f97fd29d6e530fc81c3cd68458459d9c1af83f2
0xad2d63c6147b5d6a2eed0ff1d26752e53fc692c2,0x28b1dc1a5e3699a428bc51d234dfab7c9cb2a183,0.0,2026-04-23T12:13:23+00:00,0x435df27389bf1dc51ed81f3650dc15d692c99ef8d59ff809a7e762c31c0d18ae
0x9765d7cda45ca8340cf39cf5dfc70005708c7d4c,0x28b1dc1a5e3699a428bc51d234dfab7c9cb2a183,0.05,2026-04-23T12:13:23+00:00,0x27231b7e68ab1ebd3b35ecadd06b3a042358d637e847083ae86379a96637460e
0x43cd5e1de4d672aef2bfa166b0c83e8a1f6ac664,0x28b1dc1a5e3699a428bc51d234dfab7c9cb2a183,0.0,2026-04-23T12:13:35+00:00,0x0ea00ad1ec8956b3c4a0edc9b2c2c0a59ce70ccbb7729d7725bde7b176e0e70a
0x1b093c152d54705f1c2cb1f6bfcc8066828026f3,0x28b1dc1a5e3699a428bc51d234dfab7c9cb2a183,0.0,2026-04-23T12:13:35+00:00,0x9fc963c17ed0c8da92da1f9373c5e865887b5f6fd798d7ca517d2480f56ca2db
0x1184100177d987796aa791fdbd45704d50f11cac,0x28b1dc1a5e3699a428bc51d234dfab7c9cb2a183,0.01,2026-04-23T12:13:35+00:00,0x08455232695384468aa4028c96415e57b168a7dec1d29c740b05260cb0bfd29e
0x0b13a990cd5ba3ca67919e6ea3f0a96fb789c564,0x28b1dc1a5e3699a428bc51d234dfab7c9cb2a183,0.1,2026-04-23T12:13:35+00:00,0x21f858784e3131befc47e851f06f987c3334dbc5788241336c5db3da1b4fb76e
0x63e52e393648159e016c3f0dce7b7de00809cf6d,0x28b1dc1a5e3699a428bc51d234dfab7c9cb2a183,0.03314098594328261,2026-04-23T12:13:35+00:00,0x8e8ab65bcab9459a0e7ae24b5a8d9eda9b412fa1933ef7585237be1b77863822
0x291d8209597477ddeeca822b713a0355d0b8e3db,0x28b1dc1a5e3699a428bc51d234dfab7c9cb2a183,0.0,2026-04-23T12:13:35+00:00,0x62a0f9ba5f48124f556d76a0cd5a91b413d58e9cd3ae1c87c6b74b6935132816
0x77070e9e80744e630fca34109c2e77e854fcf975,0x28b1dc1a5e3699a428bc51d234dfab7c9cb2a183,0.0,2026-04-23T12:13:47+00:00,0x9a7e44ada54333550320c930d9cbdf58cb6f872c677c4ebb1d083fbc7c1be3d0
0xad2d63c6147b5d6a2eed0ff1d26752e53fc692c2,0x28b1dc1a5e3699a428bc51d234dfab7c9cb2a183,0.0,2026-04-23T12:13:47+00:00,0x3706412daf5ffba3c2fdac776b08933d6bcd336a25d3621f2749fa9b0eb8266f
0xb713fb31ff64c6d6e1cc67eea30724ae4a1ac2d8,0x28b1dc1a5e3699a428bc51d234dfab7c9cb2a183,0.0,2026-04-23T12:13:47+00:00,0x1af05656ad4890f5af4fa5227dfeb93d75be141ab3fa72b5f7676ac86d29531c
0x0816cc0ba2a6857998059f41f6c389a5b28584a9,0x28b1dc1a5e3699a428bc51d234dfab7c9cb2a183,0.0,2026-04-23T12:13:59+00:00,0x674290ec2be3bd2a89c0bd498ff004147ffe79927189f5417719e3446328cd1a
0xc26cfdf1a348e9a3c6f4ef697f0c8c9c1559a469,0x28b1dc1a5e3699a428bc51d234dfab7c9cb2a183,0.0,2026-04-23T12:13:59+00:00,0x2e0cf00554e89c18282cf5709d1a02ec47a57a33a3ee811403b1f2c175bffee4
0x556b84d713ef8921ba9d7311a2542771c9ff61ae,0x28b1dc1a5e3699a428bc51d234dfab7c9cb2a183,0.0,2026-04-23T12:13:59+00:00,0x69ae4cc7b517fa41e50516da43ebcc5d7d0c4d3d37e2a78e19f6d4982350180c
0xee77e13dbcda3b58d022af07a66797765800a18f,0x28b1dc1a5e3699a428bc51d234dfab7c9cb2a183,0.0,2026-04-23T12:13:59+00:00,0xd440cf0a4b04fddc24058832802b8f705e7db607dcd2a369c516414ec47ed686
0x04b38f0036ab3f4574d7acfb249e022d21424202,0x28b1dc1a5e3699a428bc51d234dfab7c9cb2a183,0.0,2026-04-23T12:13:59+00:00,0x29c787bc9a85d8e0cffa8e00e4301ab2baf0d9ff5810528b78150471b0dde75d
0x73caad6e16cc5eedb2ba615974f8585dcb0d44dc,0x28b1dc1a5e3699a428bc51d234dfab7c9cb2a183,0.1962751945557529,2026-04-23T12:13:59+00:00,0xf4c3ab3aa7162d8ac7ddae13db4654803f68b712c2574e184457b24d8a4afdcc
0xe6f919afc3dfaffccd76f63e60f032b43eee2334,0x28b1dc1a5e3699a428bc51d234dfab7c9cb2a183,0.0,2026-04-23T12:13:59+00:00,0x79e15f88cf9572fa26e5d191822ac5e863af0950b93388eacf65e4275b41ccad
0xa4cdc22805e0f8813245ca4fdcac9e78436c2d76,0x28b1dc1a5e3699a428bc51d234dfab7c9cb2a183,0.0,2026-04-23T12:13:59+00:00,0x5c2321e3a9e5545732cb90de37f6720dea18c3bb6154258c64eac60c1c07d942
0x1ef3a605cb43f1e5e8e1660452e889a8e2a5a2ac,0x28b1dc1a5e3699a428bc51d234dfab7c9cb2a183,0.00403540918509401,2026-04-23T12:13:59+00:00,0x8b84486c1444cc590c6d313d43e9083123486bfbd84cf3585c114cc54c1a8b00
0x9765d7cda45ca8340cf39cf5dfc70005708c7d4c,0x28b1dc1a5e3699a428bc51d234dfab7c9cb2a183,0.05,2026-04-23T12:13:59+00:00,0x2255c643f8a0d0d3dc5857c683d19e7930d40ab97b3e99a3492d83b6cd5343c4
0xad2d63c6147b5d6a2eed0ff1d26752e53fc692c2,0x28b1dc1a5e3699a428bc51d234dfab7c9cb2a183,0.0,2026-04-23T12:14:11+00:00,0x4f32d698cab9bd9135c04baef38de9cd61a3baaf95bfdbcc9dea01b7005a747d
0x43cd5e1de4d672aef2bfa166b0c83e8a1f6ac664,0x28b1dc1a5e3699a428bc51d234dfab7c9cb2a183,0.0,2026-04-23T12:14:11+00:00,0x51e20501c452672cedf3657b0773990b9a6cc6f4e37ed3a24471bd78e119aeb8
0x7809dc137842347bc4597d6bd4f8fa88d991ae3f,0x28b1dc1a5e3699a428bc51d234dfab7c9cb2a183,0.0,2026-04-23T12:14:23+00:00,0x1755042ea081a82413fbd160ac3567d9930090916ae3f3cdda75de5ae1bae52c
0xb338b923851f4166a74cbdcf65deaa3e5c19c3a5,0x28b1dc1a5e3699a428bc51d234dfab7c9cb2a183,0.0,2026-04-23T12:14:23+00:00,0x18c86f0a2823f3343eb13e078940151af92b4089cca104cf65dfdcfcceab9259
0x0acd7603ac16d695da6c26175ee897a08af279a9,0x28b1dc1a5e3699a428bc51d234dfab7c9cb2a183,0.007,2026-04-23T12:14:23+00:00,0x0fe2beed63f8826e22c7290975bb0fc4bbef31fb11da5fe08ae576a576134016
0x556b84d713ef8921ba9d7311a2542771c9ff61ae,0x28b1dc1a5e3699a428bc51d234dfab7c9cb2a183,0.0,2026-04-23T12:14:35+00:00,0xd3f1e3432dba6fb0baaf530ac036e4bba877fad5119435a9f156a9829a8f7f6b
0xa0388695d30550c9cda818dfd5489d68d4585262,0x28b1dc1a5e3699a428bc51d234dfab7c9cb2a183,0.0,2026-04-23T12:14:35+00:00,0x4414a2f6d30b04eb21317dad5a783f726afa9af6fe50533dbd8d03a3d3ceb181
0x75d9de240583bde0410a56c937789b9f457e2309,0x28b1dc1a5e3699a428bc51d234dfab7c9cb2a183,0.0,2026-04-23T12:14:35+00:00,0xf231f81894d14ee72b274ca477912da25601aef2d337a42a2a1ec16d4b9af7bf
0xe265cd72d309e1bbc089e31d5108faa383d895d2,0x28b1dc1a5e3699a428bc51d234dfab7c9cb2a183,0.05,2026-04-23T12:14:35+00:00,0x018530a0c6c36207ce90748b29a6e3e525be22347ba447704f171c615d6abd9d
0xaaaa6bc3ae771346a4bf914b53440219dbb0f6b5,0x28b1dc1a5e3699a428bc51d234dfab7c9cb2a183,0.1,2026-04-23T12:14:35+00:00,0xed174a4fa937218bacedcd8db3333ef8ad7456b6c9582d85c8f4f503f4799fd2
0x1bc46b0af110e6e6362c77b9115df193233b4e07,0x28b1dc1a5e3699a428bc51d234dfab7c9cb2a183,0.01,2026-04-23T12:14:35+00:00,0xba2164cf07c9374b13bc3989917653d1fc8609b68820b23b9303bf9f125203e4
0x4d68966f6b7773e5ab9a7347e66a65744b284a2e,0x28b1dc1a5e3699a428bc51d234dfab7c9cb2a183,0.0,2026-04-23T12:14:35+00:00,0xa75eba81491ee9fbb7215abb12f86a05410d9be553284a1fb4524132c62c83ea
0x0152c6524fadc5b075f4d47de1d36f827a51b79a,0x28b1dc1a5e3699a428bc51d234dfab7c9cb2a183,0.0,2026-04-23T12:14:47+00:00,0x8db14a3b188947b5178c3748aff1ac2920ed58ec2c3af6a4b9862e4b5cc436ff
0xb7e2d562d09f4040a8410401b85911a1ab298123,0x28b1dc1a5e3699a428bc51d234dfab7c9cb2a183,0.0,2026-04-23T12:14:47+00:00,0x67840251c0c823d1e8e277598e25b48f52b0de36fb996ed6a6a406c7d999e73a
0x0b13a990cd5ba3ca67919e6ea3f0a96fb789c564,0x28b1dc1a5e3699a428bc51d234dfab7c9cb2a183,0.1,2026-04-23T12:14:47+00:00,0xa77bff3e7e59552e1c7f9ed64e0636698afe60b36ea3e7848eb13d816f6992ae
0xd40854fe02d033000be9a863511f0f53d5667bac,0x28b1dc1a5e3699a428bc51d234dfab7c9cb2a183,0.0,2026-04-23T12:14:47+00:00,0x3bf22c9c3e12e261d001105a518c88d9445039868cdb08c6b346ed8ef71dee8c
0x283ef58aeab86ca9afe288829ffe5e1f60d02320,0x28b1dc1a5e3699a428bc51d234dfab7c9cb2a183,0.0,2026-04-23T12:14:59+00:00,0x894f812d1240baae17e2520a05675b67457013a86d0052c2f1b2b11e5d23e1a9
0xe785a716d11e067e1f7e3cc2747892125f2e493c,0x28b1dc1a5e3699a428bc51d234dfab7c9cb2a183,0.0,2026-04-23T12:15:11+00:00,0xb69a502a07257bb73fd2d849101ee1156ecd191fc23f55316252e0aeaaeae559
0x7c23d2bed92e87444122c7bc3ee202902fdb858d,0x28b1dc1a5e3699a428bc51d234dfab7c9cb2a183,0.42,2026-04-23T12:15:11+00:00,0x00963d3a882979baa6f01d2bc3c1cba58785789a9d1418376ed72699137ad828
0x75d9de240583bde0410a56c937789b9f457e2309,0x28b1dc1a5e3699a428bc51d234dfab7c9cb2a183,0.0,2026-04-23T12:15:11+00:00,0xefa7093acd8992fc485628d69b6336b27d5aba30b399da875816d54a1ad4c44b
0xa79b8fef72df5f93df78181fb5bc1791587fdee8,0x28b1dc1a5e3699a428bc51d234dfab7c9cb2a183,0.002865266119,2026-04-23T12:15:11+00:00,0x43e9e7c8002145b25ea53d0e08d76f406d1314e11818619275362bacee2f9210
0x4d68966f6b7773e5ab9a7347e66a65744b284a2e,0x28b1dc1a5e3699a428bc51d234dfab7c9cb2a183,0.063,2026-04-23T12:15:11+00:00,0xb25d8d86410835adb2ccc8508b43074c1296fd181843a989cae0ec042f71fd2d
0x9765d7cda45ca8340cf39cf5dfc70005708c7d4c,0x28b1dc1a5e3699a428bc51d234dfab7c9cb2a183,0.02,2026-04-23T12:15:11+00:00,0xc9d82c707c85b2c81c22e28118b9c7ab6019a5ff795b30cf7f506eea010bb337
0xe4df3aab1820e0cadc0eb6327a43eef087cc475c,0x28b1dc1a5e3699a428bc51d234dfab7c9cb2a183,0.0,2026-04-23T12:15:11+00:00,0x757ad13de9ab063baecc02fdf31ebdddaa47728b6c0888e1b09e8fc8375669cd
0x692a90eb46a989cf5747a5bd971a9a1d69a33e00,0x28b1dc1a5e3699a428bc51d234dfab7c9cb2a183,0.06311334027901688,2026-04-23T12:15:11+00:00,0xd40d81eb3eba723637086ef8e85756cc09c896676f45d4be61c67812fc30a009
0x10358a60fbed92f8955edbb68782a5190054cd1d,0x28b1dc1a5e3699a428bc51d234dfab7c9cb2a183,0.07,2026-04-23T12:15:11+00:00,0x4f35e8cb217e45b155ecbd2537881412cd0a7e319e0abb539258a3f5427be145
0x4b96b0c619b0d0d41fb3199b9499111ac95257c2,0x28b1dc1a5e3699a428bc51d234dfab7c9cb2a183,0.0,2026-04-23T12:15:23+00:00,0xa618ff143fc98775a8deff471b84f7e677974a64b2a931b6acb1df15bdef923b
0xe888b8de409db845f3acce55d7f13353aff67092,0x28b1dc1a5e3699a428bc51d234dfab7c9cb2a183,0.025,2026-04-23T12:15:23+00:00,0xd618432bdc913a6dfaf90230af0ebc45a969406b9b6de24163936e9f66de880e
0xff80420325c91e46d388a6b90bb80887feca7ee0,0x28b1dc1a5e3699a428bc51d234dfab7c9cb2a183,0.0,2026-04-23T12:15:23+00:00,0xdc28d15b345cbfb63ed4d7897dd5cea010f14ec48650a9e1cb5b73cf6f7f88ae
0x88538812e41b89689f5e23871ef5d5ce2be0f987,0x28b1dc1a5e3699a428bc51d234dfab7c9cb2a183,0.0,2026-04-23T12:15:23+00:00,0x94d2f9286594eee53605a04fd8dcb84138fd10e3a0276f5a9de1c1c134adc2e2
0xd2513cc391f2c4aa942834b0e1f81a6a7bfb57e0,0x28b1dc1a5e3699a428bc51d234dfab7c9cb2a183,0.0,2026-04-23T12:15:23+00:00,0x94ad6289f8c4c140a92a97587601bfe4402aebcd0f5774abfe8c3d8f76503f5f
0x198e5f10b9675d6752c7788e16de70798a99061c,0x28b1dc1a5e3699a428bc51d234dfab7c9cb2a183,0.0,2026-04-23T12:15:23+00:00,0x03d213a2e285877f6fc0bdccf651b1bd62416718e9933c32100f8dbe05b55903
0x6a67ed0dc170679d42d2c401334776a8dfcd0cf7,0x28b1dc1a5e3699a428bc51d234dfab7c9cb2a183,0.0,2026-04-23T12:15:35+00:00,0x96f10ae8a9b45dc5032af1c0a560dd4ea6e5e8ba4c4932a3265b858659d6963d
0xc356ca5e825a0e2c702dd15643cad99b63744bf3,0x28b1dc1a5e3699a428bc51d234dfab7c9cb2a183,0.0,2026-04-23T12:15:35+00:00,0x083769940d445407ed5d0c334b62ea79e5f4b86a0345fd092c939bd629474bde
0x880c83d8fdde32ee47bb72389294124d1097198f,0x28b1dc1a5e3699a428bc51d234dfab7c9cb2a183,0.0,2026-04-23T12:15:35+00:00,0xc18f8bd410039ccaeadb434857deaf2a68454623523de0e8d60d65cff02e750d
0xd896e69d4bf4067399f6f716836479c0a1faf017,0x28b1dc1a5e3699a428bc51d234dfab7c9cb2a183,0.05,2026-04-23T12:15:47+00:00,0x86737637cac4388472a7532d61a094b181cf48326008489344bbb2eec669cc0a
0x4aafeace1d04533061328ded010ae781b0e86b22,0x28b1dc1a5e3699a428bc51d234dfab7c9cb2a183,0.0,2026-04-23T12:15:47+00:00,0x637b4ea16fa296da35007df494f91d7a42b1e762bc56491a219278dde950c003
0xf912dde5f640df7e0c34b23cf0bec788325ea8aa,0x28b1dc1a5e3699a428bc51d234dfab7c9cb2a183,0.0,2026-04-23T12:15:47+00:00,0x8cf217d241e70693973b42bdb77583ff60bb8d428636fb174654f65e1a999068
0xa6efdcdef0da0fc6be701684aaa951530df9b867,0x28b1dc1a5e3699a428bc51d234dfab7c9cb2a183,0.0,2026-04-23T12:15:47+00:00,0xcd891fae3bd81e332936b58ac1839628ad30d29ed9b1c3c4e8ba1771ec6f9637
0xeb8670d7afa74ec8d29c8b072dc96bbfedda66a4,0x28b1dc1a5e3699a428bc51d234dfab7c9cb2a183,0.0,2026-04-23T12:15:47+00:00,0x486516d116ac3e7926c3280c093e4df1704b08633811f0191ff626a1b0cfb5e0
0xbd69b8142aa22a011dc71affe3be52f3222b4c5e,0x28b1dc1a5e3699a428bc51d234dfab7c9cb2a183,0.0,2026-04-23T12:15:47+00:00,0x422ee3eecdf522516702004bda836c9641c975f3834195039fda4f9986f2c272
0x5da0c3b2303dbb86a1ccc5252e026bd28d40a028,0x28b1dc1a5e3699a428bc51d234dfab7c9cb2a183,0.0,2026-04-23T12:15:47+00:00,0xc0362ecaa12c1bf25a667754b7092d005a953b766b7897a3277bc9b5101fa7a2
0x19529ad04247f20fac38bc1348065a0cdb60d75a,0x28b1dc1a5e3699a428bc51d234dfab7c9cb2a183,0.0,2026-04-23T12:15:47+00:00,0x9322fda620354a2ffd132062ddabdd7feaf7a347d330accb058749e28b9bfaf0
0x0b13a990cd5ba3ca67919e6ea3f0a96fb789c564,0x28b1dc1a5e3699a428bc51d234dfab7c9cb2a183,0.1,2026-04-23T12:15:47+00:00,0x81b7fdae429484204fbda6a5980457c5c05a74da7c27a527f2a3525f20066e31
0xff80420325c91e46d388a6b90bb80887feca7ee0,0x28b1dc1a5e3699a428bc51d234dfab7c9cb2a183,0.04707209891476297,2026-04-23T12:15:47+00:00,0x07d9c8fa690a58caf1434d1a80f39718fdbc99b10da0a7b1acca603f35f1bd07
0x3a57d6fcc1b49945bdb1d75fe8122dc5a5497192,0x28b1dc1a5e3699a428bc51d234dfab7c9cb2a183,0.4,2026-04-23T12:15:47+00:00,0xbb1b253f02b84c1c9313d32c00dd9c1b12259588dba007822e25932dbf57375c
0xe06b1ddb23d3a50f46e7e23af0e0547e5c166e96,0x28b1dc1a5e3699a428bc51d234dfab7c9cb2a183,0.0,2026-04-23T12:15:59+00:00,0xee999a446b2aee70b1321dbe457267f1ab46fbca16492eee8a920c047c9874c3
0x9a8fafb259e9d85016e00c4fb80e2f3399b4296d,0x28b1dc1a5e3699a428bc51d234dfab7c9cb2a183,0.0,2026-04-23T12:15:59+00:00,0xe46e19571f1e01ca4b4253928ece77ddce0eb2f03363868efdd2f5ef1870652b
0x537948624d4e8c4fa9cfcf8170906620d43b482c,0x28b1dc1a5e3699a428bc51d234dfab7c9cb2a183,1.0,2026-04-23T12:16:11+00:00,0xd04ebe20cbb88f3208fbe3d7620a94d7a3269dc9520269dc252b1d90e930cdb3
0x3989538137241a524846ff8be779677153812463,0x28b1dc1a5e3699a428bc51d234dfab7c9cb2a183,0.0,2026-04-23T12:16:11+00:00,0x8189ec02a5c8b12d0851864b6a9dae9f8e6c6c51705b5af59fdb0c8e5de7d266
0x6b0e94a29c1e6b961b0898e3f922c0e8316927c3,0x28b1dc1a5e3699a428bc51d234dfab7c9cb2a183,0.05,2026-04-23T12:16:11+00:00,0x93bd790788343d48df137ab72fb99f2fe435a5f3a1c68fe84a7818e104d484eb
0xe2c1187a45905ccdbff55d7b97c21320ea739791,0x28b1dc1a5e3699a428bc51d234dfab7c9cb2a183,0.0,2026-04-23T12:16:11+00:00,0x469fa9eed13ee1ef3fb641ba537efff68125825595075cfd551da367fb751290
0x80e17119a88f291d0f078b2d1a976ab01772b1cb,0x28b1dc1a5e3699a428bc51d234dfab7c9cb2a183,0.0,2026-04-23T12:16:11+00:00,0xdaca2332eaf11c8b3f4d824ea118ce658c1d44083442a9767460f753979f7c6c
0x0cc7505da4132d00c25f9f0b8b1826465546cb3b,0x28b1dc1a5e3699a428bc51d234dfab7c9cb2a183,0.0,2026-04-23T12:16:11+00:00,0xb0a14495b174f390ff6f733b0b9633e91df4f63e7cad9ca63855b9dccc99d79d
0x283ef58aeab86ca9afe288829ffe5e1f60d02320,0x28b1dc1a5e3699a428bc51d234dfab7c9cb2a183,0.0,2026-04-23T12:16:11+00:00,0xc0e5db8853de1c381992231b28dd81e60e073275b92273197762fd260033bb82
0xad223df983dbb09aec07331978e161a5b7bd6ec6,0x28b1dc1a5e3699a428bc51d234dfab7c9cb2a183,0.0,2026-04-23T12:16:23+00:00,0x4be59a3b51a49f8a9676b82e5b8f4d1e53e6b2d53ce07ab233f5226bed471605
0x0cc7505da4132d00c25f9f0b8b1826465546cb3b,0x28b1dc1a5e3699a428bc51d234dfab7c9cb2a183,0.0,2026-04-23T12:16:23+00:00,0xc676e7284707cb94abe1ba7c47ba8adb514418baad7ac49035c29e0dda41eaeb
0x57b73dceab2fb54ebaf34f93573f1ff3a641b4d7,0x28b1dc1a5e3699a428bc51d234dfab7c9cb2a183,0.0,2026-04-23T12:16:23+00:00,0xc8f0fe60cbc8d8390144aa5a795f083db5c68a92b80800011c322fec5dfd0ed1
0xd9343296d365c347a840f9a7533cf2efbee5699e,0x28b1dc1a5e3699a428bc51d234dfab7c9cb2a183,0.0,2026-04-23T12:16:23+00:00,0xe87fe84a456a400e1b96beb6975753e0e601dc9e77b56bc08f4c564933dcc7d9
0x59aa6521facd6004b30dcaed8e64a3b8e4918340,0x28b1dc1a5e3699a428bc51d234dfab7c9cb2a183,0.0,2026-04-23T12:16:23+00:00,0x3e592a636b035bc9014700cfc521e23657084d4672707d836f4d03649ebdcef2
0xb94502055af05098d17566684fffa9c69dc92c06,0x28b1dc1a5e3699a428bc51d234dfab7c9cb2a183,0.048,2026-04-23T12:16:23+00:00,0x156969db9abfc0384fb570013222ec085b4bad52e398d2d959abc7b38159ea03
0x3a6650bad8c5f0d68c93a7f172f7433122df8b5c,0x28b1dc1a5e3699a428bc51d234dfab7c9cb2a183,0.0,2026-04-23T12:16:35+00:00,0x698f8ddfd7215de2533a992722651a3c8c96ccc65d0a1d3631f352d2bc1c3bbf
0x01e0118dee909bfa26a30554c63b448bda54e05c,0x28b1dc1a5e3699a428bc51d234dfab7c9cb2a183,0.002922090289162124,2026-04-23T12:16:35+00:00,0x9e0e141eab5a4fc8129ad60c99afee730dc750ff97d96b60a838c4d96b108f0e
0xa4cdc22805e0f8813245ca4fdcac9e78436c2d76,0x28b1dc1a5e3699a428bc51d234dfab7c9cb2a183,0.05,2026-04-23T12:16:35+00:00,0xc720b2f85e8bc256d72809833efa3a908da4956996d9d521b18fd77a939e5536
0x6cf2860d252b0b90b04a9f1f8aa78a81b0be4f8d,0x28b1dc1a5e3699a428bc51d234dfab7c9cb2a183,0.0,2026-04-23T12:16:47+00:00,0x4bc7c528d1c0548db1ece24986b70d06c61d1fd6b2d20d3e36f35fba97df06c4
0x19529ad04247f20fac38bc1348065a0cdb60d75a,0x28b1dc1a5e3699a428bc51d234dfab7c9cb2a183,0.0,2026-04-23T12:16:47+00:00,0x5c0bd83bfa5723087f148c5ec84228da3022c386a708d18db4dd70c0fe89e68a
0x5039d6b829fae68ade28c014430e50f58832a6d1,0x28b1dc1a5e3699a428bc51d234dfab7c9cb2a183,0.0258,2026-04-23T12:16:47+00:00,0x3fb394fb4de7fcfe88cbc8b0619d3694d33d0ce18eb3a9b992ccef102a6bdb37
0x8634611fecc89b239dcb89d3c98521f434a8aa73,0x28b1dc1a5e3699a428bc51d234dfab7c9cb2a183,0.02397236,2026-04-23T12:16:47+00:00,0xd607c453fdd5fc44a09b873baf92ab891fe89876a8660a21cfd0e7c7861d53d2
0xcf6b58aaa6e5e8cc0201b0e33abf1c07df13cabd,0x28b1dc1a5e3699a428bc51d234dfab7c9cb2a183,0.002,2026-04-23T12:16:59+00:00,0x469448e831ec374d6b66a74a516779bf68471fe5e829a96425040e8170be901d
0xba7951d0d53fa6dd7709859abf90b1ea88a7a1f7,0x28b1dc1a5e3699a428bc51d234dfab7c9cb2a183,0.01,2026-04-23T12:16:59+00:00,0xe29d7666e1bc754557a15b523ad22871b2c8d5cc19bec897b9dc333f3842a7d0
0x472adfea748bb234cefd736529b0036b3484ef70,0x28b1dc1a5e3699a428bc51d234dfab7c9cb2a183,0.0,2026-04-23T12:16:59+00:00,0x715ac54a2f39943dd5e24b321edad9e246306b400c73a5218456017b61ad28d5
0xe06b1ddb23d3a50f46e7e23af0e0547e5c166e96,0x28b1dc1a5e3699a428bc51d234dfab7c9cb2a183,0.0,2026-04-23T12:17:11+00:00,0xb4ff087da5cbc600cf41ee4de2a96fe4f5941dd04264b285d18ca884a47a7322
0xa0b1390ca944458046ff306d64a6c009b36a18b3,0x28b1dc1a5e3699a428bc51d234dfab7c9cb2a183,0.4,2026-04-23T12:17:11+00:00,0xa0e20e0b75623ff42dfa639984e758249e6eb42bf51a2f5181159d33056df471
0x499b66d3b92c85986af29d9f3b155ba60eadb6e9,0x28b1dc1a5e3699a428bc51d234dfab7c9cb2a183,0.01,2026-04-23T12:17:11+00:00,0x5581926dbf52ffd07b8eec849287ace0d1f8dc3e8301de0d3f4f9f154c8d3316
0x93d6519b391d69ed68d4d36f5bf26c862c6274e6,0x28b1dc1a5e3699a428bc51d234dfab7c9cb2a183,0.0,2026-04-23T12:17:11+00:00,0x39716f29d9fd39b22e239caeb1b9b87fc34fc1e279b2cc6e647bc5d358a6fb13
0x65ea883cd0d47ea7c2136cae0fbcc6cce360f2d9,0x28b1dc1a5e3699a428bc51d234dfab7c9cb2a183,0.0,2026-04-23T12:17:11+00:00,0xc39ed6e3950fcb7a3535d8b83e9fde7da5511da2c04bb476d4b188c508626f5b
0x80e17119a88f291d0f078b2d1a976ab01772b1cb,0x28b1dc1a5e3699a428bc51d234dfab7c9cb2a183,0.009439827881257941,2026-04-23T12:17:11+00:00,0xd47fbb2ab9b168205072fbd8db1d5d74dc5bc012c95b255488d126f7a888fd5f
0x74f73875ee43c4e2a8c6b603465e38bf09419f00,0x28b1dc1a5e3699a428bc51d234dfab7c9cb2a183,0.1,2026-04-23T12:17:11+00:00,0xa2c4a4f6b7f1ed386dc97f924f298481f8ffd0215a032202da6701263a667b53
0x1c4c79d7e3b48540582e722b909b359ebf58b1d6,0x28b1dc1a5e3699a428bc51d234dfab7c9cb2a183,0.08,2026-04-23T12:17:23+00:00,0xf2a592a1d0bb03e3e43d210c43c1499e33d46a42470b3993f7342a6d59b6146f
0xbbe06ea75813760ae2387276b64b592a4b6ce29f,0x28b1dc1a5e3699a428bc51d234dfab7c9cb2a183,0.0,2026-04-23T12:17:23+00:00,0x2fe9792374753311362f1ab66bddbf5af02fbe2b800c3a831c39699b2a126a32
0x3a6650bad8c5f0d68c93a7f172f7433122df8b5c,0x28b1dc1a5e3699a428bc51d234dfab7c9cb2a183,0.029970699831736985,2026-04-23T12:17:23+00:00,0x5aa030fbbb0e7559cfac38d27f40b0f9005d2d87d04bc3f7336ac85149ca5d8b
0x1ef3a605cb43f1e5e8e1660452e889a8e2a5a2ac,0x28b1dc1a5e3699a428bc51d234dfab7c9cb2a183,0.001784212545067732,2026-04-23T12:17:23+00:00,0x3448e58a672e819dd815082a63ee72ca11590bb2daf35d38c190f6f7eee49503
0x43cd5e1de4d672aef2bfa166b0c83e8a1f6ac664,0x28b1dc1a5e3699a428bc51d234dfab7c9cb2a183,0.073,2026-04-23T12:17:23+00:00,0x81bcb1fb0f68386aaeffc47a61f0f14e491d67bf3068417e389c9205e2ec9999
0x6b0e94a29c1e6b961b0898e3f922c0e8316927c3,0x28b1dc1a5e3699a428bc51d234dfab7c9cb2a183,0.05,2026-04-23T12:17:35+00:00,0xdc81bbd0a097798f52fe53b6a2bfd759297f08eedd9b301a9d5e872db62987ee
0xad397e1c238db7427a963ddfc2001060e8159917,0x28b1dc1a5e3699a428bc51d234dfab7c9cb2a183,0.0,2026-04-23T12:17:35+00:00,0x97a32d08fde473e3c975010a96a0d0261253eece4131ef2c97b380c0723907e6
0xedb80a8d1290387a4b28585c5c86ce4ca1ed31a6,0x28b1dc1a5e3699a428bc51d234dfab7c9cb2a183,0.01,2026-04-23T12:17:35+00:00,0x2d6053e1884031707f42e45abf5f7879710dea8f86553bb666804e206a3f71f5
0x1b20cf1c454ac4714ce34a8a9b29454357eaa814,0x28b1dc1a5e3699a428bc51d234dfab7c9cb2a183,0.0,2026-04-23T12:17:47+00:00,0x017e826b01fa1ba591d3325a2b2a0463501ed2bb68de045b65fd48cbcd079e3e
0xc26cfdf1a348e9a3c6f4ef697f0c8c9c1559a469,0x28b1dc1a5e3699a428bc51d234dfab7c9cb2a183,0.0,2026-04-23T12:17:47+00:00,0xed41754ac4504b84a0f4b7d0ef96871226dba91dd688ddf00d4848a8bc7c3dd6
0xfbf4291ba24cb361aea670712c6d13ea52a18b23,0x28b1dc1a5e3699a428bc51d234dfab7c9cb2a183,0.0,2026-04-23T12:17:47+00:00,0x6c1e0d493ea2baf4ac044745c6844cd0cd653f00f59fd887da9fd363ab61ac9a
0x0bf4c8a7c159387273ed97a57af68d42e1983793,0x28b1dc1a5e3699a428bc51d234dfab7c9cb2a183,0.0,2026-04-23T12:17:47+00:00,0xb5a35e27ef0ed4dc32e7377b2759b8f28905b8e797052a35c4ff6aebd86a4a08
0x0bd2a5a7d46ebebadf0c0c9e3403f81d3d780afd,0x28b1dc1a5e3699a428bc51d234dfab7c9cb2a183,0.0,2026-04-23T12:17:59+00:00,0x32f17dfaffd06e6fef8037235db2a63e84e6b88185dac17adc4f5aded88250d9
0x2c849c4918ffae60ab5a1191c42600cfd77a8751,0x28b1dc1a5e3699a428bc51d234dfab7c9cb2a183,0.1,2026-04-23T12:17:59+00:00,0x0f41f1e9b48a7486cbcd45c65359629c70c18535fcee564f82aee9770b1d5a7e
0x88538812e41b89689f5e23871ef5d5ce2be0f987,0x28b1dc1a5e3699a428bc51d234dfab7c9cb2a183,0.0,2026-04-23T12:17:59+00:00,0x2d0c2f7c0c44869f12f46191d439d601c423838f1e2f35e67ad3d4994745c069
0x54a8d324857c8edb5d2ccabde96373a738d49aec,0x28b1dc1a5e3699a428bc51d234dfab7c9cb2a183,0.0,2026-04-23T12:17:59+00:00,0x1f499e437a6916de1f0300897aa826e799934a2e1742785e87996c46058eabfc
0x9a8fafb259e9d85016e00c4fb80e2f3399b4296d,0x28b1dc1a5e3699a428bc51d234dfab7c9cb2a183,0.0,2026-04-23T12:17:59+00:00,0xaedad1e6ce49a130939decfc4670f8924f54069ef11b91d7e778b5ffd8d16be8
0xe18c8685818cb936dc2448be33349da61b412a4d,0x28b1dc1a5e3699a428bc51d234dfab7c9cb2a183,0.2,2026-04-23T12:17:59+00:00,0x46542171a9596d2fcaaeb8ac3522687a1c496b8c59197bfa0be4b8c85eb85c6a
0xfc416e8116fdef4335d3fe2183ba608c4bc2120d,0x28b1dc1a5e3699a428bc51d234dfab7c9cb2a183,0.0,2026-04-23T12:17:59+00:00,0x160c396cd69ea92eeacae73c2f905c4e4bfa240a90115177cf1c433a51d9a7e7
0xbf9567564263349bec3860b96347e46d73cb5063,0x28b1dc1a5e3699a428bc51d234dfab7c9cb2a183,0.0,2026-04-23T12:17:59+00:00,0x10e5c3dd4e745d52ed703224a95b0b1d50372c3e7eccd4ce8f27b1c0b2d8c867
0xfd542a063ad8492897df056c39e2d2f064f84216,0x28b1dc1a5e3699a428bc51d234dfab7c9cb2a183,0.08577629587211497,2026-04-23T12:17:59+00:00,0x4d9bfc5e999410d66162536641586be7c1b1a4d610643a72ba3facf16d8caaaf
0x5bcdf4b4fc69ddd6a1d5dc2d630a1f2e3ce11f61,0x28b1dc1a5e3699a428bc51d234dfab7c9cb2a183,0.15,2026-04-23T12:17:59+00:00,0x9644a240647e12488244dc4eb014ea5416d8f40bc60fc5b2729bd1a7f08836a6
0x79d3d498a0706bd0589afcd97d29034a6031c701,0x28b1dc1a5e3699a428bc51d234dfab7c9cb2a183,0.092,2026-04-23T12:17:59+00:00,0xcb147c438339117292ace083e912d664674955bba1acac1278fa94ad2dd494b2
0xe785a716d11e067e1f7e3cc2747892125f2e493c,0x28b1dc1a5e3699a428bc51d234dfab7c9cb2a183,0.0,2026-04-23T12:18:11+00:00,0x9aa11e4004f641a8c22e3d3eff9a5c9cd34bbae15b55d9ee199f7ac1a89c8fee
