sender_address,recipient_address,amount,timestamp,metadata
0x00ff842be7e390605e7e3664ebfa0e432806500d,0xbdb3ba9ffe392549e1f8658dd2630c141fdf47b6,0.0,2026-03-09T14:51:59+00:00,0x4664f55cdd37b80941ac539c2f0cb4ebde8406f60af59911ef084d70b7aa0744
0x00ff842be7e390605e7e3664ebfa0e432806500d,0xbdb3ba9ffe392549e1f8658dd2630c141fdf47b6,0.0,2026-03-09T14:52:35+00:00,0xd1e3b50470fb24dca0f55aa8d02b5c109a3eb42dc0dd2f6e7ba1aee0919e1bd1
0x00ff842be7e390605e7e3664ebfa0e432806500d,0xbdb3ba9ffe392549e1f8658dd2630c141fdf47b6,0.0,2026-03-09T14:53:11+00:00,0x85a61147ed5ea890523fcf23d87abf597a9f52494c304712845eb8994e82a9c2
0x00ff842be7e390605e7e3664ebfa0e432806500d,0xbdb3ba9ffe392549e1f8658dd2630c141fdf47b6,0.0,2026-03-09T14:53:35+00:00,0xee4a5b670fbd76268dfa36b0842f8a1463e13e816b9d7ad25d3dc876bb16a231
0x00ff842be7e390605e7e3664ebfa0e432806500d,0xbdb3ba9ffe392549e1f8658dd2630c141fdf47b6,0.0,2026-03-09T14:54:11+00:00,0x16775ef8a74c6e67fc18c092a6de714d19a00f4721d367fb4ddd73c4d200bcb5
0x00ff842be7e390605e7e3664ebfa0e432806500d,0xbdb3ba9ffe392549e1f8658dd2630c141fdf47b6,0.0,2026-03-09T14:54:35+00:00,0x7947749ac3de2d4407eb5925535600537a3aa357621ae4a17985378941f649cd
0x00ff842be7e390605e7e3664ebfa0e432806500d,0xbdb3ba9ffe392549e1f8658dd2630c141fdf47b6,0.0,2026-03-09T14:54:59+00:00,0xd38a67b97b299fc9bde2e997178487337b32645c91a51b362dbd2ea7250ae664
0x00ff842be7e390605e7e3664ebfa0e432806500d,0xbdb3ba9ffe392549e1f8658dd2630c141fdf47b6,0.0,2026-03-09T14:55:23+00:00,0x2214d5c586924abf9736457b06eeaf031677b961c7662819d5b8414aaf65ab86
0x00ff842be7e390605e7e3664ebfa0e432806500d,0xbdb3ba9ffe392549e1f8658dd2630c141fdf47b6,0.0,2026-03-09T14:55:47+00:00,0xf0cbad6d6484f5c591122fad734b573274ccbca640c089f36b64e6ba67e76944
0x00ff842be7e390605e7e3664ebfa0e432806500d,0xbdb3ba9ffe392549e1f8658dd2630c141fdf47b6,0.0,2026-03-09T15:01:59+00:00,0xceefb758fd57da08c551cece6b3c02f7e822be2d13bee9f21d23999e81cd81e0
0x70ee0b3168043e2cfedbf1182f8991889cb4a4e0,0xbdb3ba9ffe392549e1f8658dd2630c141fdf47b6,0.0,2026-03-09T16:09:59+00:00,0xbb944435f02d2fce22e0fc9f6f7ca78421067e0cfe4d56e427c6cc77a2d63aa1
0x9cb2e1c8b929acffc9a20b8a668e05ca142dae14,0xbdb3ba9ffe392549e1f8658dd2630c141fdf47b6,2.5,2026-03-10T13:55:47+00:00,0x8b6e9b45047bb7dc559dfd29cbdb9bd4282259bb98b481e684ef3d4d83967682
0xdfd5293d8e347dfe59e90efd55b2956a1343963d,0xbdb3ba9ffe392549e1f8658dd2630c141fdf47b6,0.49985,2026-03-10T14:39:59+00:00,0x2f4749e4d03d7ee6659e23f5658e437d91515cc0318be7f2d6417b0194211a3f
0xbc73cbf7aa2fcba5f1b2e010aada76a721aea21c,0xbdb3ba9ffe392549e1f8658dd2630c141fdf47b6,2.4628022e-11,2026-03-10T15:40:35+00:00,0x1ad1fc13fdd8e7a3aa511cd8847e99187595f0096884b98df4d03a99b344a8ef
0x448166a91e7bc50d0ac720c2fbed29e0963f5af8,0xbdb3ba9ffe392549e1f8658dd2630c141fdf47b6,2.4628028e-11,2026-03-10T15:41:47+00:00,0xb296d4e8eba095144b7f013c58f5b4bb3e55553817ff3c3659f9a4780d324900
0x66c6778dedba51b87103c8543ee751e7cd960659,0xbdb3ba9ffe392549e1f8658dd2630c141fdf47b6,2.4628034e-11,2026-03-10T15:42:59+00:00,0xbb402a53da517239d52bdb1204860d8a59582b6794226c721135b53cc1f51c35
0xd9d8f818a7a71ed0e1fe936b991508b0e88b1609,0xbdb3ba9ffe392549e1f8658dd2630c141fdf47b6,2.4628036e-11,2026-03-10T15:43:23+00:00,0xc9e227ce65e25d07103bda839a0bbdf63e7845f3933a3082db60bb37cb16a1c6
0x5934e06498db785ff26807161ce9d09063231321,0xbdb3ba9ffe392549e1f8658dd2630c141fdf47b6,2.4628047e-11,2026-03-10T15:45:35+00:00,0x3e92acc62e931201b3c4140e5b7e0dfa7944d43c0bd79a9036d3a3ee6f9336c1
0xbeccf19b026f12677e5ce1ce9e2d94dcc4772feb,0xbdb3ba9ffe392549e1f8658dd2630c141fdf47b6,2.462805e-11,2026-03-10T15:46:11+00:00,0xedfa0b3f4e2567450fc6a7db3613badb0ffbf682c9f3b472c8d08b9e485bf36d
0x8357efa84f91013bd6b285ef0f6b93c211cc3d9d,0xbdb3ba9ffe392549e1f8658dd2630c141fdf47b6,2.462805e-11,2026-03-10T15:46:11+00:00,0xb76fcefafd7f0d1a0ab98ba20438d0a3a1014bb916e52555f86acbc5ad9396ed
0xbc73cbf7aa2fcba5f1b2e010aada76a721aea21c,0xbdb3ba9ffe392549e1f8658dd2630c141fdf47b6,2.4628058e-11,2026-03-10T15:47:47+00:00,0xa28f4eef3338a61ca4083d24727026acea5aac28816d109975b7ca7506c93a47
0x497a169e37064d92e018d363c86eb3611ec08963,0xbdb3ba9ffe392549e1f8658dd2630c141fdf47b6,2.4628058e-11,2026-03-10T15:47:47+00:00,0x65c58ccea1cd3c0c26843a59ab079c25a5333649098a8b71ab263a377ab5e214
0xbc73cbf7aa2fcba5f1b2e010aada76a721aea21c,0xbdb3ba9ffe392549e1f8658dd2630c141fdf47b6,2.4628063e-11,2026-03-10T15:48:47+00:00,0x656eec832594f0726f9b2cd557812342e025ad98cfe3616767984a8be625f6a5
0x497a169e37064d92e018d363c86eb3611ec08963,0xbdb3ba9ffe392549e1f8658dd2630c141fdf47b6,2.4628063e-11,2026-03-10T15:48:47+00:00,0x1a18fe55985d7ac9070fca7194e5ebab58503e450f3a422ba5b6d9d0f298bcde
0x66c6778dedba51b87103c8543ee751e7cd960659,0xbdb3ba9ffe392549e1f8658dd2630c141fdf47b6,2.4628067e-11,2026-03-10T15:49:35+00:00,0x37c2f9dd760e84b924b5c2b08664300986b8c79ba0b450c97ef8774470b14999
0x5934e06498db785ff26807161ce9d09063231321,0xbdb3ba9ffe392549e1f8658dd2630c141fdf47b6,2.4628067e-11,2026-03-10T15:49:35+00:00,0x235683fd7d330c57f0be155703314f6eb19fc415b039d0d362d79cbab054d892
0x9359269cfbb80d154129dd9b0074cd7336b9a3a6,0xbdb3ba9ffe392549e1f8658dd2630c141fdf47b6,2.4628067e-11,2026-03-10T15:49:35+00:00,0x2668c149f4d29e88bd2989946bf74d352972c0d230e6bfb9effae7c0bbaa8469
0x497a169e37064d92e018d363c86eb3611ec08963,0xbdb3ba9ffe392549e1f8658dd2630c141fdf47b6,2.4628068e-11,2026-03-10T15:49:47+00:00,0x10a3df4a5e0590906f9f95c276e86c44b9d12948c6904764ef8df0ea2ff08278
0xbc73cbf7aa2fcba5f1b2e010aada76a721aea21c,0xbdb3ba9ffe392549e1f8658dd2630c141fdf47b6,2.4628072e-11,2026-03-10T15:50:35+00:00,0xdd840248437b3bc5dc3124cbfa35f93e39457d14ab4de388ac1baa2cb4976ac9
0x497a169e37064d92e018d363c86eb3611ec08963,0xbdb3ba9ffe392549e1f8658dd2630c141fdf47b6,2.4628072e-11,2026-03-10T15:50:35+00:00,0x80f8a595ac8e28906481e40be7e3354c5b9090a9af3f73274d6e259bb34e7df5
0x497a169e37064d92e018d363c86eb3611ec08963,0xbdb3ba9ffe392549e1f8658dd2630c141fdf47b6,2.4628086e-11,2026-03-10T15:53:23+00:00,0xd5fd53b5db5009116060f6e73c8e1209504754e83d79de0579ac9fc739a3e97f
0x604d23a2ebb002df6fdc77b82da716222ca43b8b,0xbdb3ba9ffe392549e1f8658dd2630c141fdf47b6,2.4628092e-11,2026-03-10T15:54:35+00:00,0x3e3c15dc2e50413c3b8ec8d5cde4bbb43f05f207d64e5efef5f19b1d9fd26ad9
0xbc73cbf7aa2fcba5f1b2e010aada76a721aea21c,0xbdb3ba9ffe392549e1f8658dd2630c141fdf47b6,2.4628097e-11,2026-03-10T15:55:35+00:00,0xa682cc1773146e0a9872bd3d13d24c0b9339f06516d038c2366ddc9e12b17e80
0x7bf30399dba8051c2bf191afe2cd07ea4e064625,0xbdb3ba9ffe392549e1f8658dd2630c141fdf47b6,2.4628103e-11,2026-03-10T15:56:59+00:00,0x8eee40c157b67ddd6cd8b0bcbf761bba3aec4a9bc4d5da75369d7e85dd36c806
0x3d9aae030b9661e3605b3acb5d0385ede221a0cc,0xbdb3ba9ffe392549e1f8658dd2630c141fdf47b6,2.4628111e-11,2026-03-10T15:58:35+00:00,0xaeb37f6fde2a95168bff57429c95b4955ba8e96622ec83c05fbe57b00448ef8a
0xd9d8f818a7a71ed0e1fe936b991508b0e88b1609,0xbdb3ba9ffe392549e1f8658dd2630c141fdf47b6,2.4628113e-11,2026-03-10T15:58:59+00:00,0x49d8480dce7e96780a572a9ead7ce79a72375267b455a3b66b7cb4c5eecf62e0
0x3eff3dc5a4f5c65d28e88dc8fd22800979c9e7c6,0xbdb3ba9ffe392549e1f8658dd2630c141fdf47b6,2.4628114e-11,2026-03-10T15:59:11+00:00,0x3ab9e5432026266b8c73c156a38f2c5cfa10f018141aa7a87122208441ddc5b2
0x448166a91e7bc50d0ac720c2fbed29e0963f5af8,0xbdb3ba9ffe392549e1f8658dd2630c141fdf47b6,2.4628116e-11,2026-03-10T15:59:35+00:00,0x60040327180ccfef82daa9d4e6989c61b7e2db62175739b85949f27a091186fd
0x66c6778dedba51b87103c8543ee751e7cd960659,0xbdb3ba9ffe392549e1f8658dd2630c141fdf47b6,2.4628129e-11,2026-03-10T16:02:11+00:00,0x2aed923ae38ec28c1cdb362bbd8ea30811c22c25237548cca913da9805b6566c
0xbbde9f0c24b6f59d7e828bb4e129992be0cdc237,0xbdb3ba9ffe392549e1f8658dd2630c141fdf47b6,2.4628132e-11,2026-03-10T16:02:47+00:00,0xc86dcadd911aaa9595f8d67cb5a70c00e0784f7113d08b9e6a14608262420120
0x66c6778dedba51b87103c8543ee751e7cd960659,0xbdb3ba9ffe392549e1f8658dd2630c141fdf47b6,2.462814e-11,2026-03-10T16:04:23+00:00,0x521ea432907954324a3b47885e0b5b2334be97be2dc0db158f24fe9c8e3c23d1
0x448166a91e7bc50d0ac720c2fbed29e0963f5af8,0xbdb3ba9ffe392549e1f8658dd2630c141fdf47b6,2.462814e-11,2026-03-10T16:04:23+00:00,0x85816d272c7d6746a0d75c85d7a8437bb1caad7105821290b1cb20cbf6b3c16d
0xbeccf19b026f12677e5ce1ce9e2d94dcc4772feb,0xbdb3ba9ffe392549e1f8658dd2630c141fdf47b6,2.462814e-11,2026-03-10T16:04:23+00:00,0x2c3954b555a7082fc23c432116e1b9d8c316266f9d06dd2987e156812926d876
0x497a169e37064d92e018d363c86eb3611ec08963,0xbdb3ba9ffe392549e1f8658dd2630c141fdf47b6,2.4628141e-11,2026-03-10T16:04:35+00:00,0x3d66e4bbe5104ebfdf855a351081d930fc2f12c494fe1b335a825cf10bffc085
0x7bf30399dba8051c2bf191afe2cd07ea4e064625,0xbdb3ba9ffe392549e1f8658dd2630c141fdf47b6,2.4628143e-11,2026-03-10T16:05:11+00:00,0xec1d03a444a306181aa6f54679cc837835e2422341283c865d5658b3b2cace90
0x9359269cfbb80d154129dd9b0074cd7336b9a3a6,0xbdb3ba9ffe392549e1f8658dd2630c141fdf47b6,2.4628144e-11,2026-03-10T16:05:23+00:00,0x13796e5254f7a9634e98c75afda904f3e02984fc8b591db872efafdb5d2fc300
0x5934e06498db785ff26807161ce9d09063231321,0xbdb3ba9ffe392549e1f8658dd2630c141fdf47b6,2.4628145e-11,2026-03-10T16:05:35+00:00,0x8f9665d3d1234ff9df4194e503809f8f0e8166a2dac5ac9ae820e4da7fd3ea54
0x3d9aae030b9661e3605b3acb5d0385ede221a0cc,0xbdb3ba9ffe392549e1f8658dd2630c141fdf47b6,2.4628145e-11,2026-03-10T16:05:35+00:00,0x72ac1eba03c1181a74c80374c5f48c8e70340f84ea3d2eec747ca3a2e20872ed
0xbbde9f0c24b6f59d7e828bb4e129992be0cdc237,0xbdb3ba9ffe392549e1f8658dd2630c141fdf47b6,2.4628145e-11,2026-03-10T16:05:35+00:00,0xb4493ce59c711074ad10784eb4a8a11c9ed8cdea060db2a387f1f2773dd172b0
0x497a169e37064d92e018d363c86eb3611ec08963,0xbdb3ba9ffe392549e1f8658dd2630c141fdf47b6,2.4628145e-11,2026-03-10T16:05:35+00:00,0xa2f377edf93fea9bdd99cd0c9626da41991306621e227b12bfa047bd8d584a7b
0x6a5ac574a26df5ac487c5074c2fd80c2578c81f7,0xbdb3ba9ffe392549e1f8658dd2630c141fdf47b6,2.4628146e-11,2026-03-10T16:05:47+00:00,0xd673f5b2d80ddd1a3b285dc3aae945d274f56d02a9dd2673d8ae4c535fc22b57
0x3d9aae030b9661e3605b3acb5d0385ede221a0cc,0xbdb3ba9ffe392549e1f8658dd2630c141fdf47b6,2.4628149e-11,2026-03-10T16:06:23+00:00,0x52cd350afc3928c9e46b2ab8af1f17d0d27061116f41c9477c9ec6304aa9e336
0x604d23a2ebb002df6fdc77b82da716222ca43b8b,0xbdb3ba9ffe392549e1f8658dd2630c141fdf47b6,2.4628149e-11,2026-03-10T16:06:23+00:00,0x25ddf91271f4b08ded02469d78994903ce25b44569fcbb12961b6f7248d97326
0x9359269cfbb80d154129dd9b0074cd7336b9a3a6,0xbdb3ba9ffe392549e1f8658dd2630c141fdf47b6,2.4628158e-11,2026-03-10T16:08:11+00:00,0x0010e08b4a5a2fb722861cc2a3ea2ffd4d95dfeed4efbf616ba3663dcd2fd358
0xbeccf19b026f12677e5ce1ce9e2d94dcc4772feb,0xbdb3ba9ffe392549e1f8658dd2630c141fdf47b6,2.462816e-11,2026-03-10T16:08:35+00:00,0x87962eb0f88d2830d2ab74a9a736f0a1715076c31697a576570da7280931d139
0x9359269cfbb80d154129dd9b0074cd7336b9a3a6,0xbdb3ba9ffe392549e1f8658dd2630c141fdf47b6,2.4628164e-11,2026-03-10T16:09:23+00:00,0xc3452f82bfea6ec9095a77d2f765d2ddf7d7dda909a0ad31bd2130382e5641da
0x604d23a2ebb002df6fdc77b82da716222ca43b8b,0xbdb3ba9ffe392549e1f8658dd2630c141fdf47b6,2.4628168e-11,2026-03-10T16:10:11+00:00,0x905b07a62455e54958c24ddac894c6e698ee54ca8cb8e55880a30aa8b457080b
0x66c6778dedba51b87103c8543ee751e7cd960659,0xbdb3ba9ffe392549e1f8658dd2630c141fdf47b6,2.462817e-11,2026-03-10T16:10:35+00:00,0x3797169edfe35efb85cd047174b24e47f5031730f1ee9879cece063d65ad9c3f
0x8357efa84f91013bd6b285ef0f6b93c211cc3d9d,0xbdb3ba9ffe392549e1f8658dd2630c141fdf47b6,2.462817e-11,2026-03-10T16:10:35+00:00,0x691dfc8f812c525b39a5e98fe1b33abd39ac9d90be5302215246e216316be6ef
0xbbde9f0c24b6f59d7e828bb4e129992be0cdc237,0xbdb3ba9ffe392549e1f8658dd2630c141fdf47b6,2.462817e-11,2026-03-10T16:10:35+00:00,0x31c80ff119326fc50bf106d4ab760e69c9ba22cd949cd0dcb1d9364e75c9392f
0xbc73cbf7aa2fcba5f1b2e010aada76a721aea21c,0xbdb3ba9ffe392549e1f8658dd2630c141fdf47b6,2.4628171e-11,2026-03-10T16:10:47+00:00,0x40d86ac00b76d73b69886509100e1c3160efbef5d6e745debb55acf7beb764cb
0x448166a91e7bc50d0ac720c2fbed29e0963f5af8,0xbdb3ba9ffe392549e1f8658dd2630c141fdf47b6,2.4628171e-11,2026-03-10T16:10:47+00:00,0x2aeb2ec63b25c5636e5d3084e0803f32be6ca11747bd7ba743df0e27688c662a
0x7bf30399dba8051c2bf191afe2cd07ea4e064625,0xbdb3ba9ffe392549e1f8658dd2630c141fdf47b6,2.4628171e-11,2026-03-10T16:10:47+00:00,0x5aab254254809679dc0624f5c54f88d9991dc2659e657c2ed8608c67f593bde8
0x497a169e37064d92e018d363c86eb3611ec08963,0xbdb3ba9ffe392549e1f8658dd2630c141fdf47b6,2.4628171e-11,2026-03-10T16:10:47+00:00,0x079f89c21a68c698ec34e17d530fe69d33f901704d70b2265303df50b3c58c5c
0x5d1783ddbb657fdf6fcc2ef5b6796ac0ddeeb6e3,0xbdb3ba9ffe392549e1f8658dd2630c141fdf47b6,2.4628171e-11,2026-03-10T16:10:47+00:00,0xd06ab2ef1cba39b842375825b8f7fb818e3db4f2f05521782c7f2b04a8a73baf
0x6a5ac574a26df5ac487c5074c2fd80c2578c81f7,0xbdb3ba9ffe392549e1f8658dd2630c141fdf47b6,2.4628174e-11,2026-03-10T16:11:23+00:00,0x4bf18b64f2f0553195dca83a06286f33bf5ce53a4939bf0946e18a6077535407
0x497a169e37064d92e018d363c86eb3611ec08963,0xbdb3ba9ffe392549e1f8658dd2630c141fdf47b6,2.4628174e-11,2026-03-10T16:11:23+00:00,0x241969ef6af92fff24b727aeec357a08e720bd076c619fc38f77e327fd678ba2
0x497a169e37064d92e018d363c86eb3611ec08963,0xbdb3ba9ffe392549e1f8658dd2630c141fdf47b6,2.4628175e-11,2026-03-10T16:11:35+00:00,0x34cf1de60a6e2af577057ac2d19651966bc2a678d59a24c042f4e16dcfa358e9
0x6a5ac574a26df5ac487c5074c2fd80c2578c81f7,0xbdb3ba9ffe392549e1f8658dd2630c141fdf47b6,2.4628175e-11,2026-03-10T16:11:35+00:00,0x7a5b7f915270f8464240694dd5e2f80acf28dce2b44010dd8c47ae7a7ae63e7b
0x93793bd1f3e35a0efd098c30e486a860a0ef7551,0xbdb3ba9ffe392549e1f8658dd2630c141fdf47b6,2.4628182e-11,2026-03-10T16:12:59+00:00,0x9dc12e9e42bb1b394961c06f3e418db324e9cca4c7c51c5195d5703d477f6a6f
0x604d23a2ebb002df6fdc77b82da716222ca43b8b,0xbdb3ba9ffe392549e1f8658dd2630c141fdf47b6,2.4628182e-11,2026-03-10T16:12:59+00:00,0x66b7649143a2b8f03c84d4efadf887d82e90b00ad6d9f1511dfb26907e918960
0xbeccf19b026f12677e5ce1ce9e2d94dcc4772feb,0xbdb3ba9ffe392549e1f8658dd2630c141fdf47b6,2.4628182e-11,2026-03-10T16:12:59+00:00,0xc3eda1756b8154f609e55a269f520da973c17e763686ba5b651cc911d613178e
0xbc73cbf7aa2fcba5f1b2e010aada76a721aea21c,0xbdb3ba9ffe392549e1f8658dd2630c141fdf47b6,2.4628182e-11,2026-03-10T16:12:59+00:00,0xcb511b069c76a67db0b4303c753ace40c0d38881ed10e44c38a0d2dd60d96de9
0x448166a91e7bc50d0ac720c2fbed29e0963f5af8,0xbdb3ba9ffe392549e1f8658dd2630c141fdf47b6,2.4628187e-11,2026-03-10T16:13:59+00:00,0x04cde7f2f76cc989f9fb0f04c7e3d362478d52481b8ceaac0dd85bc9f528064e
0x3d9aae030b9661e3605b3acb5d0385ede221a0cc,0xbdb3ba9ffe392549e1f8658dd2630c141fdf47b6,2.4628189e-11,2026-03-10T16:14:23+00:00,0x5216bcec6014cf82394c4ce94f4a882a787012f88e14acf79d3fda9238c3b207
0xbbde9f0c24b6f59d7e828bb4e129992be0cdc237,0xbdb3ba9ffe392549e1f8658dd2630c141fdf47b6,2.4628196e-11,2026-03-10T16:15:47+00:00,0xc2ff0fafb2e4ea041c20012908da3526d791e0b239daa72deb0cc283246a4618
0xbeccf19b026f12677e5ce1ce9e2d94dcc4772feb,0xbdb3ba9ffe392549e1f8658dd2630c141fdf47b6,2.4628197e-11,2026-03-10T16:15:59+00:00,0x78ffbbdfbef6f3d169b15281407d3bd9a391faf2c5e0af3751abfec28e8d568b
0x8357efa84f91013bd6b285ef0f6b93c211cc3d9d,0xbdb3ba9ffe392549e1f8658dd2630c141fdf47b6,2.4628197e-11,2026-03-10T16:15:59+00:00,0x70a0f9536a70cbcb355908ae75ed2cf3249fdf63606393e37c3a988580a41fbc
0x8357efa84f91013bd6b285ef0f6b93c211cc3d9d,0xbdb3ba9ffe392549e1f8658dd2630c141fdf47b6,2.46282e-11,2026-03-10T16:16:35+00:00,0x03c732ec7a192c8a93fd3f89cb33e2066ceef21a634ea1e388f11866afad5b36
0x448166a91e7bc50d0ac720c2fbed29e0963f5af8,0xbdb3ba9ffe392549e1f8658dd2630c141fdf47b6,2.46282e-11,2026-03-10T16:16:35+00:00,0x4ba2a8a4df5c93d0ec94ac933d065533531401af37719123fcea84105cf971e2
0x448166a91e7bc50d0ac720c2fbed29e0963f5af8,0xbdb3ba9ffe392549e1f8658dd2630c141fdf47b6,2.4628202e-11,2026-03-10T16:16:59+00:00,0xfc056b60ad58a7552800db6d7967e55d32353c067622bad41e60ad249e829144
0x66c6778dedba51b87103c8543ee751e7cd960659,0xbdb3ba9ffe392549e1f8658dd2630c141fdf47b6,2.4628202e-11,2026-03-10T16:16:59+00:00,0x12a4a9c52a96ac15c0bdac3d5a74180f2cf8a1ca3548f579eded3f827d65e45c
0x604d23a2ebb002df6fdc77b82da716222ca43b8b,0xbdb3ba9ffe392549e1f8658dd2630c141fdf47b6,2.4628203e-11,2026-03-10T16:17:11+00:00,0x2bac6d977f63f58dc6df5a194ede98ceca95f272c02a2bff6279b97b76ba9f7b
0x5934e06498db785ff26807161ce9d09063231321,0xbdb3ba9ffe392549e1f8658dd2630c141fdf47b6,2.4628204e-11,2026-03-10T16:17:23+00:00,0xd6c14390633aa836525706fb90b94d0f04cf68827dc4f29c305e809aadc15134
0x7bf30399dba8051c2bf191afe2cd07ea4e064625,0xbdb3ba9ffe392549e1f8658dd2630c141fdf47b6,2.4628204e-11,2026-03-10T16:17:23+00:00,0x933a946959dbb8f911d614de4f91208300deba5f45314d20287c641286234d0c
0x3d9aae030b9661e3605b3acb5d0385ede221a0cc,0xbdb3ba9ffe392549e1f8658dd2630c141fdf47b6,2.4628204e-11,2026-03-10T16:17:23+00:00,0xedbc2aefcf45d5ba2c7bd734b09986770e40a980d179f8bd9b85cce4dad4baa9
0x66c6778dedba51b87103c8543ee751e7cd960659,0xbdb3ba9ffe392549e1f8658dd2630c141fdf47b6,2.4628204e-11,2026-03-10T16:17:23+00:00,0x525a7dce4cb4e5fed26f01bc471e165a721ef2093575bb782d8bb62ee347aef7
0xbbde9f0c24b6f59d7e828bb4e129992be0cdc237,0xbdb3ba9ffe392549e1f8658dd2630c141fdf47b6,2.4628204e-11,2026-03-10T16:17:23+00:00,0x9bbf61017fec36c045c3be42d7ecfc53388309566998357e43aaaa9b61a46f9c
0xbc73cbf7aa2fcba5f1b2e010aada76a721aea21c,0xbdb3ba9ffe392549e1f8658dd2630c141fdf47b6,2.4628209e-11,2026-03-10T16:18:23+00:00,0x7d8e9add590327884fbf6e3e7ac729a7f6ae29369db44f3aadddc97d9fe255c1
0xbbde9f0c24b6f59d7e828bb4e129992be0cdc237,0xbdb3ba9ffe392549e1f8658dd2630c141fdf47b6,2.4628216e-11,2026-03-10T16:19:47+00:00,0xa9044708012caf3e0c699b0cebb58185ee6c82e9fd7500264a4314e307fd1ca8
0x6a5ac574a26df5ac487c5074c2fd80c2578c81f7,0xbdb3ba9ffe392549e1f8658dd2630c141fdf47b6,2.4628217e-11,2026-03-10T16:19:59+00:00,0x4af4d2d91fa8f640e5098274adfb8f6e6a74f20710adf9c0ece3809709cf130c
0x9359269cfbb80d154129dd9b0074cd7336b9a3a6,0xbdb3ba9ffe392549e1f8658dd2630c141fdf47b6,2.4628217e-11,2026-03-10T16:19:59+00:00,0xe0317ec8506e043d1681e9677b7b66d04a74f8c7aa732079b34f586ee60ca041
0xbeccf19b026f12677e5ce1ce9e2d94dcc4772feb,0xbdb3ba9ffe392549e1f8658dd2630c141fdf47b6,2.4628217e-11,2026-03-10T16:19:59+00:00,0xb05be08887e43bd64154bd017b42f0aef89c3ad1857a9591a4651ebc13c488b1
0x3d9aae030b9661e3605b3acb5d0385ede221a0cc,0xbdb3ba9ffe392549e1f8658dd2630c141fdf47b6,2.4628217e-11,2026-03-10T16:19:59+00:00,0x78618301ef9ea9ad9758d6d46697c4a435244f49918be1d94de6d506647b6ca1
0x497a169e37064d92e018d363c86eb3611ec08963,0xbdb3ba9ffe392549e1f8658dd2630c141fdf47b6,2.4628219e-11,2026-03-10T16:20:23+00:00,0x17f8407e490973090c44a232dc4515015050c62f24366e87666225ae23fd0563
0xbc73cbf7aa2fcba5f1b2e010aada76a721aea21c,0xbdb3ba9ffe392549e1f8658dd2630c141fdf47b6,2.4628219e-11,2026-03-10T16:20:23+00:00,0x7db7f16f3b1fa7895c015bc89f5d9a9eb3c0a19794f6e12bc270ce87ff061a78
0x5d1783ddbb657fdf6fcc2ef5b6796ac0ddeeb6e3,0xbdb3ba9ffe392549e1f8658dd2630c141fdf47b6,2.4628219e-11,2026-03-10T16:20:23+00:00,0xebfea02101ca824592bc5e880917a01b807b3b3070ce157f0686c787d5645732
0x3eff3dc5a4f5c65d28e88dc8fd22800979c9e7c6,0xbdb3ba9ffe392549e1f8658dd2630c141fdf47b6,2.4628221e-11,2026-03-10T16:20:47+00:00,0xeb5f784f65fb5c96d76da4303d2406502436180f053cfddf2e0682f3c4739753
0x93793bd1f3e35a0efd098c30e486a860a0ef7551,0xbdb3ba9ffe392549e1f8658dd2630c141fdf47b6,2.4628224e-11,2026-03-10T16:21:23+00:00,0xd24e8472a5aee4420e3618ad61a53d4adb6b62ed094c0e14a76e0fb2fa13fce4
0x66c6778dedba51b87103c8543ee751e7cd960659,0xbdb3ba9ffe392549e1f8658dd2630c141fdf47b6,2.4628224e-11,2026-03-10T16:21:23+00:00,0x6fbc43087e8334460368578a42b17935cdcd479e389edb3b11598f63c9e548dd
0x448166a91e7bc50d0ac720c2fbed29e0963f5af8,0xbdb3ba9ffe392549e1f8658dd2630c141fdf47b6,2.4628224e-11,2026-03-10T16:21:23+00:00,0x6a160c7bac7883044618c9aa61d24a91c72d2a8b51c308d19a7f537dadc8c105
0x604d23a2ebb002df6fdc77b82da716222ca43b8b,0xbdb3ba9ffe392549e1f8658dd2630c141fdf47b6,2.4628227e-11,2026-03-10T16:21:59+00:00,0x437edc95356275269e5e7d918f24081f5de6523eb5b6ddcb2cc8a8ff8531b55d
0x93793bd1f3e35a0efd098c30e486a860a0ef7551,0xbdb3ba9ffe392549e1f8658dd2630c141fdf47b6,2.4628227e-11,2026-03-10T16:21:59+00:00,0x38e7665f5d56d8a5884318841c1c1a4dfbfbca9995e77e2358f7da578cdc729e
0x9359269cfbb80d154129dd9b0074cd7336b9a3a6,0xbdb3ba9ffe392549e1f8658dd2630c141fdf47b6,2.462823e-11,2026-03-10T16:22:35+00:00,0x4a187d0d106131529d6cc8bf15311a1bf36f76b4892a0b6175ae220e3d8df72b
0x9359269cfbb80d154129dd9b0074cd7336b9a3a6,0xbdb3ba9ffe392549e1f8658dd2630c141fdf47b6,2.4628233e-11,2026-03-10T16:23:11+00:00,0x01c8d2a2c801a5c13580b95a360feee3354042de737f878445836c657ac27cac
0x3d9aae030b9661e3605b3acb5d0385ede221a0cc,0xbdb3ba9ffe392549e1f8658dd2630c141fdf47b6,2.4628234e-11,2026-03-10T16:23:23+00:00,0x0bc63f692a79de9086b9d969a765ab30a7d29bf625c90be97a0950a0809a1772
0xbbde9f0c24b6f59d7e828bb4e129992be0cdc237,0xbdb3ba9ffe392549e1f8658dd2630c141fdf47b6,2.4628237e-11,2026-03-10T16:23:59+00:00,0x11e27656a140cc7c6875f3bf54762f0c4ec1667ad107ea3752c6f092cde48d86
0xbeccf19b026f12677e5ce1ce9e2d94dcc4772feb,0xbdb3ba9ffe392549e1f8658dd2630c141fdf47b6,2.4628237e-11,2026-03-10T16:23:59+00:00,0x094031606d259039323210f5031addab556b296351b105ca7f128d302480edcf
0x448166a91e7bc50d0ac720c2fbed29e0963f5af8,0xbdb3ba9ffe392549e1f8658dd2630c141fdf47b6,2.4628237e-11,2026-03-10T16:23:59+00:00,0xf6fdf40d21481cea5ad1df7d1e00172ebdb8d462aa908a5bc1f16d374491b37e
0xd9d8f818a7a71ed0e1fe936b991508b0e88b1609,0xbdb3ba9ffe392549e1f8658dd2630c141fdf47b6,2.4628237e-11,2026-03-10T16:23:59+00:00,0xf5fc116c1710d3d92133deecd76c2c57179eff18c5840069c1a4d2a6b86fe6cb
0x93793bd1f3e35a0efd098c30e486a860a0ef7551,0xbdb3ba9ffe392549e1f8658dd2630c141fdf47b6,2.4628243e-11,2026-03-10T16:25:11+00:00,0xc593c67b2b4d68dcab59dade88a10fb375263ce51cb6fe84d6e9a847f025800c
0x3d9aae030b9661e3605b3acb5d0385ede221a0cc,0xbdb3ba9ffe392549e1f8658dd2630c141fdf47b6,2.4628244e-11,2026-03-10T16:25:23+00:00,0x88dd0f3b10a4603afa2bee8c6f1de224e71e4cbc4218037f5174510124b20e89
0x93793bd1f3e35a0efd098c30e486a860a0ef7551,0xbdb3ba9ffe392549e1f8658dd2630c141fdf47b6,2.4628244e-11,2026-03-10T16:25:23+00:00,0xe7272ad72a6a1ad08247e7ac7e75d32d816a22eac2806e361889cc63adcfe2f6
0x66c6778dedba51b87103c8543ee751e7cd960659,0xbdb3ba9ffe392549e1f8658dd2630c141fdf47b6,2.4628244e-11,2026-03-10T16:25:23+00:00,0x0f4be9febc25f54df65c8ba7b915f65011d38dd77be4241daf2c3e7cd30d2bc6
0x3eff3dc5a4f5c65d28e88dc8fd22800979c9e7c6,0xbdb3ba9ffe392549e1f8658dd2630c141fdf47b6,2.4628245e-11,2026-03-10T16:25:35+00:00,0xfe9dc89433e1eeac4bf3ca6f824e8669070b65cb31997c61c100d40d0e4a4ff6
0x7bf30399dba8051c2bf191afe2cd07ea4e064625,0xbdb3ba9ffe392549e1f8658dd2630c141fdf47b6,2.4628245e-11,2026-03-10T16:25:35+00:00,0x2541e55ac9f547d56b7627a5e7cf69a033b85bb4d323ef42bbe89415e3a12632
0x9359269cfbb80d154129dd9b0074cd7336b9a3a6,0xbdb3ba9ffe392549e1f8658dd2630c141fdf47b6,2.4628245e-11,2026-03-10T16:25:35+00:00,0x6554f563dc9969466c32cfa9895f0d4bec2b9fff4359d4e9afc3e19e8fa077b8
0x448166a91e7bc50d0ac720c2fbed29e0963f5af8,0xbdb3ba9ffe392549e1f8658dd2630c141fdf47b6,2.4628245e-11,2026-03-10T16:25:35+00:00,0x90fe92332b92d803b3c59b1ec7521e83ed046de2c7889fd21c94ae880eff7434
0xbeccf19b026f12677e5ce1ce9e2d94dcc4772feb,0xbdb3ba9ffe392549e1f8658dd2630c141fdf47b6,2.4628247e-11,2026-03-10T16:25:59+00:00,0xb12a1e148ab18518b3d24dc779d53d1a016d43db25085734eb1bf62f85f44aaf
0x66c6778dedba51b87103c8543ee751e7cd960659,0xbdb3ba9ffe392549e1f8658dd2630c141fdf47b6,2.4628247e-11,2026-03-10T16:25:59+00:00,0xc371e613f781860ace362922218ea768aa698035c12d39a629b297cb96e5d1cb
0x8357efa84f91013bd6b285ef0f6b93c211cc3d9d,0xbdb3ba9ffe392549e1f8658dd2630c141fdf47b6,2.4628251e-11,2026-03-10T16:26:47+00:00,0xd10672226e83ddd1fea741ebf826209d4e7d5b441145d08cec066ab0b259dc2c
0x6a5ac574a26df5ac487c5074c2fd80c2578c81f7,0xbdb3ba9ffe392549e1f8658dd2630c141fdf47b6,2.4628253e-11,2026-03-10T16:27:11+00:00,0x4334a522e9e11dcc716da59ec74f8eea7a028531e32f38c5cc0a31afc5e4f0a5
0x8e76caebaca6c0e390f825fa44dfd1fcb74b9c36,0xbdb3ba9ffe392549e1f8658dd2630c141fdf47b6,2.4628253e-11,2026-03-10T16:27:11+00:00,0x0dd91e7d16e744630a8951b52e2c5c260fe65fa8b04cfd7e3ab06e99e58f9d40
0x8357efa84f91013bd6b285ef0f6b93c211cc3d9d,0xbdb3ba9ffe392549e1f8658dd2630c141fdf47b6,2.4628254e-11,2026-03-10T16:27:23+00:00,0x7f4778bcd686475d1658eeb0cfea95a86ee0e0dd4a14d363a7d7d86bbe08050d
0x448166a91e7bc50d0ac720c2fbed29e0963f5af8,0xbdb3ba9ffe392549e1f8658dd2630c141fdf47b6,2.4628254e-11,2026-03-10T16:27:23+00:00,0x0373b66faddd0157f4f37342b753b0d57f5c9fab70f5c3f28f27a26ea7165592
0xbc73cbf7aa2fcba5f1b2e010aada76a721aea21c,0xbdb3ba9ffe392549e1f8658dd2630c141fdf47b6,2.4628254e-11,2026-03-10T16:27:23+00:00,0x3d3681847948d7b16ef781b7c70dd093a5e1dd46a8220fc4370967039186ff9d
0x5d1783ddbb657fdf6fcc2ef5b6796ac0ddeeb6e3,0xbdb3ba9ffe392549e1f8658dd2630c141fdf47b6,2.4628254e-11,2026-03-10T16:27:23+00:00,0x04a19b93e23647c5e8121982101ad864a7e0baaee84f296b12ee14307dd73690
0xbeccf19b026f12677e5ce1ce9e2d94dcc4772feb,0xbdb3ba9ffe392549e1f8658dd2630c141fdf47b6,2.4628256e-11,2026-03-10T16:27:47+00:00,0x74d23fc3565b68b7f36f5173ec2b43ab15f2efea2d379da5b4cfeb6c2688a65d
0x497a169e37064d92e018d363c86eb3611ec08963,0xbdb3ba9ffe392549e1f8658dd2630c141fdf47b6,2.4628256e-11,2026-03-10T16:27:47+00:00,0x7cfd9af6486bc0e88288578c1788c603074537cf6e5309479d29218dc58053b2
0x8e76caebaca6c0e390f825fa44dfd1fcb74b9c36,0xbdb3ba9ffe392549e1f8658dd2630c141fdf47b6,2.4628257e-11,2026-03-10T16:27:59+00:00,0xc9a3c983df9d20c237d1019150023dcd9bda234531176931d3831568f72bde57
0x6a5ac574a26df5ac487c5074c2fd80c2578c81f7,0xbdb3ba9ffe392549e1f8658dd2630c141fdf47b6,2.4628258e-11,2026-03-10T16:28:11+00:00,0x06487f532eccbc603b8fbca2ea7351fc7c50258423a23f353dc80cd36b0590ce
0xbc73cbf7aa2fcba5f1b2e010aada76a721aea21c,0xbdb3ba9ffe392549e1f8658dd2630c141fdf47b6,2.4628258e-11,2026-03-10T16:28:11+00:00,0xca239c06bc71ee7265e0d71ca394e0cc22dcac39d5f4b775651e76198fa6d298
0xbbde9f0c24b6f59d7e828bb4e129992be0cdc237,0xbdb3ba9ffe392549e1f8658dd2630c141fdf47b6,2.4628261e-11,2026-03-10T16:28:47+00:00,0x0622146ac2bbc1d7a339fbb0b8815e11330ed24a1ce1df2f2e15bb788135da3c
0x604d23a2ebb002df6fdc77b82da716222ca43b8b,0xbdb3ba9ffe392549e1f8658dd2630c141fdf47b6,2.4628263e-11,2026-03-10T16:29:11+00:00,0x0a0295b220db078e9c0e32d4ae2c2fac546881208bc1ee1e9ee05af452e6bd7e
0x3eff3dc5a4f5c65d28e88dc8fd22800979c9e7c6,0xbdb3ba9ffe392549e1f8658dd2630c141fdf47b6,2.4628263e-11,2026-03-10T16:29:11+00:00,0x3a37bc12765e603c887abc4cf0cd31a49b4499c058545a0337bfa40467d4f8ed
0x5d1783ddbb657fdf6fcc2ef5b6796ac0ddeeb6e3,0xbdb3ba9ffe392549e1f8658dd2630c141fdf47b6,2.4628263e-11,2026-03-10T16:29:11+00:00,0x8f269aef88a49caec63fe94381531c6308c12db760e0eec0f4889503da469554
0xbc73cbf7aa2fcba5f1b2e010aada76a721aea21c,0xbdb3ba9ffe392549e1f8658dd2630c141fdf47b6,2.4628264e-11,2026-03-10T16:29:23+00:00,0xb6802a4802ae8aff3213ac557738570117475d3d4de88eb54c50a3dd4cc48f55
0x3d9aae030b9661e3605b3acb5d0385ede221a0cc,0xbdb3ba9ffe392549e1f8658dd2630c141fdf47b6,2.4628265e-11,2026-03-10T16:29:35+00:00,0xab8babc56551e81677eb27174aac83c8995602eb985518497404a4a6443ef055
0x6a5ac574a26df5ac487c5074c2fd80c2578c81f7,0xbdb3ba9ffe392549e1f8658dd2630c141fdf47b6,2.462827e-11,2026-03-10T16:30:35+00:00,0xd82143d38db73cc9be16355e55caf4adc298423658166324f2ff3afff7622e47
0x497a169e37064d92e018d363c86eb3611ec08963,0xbdb3ba9ffe392549e1f8658dd2630c141fdf47b6,2.462827e-11,2026-03-10T16:30:35+00:00,0xc2ed589f066976a60a4bdfca6b8b2312fa07cd18b61eeb22319ae5e8db41e7bb
0x3d9aae030b9661e3605b3acb5d0385ede221a0cc,0xbdb3ba9ffe392549e1f8658dd2630c141fdf47b6,2.4628277e-11,2026-03-10T16:31:59+00:00,0x500e74cab56e2e5f5067a890cd5bef487ec3c16c9091dca28c082f08115afaf6
0x7bf30399dba8051c2bf191afe2cd07ea4e064625,0xbdb3ba9ffe392549e1f8658dd2630c141fdf47b6,2.4628285e-11,2026-03-10T16:33:35+00:00,0xa95d93ec1b365c48476c569ebdf810fac4e5538ca1df67ba308d2d7df87636aa
0xbbde9f0c24b6f59d7e828bb4e129992be0cdc237,0xbdb3ba9ffe392549e1f8658dd2630c141fdf47b6,2.4628285e-11,2026-03-10T16:33:35+00:00,0x9085ed20bb51996db9ffa80c5baee006c9cd5ee5ad7f9ee4a87234a9f5fa3cd4
0x3d9aae030b9661e3605b3acb5d0385ede221a0cc,0xbdb3ba9ffe392549e1f8658dd2630c141fdf47b6,2.4628286e-11,2026-03-10T16:33:47+00:00,0xd9508c782a4ce5305d2b706030bf85ceca0cf4a5466dcbc4c47a89d76eb54f24
0x604d23a2ebb002df6fdc77b82da716222ca43b8b,0xbdb3ba9ffe392549e1f8658dd2630c141fdf47b6,2.4628288e-11,2026-03-10T16:34:11+00:00,0xf5919e05f724e5a188eff86e519028bed16c4053fe4479e3a42deac0e8b1b93b
0xbc73cbf7aa2fcba5f1b2e010aada76a721aea21c,0xbdb3ba9ffe392549e1f8658dd2630c141fdf47b6,2.462829e-11,2026-03-10T16:34:35+00:00,0xdc838effb28d556882db9adbbdd154bbdbad3e1fb67e1392150933580f80d40e
0x448166a91e7bc50d0ac720c2fbed29e0963f5af8,0xbdb3ba9ffe392549e1f8658dd2630c141fdf47b6,2.4628293e-11,2026-03-10T16:35:11+00:00,0x5423c05d1d1b1d75ec34efd9959548e7310398bd1e4f965bb69f03ebd8694319
0x448166a91e7bc50d0ac720c2fbed29e0963f5af8,0xbdb3ba9ffe392549e1f8658dd2630c141fdf47b6,2.4628294e-11,2026-03-10T16:35:23+00:00,0xaa35ffae71df744e8431dbfea9047382c4e8808bfee841873315e9b933130492
0x3eff3dc5a4f5c65d28e88dc8fd22800979c9e7c6,0xbdb3ba9ffe392549e1f8658dd2630c141fdf47b6,2.4628294e-11,2026-03-10T16:35:23+00:00,0x7a88d28949832ea3f3f46ed0ea2ca20f5eca617521bc7078ed676c062e0718d4
0x448166a91e7bc50d0ac720c2fbed29e0963f5af8,0xbdb3ba9ffe392549e1f8658dd2630c141fdf47b6,2.4628296e-11,2026-03-10T16:35:47+00:00,0xed9afc3cd8472bafa5303a57886b005cb3dd5703815c94d75abeee826c8aac23
0xbc73cbf7aa2fcba5f1b2e010aada76a721aea21c,0xbdb3ba9ffe392549e1f8658dd2630c141fdf47b6,2.4628299e-11,2026-03-10T16:36:35+00:00,0x66396bb79dae0e398e3a4aae2f80aee66d141f2fdf13357b9ad4a01bac6bf4d9
0x66c6778dedba51b87103c8543ee751e7cd960659,0xbdb3ba9ffe392549e1f8658dd2630c141fdf47b6,2.4628302e-11,2026-03-10T16:37:11+00:00,0x85514ee14a178a36a3c86d4012948844a863666a12f91de019828242b757037f
0x93793bd1f3e35a0efd098c30e486a860a0ef7551,0xbdb3ba9ffe392549e1f8658dd2630c141fdf47b6,2.4628302e-11,2026-03-10T16:37:11+00:00,0x500c16d531fc48707709fe3781bd3868d1273ca24c6cfdb93928052819eee79c
0x3d9aae030b9661e3605b3acb5d0385ede221a0cc,0xbdb3ba9ffe392549e1f8658dd2630c141fdf47b6,2.4628309e-11,2026-03-10T16:38:35+00:00,0xa95051f8004a17c73723d790d4c5448c4399cadfdab119b100a3282db3be53ec
0x604d23a2ebb002df6fdc77b82da716222ca43b8b,0xbdb3ba9ffe392549e1f8658dd2630c141fdf47b6,2.4628309e-11,2026-03-10T16:38:35+00:00,0x661ba432c93753c6d74d3305ccee8bb5802df6b7fb48de4adeed02dfcfb39c7f
0x66c6778dedba51b87103c8543ee751e7cd960659,0xbdb3ba9ffe392549e1f8658dd2630c141fdf47b6,2.462831e-11,2026-03-10T16:38:47+00:00,0x0526f5932ce0a7659802bb5ae2b8fbbee2af4f8090cabf2acec922a4fa4c737c
0x8357efa84f91013bd6b285ef0f6b93c211cc3d9d,0xbdb3ba9ffe392549e1f8658dd2630c141fdf47b6,2.462831e-11,2026-03-10T16:38:47+00:00,0xe1e216f78897e15821a4faf34c966b1c6b93ca3acf402d1b051b3d4fc4a8cbe2
0x3d9aae030b9661e3605b3acb5d0385ede221a0cc,0xbdb3ba9ffe392549e1f8658dd2630c141fdf47b6,2.462831e-11,2026-03-10T16:38:47+00:00,0x4f2a53f1a65c4095052c9b7989fef0fe4f98f4da46b94955b87347ecf47c9339
0xbbde9f0c24b6f59d7e828bb4e129992be0cdc237,0xbdb3ba9ffe392549e1f8658dd2630c141fdf47b6,2.462831e-11,2026-03-10T16:38:47+00:00,0x21aafe6b3a4134b722393ad6d6e427e3a390dd7716a88d8ab5b39535ff45af70
0x93793bd1f3e35a0efd098c30e486a860a0ef7551,0xbdb3ba9ffe392549e1f8658dd2630c141fdf47b6,2.4628311e-11,2026-03-10T16:38:59+00:00,0xdc304f9a43eb93284149252cdc3bb57d7058bc933d6bb046af33fca240a645a3
0x3d9aae030b9661e3605b3acb5d0385ede221a0cc,0xbdb3ba9ffe392549e1f8658dd2630c141fdf47b6,2.4628312e-11,2026-03-10T16:39:11+00:00,0x7cea689e02dd06359a89c7efdb53f50bd5b00a21de170ba6c7383ff3dddcdb49
0x604d23a2ebb002df6fdc77b82da716222ca43b8b,0xbdb3ba9ffe392549e1f8658dd2630c141fdf47b6,2.4628312e-11,2026-03-10T16:39:11+00:00,0xd59167cb23b6303e416118cb21316bfb6aeea4a3bee7440f2c88c23d04805b4f
0x497a169e37064d92e018d363c86eb3611ec08963,0xbdb3ba9ffe392549e1f8658dd2630c141fdf47b6,2.4628313e-11,2026-03-10T16:39:23+00:00,0xfe8c2e7dbbbcfcc8f0ad36954b2075314e3ebf5bc572b26e543fec5dd5b1d836
0xbc73cbf7aa2fcba5f1b2e010aada76a721aea21c,0xbdb3ba9ffe392549e1f8658dd2630c141fdf47b6,2.4628314e-11,2026-03-10T16:39:35+00:00,0x687afce7e0a1169f51e0417882ae0d1782d76c6055d172524facd72c3f3f311a
0x448166a91e7bc50d0ac720c2fbed29e0963f5af8,0xbdb3ba9ffe392549e1f8658dd2630c141fdf47b6,2.4628314e-11,2026-03-10T16:39:35+00:00,0x0ccfd88a775604683c8b2d22b3d88bd153376ad513173f2b52de89965966b73a
0x6a5ac574a26df5ac487c5074c2fd80c2578c81f7,0xbdb3ba9ffe392549e1f8658dd2630c141fdf47b6,2.4628314e-11,2026-03-10T16:39:35+00:00,0x043265dacb90cbe9ef45c9ef0a1259d571196c093d473d52b752b75d9e44a610
0x6a5ac574a26df5ac487c5074c2fd80c2578c81f7,0xbdb3ba9ffe392549e1f8658dd2630c141fdf47b6,2.4628317e-11,2026-03-10T16:40:11+00:00,0x1151a9c64cb21e6f5c42f524d966b4e30a0672aaa92a04663a11abd67cb2bba1
0x8e76caebaca6c0e390f825fa44dfd1fcb74b9c36,0xbdb3ba9ffe392549e1f8658dd2630c141fdf47b6,2.4628317e-11,2026-03-10T16:40:11+00:00,0x21f60264090ecd5d8c073888dec0b8dcf729d3c61901bd352d36eb5156d005d0
0x3d9aae030b9661e3605b3acb5d0385ede221a0cc,0xbdb3ba9ffe392549e1f8658dd2630c141fdf47b6,2.4628317e-11,2026-03-10T16:40:11+00:00,0xbbed5b98e0c8f91e2ebfb55af265d6ba9c8ad137f51c4f34c4b71c79259160dc
0x497a169e37064d92e018d363c86eb3611ec08963,0xbdb3ba9ffe392549e1f8658dd2630c141fdf47b6,2.4628317e-11,2026-03-10T16:40:11+00:00,0x9fa7142a291bed70e8a0d0c87ffdae99cf266d3fe3c83f6594ce445f56376623
0x3eff3dc5a4f5c65d28e88dc8fd22800979c9e7c6,0xbdb3ba9ffe392549e1f8658dd2630c141fdf47b6,2.4628318e-11,2026-03-10T16:40:23+00:00,0x1100c11fde20c0e099b0fadf9b9182a6a36a57e0abbdf215a451d657b38a8d5f
0x22b0351d445840db59b97df3808dd642dcb17e96,0xbdb3ba9ffe392549e1f8658dd2630c141fdf47b6,2.4628318e-11,2026-03-10T16:40:23+00:00,0xd27634aaf29d127423a7fb9e66f80fcc44e255e21acb4d29459cfee3d419bc60
0x604d23a2ebb002df6fdc77b82da716222ca43b8b,0xbdb3ba9ffe392549e1f8658dd2630c141fdf47b6,2.4628318e-11,2026-03-10T16:40:23+00:00,0x8d72978b91e5ae60c01e4e0aceb5798cbdbe322f2ef98f3dfc6f60a921062f74
0xd9d8f818a7a71ed0e1fe936b991508b0e88b1609,0xbdb3ba9ffe392549e1f8658dd2630c141fdf47b6,2.462832e-11,2026-03-10T16:40:47+00:00,0x891702ec5a5e5a3471740411ac39476c861450d93fdc065136fdd291eca4149d
0x6a5ac574a26df5ac487c5074c2fd80c2578c81f7,0xbdb3ba9ffe392549e1f8658dd2630c141fdf47b6,2.462832e-11,2026-03-10T16:40:47+00:00,0x501d36eaddd1880239cea3df7407fa13493b4657a7de27f04341a439eb447d45
0x7bf30399dba8051c2bf191afe2cd07ea4e064625,0xbdb3ba9ffe392549e1f8658dd2630c141fdf47b6,2.462832e-11,2026-03-10T16:40:47+00:00,0xb170fd09f1af0f12ddaa6715be6a8aaac19e61aff9248f8bc8f07f231f918833
0x5934e06498db785ff26807161ce9d09063231321,0xbdb3ba9ffe392549e1f8658dd2630c141fdf47b6,2.462832e-11,2026-03-10T16:40:47+00:00,0x3e5182a815970bff1cad2343e47fde69cdd162ec8d97f774ed23bf7a101d1bd9
0x8357efa84f91013bd6b285ef0f6b93c211cc3d9d,0xbdb3ba9ffe392549e1f8658dd2630c141fdf47b6,2.462832e-11,2026-03-10T16:40:47+00:00,0xbde1431cf72d1d7454377b5b4cc5d46285f81427569f82a613abd7a598d819e4
0x66c6778dedba51b87103c8543ee751e7cd960659,0xbdb3ba9ffe392549e1f8658dd2630c141fdf47b6,2.462832e-11,2026-03-10T16:40:47+00:00,0x1ba778c48aa634f5e7fb3aec19cf58fe476249e8170cbdabf973b1ae6926f379
0xbbde9f0c24b6f59d7e828bb4e129992be0cdc237,0xbdb3ba9ffe392549e1f8658dd2630c141fdf47b6,2.4628321e-11,2026-03-10T16:40:59+00:00,0x2405e79446921bb6ceeefd065c7f2f1491d4f4abc01a3b6576afe7f1f1ef4361
0x604d23a2ebb002df6fdc77b82da716222ca43b8b,0xbdb3ba9ffe392549e1f8658dd2630c141fdf47b6,2.4628321e-11,2026-03-10T16:40:59+00:00,0x25d08452f75eda21d76ab99e9e63bc56d5167d22653e4f7f99f290d2fbb0b8bb
0x93793bd1f3e35a0efd098c30e486a860a0ef7551,0xbdb3ba9ffe392549e1f8658dd2630c141fdf47b6,2.4628325e-11,2026-03-10T16:41:47+00:00,0x7fbe6d0951b676949b2ce50a2f975c2f6b15e0ebeb8f8ac396c023a5e4dcb593
0x93793bd1f3e35a0efd098c30e486a860a0ef7551,0xbdb3ba9ffe392549e1f8658dd2630c141fdf47b6,2.4628327e-11,2026-03-10T16:42:11+00:00,0x797e09a57df33f2b176053f05c3ee778ad529e578330bd0e40560170795768dc
0xbbde9f0c24b6f59d7e828bb4e129992be0cdc237,0xbdb3ba9ffe392549e1f8658dd2630c141fdf47b6,2.4628333e-11,2026-03-10T16:43:23+00:00,0xa5deb155b19ef88410acd7e182c05bef893837d9275fd9bad371705a61d614eb
0x3d9aae030b9661e3605b3acb5d0385ede221a0cc,0xbdb3ba9ffe392549e1f8658dd2630c141fdf47b6,2.4628333e-11,2026-03-10T16:43:23+00:00,0x1c83ef8ab76d9d008e687cacc552657b2540c581524431fd94a06b8ecb2df6dd
0x3eff3dc5a4f5c65d28e88dc8fd22800979c9e7c6,0xbdb3ba9ffe392549e1f8658dd2630c141fdf47b6,2.4628333e-11,2026-03-10T16:43:23+00:00,0x7e9529e8e50286128d9aad6a70045b86cc240c860464c4a328d98b3d2578a5b7
0x66c6778dedba51b87103c8543ee751e7cd960659,0xbdb3ba9ffe392549e1f8658dd2630c141fdf47b6,2.4628334e-11,2026-03-10T16:43:35+00:00,0xe4de0ffb79d473ec47a014a0d4986fea97e2204baf6cbb3f993e2266ffcad76c
0x3d9aae030b9661e3605b3acb5d0385ede221a0cc,0xbdb3ba9ffe392549e1f8658dd2630c141fdf47b6,2.4628334e-11,2026-03-10T16:43:35+00:00,0x3202d17a1488aa8a7fa9c6e1b85e2b63cdb3cb5daf986ba650e32341a67a87d7
0x497a169e37064d92e018d363c86eb3611ec08963,0xbdb3ba9ffe392549e1f8658dd2630c141fdf47b6,2.4628334e-11,2026-03-10T16:43:35+00:00,0x544866d203257a75e08cb4eae52979e6ea41e1cbbf30a7d025c4ba52c097fe5f
0x3eff3dc5a4f5c65d28e88dc8fd22800979c9e7c6,0xbdb3ba9ffe392549e1f8658dd2630c141fdf47b6,2.4628338e-11,2026-03-10T16:44:23+00:00,0xfe54ea0916adff339b58197d1cb6f752053b9235af20acc8f5a5c195c473a92c
0xbc73cbf7aa2fcba5f1b2e010aada76a721aea21c,0xbdb3ba9ffe392549e1f8658dd2630c141fdf47b6,2.462834e-11,2026-03-10T16:44:47+00:00,0x01e619857b8f9edb93f7904ba89ab8d2fd53870924f7c6dcdffad9fd1440a32f
0xe34f8ff184adbb42c9bfc6415f25dbefc18aa7ba,0xbdb3ba9ffe392549e1f8658dd2630c141fdf47b6,0.0,2026-03-10T16:45:23+00:00,0x57035437bd97cf61eb8e9c0ae437b38c9a27b9e8717ab64339d3d58b622864f4
0xbbde9f0c24b6f59d7e828bb4e129992be0cdc237,0xbdb3ba9ffe392549e1f8658dd2630c141fdf47b6,2.4628345e-11,2026-03-10T16:45:47+00:00,0x44b233c96c4b092084a00123734559721ef75f1b24eb825186f9137ce31b2c1d
0x604d23a2ebb002df6fdc77b82da716222ca43b8b,0xbdb3ba9ffe392549e1f8658dd2630c141fdf47b6,2.4628345e-11,2026-03-10T16:45:47+00:00,0x10a0bdba7493c23c133ae9742ae4dd3733831beb77291f5a5d6e9bbeb9078ada
0x3eff3dc5a4f5c65d28e88dc8fd22800979c9e7c6,0xbdb3ba9ffe392549e1f8658dd2630c141fdf47b6,2.4628346e-11,2026-03-10T16:45:59+00:00,0x155d46cf2932577d29120cdab24e2b142a4c22f79c3bcce403a366c4e60c3cbc
0x66c6778dedba51b87103c8543ee751e7cd960659,0xbdb3ba9ffe392549e1f8658dd2630c141fdf47b6,2.4628346e-11,2026-03-10T16:45:59+00:00,0x98e8cd0056c66323d5703dbbf91f8db8dbc013582360f6b407e1446f8b19ebf5
0x3d9aae030b9661e3605b3acb5d0385ede221a0cc,0xbdb3ba9ffe392549e1f8658dd2630c141fdf47b6,2.4628347e-11,2026-03-10T16:46:11+00:00,0x5c1687d6d6b6b01eafd4d0b0a5bf9b89dce54cfc3e10b86e2b7b3eb783ea5712
0x93793bd1f3e35a0efd098c30e486a860a0ef7551,0xbdb3ba9ffe392549e1f8658dd2630c141fdf47b6,2.4628347e-11,2026-03-10T16:46:11+00:00,0x5dd6c74db883ce35339e6d3f3972d4687d995e731006299ea743829cccf74fa0
0x93793bd1f3e35a0efd098c30e486a860a0ef7551,0xbdb3ba9ffe392549e1f8658dd2630c141fdf47b6,2.4628351e-11,2026-03-10T16:46:59+00:00,0xb87fd8c90506587e3d8a59f5766682071496a658bcf975fd636b7b23560fb662
0x22b0351d445840db59b97df3808dd642dcb17e96,0xbdb3ba9ffe392549e1f8658dd2630c141fdf47b6,2.4628352e-11,2026-03-10T16:47:11+00:00,0xf434aaa73e214e4bd500e2cd1afc0c9c0cdba5af6ade09fe4ec94fe8adf22dc7
0x66c6778dedba51b87103c8543ee751e7cd960659,0xbdb3ba9ffe392549e1f8658dd2630c141fdf47b6,2.4628352e-11,2026-03-10T16:47:11+00:00,0x8228367098324bddebdfcf2deac9ecd16f7d0598db9310bc2b8bbde44238c772
0x448166a91e7bc50d0ac720c2fbed29e0963f5af8,0xbdb3ba9ffe392549e1f8658dd2630c141fdf47b6,2.4628353e-11,2026-03-10T16:47:23+00:00,0x4da744d499829fa5c3a80345224f1abe6387dcafba494b61c6dd18d0fa0a017f
0xbc73cbf7aa2fcba5f1b2e010aada76a721aea21c,0xbdb3ba9ffe392549e1f8658dd2630c141fdf47b6,2.4628353e-11,2026-03-10T16:47:23+00:00,0x8e22969ad0eab17d27b65984468122229e2d8fc7ffe4c6e0418f2de86b6144a3
0x3d9aae030b9661e3605b3acb5d0385ede221a0cc,0xbdb3ba9ffe392549e1f8658dd2630c141fdf47b6,2.4628353e-11,2026-03-10T16:47:23+00:00,0x6e1303ea60fe8f93a1c9d1bdd66a970b50ba4a079d85fba76c15fd8cdc26f85d
0x22b0351d445840db59b97df3808dd642dcb17e96,0xbdb3ba9ffe392549e1f8658dd2630c141fdf47b6,2.4628353e-11,2026-03-10T16:47:23+00:00,0xf96e73fcb606281c28f37c4ce8cab8c300a1658d0028f6f0d1bb94ce3666d04a
0x604d23a2ebb002df6fdc77b82da716222ca43b8b,0xbdb3ba9ffe392549e1f8658dd2630c141fdf47b6,2.4628353e-11,2026-03-10T16:47:23+00:00,0x324e766cfcf9521178f416b2e6b2cf711b55711531baccb897d9cdb3e8649f4b
0x3eff3dc5a4f5c65d28e88dc8fd22800979c9e7c6,0xbdb3ba9ffe392549e1f8658dd2630c141fdf47b6,2.4628353e-11,2026-03-10T16:47:23+00:00,0xa3a1df72e1d3a676affb6aa17b2e55ebdcd901cc2a02f38f6d5c1594237c4157
0xbbde9f0c24b6f59d7e828bb4e129992be0cdc237,0xbdb3ba9ffe392549e1f8658dd2630c141fdf47b6,2.4628354e-11,2026-03-10T16:47:35+00:00,0x757d76e4144b3277fe8b5a6e54e828d3c337b4ededa15c77ecc384493243dd00
0xbeccf19b026f12677e5ce1ce9e2d94dcc4772feb,0xbdb3ba9ffe392549e1f8658dd2630c141fdf47b6,2.4628354e-11,2026-03-10T16:47:35+00:00,0xe8ba2d823a40370cd5e24c6f05de88540e1dafd5048c68f5bc17e8a4c66dd1c1
0x5934e06498db785ff26807161ce9d09063231321,0xbdb3ba9ffe392549e1f8658dd2630c141fdf47b6,2.4628354e-11,2026-03-10T16:47:35+00:00,0x3af240d0d463de502a2d3a23cc7322b3c6ac1a1786500b833de847e6ea055753
0x93793bd1f3e35a0efd098c30e486a860a0ef7551,0xbdb3ba9ffe392549e1f8658dd2630c141fdf47b6,2.4628354e-11,2026-03-10T16:47:35+00:00,0x0e1d8aa3e908eed222f2f21022732e8bf5f76716333ca1fe96b579d920f0a410
0xd9d8f818a7a71ed0e1fe936b991508b0e88b1609,0xbdb3ba9ffe392549e1f8658dd2630c141fdf47b6,2.4628354e-11,2026-03-10T16:47:35+00:00,0x4d07224d91ad139dfc3533d508fe7f35e32cbab035ac2f41fb8675a7e47814ae
0x604d23a2ebb002df6fdc77b82da716222ca43b8b,0xbdb3ba9ffe392549e1f8658dd2630c141fdf47b6,2.4628355e-11,2026-03-10T16:47:47+00:00,0x7e47944eb56f99e84b6ab675693deafeb4a77819ddd16393cbc1269bcb80b02a
0x93793bd1f3e35a0efd098c30e486a860a0ef7551,0xbdb3ba9ffe392549e1f8658dd2630c141fdf47b6,2.462836e-11,2026-03-10T16:48:47+00:00,0xb8b00e077306a1e7a8f3c47ce6d06a846549ca4f134dc61c5ad34d326c4d0952
0x448166a91e7bc50d0ac720c2fbed29e0963f5af8,0xbdb3ba9ffe392549e1f8658dd2630c141fdf47b6,2.4628362e-11,2026-03-10T16:49:11+00:00,0x6183fee56fb5d1a95281c82e222eb18c25fc8cbeffc3fce4d80c524f9d1c694a
0x5b43453fce04b92e190f391a83136bfbecedefd1,0xbdb3ba9ffe392549e1f8658dd2630c141fdf47b6,2.4628364e-11,2026-03-10T16:49:35+00:00,0x066500040adcee483596f31b5bbed281be5e17d6e63859c3dc7f0f7bdd84ced6
0x5b43453fce04b92e190f391a83136bfbecedefd1,0xbdb3ba9ffe392549e1f8658dd2630c141fdf47b6,2.4628368e-11,2026-03-10T16:50:23+00:00,0x53ed090d0fe10c5ece7b63940ce2656bf6acec71fdf31ff3ebadc5af140b6689
0x93793bd1f3e35a0efd098c30e486a860a0ef7551,0xbdb3ba9ffe392549e1f8658dd2630c141fdf47b6,2.4628371e-11,2026-03-10T16:50:59+00:00,0xef87e8df5c0a93ba421fe7d9df12352df1e4550c4d7f19ce94ec23db142d7d64
0x448166a91e7bc50d0ac720c2fbed29e0963f5af8,0xbdb3ba9ffe392549e1f8658dd2630c141fdf47b6,2.4628372e-11,2026-03-10T16:51:11+00:00,0xa41ed42025b9a33a097826fb89473c7fff59f87ba2f49ec4a8b265288bc6bc85
0x9359269cfbb80d154129dd9b0074cd7336b9a3a6,0xbdb3ba9ffe392549e1f8658dd2630c141fdf47b6,2.4628373e-11,2026-03-10T16:51:23+00:00,0xda11667486b86292c93550c8fcca4521349435bd711950b5bd0fdf980ce7ce9c
0x448166a91e7bc50d0ac720c2fbed29e0963f5af8,0xbdb3ba9ffe392549e1f8658dd2630c141fdf47b6,2.4628373e-11,2026-03-10T16:51:23+00:00,0x4c29fa4fa9568989483ab1acda3e707275aee448332cf16fc59f419edf547fd4
0x3d9aae030b9661e3605b3acb5d0385ede221a0cc,0xbdb3ba9ffe392549e1f8658dd2630c141fdf47b6,2.4628373e-11,2026-03-10T16:51:23+00:00,0xe85182934ee55322dba777c8003ea4613fc73231fb500725b9917c00fec76705
0xbc73cbf7aa2fcba5f1b2e010aada76a721aea21c,0xbdb3ba9ffe392549e1f8658dd2630c141fdf47b6,2.4628374e-11,2026-03-10T16:51:35+00:00,0x128547ed081e396863fccd3f862e38eaa98168a961cc47b819c9e1c7d8c97fab
0x3d9aae030b9661e3605b3acb5d0385ede221a0cc,0xbdb3ba9ffe392549e1f8658dd2630c141fdf47b6,2.4628375e-11,2026-03-10T16:51:47+00:00,0xb3dbdd50a7e864dd96c69b6da359b24815d867e2b7caa42b05527f008764f4be
0x5b43453fce04b92e190f391a83136bfbecedefd1,0xbdb3ba9ffe392549e1f8658dd2630c141fdf47b6,2.4628376e-11,2026-03-10T16:51:59+00:00,0xcb5c5d50e8943b96f6cf9431b061f2b67bc30f2c57ff5fe177c29fdb86c9f7b4
0x448166a91e7bc50d0ac720c2fbed29e0963f5af8,0xbdb3ba9ffe392549e1f8658dd2630c141fdf47b6,2.4628377e-11,2026-03-10T16:52:11+00:00,0x52cf1fff2c51758ba4e27e49467cd94c8ea471d18aa61dd9763b8aa084a3f570
0xbbde9f0c24b6f59d7e828bb4e129992be0cdc237,0xbdb3ba9ffe392549e1f8658dd2630c141fdf47b6,2.4628378e-11,2026-03-10T16:52:23+00:00,0xc88a94296962c2af076d6a7b1fb082d7489d5732a343c1434b4a44725961a8b3
0x604d23a2ebb002df6fdc77b82da716222ca43b8b,0xbdb3ba9ffe392549e1f8658dd2630c141fdf47b6,2.4628378e-11,2026-03-10T16:52:23+00:00,0x84f329b7aa07128fe4d7cec4e695e7de84d209f2063206f4d0c9dd1883669ce8
0x93793bd1f3e35a0efd098c30e486a860a0ef7551,0xbdb3ba9ffe392549e1f8658dd2630c141fdf47b6,2.4628378e-11,2026-03-10T16:52:23+00:00,0x0d9e61d652739125f963ae34a9101ab8c56e865da48e49b6abb180e578ebb664
0x3eff3dc5a4f5c65d28e88dc8fd22800979c9e7c6,0xbdb3ba9ffe392549e1f8658dd2630c141fdf47b6,2.4628378e-11,2026-03-10T16:52:23+00:00,0x092d56a82d368a9f7970048d71c69dacdd9d3322677268ea638367c060475f9e
0x9359269cfbb80d154129dd9b0074cd7336b9a3a6,0xbdb3ba9ffe392549e1f8658dd2630c141fdf47b6,2.4628378e-11,2026-03-10T16:52:23+00:00,0xac8e8e550a3e1da3ca25cff563c708a2fcccea0180011abcd8d44af6ec3a7f7b
0x448166a91e7bc50d0ac720c2fbed29e0963f5af8,0xbdb3ba9ffe392549e1f8658dd2630c141fdf47b6,2.4628382e-11,2026-03-10T16:53:11+00:00,0xc697b292372ccab5a2b5bac1ba9f6cf39349ac5e07e34a43ab74a2710a166a12
0x93793bd1f3e35a0efd098c30e486a860a0ef7551,0xbdb3ba9ffe392549e1f8658dd2630c141fdf47b6,2.4628385e-11,2026-03-10T16:53:47+00:00,0x556670171981793b7d64d226e932f3e274daab4295d10d24bb7f88dfc34c2ddc
0x604d23a2ebb002df6fdc77b82da716222ca43b8b,0xbdb3ba9ffe392549e1f8658dd2630c141fdf47b6,2.4628385e-11,2026-03-10T16:53:47+00:00,0x939b635e8c1e8c562baf611be9c660dba5eb07c7a5ae3ffca729447aea26964c
0x93793bd1f3e35a0efd098c30e486a860a0ef7551,0xbdb3ba9ffe392549e1f8658dd2630c141fdf47b6,2.4628386e-11,2026-03-10T16:53:59+00:00,0x66f47fd37be8c96ce2f2c1496aa27ff086d212e1b7b8d52e17f42638cdfd9aa7
0x5b43453fce04b92e190f391a83136bfbecedefd1,0xbdb3ba9ffe392549e1f8658dd2630c141fdf47b6,2.4628387e-11,2026-03-10T16:54:11+00:00,0xff208b739747c33facac60d83e091010b6a9af24ff2a8a2e594e32d7aa941431
0x5b43453fce04b92e190f391a83136bfbecedefd1,0xbdb3ba9ffe392549e1f8658dd2630c141fdf47b6,2.4628388e-11,2026-03-10T16:54:23+00:00,0xdc8eb8af56a0eb9799bafb92d5b3bc6a2a4d5025ee525d6f16606b9c5bae6342
0xbc73cbf7aa2fcba5f1b2e010aada76a721aea21c,0xbdb3ba9ffe392549e1f8658dd2630c141fdf47b6,2.4628388e-11,2026-03-10T16:54:23+00:00,0xa3826d6da2ea35f735cc17a2966b06799bb02c75ec5a0b2f931d08291be79dad
0x5b43453fce04b92e190f391a83136bfbecedefd1,0xbdb3ba9ffe392549e1f8658dd2630c141fdf47b6,2.4628393e-11,2026-03-10T16:55:23+00:00,0x55960368b6115420bc5fe216b8470fe5d665482bfe4268041a9dfc50e56ce72b
0x3d9aae030b9661e3605b3acb5d0385ede221a0cc,0xbdb3ba9ffe392549e1f8658dd2630c141fdf47b6,2.4628394e-11,2026-03-10T16:55:35+00:00,0xcc101de22f4f18859bd31ef13ab76decc2e6654e37e0cf49555c8b9c318f0e6e
0x22b0351d445840db59b97df3808dd642dcb17e96,0xbdb3ba9ffe392549e1f8658dd2630c141fdf47b6,2.4628394e-11,2026-03-10T16:55:35+00:00,0xc0f99fd14750da821329420e77d00a4ed3de3ab0f771e3c335cfa40b7095e640
0x9359269cfbb80d154129dd9b0074cd7336b9a3a6,0xbdb3ba9ffe392549e1f8658dd2630c141fdf47b6,2.4628394e-11,2026-03-10T16:55:35+00:00,0x3b1e7e68b0c6aa7de9ac42edeb473530ffe907cd14a281713f763115783fec19
0x5b43453fce04b92e190f391a83136bfbecedefd1,0xbdb3ba9ffe392549e1f8658dd2630c141fdf47b6,2.4628395e-11,2026-03-10T16:55:47+00:00,0xecc3fafc01440b5e02d5820d1ca410d8d17cf5300a1d8f1247d2e4d07f6eb762
0xbc73cbf7aa2fcba5f1b2e010aada76a721aea21c,0xbdb3ba9ffe392549e1f8658dd2630c141fdf47b6,2.4628395e-11,2026-03-10T16:55:47+00:00,0x0163d221fa8ab870b3f3d68e84b227cac5352e93b3d76812ef415324b74a54ed
0x22b0351d445840db59b97df3808dd642dcb17e96,0xbdb3ba9ffe392549e1f8658dd2630c141fdf47b6,2.4628398e-11,2026-03-10T16:56:23+00:00,0x162d67bef378510d9e7c9fcb71042e0610f7d986892ea3df4402aa2231fa49af
0x9359269cfbb80d154129dd9b0074cd7336b9a3a6,0xbdb3ba9ffe392549e1f8658dd2630c141fdf47b6,2.4628398e-11,2026-03-10T16:56:23+00:00,0x820e69d8c18315e2875e8b4f6c8683790fb3b21260b4d820b2e8027a40901f2d
0x5934e06498db785ff26807161ce9d09063231321,0xbdb3ba9ffe392549e1f8658dd2630c141fdf47b6,2.4628398e-11,2026-03-10T16:56:23+00:00,0x8ec97b6d0475fe6bd02981271941847f41f33337aeea54d3820349a8d2713a20
0x8357efa84f91013bd6b285ef0f6b93c211cc3d9d,0xbdb3ba9ffe392549e1f8658dd2630c141fdf47b6,2.4628398e-11,2026-03-10T16:56:23+00:00,0x35c8786d969f2d4795e82152f6f9520c9d64d6ebfbaa399ef9c4d123629c776a
0x448166a91e7bc50d0ac720c2fbed29e0963f5af8,0xbdb3ba9ffe392549e1f8658dd2630c141fdf47b6,2.4628399e-11,2026-03-10T16:56:47+00:00,0x15024369d49a42492bb96b1e69dbf1e8bec0b1955ee79dde6c1f2a87f6ab0605
0x22b0351d445840db59b97df3808dd642dcb17e96,0xbdb3ba9ffe392549e1f8658dd2630c141fdf47b6,2.4628399e-11,2026-03-10T16:56:47+00:00,0x5a735023e6438f402eb9584544dd4f5c3e3471554720862784ca4c0d496de19d
0x93793bd1f3e35a0efd098c30e486a860a0ef7551,0xbdb3ba9ffe392549e1f8658dd2630c141fdf47b6,2.4628399e-11,2026-03-10T16:56:47+00:00,0x1f29c82b63347b2fcb42a65036773ced1a7dec2f3a93aba4145f6679df2fc2c8
0x66c6778dedba51b87103c8543ee751e7cd960659,0xbdb3ba9ffe392549e1f8658dd2630c141fdf47b6,2.4628399e-11,2026-03-10T16:56:47+00:00,0x9b13d1cfa253ac1e03703fa8107711ab61b6b550af3a8c95497b6cbc8a95cf6c
0x3d9aae030b9661e3605b3acb5d0385ede221a0cc,0xbdb3ba9ffe392549e1f8658dd2630c141fdf47b6,2.4628399e-11,2026-03-10T16:56:47+00:00,0x68623aaddc22ca6cc911bd244e49ad33882c105bd28358ffe462dcf724efe5eb
0x604d23a2ebb002df6fdc77b82da716222ca43b8b,0xbdb3ba9ffe392549e1f8658dd2630c141fdf47b6,2.4628399e-11,2026-03-10T16:56:47+00:00,0xbda1f8d5de71ae307cc15733b25c857412afdba5ebbe6b3e404d3c0b265d41e0
0x7bf30399dba8051c2bf191afe2cd07ea4e064625,0xbdb3ba9ffe392549e1f8658dd2630c141fdf47b6,2.4628399e-11,2026-03-10T16:56:47+00:00,0x30ffc6dd670004092ffa0e693c18467494fee39b07eaa5df815fb931353466c4
0x93793bd1f3e35a0efd098c30e486a860a0ef7551,0xbdb3ba9ffe392549e1f8658dd2630c141fdf47b6,2.4628399e-11,2026-03-10T16:56:47+00:00,0xf07dcbe2b3ea6ff4a842e5d8c09fa432901a54445677373c8c90b79050b0efd0
0x6a5ac574a26df5ac487c5074c2fd80c2578c81f7,0xbdb3ba9ffe392549e1f8658dd2630c141fdf47b6,2.46284e-11,2026-03-10T16:56:59+00:00,0x2eecafa83bbc6da9c8aea86dafd7e589ddc7270338b3484ce329112e7e36fe32
0x3eff3dc5a4f5c65d28e88dc8fd22800979c9e7c6,0xbdb3ba9ffe392549e1f8658dd2630c141fdf47b6,2.46284e-11,2026-03-10T16:56:59+00:00,0xeef330c0be311d5b7400ed17bfa6f35e0218b3e50d76d91b5ba560b259b28158
0x8357efa84f91013bd6b285ef0f6b93c211cc3d9d,0xbdb3ba9ffe392549e1f8658dd2630c141fdf47b6,2.46284e-11,2026-03-10T16:56:59+00:00,0xc96e7708e57120826f7b3e8190108e256b6b8f95c1f247b2c19f5384adf0c0f6
0xbeccf19b026f12677e5ce1ce9e2d94dcc4772feb,0xbdb3ba9ffe392549e1f8658dd2630c141fdf47b6,2.46284e-11,2026-03-10T16:56:59+00:00,0x2289e3b7a2c04d21dda7cdafd60a676d710a16f3b6ac03bb90ec1946cc22c227
0x448166a91e7bc50d0ac720c2fbed29e0963f5af8,0xbdb3ba9ffe392549e1f8658dd2630c141fdf47b6,2.4628404e-11,2026-03-10T16:57:47+00:00,0x70f5b35064d7e2df7482b33fcfc0fea9e98371cb14b045dbfb01e55ca0e513f0
0x93793bd1f3e35a0efd098c30e486a860a0ef7551,0xbdb3ba9ffe392549e1f8658dd2630c141fdf47b6,2.4628408e-11,2026-03-10T16:58:35+00:00,0x8ea9c975018e2c2a646cb26a7cf7c6a0fdb898a113f9afa680056d7d6acd66dd
0x497a169e37064d92e018d363c86eb3611ec08963,0xbdb3ba9ffe392549e1f8658dd2630c141fdf47b6,2.4628408e-11,2026-03-10T16:58:35+00:00,0xbc8b60f9be8bd256511738c81893bc7ccf3e25c54bc185a1ead526053ab8185a
0x5b43453fce04b92e190f391a83136bfbecedefd1,0xbdb3ba9ffe392549e1f8658dd2630c141fdf47b6,2.462841e-11,2026-03-10T16:58:59+00:00,0x0e99f91fb8485576b33ed0921b1b624c3af1ecfd23c298b775cc7c47aab6d3c5
0x497a169e37064d92e018d363c86eb3611ec08963,0xbdb3ba9ffe392549e1f8658dd2630c141fdf47b6,2.4628412e-11,2026-03-10T16:59:23+00:00,0x381912e88baebf29c771036fefb0daa86747cc7c4a4073cc6764b8dd4fd3a777
0xbc73cbf7aa2fcba5f1b2e010aada76a721aea21c,0xbdb3ba9ffe392549e1f8658dd2630c141fdf47b6,2.4628412e-11,2026-03-10T16:59:23+00:00,0x0bdcb0c66bf5f1a91bb09009c24604a8456d0aa981edcd08d7d0cd38a861f432
0x448166a91e7bc50d0ac720c2fbed29e0963f5af8,0xbdb3ba9ffe392549e1f8658dd2630c141fdf47b6,2.4628418e-11,2026-03-10T17:00:35+00:00,0x365f492add12bd15f715bf17ff988882760e851b0f5460cc7b0a3909dbd0d928
0x93793bd1f3e35a0efd098c30e486a860a0ef7551,0xbdb3ba9ffe392549e1f8658dd2630c141fdf47b6,2.4628418e-11,2026-03-10T17:00:35+00:00,0x21b0bf95be4832cc273a4afb4e94eb5598bbfcddcd0e5be5d32d2f90e684578e
0x6a5ac574a26df5ac487c5074c2fd80c2578c81f7,0xbdb3ba9ffe392549e1f8658dd2630c141fdf47b6,2.4628421e-11,2026-03-10T17:01:11+00:00,0x409a1f308de0fb22403a24ed49d9f6c932fd03dd3bc7401040d541e406154619
0x6a5ac574a26df5ac487c5074c2fd80c2578c81f7,0xbdb3ba9ffe392549e1f8658dd2630c141fdf47b6,2.4628422e-11,2026-03-10T17:01:23+00:00,0xa161836fc005c844ae4f5d2544fa535bc19c6422034085dd041be4de06a9185f
0xbc73cbf7aa2fcba5f1b2e010aada76a721aea21c,0xbdb3ba9ffe392549e1f8658dd2630c141fdf47b6,2.4628422e-11,2026-03-10T17:01:23+00:00,0xbf83080fea7c4fc03a68e617e0599009108ef68dd92a87c98bd68082b81e44d9
0x5b43453fce04b92e190f391a83136bfbecedefd1,0xbdb3ba9ffe392549e1f8658dd2630c141fdf47b6,2.4628423e-11,2026-03-10T17:01:35+00:00,0x5b603e4faea51ae1da96ee25eea1dfd8db89750dd228c14a25dd6c9de489ad11
0x5b43453fce04b92e190f391a83136bfbecedefd1,0xbdb3ba9ffe392549e1f8658dd2630c141fdf47b6,2.4628424e-11,2026-03-10T17:01:47+00:00,0xe081d77e9f7144321fd9ec10ee6bf405f5e2dd84d5f0d57784ff98f962b71a2d
0xbc73cbf7aa2fcba5f1b2e010aada76a721aea21c,0xbdb3ba9ffe392549e1f8658dd2630c141fdf47b6,2.4628424e-11,2026-03-10T17:01:47+00:00,0xda5cedfa54b198163b2f188e6e9daf879e53e541a932d068ef92f4f3e9c45791
0x3d9aae030b9661e3605b3acb5d0385ede221a0cc,0xbdb3ba9ffe392549e1f8658dd2630c141fdf47b6,2.4628425e-11,2026-03-10T17:01:59+00:00,0xe9bbe14de27b13bf448435da23da31626d0583dd70c471ba02803425799c0507
0x3eff3dc5a4f5c65d28e88dc8fd22800979c9e7c6,0xbdb3ba9ffe392549e1f8658dd2630c141fdf47b6,2.4628425e-11,2026-03-10T17:01:59+00:00,0x8e3183bf232c0dd3fe51525a996757109efbded0dc41c2ce3144020dfd3c7712
0x448166a91e7bc50d0ac720c2fbed29e0963f5af8,0xbdb3ba9ffe392549e1f8658dd2630c141fdf47b6,2.4628425e-11,2026-03-10T17:01:59+00:00,0xe86d9fc5707e852b819dbedb3c0d68d2787556dcb93bdf6b8c51e003635d9cb7
0xbbde9f0c24b6f59d7e828bb4e129992be0cdc237,0xbdb3ba9ffe392549e1f8658dd2630c141fdf47b6,2.4628425e-11,2026-03-10T17:01:59+00:00,0x6a3fee9138aa2470cf56c4a91b78bc77653454b91221674c3a348753d8f2d6c5
0x5b43453fce04b92e190f391a83136bfbecedefd1,0xbdb3ba9ffe392549e1f8658dd2630c141fdf47b6,2.4628428e-11,2026-03-10T17:02:35+00:00,0x153853668073778bbe63410f901d88b852a179a03a8204c3729d75153e111bab
0x604d23a2ebb002df6fdc77b82da716222ca43b8b,0xbdb3ba9ffe392549e1f8658dd2630c141fdf47b6,2.462843e-11,2026-03-10T17:02:59+00:00,0x97d1f8cf256ff7d130aa45602adde8dfcad153e4401f6143524a224ff468dc0f
0x3eff3dc5a4f5c65d28e88dc8fd22800979c9e7c6,0xbdb3ba9ffe392549e1f8658dd2630c141fdf47b6,2.462843e-11,2026-03-10T17:02:59+00:00,0x810a123445969797cfef30f6b55f3203888059fb34f1f87f28e4ac3b803044ed
0x604d23a2ebb002df6fdc77b82da716222ca43b8b,0xbdb3ba9ffe392549e1f8658dd2630c141fdf47b6,2.4628433e-11,2026-03-10T17:03:35+00:00,0x39fe66237c83a1080bb2fedc5a50df7a3e14e65c6bc79cd6d86316b17af7fdb2
0x8e76caebaca6c0e390f825fa44dfd1fcb74b9c36,0xbdb3ba9ffe392549e1f8658dd2630c141fdf47b6,2.4628433e-11,2026-03-10T17:03:35+00:00,0xde9eac4cf2e1b9bdae0d8af31da367fbec9e62d6b9fab92e4bfbc009b2fb650c
0x22b0351d445840db59b97df3808dd642dcb17e96,0xbdb3ba9ffe392549e1f8658dd2630c141fdf47b6,2.4628433e-11,2026-03-10T17:03:35+00:00,0x981c72aadc8b0525c0cbd00ead48e2fd9a024f7bcd2e2ea4c7be61ab5dbbb85b
0xbc73cbf7aa2fcba5f1b2e010aada76a721aea21c,0xbdb3ba9ffe392549e1f8658dd2630c141fdf47b6,2.4628434e-11,2026-03-10T17:03:47+00:00,0x86c09780610c0e3a3b78ba99b552ec216b570fc447586f6de9bc374cb659128c
0xbbde9f0c24b6f59d7e828bb4e129992be0cdc237,0xbdb3ba9ffe392549e1f8658dd2630c141fdf47b6,2.4628439e-11,2026-03-10T17:04:47+00:00,0xa426151ba63597389e0777a59bc81ffa7474f7d9a894378e763a045a602549f2
0x9359269cfbb80d154129dd9b0074cd7336b9a3a6,0xbdb3ba9ffe392549e1f8658dd2630c141fdf47b6,2.4628439e-11,2026-03-10T17:04:47+00:00,0x319ea0b0e97649cc449ffebe7798bd1015d784db87f54da588328d68c30877fd
0x3d9aae030b9661e3605b3acb5d0385ede221a0cc,0xbdb3ba9ffe392549e1f8658dd2630c141fdf47b6,2.4628441e-11,2026-03-10T17:05:11+00:00,0xa5af2ad1aa4c1160eb088b1af14c565eb712d5a4cace90a2e171e4f91e993e65
0x93793bd1f3e35a0efd098c30e486a860a0ef7551,0xbdb3ba9ffe392549e1f8658dd2630c141fdf47b6,2.4628441e-11,2026-03-10T17:05:11+00:00,0x3792bc67568b35aecea60f9fdfc98b31a20c45f8c2c47b86153658cfc72173c5
0xbbde9f0c24b6f59d7e828bb4e129992be0cdc237,0xbdb3ba9ffe392549e1f8658dd2630c141fdf47b6,2.4628441e-11,2026-03-10T17:05:11+00:00,0xdd29b04c383f46bfea3cf135f12438cdaa346e7f9e2a3ff0588d13cdf8927e4d
0x66c6778dedba51b87103c8543ee751e7cd960659,0xbdb3ba9ffe392549e1f8658dd2630c141fdf47b6,2.4628444e-11,2026-03-10T17:05:47+00:00,0xf554a791f7538d03ec0f1b1f6d8dc41930fa121946f2969dcb8561fd85b70181
0x604d23a2ebb002df6fdc77b82da716222ca43b8b,0xbdb3ba9ffe392549e1f8658dd2630c141fdf47b6,2.4628445e-11,2026-03-10T17:05:59+00:00,0x065f93976a36800b758333f765bea9ba0e5dd23493774558f20ac4472ffb18f4
0x66c6778dedba51b87103c8543ee751e7cd960659,0xbdb3ba9ffe392549e1f8658dd2630c141fdf47b6,2.4628445e-11,2026-03-10T17:05:59+00:00,0xfdd3fffabe30c63d71bb66c5a4500d0371f5fb154beba280e2114ae3bdf2c311
0x93793bd1f3e35a0efd098c30e486a860a0ef7551,0xbdb3ba9ffe392549e1f8658dd2630c141fdf47b6,2.4628447e-11,2026-03-10T17:06:23+00:00,0x864c45a46533c58b61b77495ab34191b82687f702336ec00c81db2026475b914
0x5b43453fce04b92e190f391a83136bfbecedefd1,0xbdb3ba9ffe392549e1f8658dd2630c141fdf47b6,2.4628448e-11,2026-03-10T17:06:35+00:00,0x00944b5bcc5ac06692a495eaef8c19a345122983b39704fc04f0982cac97c59d
0x3d9aae030b9661e3605b3acb5d0385ede221a0cc,0xbdb3ba9ffe392549e1f8658dd2630c141fdf47b6,2.4628448e-11,2026-03-10T17:06:35+00:00,0x49bbedf67c39011f9648e5663ff4c22813617c3447ac2904c3c70220b26295dd
0x3eff3dc5a4f5c65d28e88dc8fd22800979c9e7c6,0xbdb3ba9ffe392549e1f8658dd2630c141fdf47b6,2.4628449e-11,2026-03-10T17:06:47+00:00,0x1050991fc0cbdea4fd29ad0a3da165c3ee2018c78c640a6350817a882dabeb31
0x9359269cfbb80d154129dd9b0074cd7336b9a3a6,0xbdb3ba9ffe392549e1f8658dd2630c141fdf47b6,2.4628449e-11,2026-03-10T17:06:47+00:00,0x7f0f7fdfaade0e4c210d2099665d0cdf5b040beb15f7861fd339e30cc7708585
0x5b43453fce04b92e190f391a83136bfbecedefd1,0xbdb3ba9ffe392549e1f8658dd2630c141fdf47b6,2.462845e-11,2026-03-10T17:06:59+00:00,0xb3ccab4a039ee9e13950f1c37144e5e2706f640d5f0b7ab2fd9d429afadf30b9
0x448166a91e7bc50d0ac720c2fbed29e0963f5af8,0xbdb3ba9ffe392549e1f8658dd2630c141fdf47b6,2.462845e-11,2026-03-10T17:06:59+00:00,0x689a6ac63405a8b859418aa8483ace4dcf5ccc462c728bab67c550945e5aea76
0x3eff3dc5a4f5c65d28e88dc8fd22800979c9e7c6,0xbdb3ba9ffe392549e1f8658dd2630c141fdf47b6,2.4628451e-11,2026-03-10T17:07:11+00:00,0x1dd79005d7cf550546d55386ee10e203b9b4050b0f94adc5ea9c00d240db313b
0x3d9aae030b9661e3605b3acb5d0385ede221a0cc,0xbdb3ba9ffe392549e1f8658dd2630c141fdf47b6,2.4628451e-11,2026-03-10T17:07:11+00:00,0x4569c0254f6090ecf31e75fb1cbdb68ceaf7af242865761c76d917ffe5a155fa
0x5b43453fce04b92e190f391a83136bfbecedefd1,0xbdb3ba9ffe392549e1f8658dd2630c141fdf47b6,2.4628455e-11,2026-03-10T17:07:59+00:00,0x090d054f0157e6632fc80b9a9792cd05913b308b81a0d3601fea6333a199c605
0x93793bd1f3e35a0efd098c30e486a860a0ef7551,0xbdb3ba9ffe392549e1f8658dd2630c141fdf47b6,2.4628456e-11,2026-03-10T17:08:11+00:00,0x81fba6f9246410b8c485e119b41f1a088ddefad0021c1a2cd8ee99737834988c
0x22b0351d445840db59b97df3808dd642dcb17e96,0xbdb3ba9ffe392549e1f8658dd2630c141fdf47b6,2.4628457e-11,2026-03-10T17:08:23+00:00,0x60cca819cba2f57e7b7afd053ee556d138a38018ceb718a82cd5a274a8844938
0x66c6778dedba51b87103c8543ee751e7cd960659,0xbdb3ba9ffe392549e1f8658dd2630c141fdf47b6,2.4628457e-11,2026-03-10T17:08:23+00:00,0xb530909ed0dc5bbda0c639caf27a2cbeb5cb1c7f6460a663f0760c2d35813db3
0xd9d8f818a7a71ed0e1fe936b991508b0e88b1609,0xbdb3ba9ffe392549e1f8658dd2630c141fdf47b6,2.4628457e-11,2026-03-10T17:08:23+00:00,0x222fdbf7367f51a0138b16e0a52c335505d85a9da784b7272d0b1b5fbffe2cd3
0xbeccf19b026f12677e5ce1ce9e2d94dcc4772feb,0xbdb3ba9ffe392549e1f8658dd2630c141fdf47b6,2.4628457e-11,2026-03-10T17:08:23+00:00,0x47dd9d4a866d480bd939b0eb1758c974726800c4827c991c661c739f23ef2964
0xbbde9f0c24b6f59d7e828bb4e129992be0cdc237,0xbdb3ba9ffe392549e1f8658dd2630c141fdf47b6,2.4628457e-11,2026-03-10T17:08:23+00:00,0xf9ae9b3bbb62fb675f8fecc31168a2c45fd4779936751667f5963ccd2a118331
0x3eff3dc5a4f5c65d28e88dc8fd22800979c9e7c6,0xbdb3ba9ffe392549e1f8658dd2630c141fdf47b6,2.4628457e-11,2026-03-10T17:08:23+00:00,0x3525dffd81c5496c4d7bf17a2b8ae750ad7498e4f6a5b133f2776e95e8f8e842
0x448166a91e7bc50d0ac720c2fbed29e0963f5af8,0xbdb3ba9ffe392549e1f8658dd2630c141fdf47b6,2.4628457e-11,2026-03-10T17:08:23+00:00,0xb66668e38178a3ed22895313dfa04ca691b320b17746e598929c764af7455094
0x3d9aae030b9661e3605b3acb5d0385ede221a0cc,0xbdb3ba9ffe392549e1f8658dd2630c141fdf47b6,2.4628457e-11,2026-03-10T17:08:23+00:00,0x6d434694f9444f43cc8853df9e59c52afd253a82bf8491eaaeec28c7970c443b
0xbeccf19b026f12677e5ce1ce9e2d94dcc4772feb,0xbdb3ba9ffe392549e1f8658dd2630c141fdf47b6,2.462846e-11,2026-03-10T17:08:59+00:00,0xc4af77fa91287ce53c7673e1086fa05d2754c6cbd39cdec28b730ebc12833829
0x3eff3dc5a4f5c65d28e88dc8fd22800979c9e7c6,0xbdb3ba9ffe392549e1f8658dd2630c141fdf47b6,2.462846e-11,2026-03-10T17:08:59+00:00,0xab7430424e01c65ee1bc904eb5f01c6ddc67415c153e3926d8d7e65cca827834
0x93793bd1f3e35a0efd098c30e486a860a0ef7551,0xbdb3ba9ffe392549e1f8658dd2630c141fdf47b6,2.462846e-11,2026-03-10T17:08:59+00:00,0xaf8dcac108e177ad0452c0da99aeae8d29bfd2b4816582895e61d4b92ba0521e
0x448166a91e7bc50d0ac720c2fbed29e0963f5af8,0xbdb3ba9ffe392549e1f8658dd2630c141fdf47b6,2.462846e-11,2026-03-10T17:08:59+00:00,0x134282637ea99deb1e0d76fd834425b5ba628a563153bda8817948a2a02dc7ba
0xbbde9f0c24b6f59d7e828bb4e129992be0cdc237,0xbdb3ba9ffe392549e1f8658dd2630c141fdf47b6,2.462846e-11,2026-03-10T17:08:59+00:00,0x9d1ff116b5ff4bee837f77cedc24d48464718a8aad90722bf671f482b323da0b
0x8357efa84f91013bd6b285ef0f6b93c211cc3d9d,0xbdb3ba9ffe392549e1f8658dd2630c141fdf47b6,2.462846e-11,2026-03-10T17:08:59+00:00,0x3c84c5a18651fc5fb7ed7df60ec35eac6ecfa23c743778be0222a0a5732f98f5
0x6a5ac574a26df5ac487c5074c2fd80c2578c81f7,0xbdb3ba9ffe392549e1f8658dd2630c141fdf47b6,2.4628462e-11,2026-03-10T17:09:23+00:00,0x1a8c4daf3220a1e9dab21a3a80a2aa2cfa0d84540cf3cd8517700b81bd33042f
0xbc73cbf7aa2fcba5f1b2e010aada76a721aea21c,0xbdb3ba9ffe392549e1f8658dd2630c141fdf47b6,2.4628462e-11,2026-03-10T17:09:23+00:00,0xc24aadd49a0c6b0709cd3e0286eb446c87ba0d9a7f0714f5879602e0b499b3f7
0x448166a91e7bc50d0ac720c2fbed29e0963f5af8,0xbdb3ba9ffe392549e1f8658dd2630c141fdf47b6,2.4628463e-11,2026-03-10T17:09:35+00:00,0xd4f7fa83b8eb100b7d9b65f0d0cc4834ce8900a9163b565857e657fa792580e0
0xbc73cbf7aa2fcba5f1b2e010aada76a721aea21c,0xbdb3ba9ffe392549e1f8658dd2630c141fdf47b6,2.4628464e-11,2026-03-10T17:09:47+00:00,0x5cf753f474d57a600d68ece7b1c9accedbd403ac88585518a42feb96bcd294c8
0x5b43453fce04b92e190f391a83136bfbecedefd1,0xbdb3ba9ffe392549e1f8658dd2630c141fdf47b6,2.4628465e-11,2026-03-10T17:09:59+00:00,0xfacfa408e77ae6e874f9af45aaa2e528277c71513701d9f5c532944677a2bc2e
0x5b43453fce04b92e190f391a83136bfbecedefd1,0xbdb3ba9ffe392549e1f8658dd2630c141fdf47b6,2.462847e-11,2026-03-10T17:10:59+00:00,0xf9d02769d4fbf1cb7a329a705a0e89cd86e23a932bc317845819f7065c217b94
0x5b43453fce04b92e190f391a83136bfbecedefd1,0xbdb3ba9ffe392549e1f8658dd2630c141fdf47b6,2.4628471e-11,2026-03-10T17:11:11+00:00,0x196df9d0021e602dc5767d1fdbb8ba04664151964bb3b5d4a518d58155410b7c
0x5e2a3daaf86cede3392f77616cede2de0d3bd3a0,0xbdb3ba9ffe392549e1f8658dd2630c141fdf47b6,2.4628471e-11,2026-03-10T17:11:11+00:00,0x0a1f8ae9122b64602d06e17f6e1ed8f415a36554b0b61541960f3a49f13af61b
0x6a5ac574a26df5ac487c5074c2fd80c2578c81f7,0xbdb3ba9ffe392549e1f8658dd2630c141fdf47b6,2.4628471e-11,2026-03-10T17:11:11+00:00,0x7302437579fe58a766357ac0c74d175c55cee93cb391420b9539518da8530630
0xbc73cbf7aa2fcba5f1b2e010aada76a721aea21c,0xbdb3ba9ffe392549e1f8658dd2630c141fdf47b6,2.4628471e-11,2026-03-10T17:11:11+00:00,0x5759206ed4a3e1204cfe120b0b3bd345866f4297270e4d2153294dd3668c9ead
0x497a169e37064d92e018d363c86eb3611ec08963,0xbdb3ba9ffe392549e1f8658dd2630c141fdf47b6,2.4628471e-11,2026-03-10T17:11:11+00:00,0x8517c137f6d33c830d17a63f4997cea2b157dad5e3bc13338e5445826f641667
0xbbde9f0c24b6f59d7e828bb4e129992be0cdc237,0xbdb3ba9ffe392549e1f8658dd2630c141fdf47b6,2.4628473e-11,2026-03-10T17:11:35+00:00,0x292f755100891ef54e05225d67e883514dfa6a2e694737e577f3af01aae80993
0x93793bd1f3e35a0efd098c30e486a860a0ef7551,0xbdb3ba9ffe392549e1f8658dd2630c141fdf47b6,2.4628473e-11,2026-03-10T17:11:35+00:00,0x643a02207c252b55dd20fc2a568630a2483b28f7d6f7432c8935f93e9c17696d
0x5b43453fce04b92e190f391a83136bfbecedefd1,0xbdb3ba9ffe392549e1f8658dd2630c141fdf47b6,2.4628474e-11,2026-03-10T17:11:47+00:00,0x35b9040247ce5cc226c70f52da073e1b1e289398c61e40764846bde214830736
0x5b43453fce04b92e190f391a83136bfbecedefd1,0xbdb3ba9ffe392549e1f8658dd2630c141fdf47b6,2.4628476e-11,2026-03-10T17:12:11+00:00,0xc7bc2020a193f7971ed040eb452b29999411d9111e031cd6578e78b0c22ba8cb
0x66c6778dedba51b87103c8543ee751e7cd960659,0xbdb3ba9ffe392549e1f8658dd2630c141fdf47b6,2.4628477e-11,2026-03-10T17:12:23+00:00,0xffb65c1df978caea37bb37b23ae9fefc4fcfafb4ee79e5eee1dc14d9efce3829
0xbeccf19b026f12677e5ce1ce9e2d94dcc4772feb,0xbdb3ba9ffe392549e1f8658dd2630c141fdf47b6,2.4628477e-11,2026-03-10T17:12:23+00:00,0x1f7b1c087fd852bed9ef7c5832857c313a86f53295e60aaed48ab4f933692c37
0x8357efa84f91013bd6b285ef0f6b93c211cc3d9d,0xbdb3ba9ffe392549e1f8658dd2630c141fdf47b6,2.4628479e-11,2026-03-10T17:12:47+00:00,0x606a4523f596e289f2287eabda4ec2b8d5f317bcf76a1dffd2958434fcaddc23
0xbbde9f0c24b6f59d7e828bb4e129992be0cdc237,0xbdb3ba9ffe392549e1f8658dd2630c141fdf47b6,2.4628479e-11,2026-03-10T17:12:47+00:00,0x68d2d0f6a00d6c7d04ef5add8a33269e7b4fa6c89268def68ee0c7bc56a2ce9d
0x22b0351d445840db59b97df3808dd642dcb17e96,0xbdb3ba9ffe392549e1f8658dd2630c141fdf47b6,2.4628479e-11,2026-03-10T17:12:47+00:00,0xd25e2f3445fa99d7d705095f03eacc5dee16cc2915e6edeb960606cc90f72fb4
0x3d9aae030b9661e3605b3acb5d0385ede221a0cc,0xbdb3ba9ffe392549e1f8658dd2630c141fdf47b6,2.4628479e-11,2026-03-10T17:12:47+00:00,0x2cd2e73b2951bd88385a344f0f64fb171b6d30276a22133018f3aaad5f32a5de
0x93793bd1f3e35a0efd098c30e486a860a0ef7551,0xbdb3ba9ffe392549e1f8658dd2630c141fdf47b6,2.4628479e-11,2026-03-10T17:12:47+00:00,0x7e1422102812b8728bcc838574ab60c4e6f37e6e782c742439c60a672ba67dfb
0x3eff3dc5a4f5c65d28e88dc8fd22800979c9e7c6,0xbdb3ba9ffe392549e1f8658dd2630c141fdf47b6,2.4628479e-11,2026-03-10T17:12:47+00:00,0xd192c8e38a7e8e20f3a170e65031ff8e445840514f8b157c00d60fe11c6a22b6
0x22b0351d445840db59b97df3808dd642dcb17e96,0xbdb3ba9ffe392549e1f8658dd2630c141fdf47b6,2.4628479e-11,2026-03-10T17:12:47+00:00,0x30540bdf2b9e61c1da0e6c224ed15fe3ecddd7a1312bf6c0e6e2ab8c30b47a57
0x7bf30399dba8051c2bf191afe2cd07ea4e064625,0xbdb3ba9ffe392549e1f8658dd2630c141fdf47b6,2.4628479e-11,2026-03-10T17:12:47+00:00,0x90816f04826bcfff1fb0640774721ee31dc011e448134333aac06fcea1909afd
0xbeccf19b026f12677e5ce1ce9e2d94dcc4772feb,0xbdb3ba9ffe392549e1f8658dd2630c141fdf47b6,2.4628479e-11,2026-03-10T17:12:47+00:00,0x02cbde5b7c82019c861e65429f12de700f73ea5cdec66a6fb84596829dd092f8
0x448166a91e7bc50d0ac720c2fbed29e0963f5af8,0xbdb3ba9ffe392549e1f8658dd2630c141fdf47b6,2.4628479e-11,2026-03-10T17:12:47+00:00,0x2b2d68270064a0adc84896dc109ce9ef8e9d471b5111a8e1dbeddbee3f44110d
0x9359269cfbb80d154129dd9b0074cd7336b9a3a6,0xbdb3ba9ffe392549e1f8658dd2630c141fdf47b6,2.4628479e-11,2026-03-10T17:12:47+00:00,0xfef27e9b6819d958c8252982f197f9a8ce034b134bab3fb45f619bc67a94527a
0x93793bd1f3e35a0efd098c30e486a860a0ef7551,0xbdb3ba9ffe392549e1f8658dd2630c141fdf47b6,2.462848e-11,2026-03-10T17:12:59+00:00,0x5180cc2554e96ba58760aa25770131f0ed36c8faf401e295e56593a8ddb7bca7
0xbbde9f0c24b6f59d7e828bb4e129992be0cdc237,0xbdb3ba9ffe392549e1f8658dd2630c141fdf47b6,2.462848e-11,2026-03-10T17:12:59+00:00,0x7d8fca0866805f6c1c7ddcc0c6fa13ec1d71ab355bf3f0007311451cb1791043
0x3d9aae030b9661e3605b3acb5d0385ede221a0cc,0xbdb3ba9ffe392549e1f8658dd2630c141fdf47b6,2.4628481e-11,2026-03-10T17:13:11+00:00,0x29894651e578308de5d7dd1618d93c83fdb2794207144131983db8b95f545ecc
0x604d23a2ebb002df6fdc77b82da716222ca43b8b,0xbdb3ba9ffe392549e1f8658dd2630c141fdf47b6,2.4628481e-11,2026-03-10T17:13:11+00:00,0x64e839c4bf37f7b284921dbc6e6313bf63854146071e85f1e904b146824b122a
0x5b43453fce04b92e190f391a83136bfbecedefd1,0xbdb3ba9ffe392549e1f8658dd2630c141fdf47b6,2.4628482e-11,2026-03-10T17:13:23+00:00,0x10195448c30606295169940d182b7e24bcfb47a2d991c17211b252ca486d3d49
0x93793bd1f3e35a0efd098c30e486a860a0ef7551,0xbdb3ba9ffe392549e1f8658dd2630c141fdf47b6,2.4628482e-11,2026-03-10T17:13:23+00:00,0x8a0b389a7dab488c78742d6f964c89ec3bc059b6c88f0f33b65598765d624e42
0x448166a91e7bc50d0ac720c2fbed29e0963f5af8,0xbdb3ba9ffe392549e1f8658dd2630c141fdf47b6,2.4628486e-11,2026-03-10T17:14:11+00:00,0x419b76ee3e73011fafd511d6b10514588e3ed2093dc897d7c48aa7b15d776a3e
0x3eff3dc5a4f5c65d28e88dc8fd22800979c9e7c6,0xbdb3ba9ffe392549e1f8658dd2630c141fdf47b6,2.4628487e-11,2026-03-10T17:14:23+00:00,0x77dc2dd6439d6295f51a13a06289ec56d1f3cc9d51244a54e8ea66c911359bb4
0x93793bd1f3e35a0efd098c30e486a860a0ef7551,0xbdb3ba9ffe392549e1f8658dd2630c141fdf47b6,2.4628487e-11,2026-03-10T17:14:23+00:00,0xce20549f37091fb1860f545bbda89d2a0467629674b48d4d1253ba9fe055ed55
0xbbde9f0c24b6f59d7e828bb4e129992be0cdc237,0xbdb3ba9ffe392549e1f8658dd2630c141fdf47b6,2.4628487e-11,2026-03-10T17:14:23+00:00,0xd20721f9acc144b8bdfce339ddcd9089d2e91a106361eae72df541a9c01983cb
0x5b43453fce04b92e190f391a83136bfbecedefd1,0xbdb3ba9ffe392549e1f8658dd2630c141fdf47b6,2.4628488e-11,2026-03-10T17:14:35+00:00,0x36321124b38b700f3c9b0c0d8f6232d0a14245a3b31422fc5c30998a36801a9e
0x93793bd1f3e35a0efd098c30e486a860a0ef7551,0xbdb3ba9ffe392549e1f8658dd2630c141fdf47b6,2.4628489e-11,2026-03-10T17:14:47+00:00,0xf30d4844a67e1e8dd166de3db573265309b34d309e14b8aff446d68d2b597f65
0x93793bd1f3e35a0efd098c30e486a860a0ef7551,0xbdb3ba9ffe392549e1f8658dd2630c141fdf47b6,2.4628491e-11,2026-03-10T17:15:11+00:00,0x34c11d3f1651654eed0834a85d0974d0f07f376315f8b20f745a025f01496c48
0xbbde9f0c24b6f59d7e828bb4e129992be0cdc237,0xbdb3ba9ffe392549e1f8658dd2630c141fdf47b6,2.4628491e-11,2026-03-10T17:15:11+00:00,0x8877879cbb8f5ac6698ddf91b5432a74a77a553ed6fccb21fb312c489505f130
0x9359269cfbb80d154129dd9b0074cd7336b9a3a6,0xbdb3ba9ffe392549e1f8658dd2630c141fdf47b6,2.4628494e-11,2026-03-10T17:15:47+00:00,0x0ecc349800518996ea150a163dda96321d60fe7b8a570cf25d6c4b6692f8ebfd
0x448166a91e7bc50d0ac720c2fbed29e0963f5af8,0xbdb3ba9ffe392549e1f8658dd2630c141fdf47b6,2.4628494e-11,2026-03-10T17:15:47+00:00,0xb9c02b6a2796e9b8a40522648c600bc620ca92d40e5b7f079984a622b4d47067
0x93793bd1f3e35a0efd098c30e486a860a0ef7551,0xbdb3ba9ffe392549e1f8658dd2630c141fdf47b6,2.4628495e-11,2026-03-10T17:15:59+00:00,0xba146b33691018044bf6919e7e0e9e9f992db134a08c2af13efea87fa45de31d
0x5b43453fce04b92e190f391a83136bfbecedefd1,0xbdb3ba9ffe392549e1f8658dd2630c141fdf47b6,2.4628496e-11,2026-03-10T17:16:11+00:00,0x8097d05e0f0477cd27a4ea28ae73a2dd455461b5a8c808f66a915dfc6086d660
0x8357efa84f91013bd6b285ef0f6b93c211cc3d9d,0xbdb3ba9ffe392549e1f8658dd2630c141fdf47b6,2.4628496e-11,2026-03-10T17:16:11+00:00,0xe538c6647b9c2b73bae992932a16a9fe754b6680d026644aeaa43f4b0daf6097
0x9359269cfbb80d154129dd9b0074cd7336b9a3a6,0xbdb3ba9ffe392549e1f8658dd2630c141fdf47b6,2.4628496e-11,2026-03-10T17:16:11+00:00,0x6093c29e03e968ff5ad9d96d749edb9256e593b9fd309cf30a670f536454deea
0x5b43453fce04b92e190f391a83136bfbecedefd1,0xbdb3ba9ffe392549e1f8658dd2630c141fdf47b6,2.4628499e-11,2026-03-10T17:16:47+00:00,0xfc4d8f4795fa78afa5e0c09bc2c1d5639ba1816aad1fd34131e746488ab7eeab
0x3eff3dc5a4f5c65d28e88dc8fd22800979c9e7c6,0xbdb3ba9ffe392549e1f8658dd2630c141fdf47b6,2.4628499e-11,2026-03-10T17:16:47+00:00,0xfa4a14b8f921f2924e398219ed7af27f10e4ff90279a18473d29e143819db857
0x5b43453fce04b92e190f391a83136bfbecedefd1,0xbdb3ba9ffe392549e1f8658dd2630c141fdf47b6,2.46285e-11,2026-03-10T17:16:59+00:00,0x246201efb85fe9398643b0a9bdbfad79e2347fec166b2c554bf6fc487cbff432
0x66c6778dedba51b87103c8543ee751e7cd960659,0xbdb3ba9ffe392549e1f8658dd2630c141fdf47b6,2.4628502e-11,2026-03-10T17:17:23+00:00,0x2c7d6e148338fa5c6adf1df7001fa07ca2800430dc37bc6945ee144a3e95b970
0x93793bd1f3e35a0efd098c30e486a860a0ef7551,0xbdb3ba9ffe392549e1f8658dd2630c141fdf47b6,2.4628502e-11,2026-03-10T17:17:23+00:00,0x6c6463c2b6ecd668ecdbdc0456923a1f37e6b27d84bb1a003838376d4fb85c88
0x8357efa84f91013bd6b285ef0f6b93c211cc3d9d,0xbdb3ba9ffe392549e1f8658dd2630c141fdf47b6,2.4628502e-11,2026-03-10T17:17:23+00:00,0x6149008cbaba4e572221ccec83ece05f21edbd130c096d4704cd11e88c48e45c
0xbeccf19b026f12677e5ce1ce9e2d94dcc4772feb,0xbdb3ba9ffe392549e1f8658dd2630c141fdf47b6,2.4628502e-11,2026-03-10T17:17:23+00:00,0x0c735c32c2af6a18c822f02acbf18410529e5a50ea08d1f1b86765bf62e9c3e6
0x5b43453fce04b92e190f391a83136bfbecedefd1,0xbdb3ba9ffe392549e1f8658dd2630c141fdf47b6,2.4628503e-11,2026-03-10T17:17:35+00:00,0x97e57098583ab859d56e7f4624297639fa6b331e0eda13abb51b3e8f348b65eb
0x497a169e37064d92e018d363c86eb3611ec08963,0xbdb3ba9ffe392549e1f8658dd2630c141fdf47b6,2.4628503e-11,2026-03-10T17:17:35+00:00,0x86a0eb4235aab9a3bcbfb45123d6eced52d4e2ca9db6382633611065a52c2953
0x93793bd1f3e35a0efd098c30e486a860a0ef7551,0xbdb3ba9ffe392549e1f8658dd2630c141fdf47b6,2.4628504e-11,2026-03-10T17:17:47+00:00,0xda914de4ea74984c1ddb5f72f2c3922b2f1171577d56edc6530da6bbf8d21e59
0xbbde9f0c24b6f59d7e828bb4e129992be0cdc237,0xbdb3ba9ffe392549e1f8658dd2630c141fdf47b6,2.4628504e-11,2026-03-10T17:17:47+00:00,0x99467e26a843b0cd3c8f4b0ffa47f645afe89c1c5dd0e4fda6bdff0ac2090937
0x3d9aae030b9661e3605b3acb5d0385ede221a0cc,0xbdb3ba9ffe392549e1f8658dd2630c141fdf47b6,2.4628504e-11,2026-03-10T17:17:47+00:00,0x7acfcbc646a0e2de2f91f080cd7a6f88573105ee801d29eeb2fccab13433f5ce
0x3eff3dc5a4f5c65d28e88dc8fd22800979c9e7c6,0xbdb3ba9ffe392549e1f8658dd2630c141fdf47b6,2.4628504e-11,2026-03-10T17:17:47+00:00,0x253284febaa74bb7d699b520ede2620d7051219e652814236983d771625ea287
0x448166a91e7bc50d0ac720c2fbed29e0963f5af8,0xbdb3ba9ffe392549e1f8658dd2630c141fdf47b6,2.4628504e-11,2026-03-10T17:17:47+00:00,0x40f987f5fa2f2d8087f5ba3fdbb993ee200836915ace0e98a6f027560d37593e
0x5b43453fce04b92e190f391a83136bfbecedefd1,0xbdb3ba9ffe392549e1f8658dd2630c141fdf47b6,2.4628506e-11,2026-03-10T17:18:11+00:00,0x9166f28a9dfe70ae521cb17079273ddfbbfa466b1317ea8800047256d88a199a
0x448166a91e7bc50d0ac720c2fbed29e0963f5af8,0xbdb3ba9ffe392549e1f8658dd2630c141fdf47b6,2.4628506e-11,2026-03-10T17:18:11+00:00,0xe3f15718770eb49f36e4c05d175ddb29c65c60952cb59c37369d6452c2498434
0xbc73cbf7aa2fcba5f1b2e010aada76a721aea21c,0xbdb3ba9ffe392549e1f8658dd2630c141fdf47b6,2.4628506e-11,2026-03-10T17:18:11+00:00,0x6299151adcada5f96123501d1fab25fbdbefd06498eb2ad997b1ef84f879e830
0x6a5ac574a26df5ac487c5074c2fd80c2578c81f7,0xbdb3ba9ffe392549e1f8658dd2630c141fdf47b6,2.4628506e-11,2026-03-10T17:18:11+00:00,0x0299aa664c9ec49dc6996bc33e713376b3b3f2525c91289a6c08228be99c6ef1
0x6a5ac574a26df5ac487c5074c2fd80c2578c81f7,0xbdb3ba9ffe392549e1f8658dd2630c141fdf47b6,2.4628512e-11,2026-03-10T17:19:23+00:00,0x5c93767beaa4a6fffe9e49e43383ee29f70cc4645517de659b584d66981ea5ae
0x3eff3dc5a4f5c65d28e88dc8fd22800979c9e7c6,0xbdb3ba9ffe392549e1f8658dd2630c141fdf47b6,2.4628512e-11,2026-03-10T17:19:23+00:00,0x18a2bbb3a400839ad52fb66baab6c2ae76c3b36852f29621adc402fe1239e603
0x93793bd1f3e35a0efd098c30e486a860a0ef7551,0xbdb3ba9ffe392549e1f8658dd2630c141fdf47b6,2.4628513e-11,2026-03-10T17:19:35+00:00,0x407e9185b4d617eddcc788b019cbe9a34b53d5547f1a82feb92847950afc0c10
0x3d9aae030b9661e3605b3acb5d0385ede221a0cc,0xbdb3ba9ffe392549e1f8658dd2630c141fdf47b6,2.4628514e-11,2026-03-10T17:19:47+00:00,0x4f6fec35f476940296951692e36cdd297487339cdf29868b742436323c468c8e
0x5b43453fce04b92e190f391a83136bfbecedefd1,0xbdb3ba9ffe392549e1f8658dd2630c141fdf47b6,2.4628516e-11,2026-03-10T17:20:11+00:00,0x0f34653774b862ea69a08e6e24d5728067545e2421f1e6323b21f2e58f568247
0x497a169e37064d92e018d363c86eb3611ec08963,0xbdb3ba9ffe392549e1f8658dd2630c141fdf47b6,2.4628516e-11,2026-03-10T17:20:11+00:00,0x35b7717498ec52b5d5d971dbdc5731e4eae1ffd08283ebcbb65bfdd1c43ddbd3
0x93793bd1f3e35a0efd098c30e486a860a0ef7551,0xbdb3ba9ffe392549e1f8658dd2630c141fdf47b6,2.4628517e-11,2026-03-10T17:20:23+00:00,0xaecf3e36c33c810cacf9f13f1a47571e440d1618acb2b09508f1a55f79b70099
0x448166a91e7bc50d0ac720c2fbed29e0963f5af8,0xbdb3ba9ffe392549e1f8658dd2630c141fdf47b6,2.462852e-11,2026-03-10T17:20:59+00:00,0x2ff5003344e3ef06be1689dfcb11fe112c4889a6547a0b3ec6312d7ea87daf6b
0x3d9aae030b9661e3605b3acb5d0385ede221a0cc,0xbdb3ba9ffe392549e1f8658dd2630c141fdf47b6,2.462852e-11,2026-03-10T17:20:59+00:00,0x8a996880df0f7a4d953908e7500cece14387827e6f48ae38675ade7a4eda94b1
0x5b43453fce04b92e190f391a83136bfbecedefd1,0xbdb3ba9ffe392549e1f8658dd2630c141fdf47b6,2.4628521e-11,2026-03-10T17:21:11+00:00,0x430aa0b57e27a21657b5eaf478ef3e29d45556a8eec19e8efccff794a9dd8506
0x93793bd1f3e35a0efd098c30e486a860a0ef7551,0xbdb3ba9ffe392549e1f8658dd2630c141fdf47b6,2.4628522e-11,2026-03-10T17:21:23+00:00,0x6cedb633aebcc922cc877d7b0051722665e7c2edc60af4b4af3528ef854ce3e3
0x3d9aae030b9661e3605b3acb5d0385ede221a0cc,0xbdb3ba9ffe392549e1f8658dd2630c141fdf47b6,2.4628522e-11,2026-03-10T17:21:23+00:00,0x75f4fff41ce69205203138ebf1016cbf32f58a78e5b8aa8787b389999d512f07
0x448166a91e7bc50d0ac720c2fbed29e0963f5af8,0xbdb3ba9ffe392549e1f8658dd2630c141fdf47b6,2.4628522e-11,2026-03-10T17:21:23+00:00,0x0baa0c3fab46739f055d781ead33285aa653379c9d3b1601c6b64b25c8e8d22c
0x22b0351d445840db59b97df3808dd642dcb17e96,0xbdb3ba9ffe392549e1f8658dd2630c141fdf47b6,2.4628523e-11,2026-03-10T17:21:35+00:00,0xa6e48d3852c2959e2fa35564e2d8ba0cb2fba5cd8b90ed5e4f10dc4c37ab6ca5
0x5934e06498db785ff26807161ce9d09063231321,0xbdb3ba9ffe392549e1f8658dd2630c141fdf47b6,2.4628523e-11,2026-03-10T17:21:35+00:00,0xbecc0a0675891c17d916b17b4a78bc0c6d264a018869a27e1378fa8f76846d71
0x448166a91e7bc50d0ac720c2fbed29e0963f5af8,0xbdb3ba9ffe392549e1f8658dd2630c141fdf47b6,2.4628523e-11,2026-03-10T17:21:35+00:00,0xf83ea0aa726102e90a1d2f9acf00d0ff2b07f384fa12a82694d515f85af74292
0x5d1783ddbb657fdf6fcc2ef5b6796ac0ddeeb6e3,0xbdb3ba9ffe392549e1f8658dd2630c141fdf47b6,2.4628523e-11,2026-03-10T17:21:35+00:00,0x84bb02bc992408da522332291a420389b6bd23233e4893e52bd690fa832143f3
0xbc73cbf7aa2fcba5f1b2e010aada76a721aea21c,0xbdb3ba9ffe392549e1f8658dd2630c141fdf47b6,2.4628523e-11,2026-03-10T17:21:35+00:00,0x393d091a34db63fab81a2fd8b6d0e9b3eccd605c52fa1121596efb4fcbe23f09
0x6a5ac574a26df5ac487c5074c2fd80c2578c81f7,0xbdb3ba9ffe392549e1f8658dd2630c141fdf47b6,2.4628523e-11,2026-03-10T17:21:35+00:00,0x0f489868c541a4f807b385178f3d832d71dd280fee2c7a94af50153134b6a79a
0xbbde9f0c24b6f59d7e828bb4e129992be0cdc237,0xbdb3ba9ffe392549e1f8658dd2630c141fdf47b6,2.4628523e-11,2026-03-10T17:21:35+00:00,0xa5a74fd79caafc173bf06e3546644cf54bec4fae8e8eeb241a58d7647f7fac97
0x5b43453fce04b92e190f391a83136bfbecedefd1,0xbdb3ba9ffe392549e1f8658dd2630c141fdf47b6,2.4628524e-11,2026-03-10T17:21:47+00:00,0xd8ae9ca353384f38798581f1dd0bf8a306f78c079695833d19753b16647c73a2
0x5b43453fce04b92e190f391a83136bfbecedefd1,0xbdb3ba9ffe392549e1f8658dd2630c141fdf47b6,2.4628527e-11,2026-03-10T17:22:23+00:00,0x57eb62a95567f3d28db49c34824903166c11034e167f50af1801eda97fb931fd
0xbc73cbf7aa2fcba5f1b2e010aada76a721aea21c,0xbdb3ba9ffe392549e1f8658dd2630c141fdf47b6,2.4628527e-11,2026-03-10T17:22:23+00:00,0x042c203d556c60a1cf4671daf8e58a1eb40564a1eb2105fc56eb8b33b311c177
0x93793bd1f3e35a0efd098c30e486a860a0ef7551,0xbdb3ba9ffe392549e1f8658dd2630c141fdf47b6,2.4628529e-11,2026-03-10T17:22:47+00:00,0x56cf7a47fcfe8840a97eca6d975fa1476c4ce486d6186d6b1713e7b158bd1f3d
0x6a5ac574a26df5ac487c5074c2fd80c2578c81f7,0xbdb3ba9ffe392549e1f8658dd2630c141fdf47b6,2.462853e-11,2026-03-10T17:22:59+00:00,0xdae888ca638ee75518117d34ecc3eaa6f75e28fb0119a15576e8428be55758ef
0x93793bd1f3e35a0efd098c30e486a860a0ef7551,0xbdb3ba9ffe392549e1f8658dd2630c141fdf47b6,2.462853e-11,2026-03-10T17:22:59+00:00,0xa1ec5fa6dedd4ff0d3b9bab6a419702d1b1cc0370a6ea69555be4ff80d898a6b
0x8357efa84f91013bd6b285ef0f6b93c211cc3d9d,0xbdb3ba9ffe392549e1f8658dd2630c141fdf47b6,2.4628536e-11,2026-03-10T17:24:11+00:00,0xed4f0e43166f0897a3968c9df3efdb12873b905b39d6a4c1ec5b51033243907a
0x66c6778dedba51b87103c8543ee751e7cd960659,0xbdb3ba9ffe392549e1f8658dd2630c141fdf47b6,2.4628536e-11,2026-03-10T17:24:11+00:00,0xe8ac13de2da001ec9e0af59866553b458544ff5f787b6cc05962c5fa229b328e
0x3eff3dc5a4f5c65d28e88dc8fd22800979c9e7c6,0xbdb3ba9ffe392549e1f8658dd2630c141fdf47b6,2.4628536e-11,2026-03-10T17:24:11+00:00,0x583282e947999cd6bc210f249cee99332b8127dafc1eda1f820e6e1511afa774
0x9359269cfbb80d154129dd9b0074cd7336b9a3a6,0xbdb3ba9ffe392549e1f8658dd2630c141fdf47b6,2.4628536e-11,2026-03-10T17:24:11+00:00,0xdfcce6005192c288d32f45b50c0b09a9bcd2a5a8bb6e2eb7d99d0cbad2b7766f
0x5b43453fce04b92e190f391a83136bfbecedefd1,0xbdb3ba9ffe392549e1f8658dd2630c141fdf47b6,2.4628537e-11,2026-03-10T17:24:23+00:00,0x884ed2488382f135e13c5877eaa80c20f16abbc19ef4dc90865f4d717cbb2455
0x5b43453fce04b92e190f391a83136bfbecedefd1,0xbdb3ba9ffe392549e1f8658dd2630c141fdf47b6,2.4628538e-11,2026-03-10T17:24:35+00:00,0xf8f32793361c639aa006a6ae11b4b2d29fa6d902f656680edbcabb0ea837ea09
0x9359269cfbb80d154129dd9b0074cd7336b9a3a6,0xbdb3ba9ffe392549e1f8658dd2630c141fdf47b6,2.4628538e-11,2026-03-10T17:24:35+00:00,0xb82a0ea8be7f6fdfe7bfac4170d2fc0bc5d356e62a7e97c85364f728d03dad3c
0x6a5ac574a26df5ac487c5074c2fd80c2578c81f7,0xbdb3ba9ffe392549e1f8658dd2630c141fdf47b6,2.4628538e-11,2026-03-10T17:24:35+00:00,0xc7a0ae7b27afea553b84306af9a44f5f78f4a456dcfd98c9a273b8f2b1c7798f
0xbbde9f0c24b6f59d7e828bb4e129992be0cdc237,0xbdb3ba9ffe392549e1f8658dd2630c141fdf47b6,2.4628538e-11,2026-03-10T17:24:35+00:00,0x40385be7a6ac21be632f54340b95173b4b8ce25ab5447f30c91b7bc66d36e238
0x66c6778dedba51b87103c8543ee751e7cd960659,0xbdb3ba9ffe392549e1f8658dd2630c141fdf47b6,2.4628538e-11,2026-03-10T17:24:35+00:00,0x5701223bef61e96eae3a890b5095944ed966c9e2ce3b3b6da66bb463b7a86a33
0x604d23a2ebb002df6fdc77b82da716222ca43b8b,0xbdb3ba9ffe392549e1f8658dd2630c141fdf47b6,2.4628538e-11,2026-03-10T17:24:35+00:00,0xcca961fec81dc1969efbc7423fc16cf4f7f994e8396ebdd1868db53c21f0146a
0x448166a91e7bc50d0ac720c2fbed29e0963f5af8,0xbdb3ba9ffe392549e1f8658dd2630c141fdf47b6,2.4628539e-11,2026-03-10T17:24:47+00:00,0xcbf58423d5a573af0b8261eabae5ceaaad7a2af2ba2c08e643d87dd48318a071
0x604d23a2ebb002df6fdc77b82da716222ca43b8b,0xbdb3ba9ffe392549e1f8658dd2630c141fdf47b6,2.4628542e-11,2026-03-10T17:25:23+00:00,0xa065e1796095590fe1711e6a0795e306bc2a7e4ea1961340f0952b68edfdf40e
0xbbde9f0c24b6f59d7e828bb4e129992be0cdc237,0xbdb3ba9ffe392549e1f8658dd2630c141fdf47b6,2.4628542e-11,2026-03-10T17:25:23+00:00,0xff8ef935907282a7a70174636ff223c01b37c4eafc1e2b13adcddf1e067d26f6
0x22b0351d445840db59b97df3808dd642dcb17e96,0xbdb3ba9ffe392549e1f8658dd2630c141fdf47b6,2.4628542e-11,2026-03-10T17:25:23+00:00,0xbeefb30962e385ff81e63a81148de4495194c69cc05673284a82de027d43f5f5
0x3d9aae030b9661e3605b3acb5d0385ede221a0cc,0xbdb3ba9ffe392549e1f8658dd2630c141fdf47b6,2.4628542e-11,2026-03-10T17:25:23+00:00,0x47fe68e70958f62ee504efa98c72fd25f1c49a9d2af8bafb5a1c167bd508b418
0x9359269cfbb80d154129dd9b0074cd7336b9a3a6,0xbdb3ba9ffe392549e1f8658dd2630c141fdf47b6,2.4628542e-11,2026-03-10T17:25:23+00:00,0x1fea2a75df48a51d87ea8d83b9f5dac7e57ecabeb150b502ca32f424d998fd91
0x93793bd1f3e35a0efd098c30e486a860a0ef7551,0xbdb3ba9ffe392549e1f8658dd2630c141fdf47b6,2.4628542e-11,2026-03-10T17:25:23+00:00,0x8af506ecff496377fab25c2ec5bbf75df8d78116bb5148534f7eca8d42fb17f1
0x3d9aae030b9661e3605b3acb5d0385ede221a0cc,0xbdb3ba9ffe392549e1f8658dd2630c141fdf47b6,2.4628542e-11,2026-03-10T17:25:23+00:00,0x40df1cd83ecf204b2f0b58fb78a0f5a069c9e69e83a81316aa3a13d175a844bf
0x448166a91e7bc50d0ac720c2fbed29e0963f5af8,0xbdb3ba9ffe392549e1f8658dd2630c141fdf47b6,2.4628542e-11,2026-03-10T17:25:23+00:00,0xf571a6c010494d223a07b6bf367db725077c3857a9f7acc288e840329a30cf6e
0xbbde9f0c24b6f59d7e828bb4e129992be0cdc237,0xbdb3ba9ffe392549e1f8658dd2630c141fdf47b6,2.4628542e-11,2026-03-10T17:25:23+00:00,0xb85b31ec0a65f0085a68685df02b4706418ba9969419e3b7ca9bdc703ce90c46
0x5b43453fce04b92e190f391a83136bfbecedefd1,0xbdb3ba9ffe392549e1f8658dd2630c141fdf47b6,2.4628543e-11,2026-03-10T17:25:35+00:00,0x8ba88e56db9d3704e36605cf6c95e477f67b01dbae2d969020c25a112d97a3ad
0x5b43453fce04b92e190f391a83136bfbecedefd1,0xbdb3ba9ffe392549e1f8658dd2630c141fdf47b6,2.4628543e-11,2026-03-10T17:25:35+00:00,0xa4aef2f22f68efbfacc2e4d61f7231732d593dd9b850572373038d1895d7776e
0x5b43453fce04b92e190f391a83136bfbecedefd1,0xbdb3ba9ffe392549e1f8658dd2630c141fdf47b6,2.4628544e-11,2026-03-10T17:25:47+00:00,0x5701c49a9c92265b7f4210643ed48cd470a89f06cfa6eb341f7c007da7ace6db
0x497a169e37064d92e018d363c86eb3611ec08963,0xbdb3ba9ffe392549e1f8658dd2630c141fdf47b6,2.4628544e-11,2026-03-10T17:25:47+00:00,0x0477606ea7fe5341eddf8bdc1bd7dc6ae327ef3422d830c5d6b342abaa9d8983
0x5934e06498db785ff26807161ce9d09063231321,0xbdb3ba9ffe392549e1f8658dd2630c141fdf47b6,2.4628545e-11,2026-03-10T17:25:59+00:00,0x423a3a64b8c4e9ba707ea228c6b409d4ba261e82249017fed3d2c6df95aa11cf
0x604d23a2ebb002df6fdc77b82da716222ca43b8b,0xbdb3ba9ffe392549e1f8658dd2630c141fdf47b6,2.4628545e-11,2026-03-10T17:25:59+00:00,0x98ad4518c872c5423edad1ded6348e62da976522d28ad5e9371ff909f1ed96ae
0xbbde9f0c24b6f59d7e828bb4e129992be0cdc237,0xbdb3ba9ffe392549e1f8658dd2630c141fdf47b6,2.4628545e-11,2026-03-10T17:25:59+00:00,0x1839b00829e3fc71d28bb817c16483c5387717e6dc2b98213abe91acc575121d
0x22b0351d445840db59b97df3808dd642dcb17e96,0xbdb3ba9ffe392549e1f8658dd2630c141fdf47b6,2.4628545e-11,2026-03-10T17:25:59+00:00,0xf1e0876418ed4da6b57110dbb9272043b263c618478fc676032d241380308bb7
0x448166a91e7bc50d0ac720c2fbed29e0963f5af8,0xbdb3ba9ffe392549e1f8658dd2630c141fdf47b6,2.4628545e-11,2026-03-10T17:25:59+00:00,0xcbabb0ea7093101d5a05d233754f520a5362fb8a0e8ab68f05759c212f3de318
0x22b0351d445840db59b97df3808dd642dcb17e96,0xbdb3ba9ffe392549e1f8658dd2630c141fdf47b6,2.4628545e-11,2026-03-10T17:25:59+00:00,0xf58a51088435fff6a052611caf77ebcf7fcc7dea10995111c7e038005a218e9c
0x9359269cfbb80d154129dd9b0074cd7336b9a3a6,0xbdb3ba9ffe392549e1f8658dd2630c141fdf47b6,2.4628545e-11,2026-03-10T17:25:59+00:00,0xd2ae4361a118e618bb9d15966cb4fcdc72818def64590fa7a8f94e5e53958a86
0x93793bd1f3e35a0efd098c30e486a860a0ef7551,0xbdb3ba9ffe392549e1f8658dd2630c141fdf47b6,2.4628545e-11,2026-03-10T17:25:59+00:00,0x23e9ff07c5dd778de26046a2b882979980d0174b7b2fbadbcc211541d3eab91e
0x66c6778dedba51b87103c8543ee751e7cd960659,0xbdb3ba9ffe392549e1f8658dd2630c141fdf47b6,2.4628545e-11,2026-03-10T17:25:59+00:00,0xb8ffb3258b869e38908b5de714c7ece3fb6cd1e40e1f0933101acc6bea988e2d
0x3d9aae030b9661e3605b3acb5d0385ede221a0cc,0xbdb3ba9ffe392549e1f8658dd2630c141fdf47b6,2.4628545e-11,2026-03-10T17:25:59+00:00,0x1866c021596ae7d8a0833881011547dac02c0541bb04c467813f7ba706141711
0x3eff3dc5a4f5c65d28e88dc8fd22800979c9e7c6,0xbdb3ba9ffe392549e1f8658dd2630c141fdf47b6,2.4628545e-11,2026-03-10T17:25:59+00:00,0xfd854d4b778eced77c8ad5b9c83e47cd3d3620367aa8e9d6c0994505d131bfe3
0x5934e06498db785ff26807161ce9d09063231321,0xbdb3ba9ffe392549e1f8658dd2630c141fdf47b6,2.4628545e-11,2026-03-10T17:25:59+00:00,0x8b6c6616374082ba911924b65e054dcb4da208810f2828aa11cad5fa624f5faf
0xbeccf19b026f12677e5ce1ce9e2d94dcc4772feb,0xbdb3ba9ffe392549e1f8658dd2630c141fdf47b6,2.4628545e-11,2026-03-10T17:25:59+00:00,0x1889b572f29c03226f28a87747217853abccae224dc5e563803edf868a33b8c6
0xd9d8f818a7a71ed0e1fe936b991508b0e88b1609,0xbdb3ba9ffe392549e1f8658dd2630c141fdf47b6,2.4628545e-11,2026-03-10T17:25:59+00:00,0xdee9199834bdd943a5bc63b15ae7383159035d8111b81f1aaaf133a76579cb21
0x8357efa84f91013bd6b285ef0f6b93c211cc3d9d,0xbdb3ba9ffe392549e1f8658dd2630c141fdf47b6,2.4628545e-11,2026-03-10T17:25:59+00:00,0x7aacaa203ecd36097addde15c11fef83d69a179549ba719cea1dc5b2bc1fa815
0x7bf30399dba8051c2bf191afe2cd07ea4e064625,0xbdb3ba9ffe392549e1f8658dd2630c141fdf47b6,2.4628545e-11,2026-03-10T17:25:59+00:00,0xbcd81137164fde9f7f27da24fd20a8b4efa93acf17b9b78fcaf6ef95f8a9f5f0
0x8357efa84f91013bd6b285ef0f6b93c211cc3d9d,0xbdb3ba9ffe392549e1f8658dd2630c141fdf47b6,2.4628546e-11,2026-03-10T17:26:11+00:00,0xad528b9b28e02c7f26b7ebe899023d5982341bb3dd7a19bc18300e36d1d302ac
0x448166a91e7bc50d0ac720c2fbed29e0963f5af8,0xbdb3ba9ffe392549e1f8658dd2630c141fdf47b6,2.4628546e-11,2026-03-10T17:26:11+00:00,0x10d797ddca06e6974aba215434bc42e8445d02a94fb023d7a1a6c8b04b0d8ff1
0x604d23a2ebb002df6fdc77b82da716222ca43b8b,0xbdb3ba9ffe392549e1f8658dd2630c141fdf47b6,2.4628546e-11,2026-03-10T17:26:11+00:00,0x88b033fd4be664a3b0e2b5ade28511e8d556852928ffa847fd88104e9831ada5
0xbbde9f0c24b6f59d7e828bb4e129992be0cdc237,0xbdb3ba9ffe392549e1f8658dd2630c141fdf47b6,2.4628546e-11,2026-03-10T17:26:11+00:00,0x577e171fc4c1900aad26b265382d2b0883c3fe26b36d2eebf3884eab00b59395
0x93793bd1f3e35a0efd098c30e486a860a0ef7551,0xbdb3ba9ffe392549e1f8658dd2630c141fdf47b6,2.4628546e-11,2026-03-10T17:26:11+00:00,0xccc55b1c3e4ac12d5be0a6e0161d743ca01c43573f222591585e7383afbbcdbf
0x22b0351d445840db59b97df3808dd642dcb17e96,0xbdb3ba9ffe392549e1f8658dd2630c141fdf47b6,2.4628546e-11,2026-03-10T17:26:11+00:00,0x6bab7935129d64a7d6ca08f71dad13febede67e94ae4ea0e10be61b3ec248369
0xbeccf19b026f12677e5ce1ce9e2d94dcc4772feb,0xbdb3ba9ffe392549e1f8658dd2630c141fdf47b6,2.4628546e-11,2026-03-10T17:26:11+00:00,0x54fc6001fbe294ab276922e4ee7150cc7c4669a8fad2a904016e5a0abbfb95ef
0x3d9aae030b9661e3605b3acb5d0385ede221a0cc,0xbdb3ba9ffe392549e1f8658dd2630c141fdf47b6,2.4628546e-11,2026-03-10T17:26:11+00:00,0x37326a8a5a152506f20d1ef2522ac2e144887acccc20e9862a1ef854bb87bf97
0xbc73cbf7aa2fcba5f1b2e010aada76a721aea21c,0xbdb3ba9ffe392549e1f8658dd2630c141fdf47b6,2.4628546e-11,2026-03-10T17:26:11+00:00,0x6b4c244fa73530c47ddd178e04c8f2c685250e64c858ddbe4ee73e9f2bbf00df
0x497a169e37064d92e018d363c86eb3611ec08963,0xbdb3ba9ffe392549e1f8658dd2630c141fdf47b6,2.4628546e-11,2026-03-10T17:26:11+00:00,0x53deb3cbff0ff71253872279d2a023167bb08669b04b4f6e94dad1da70106f4a
0x604d23a2ebb002df6fdc77b82da716222ca43b8b,0xbdb3ba9ffe392549e1f8658dd2630c141fdf47b6,2.4628548e-11,2026-03-10T17:26:35+00:00,0x4a5cf3eac7ef9e14e2e9f4a1357c155ce4a598b04f0b9b6f550e03415f774923
0x3d9aae030b9661e3605b3acb5d0385ede221a0cc,0xbdb3ba9ffe392549e1f8658dd2630c141fdf47b6,2.4628548e-11,2026-03-10T17:26:35+00:00,0x828992df8ad76661cf1fd4d1873639e7769e7af332b5f99c1c79ed477b8fd5af
0x8357efa84f91013bd6b285ef0f6b93c211cc3d9d,0xbdb3ba9ffe392549e1f8658dd2630c141fdf47b6,2.4628548e-11,2026-03-10T17:26:35+00:00,0x34ba49b8318da9ab1285bda4fdc46732e96f07ea6062e41306e6975ae4b94ff8
0x448166a91e7bc50d0ac720c2fbed29e0963f5af8,0xbdb3ba9ffe392549e1f8658dd2630c141fdf47b6,2.4628548e-11,2026-03-10T17:26:35+00:00,0x4eea083c24a01b39dc84b4bd98d041279d8cccb403152b3c70cc364484df5c5b
0x9359269cfbb80d154129dd9b0074cd7336b9a3a6,0xbdb3ba9ffe392549e1f8658dd2630c141fdf47b6,2.4628548e-11,2026-03-10T17:26:35+00:00,0xe2386627825c8a78d7107bca1b169b8dcb7b033fb39ba9b6c76102daa6add097
0x93793bd1f3e35a0efd098c30e486a860a0ef7551,0xbdb3ba9ffe392549e1f8658dd2630c141fdf47b6,2.4628548e-11,2026-03-10T17:26:35+00:00,0x731738e9b0672ae0fcaa8815bc797307f4aa2fd6493932e2f4392a6318f54f48
0xd9d8f818a7a71ed0e1fe936b991508b0e88b1609,0xbdb3ba9ffe392549e1f8658dd2630c141fdf47b6,2.4628548e-11,2026-03-10T17:26:35+00:00,0xbf7eb539bfa47c755e3214b35ffe169326c871c911ab87929c5b9f97b634599b
0x66c6778dedba51b87103c8543ee751e7cd960659,0xbdb3ba9ffe392549e1f8658dd2630c141fdf47b6,2.4628548e-11,2026-03-10T17:26:35+00:00,0x1db7d401aeb5a0f5608b8b2e3f19575a4752d96700f27f2fcb2e9c832eafca30
0xbbde9f0c24b6f59d7e828bb4e129992be0cdc237,0xbdb3ba9ffe392549e1f8658dd2630c141fdf47b6,2.4628548e-11,2026-03-10T17:26:35+00:00,0xd67c686287bd40a4668007b14455a137f91784d45ffdacb1a04a79773e26d399
0x5934e06498db785ff26807161ce9d09063231321,0xbdb3ba9ffe392549e1f8658dd2630c141fdf47b6,2.4628548e-11,2026-03-10T17:26:35+00:00,0x0179aee282da7947e6b55963bbb562e8fe8f03eafdd576f9ed3e3d9f6022207b
0x22b0351d445840db59b97df3808dd642dcb17e96,0xbdb3ba9ffe392549e1f8658dd2630c141fdf47b6,2.4628548e-11,2026-03-10T17:26:35+00:00,0xe8afd79d9308aa1f6aa821d036434e6e64b24ec16a44703d4b8712e6d5f33d12
0x7bf30399dba8051c2bf191afe2cd07ea4e064625,0xbdb3ba9ffe392549e1f8658dd2630c141fdf47b6,2.4628548e-11,2026-03-10T17:26:35+00:00,0x5b9a1910e6d92eb309377151fbe2766a94ba772f527fb52ae1e1048c5fadf3be
0x497a169e37064d92e018d363c86eb3611ec08963,0xbdb3ba9ffe392549e1f8658dd2630c141fdf47b6,2.4628548e-11,2026-03-10T17:26:35+00:00,0x366de51ffad11bfe2ecdf113a335f4288a5c176144d8ba333a3ee9b31dd7961f
0x5d1783ddbb657fdf6fcc2ef5b6796ac0ddeeb6e3,0xbdb3ba9ffe392549e1f8658dd2630c141fdf47b6,2.4628548e-11,2026-03-10T17:26:35+00:00,0x1082919ac2e87ef034559ae3b550eb12f0f3b89a909ffcd7fabe7d8fb6be45a9
0x3eff3dc5a4f5c65d28e88dc8fd22800979c9e7c6,0xbdb3ba9ffe392549e1f8658dd2630c141fdf47b6,2.4628548e-11,2026-03-10T17:26:35+00:00,0xeb1c1f4dc88063d0badd31a2cacb0486168f2bab978b4ba51c20c23c5ffc6e33
0x5e2a3daaf86cede3392f77616cede2de0d3bd3a0,0xbdb3ba9ffe392549e1f8658dd2630c141fdf47b6,2.4628549e-11,2026-03-10T17:26:47+00:00,0x33a3b6a155c59bfd35d70d53bf5479074fc0dec0eb39c58b5e85a71171913e5d
0x497a169e37064d92e018d363c86eb3611ec08963,0xbdb3ba9ffe392549e1f8658dd2630c141fdf47b6,2.4628549e-11,2026-03-10T17:26:47+00:00,0xfee14431cbfebb9287074e316da24703ef32358d4e8d044fe31b2c9044534968
0x448166a91e7bc50d0ac720c2fbed29e0963f5af8,0xbdb3ba9ffe392549e1f8658dd2630c141fdf47b6,2.4628549e-11,2026-03-10T17:26:47+00:00,0x2e3e4d3535b960997319883d336277241d26fb6eedccc0aca03fbfbec76db038
0x8e76caebaca6c0e390f825fa44dfd1fcb74b9c36,0xbdb3ba9ffe392549e1f8658dd2630c141fdf47b6,2.4628549e-11,2026-03-10T17:26:47+00:00,0x18f061709ca4f50b53805371a368e973a7cbc093451486b978cec0a46c250e6e
0xbbde9f0c24b6f59d7e828bb4e129992be0cdc237,0xbdb3ba9ffe392549e1f8658dd2630c141fdf47b6,2.4628549e-11,2026-03-10T17:26:47+00:00,0xb823f4f0c895cbc6c4d7b14acd3de4c623b79cf8dc1e06574c5e2703e13cf427
0xd9d8f818a7a71ed0e1fe936b991508b0e88b1609,0xbdb3ba9ffe392549e1f8658dd2630c141fdf47b6,2.4628549e-11,2026-03-10T17:26:47+00:00,0x2917a8d3db81f83dd4a13490a3ee1b7e04e693385e6fc338601a126323b49f73
0x93793bd1f3e35a0efd098c30e486a860a0ef7551,0xbdb3ba9ffe392549e1f8658dd2630c141fdf47b6,2.4628549e-11,2026-03-10T17:26:47+00:00,0xde999a011eecaaf75737ace1924caff21e5e9e58d1c96254dd370074d3125d71
0x66c6778dedba51b87103c8543ee751e7cd960659,0xbdb3ba9ffe392549e1f8658dd2630c141fdf47b6,2.4628549e-11,2026-03-10T17:26:47+00:00,0x63e1e5c505af2f0947de316f869e43086efe71b37f06f37468e5114329ec8a92
0xbeccf19b026f12677e5ce1ce9e2d94dcc4772feb,0xbdb3ba9ffe392549e1f8658dd2630c141fdf47b6,2.4628549e-11,2026-03-10T17:26:47+00:00,0x79a079a309cbf38a63084a72b8d8f94a4c5b20bd1111ac1f3c4959dfd4fc0c11
0x22b0351d445840db59b97df3808dd642dcb17e96,0xbdb3ba9ffe392549e1f8658dd2630c141fdf47b6,2.4628549e-11,2026-03-10T17:26:47+00:00,0xd073019e512686e50306eb06c3825b1ef9920850fd471a02dbc0dd97a18c0987
0xbc73cbf7aa2fcba5f1b2e010aada76a721aea21c,0xbdb3ba9ffe392549e1f8658dd2630c141fdf47b6,2.4628549e-11,2026-03-10T17:26:47+00:00,0x3820737dcca890e085600c30175c627b3102a36692f9f5bdea29340e4abd26de
0x7bf30399dba8051c2bf191afe2cd07ea4e064625,0xbdb3ba9ffe392549e1f8658dd2630c141fdf47b6,2.462855e-11,2026-03-10T17:26:59+00:00,0x84025c85ae6f61f0095458eeee88d64cf84c59b3712111187860ef5638313bac
0x93793bd1f3e35a0efd098c30e486a860a0ef7551,0xbdb3ba9ffe392549e1f8658dd2630c141fdf47b6,2.462855e-11,2026-03-10T17:26:59+00:00,0x9c606d023af95e42ee3d10df97cde2e04e168d576948316132f5e6e5403d3455
0xbbde9f0c24b6f59d7e828bb4e129992be0cdc237,0xbdb3ba9ffe392549e1f8658dd2630c141fdf47b6,2.462855e-11,2026-03-10T17:26:59+00:00,0x964e69d2ed2c3528a106e9d53ab8dfef6c79850518a585f0d71ed579754731b7
0xd9d8f818a7a71ed0e1fe936b991508b0e88b1609,0xbdb3ba9ffe392549e1f8658dd2630c141fdf47b6,2.462855e-11,2026-03-10T17:26:59+00:00,0xb127c9c63eab739e5ca7a869cd80f35e466543f0151fecf190b3dfbff6a41106
0xd9d8f818a7a71ed0e1fe936b991508b0e88b1609,0xbdb3ba9ffe392549e1f8658dd2630c141fdf47b6,2.4628551e-11,2026-03-10T17:27:11+00:00,0xf5da181e1c0ef33a2663dd26e076cca67464a23239a5c18ae2d7c3cefd1ef813
0x3eff3dc5a4f5c65d28e88dc8fd22800979c9e7c6,0xbdb3ba9ffe392549e1f8658dd2630c141fdf47b6,2.4628551e-11,2026-03-10T17:27:11+00:00,0xa5cc5756baf1fcf996ca488f7393f5e54e5c6a05831fe398638bb8fe230f4356
0x448166a91e7bc50d0ac720c2fbed29e0963f5af8,0xbdb3ba9ffe392549e1f8658dd2630c141fdf47b6,2.4628551e-11,2026-03-10T17:27:11+00:00,0x2ae49cffe1dc16ef90f1caf9d46e97a223ab522acf2eaeb51ded932810769801
0x93793bd1f3e35a0efd098c30e486a860a0ef7551,0xbdb3ba9ffe392549e1f8658dd2630c141fdf47b6,2.4628551e-11,2026-03-10T17:27:11+00:00,0x91117f7641be06783556a78ef3725344de15ba85b9ab5401063bcc86cff656d7
0xbbde9f0c24b6f59d7e828bb4e129992be0cdc237,0xbdb3ba9ffe392549e1f8658dd2630c141fdf47b6,2.4628551e-11,2026-03-10T17:27:11+00:00,0xa315d8a6e51a88b29a5bae8a62b330c28dbc917fc40645bd349fb09f6f1771af
0x497a169e37064d92e018d363c86eb3611ec08963,0xbdb3ba9ffe392549e1f8658dd2630c141fdf47b6,2.4628551e-11,2026-03-10T17:27:11+00:00,0xb39ea5eec8f3d9865e8195689d001bb11cd5e98382eb6dd3237f9360a93a0833
0x3d9aae030b9661e3605b3acb5d0385ede221a0cc,0xbdb3ba9ffe392549e1f8658dd2630c141fdf47b6,2.4628552e-11,2026-03-10T17:27:23+00:00,0xe6fcfe18ebed60799655b49cd9d092d3813039b9f0178f617b59155e638382be
0x448166a91e7bc50d0ac720c2fbed29e0963f5af8,0xbdb3ba9ffe392549e1f8658dd2630c141fdf47b6,2.4628552e-11,2026-03-10T17:27:23+00:00,0xb57e3cb83f0c6960d8086056fd666b573060471449af3f3251a1b2a94b8b5dc6
0x93793bd1f3e35a0efd098c30e486a860a0ef7551,0xbdb3ba9ffe392549e1f8658dd2630c141fdf47b6,2.4628552e-11,2026-03-10T17:27:23+00:00,0x3260e6a4525a96bd8a507fc18e7396e150ac7f4f885bc25a8191dca24e332808
0x448166a91e7bc50d0ac720c2fbed29e0963f5af8,0xbdb3ba9ffe392549e1f8658dd2630c141fdf47b6,2.4628554e-11,2026-03-10T17:27:47+00:00,0x48c6c00baae221051a73a1e52eee8b72a52b6b0a399db83dd5f0f18b513d0167
0x604d23a2ebb002df6fdc77b82da716222ca43b8b,0xbdb3ba9ffe392549e1f8658dd2630c141fdf47b6,2.4628556e-11,2026-03-10T17:28:11+00:00,0xde8c872c7d89bef8dcdbf938f21118026e570666be0f1d1c851e969813e3d329
0x7bf30399dba8051c2bf191afe2cd07ea4e064625,0xbdb3ba9ffe392549e1f8658dd2630c141fdf47b6,2.4628556e-11,2026-03-10T17:28:11+00:00,0x08194399fdef0d4061c6953c7173e8f2afa4012fbd9aa9e28bf7a6b7191e5041
0xbbde9f0c24b6f59d7e828bb4e129992be0cdc237,0xbdb3ba9ffe392549e1f8658dd2630c141fdf47b6,2.4628556e-11,2026-03-10T17:28:11+00:00,0x61b892765583213f5c0a0bd1d13d2b9cfc416a416cd7f896fff2e185983da562
0x3eff3dc5a4f5c65d28e88dc8fd22800979c9e7c6,0xbdb3ba9ffe392549e1f8658dd2630c141fdf47b6,2.4628556e-11,2026-03-10T17:28:11+00:00,0x4a627eff1404bedf080bbf9c0f45dd794806fb0c1cdc718be1d5732b29889a59
0x66c6778dedba51b87103c8543ee751e7cd960659,0xbdb3ba9ffe392549e1f8658dd2630c141fdf47b6,2.4628556e-11,2026-03-10T17:28:11+00:00,0x6333947678f99b2aa56eec3b6c1dcc69b7ad20e887b2e808ef62f10c71deba3e
0x8357efa84f91013bd6b285ef0f6b93c211cc3d9d,0xbdb3ba9ffe392549e1f8658dd2630c141fdf47b6,2.4628556e-11,2026-03-10T17:28:11+00:00,0x9167b8c7a64b25c41ea9e41bb1e718d3a3461d609cb469e288c6a694e7a42e2a
0x3d9aae030b9661e3605b3acb5d0385ede221a0cc,0xbdb3ba9ffe392549e1f8658dd2630c141fdf47b6,2.4628556e-11,2026-03-10T17:28:11+00:00,0xee289023cb1af8d59cdfec3aeab3a6570783b750c060f3854c5ca88598079a3c
0x93793bd1f3e35a0efd098c30e486a860a0ef7551,0xbdb3ba9ffe392549e1f8658dd2630c141fdf47b6,2.4628556e-11,2026-03-10T17:28:11+00:00,0x9196fcd6d85fdbc725613b553e30dfabba2476de067ed6b28100ca6a1345d763
0x9359269cfbb80d154129dd9b0074cd7336b9a3a6,0xbdb3ba9ffe392549e1f8658dd2630c141fdf47b6,2.4628556e-11,2026-03-10T17:28:11+00:00,0x503ab58fb455cf0ae3bb283a7301e074b3d21d74ee29963b07266faf7b52fe33
0x3eff3dc5a4f5c65d28e88dc8fd22800979c9e7c6,0xbdb3ba9ffe392549e1f8658dd2630c141fdf47b6,2.4628557e-11,2026-03-10T17:28:23+00:00,0x86c54f9d3c33a535fa39d31bcc4cbdfbaf3cb48323973060c325a1445ac6953b
0x93793bd1f3e35a0efd098c30e486a860a0ef7551,0xbdb3ba9ffe392549e1f8658dd2630c141fdf47b6,2.4628557e-11,2026-03-10T17:28:23+00:00,0xbeb30a109ebe4f05c0970908d5e28d6582a0a0561d7b2f8b79b0f73173076873
0x6a5ac574a26df5ac487c5074c2fd80c2578c81f7,0xbdb3ba9ffe392549e1f8658dd2630c141fdf47b6,2.4628561e-11,2026-03-10T17:29:11+00:00,0x6197dd224f5b285f578f07df2e1189186be89274a8f6907ea059fafe18c6dad2
0x3d9aae030b9661e3605b3acb5d0385ede221a0cc,0xbdb3ba9ffe392549e1f8658dd2630c141fdf47b6,2.4628562e-11,2026-03-10T17:29:23+00:00,0x838de53a63d444c3456f914f1847850b2b068c8bb469caa34ea85ea6aa2edcc5
0x604d23a2ebb002df6fdc77b82da716222ca43b8b,0xbdb3ba9ffe392549e1f8658dd2630c141fdf47b6,2.4628562e-11,2026-03-10T17:29:23+00:00,0xa4508118fe5295c79225962dc0e4e7fc38eb23942a0b11c4b716a7b7713bd6c7
0x8e76caebaca6c0e390f825fa44dfd1fcb74b9c36,0xbdb3ba9ffe392549e1f8658dd2630c141fdf47b6,2.4628562e-11,2026-03-10T17:29:23+00:00,0x91edc3702f519dd60635e7857f3fa5d1d64176e1d39f95c154c76b09a88a08fd
0x22b0351d445840db59b97df3808dd642dcb17e96,0xbdb3ba9ffe392549e1f8658dd2630c141fdf47b6,2.4628562e-11,2026-03-10T17:29:23+00:00,0x3b845bb86960ef9aae1518d930237602eea01edb902542a1756c845a59f735e6
0xbbde9f0c24b6f59d7e828bb4e129992be0cdc237,0xbdb3ba9ffe392549e1f8658dd2630c141fdf47b6,2.4628562e-11,2026-03-10T17:29:23+00:00,0x74b04adb047644d257ed4b6dc05b52c0d07e1e5e3022908915079690ed40e91c
0x5b43453fce04b92e190f391a83136bfbecedefd1,0xbdb3ba9ffe392549e1f8658dd2630c141fdf47b6,2.4628564e-11,2026-03-10T17:29:47+00:00,0x7c48ef03f9ca38163256dc480436904dd9dc8e35a7782f570fda50750f14c3b2
0xbbde9f0c24b6f59d7e828bb4e129992be0cdc237,0xbdb3ba9ffe392549e1f8658dd2630c141fdf47b6,2.4628567e-11,2026-03-10T17:30:23+00:00,0x1de32291cb5876e8a6492415bceacde7b187783f3fbbe73cf367ac70f419789a
0x448166a91e7bc50d0ac720c2fbed29e0963f5af8,0xbdb3ba9ffe392549e1f8658dd2630c141fdf47b6,2.4628567e-11,2026-03-10T17:30:23+00:00,0xb4da03b106c0850cc60c540689d63ccc3b543bb2f681716373195f71ddee90ab
0x3d9aae030b9661e3605b3acb5d0385ede221a0cc,0xbdb3ba9ffe392549e1f8658dd2630c141fdf47b6,2.4628567e-11,2026-03-10T17:30:23+00:00,0xf40ea5dc099acd015ca1bb349aeff84481a79af78ef244d31bbf371e28db93c3
0xbbde9f0c24b6f59d7e828bb4e129992be0cdc237,0xbdb3ba9ffe392549e1f8658dd2630c141fdf47b6,2.4628568e-11,2026-03-10T17:30:35+00:00,0x75d326d15a7c0b5295dd01688415f6f31fdcf6564f6e26ea15d9e2b035ac0128
0x93793bd1f3e35a0efd098c30e486a860a0ef7551,0xbdb3ba9ffe392549e1f8658dd2630c141fdf47b6,2.4628569e-11,2026-03-10T17:30:47+00:00,0xfaa128e11449dcec3e0133427003183583919fac62f9d8c770c379bb827e3a27
0x5b43453fce04b92e190f391a83136bfbecedefd1,0xbdb3ba9ffe392549e1f8658dd2630c141fdf47b6,2.462857e-11,2026-03-10T17:30:59+00:00,0x6e206c1347b58edcc77897a541fd268d61ddc1e35c7fc678628c9b840ee8ae4c
0x5b43453fce04b92e190f391a83136bfbecedefd1,0xbdb3ba9ffe392549e1f8658dd2630c141fdf47b6,2.4628572e-11,2026-03-10T17:31:23+00:00,0x324d864b1670604f6c762f5018951ee1bafbe2f83f6c0d04d731e7dbe12b3cad
0x8357efa84f91013bd6b285ef0f6b93c211cc3d9d,0xbdb3ba9ffe392549e1f8658dd2630c141fdf47b6,2.4628572e-11,2026-03-10T17:31:23+00:00,0xa729f90acc1511ca3cb96571e2c69b60a57647bad4de0f5ba1096f8e6e3c1892
0xbbde9f0c24b6f59d7e828bb4e129992be0cdc237,0xbdb3ba9ffe392549e1f8658dd2630c141fdf47b6,2.4628572e-11,2026-03-10T17:31:23+00:00,0x047ab6d2f8d7200f0924dbef5dd319535abd65d5fc3a3028e5e2793ecc03e9af
0x448166a91e7bc50d0ac720c2fbed29e0963f5af8,0xbdb3ba9ffe392549e1f8658dd2630c141fdf47b6,2.4628572e-11,2026-03-10T17:31:23+00:00,0xc32f2ae0f07a374d240b2530bde9707fb2b4edbb947a28d42267fb50d44cd0de
0x5b43453fce04b92e190f391a83136bfbecedefd1,0xbdb3ba9ffe392549e1f8658dd2630c141fdf47b6,2.4628574e-11,2026-03-10T17:31:47+00:00,0x58e7125e25b5fc636068705f227bd2ed0fe513258da406d1015b274773a1d7f1
0x5934e06498db785ff26807161ce9d09063231321,0xbdb3ba9ffe392549e1f8658dd2630c141fdf47b6,2.4628574e-11,2026-03-10T17:31:47+00:00,0xbf43f49faa94ec9fa061bc70a6c5e94bb34dc25f205abc54ad203ff832efb02f
0x66c6778dedba51b87103c8543ee751e7cd960659,0xbdb3ba9ffe392549e1f8658dd2630c141fdf47b6,2.4628574e-11,2026-03-10T17:31:47+00:00,0xb394e876ab5154efb83ba415db1de556c82863a8196606ed1e92a7b324e8d93e
0x9359269cfbb80d154129dd9b0074cd7336b9a3a6,0xbdb3ba9ffe392549e1f8658dd2630c141fdf47b6,2.4628575e-11,2026-03-10T17:31:59+00:00,0x394951e804d3501a1cae88c5870eefe74ee2fb473bcba41c3fab4543d6e569a7
0x93793bd1f3e35a0efd098c30e486a860a0ef7551,0xbdb3ba9ffe392549e1f8658dd2630c141fdf47b6,2.4628575e-11,2026-03-10T17:31:59+00:00,0x181c71f0ee7c65174bbc9f4189f4c13678ab1f9872233802a8087a7104e3257d
0x66c6778dedba51b87103c8543ee751e7cd960659,0xbdb3ba9ffe392549e1f8658dd2630c141fdf47b6,2.4628575e-11,2026-03-10T17:31:59+00:00,0xb5b98ce412b89874a1ea8372c62e7db0df49a2dfd29323c48b39c57868fefbf8
0xd9d8f818a7a71ed0e1fe936b991508b0e88b1609,0xbdb3ba9ffe392549e1f8658dd2630c141fdf47b6,2.4628575e-11,2026-03-10T17:31:59+00:00,0xf9025dc49bc8a6143d8324bf16157607befcf781e8e5c4ca40278cd7fd8d8883
0x604d23a2ebb002df6fdc77b82da716222ca43b8b,0xbdb3ba9ffe392549e1f8658dd2630c141fdf47b6,2.4628575e-11,2026-03-10T17:31:59+00:00,0x899ba5f059d8d97fcbc31bac2514e4079a3b3421bc9e5f41d78dcd73d442620c
0x3eff3dc5a4f5c65d28e88dc8fd22800979c9e7c6,0xbdb3ba9ffe392549e1f8658dd2630c141fdf47b6,2.4628575e-11,2026-03-10T17:31:59+00:00,0x9e5a4fd72a26daec5577c2da692eacb54e7c17a808e642d54408da7db5795611
0x448166a91e7bc50d0ac720c2fbed29e0963f5af8,0xbdb3ba9ffe392549e1f8658dd2630c141fdf47b6,2.4628575e-11,2026-03-10T17:31:59+00:00,0x857ca319a0aee7a86cbf8340ebdba70bb3c07b5eab0fd3604d04bda03a25032c
0xbeccf19b026f12677e5ce1ce9e2d94dcc4772feb,0xbdb3ba9ffe392549e1f8658dd2630c141fdf47b6,2.4628575e-11,2026-03-10T17:31:59+00:00,0x649aad2c6420071c693a7764a182f166bfe568201712b5801042c3f55c8fb85f
0x93793bd1f3e35a0efd098c30e486a860a0ef7551,0xbdb3ba9ffe392549e1f8658dd2630c141fdf47b6,2.4628577e-11,2026-03-10T17:32:23+00:00,0x44e315b58e1fec64d32d74f1708784003258abd1d53a4c541b06d3e900503d50
0x448166a91e7bc50d0ac720c2fbed29e0963f5af8,0xbdb3ba9ffe392549e1f8658dd2630c141fdf47b6,2.4628577e-11,2026-03-10T17:32:23+00:00,0x86bacb3e0fc45620683c17bbd6b0abba15c56113dddd4ed893d60f153c4487fb
0xbeccf19b026f12677e5ce1ce9e2d94dcc4772feb,0xbdb3ba9ffe392549e1f8658dd2630c141fdf47b6,2.4628577e-11,2026-03-10T17:32:23+00:00,0x946ee4dd550604af7a07a2bcbbf34191847c84e18467983b623a1eef22ff779f
0x6a5ac574a26df5ac487c5074c2fd80c2578c81f7,0xbdb3ba9ffe392549e1f8658dd2630c141fdf47b6,2.4628577e-11,2026-03-10T17:32:23+00:00,0x106219a8cdb64d5773ef64d73be2a6a50313e6f2ed32f1d347e132f760a4b2af
0x7bf30399dba8051c2bf191afe2cd07ea4e064625,0xbdb3ba9ffe392549e1f8658dd2630c141fdf47b6,2.4628577e-11,2026-03-10T17:32:23+00:00,0x5bd86b0a04827297930f6868eb94a58489d25ac83961e199793c5db71c1a21d5
0x3d9aae030b9661e3605b3acb5d0385ede221a0cc,0xbdb3ba9ffe392549e1f8658dd2630c141fdf47b6,2.4628578e-11,2026-03-10T17:32:35+00:00,0xc82ad44a44e47f9acec31d5598efe10a1ed6a360101463740067e0c7220868c8
0x448166a91e7bc50d0ac720c2fbed29e0963f5af8,0xbdb3ba9ffe392549e1f8658dd2630c141fdf47b6,2.4628578e-11,2026-03-10T17:32:35+00:00,0x4a6e70bccc426b51cf9adfe789300e08d07e64f56b19ba670ba2a50de06acbad
0x3eff3dc5a4f5c65d28e88dc8fd22800979c9e7c6,0xbdb3ba9ffe392549e1f8658dd2630c141fdf47b6,2.4628578e-11,2026-03-10T17:32:35+00:00,0x197efd59ea6bc7e58fcc7d50a3d2673cd7bf45fe0cb9dad441ce7d133e69184f
0xbbde9f0c24b6f59d7e828bb4e129992be0cdc237,0xbdb3ba9ffe392549e1f8658dd2630c141fdf47b6,2.4628578e-11,2026-03-10T17:32:35+00:00,0x0be2cea6265246154b56bacac7272ef0bb6675ed3cfcb7eac119d5fc8829e12a
0x3eff3dc5a4f5c65d28e88dc8fd22800979c9e7c6,0xbdb3ba9ffe392549e1f8658dd2630c141fdf47b6,2.462858e-11,2026-03-10T17:32:59+00:00,0x22c83079b32f402c301ff3e17bc2480f12bec84fe8246bc998f206704587f079
0x9359269cfbb80d154129dd9b0074cd7336b9a3a6,0xbdb3ba9ffe392549e1f8658dd2630c141fdf47b6,2.462858e-11,2026-03-10T17:32:59+00:00,0x509a9ce32c8bb836dacf04ccb3fbb659f702991f3b9daca504a69dc1b20a9aa0
0xbeccf19b026f12677e5ce1ce9e2d94dcc4772feb,0xbdb3ba9ffe392549e1f8658dd2630c141fdf47b6,2.462858e-11,2026-03-10T17:32:59+00:00,0x5e96f91665f5e48a0a76ff85bf6bdeb6f9a4b9352dc88457c4c5aba44a2daff9
0x5934e06498db785ff26807161ce9d09063231321,0xbdb3ba9ffe392549e1f8658dd2630c141fdf47b6,2.462858e-11,2026-03-10T17:32:59+00:00,0x2b9f5a1e3194f429989dcc90d1d72882596fa711de33b302a1a5ca4a4c7e80bc
0x7bf30399dba8051c2bf191afe2cd07ea4e064625,0xbdb3ba9ffe392549e1f8658dd2630c141fdf47b6,2.462858e-11,2026-03-10T17:32:59+00:00,0xe8ce9d3c56d75b5fa48809c84fa5660cc9b8f6be0e1340af6da54bb6d868a7c2
0x448166a91e7bc50d0ac720c2fbed29e0963f5af8,0xbdb3ba9ffe392549e1f8658dd2630c141fdf47b6,2.4628581e-11,2026-03-10T17:33:11+00:00,0xa2be67bfd8e30ded5541e933c29b80e3c4ddc9d28b1316686ae40585f6ca53b8
0x93793bd1f3e35a0efd098c30e486a860a0ef7551,0xbdb3ba9ffe392549e1f8658dd2630c141fdf47b6,2.4628581e-11,2026-03-10T17:33:11+00:00,0xb7f1995c11c9799eb257b3c5ed7f3103cfb04fcba91b81f20400b9bea740a924
0x604d23a2ebb002df6fdc77b82da716222ca43b8b,0xbdb3ba9ffe392549e1f8658dd2630c141fdf47b6,2.4628581e-11,2026-03-10T17:33:11+00:00,0x8e68603b1983941d13aec7cdbfdadee4b978c001aaaaff582790ce17b0e5362f
0x5b43453fce04b92e190f391a83136bfbecedefd1,0xbdb3ba9ffe392549e1f8658dd2630c141fdf47b6,2.4628582e-11,2026-03-10T17:33:23+00:00,0x0a8b6642a5a919ef4b63fed5f8608ecf97c14f77acf784d68d0e3d5c85d4fba9
0x5b43453fce04b92e190f391a83136bfbecedefd1,0xbdb3ba9ffe392549e1f8658dd2630c141fdf47b6,2.4628582e-11,2026-03-10T17:33:23+00:00,0x22e60667a2e09bc7ea348e1b9cd7971e00240b7bcb1cd89dfdbed243949f5445
0x5b43453fce04b92e190f391a83136bfbecedefd1,0xbdb3ba9ffe392549e1f8658dd2630c141fdf47b6,2.4628582e-11,2026-03-10T17:33:23+00:00,0x8891c0f241e673c25f53baf83dfc32605b0f635b352b75363b14416d174c39bc
0x8e76caebaca6c0e390f825fa44dfd1fcb74b9c36,0xbdb3ba9ffe392549e1f8658dd2630c141fdf47b6,2.4628582e-11,2026-03-10T17:33:23+00:00,0x19557f623dc8244dc26ce80bf703cbf7ef5258b797424093f172a4df213d354e
0x604d23a2ebb002df6fdc77b82da716222ca43b8b,0xbdb3ba9ffe392549e1f8658dd2630c141fdf47b6,2.4628582e-11,2026-03-10T17:33:23+00:00,0x11ee76244897a445feb8048a346ed739d526f511d4f685d42d2e153cb6466436
0x448166a91e7bc50d0ac720c2fbed29e0963f5af8,0xbdb3ba9ffe392549e1f8658dd2630c141fdf47b6,2.4628583e-11,2026-03-10T17:33:35+00:00,0xb81f40487b0f4e9425f70d179b69b39b4fc0206d67069c01ac1e00de382caeab
0x5b43453fce04b92e190f391a83136bfbecedefd1,0xbdb3ba9ffe392549e1f8658dd2630c141fdf47b6,2.4628584e-11,2026-03-10T17:33:47+00:00,0xff9394ddc4cae61c63f4b282c1216ae17105a22d62a824d45940e7d7a4ab52bd
0x5b43453fce04b92e190f391a83136bfbecedefd1,0xbdb3ba9ffe392549e1f8658dd2630c141fdf47b6,2.4628585e-11,2026-03-10T17:33:59+00:00,0x761aa6130567ae9a50a34804235d88973a4b1f4dff8a36e99da335558d4f4757
0x604d23a2ebb002df6fdc77b82da716222ca43b8b,0xbdb3ba9ffe392549e1f8658dd2630c141fdf47b6,2.4628585e-11,2026-03-10T17:33:59+00:00,0x7ed216519e26c2d52c849a1bd31c706ca214b0f78d01a758cf36c3774dc44c2e
0x5b43453fce04b92e190f391a83136bfbecedefd1,0xbdb3ba9ffe392549e1f8658dd2630c141fdf47b6,2.4628587e-11,2026-03-10T17:34:23+00:00,0x1de6d8d29a1576880263f9829893e35219b96bd699ed1c1df162c9cc0adc2115
0x93793bd1f3e35a0efd098c30e486a860a0ef7551,0xbdb3ba9ffe392549e1f8658dd2630c141fdf47b6,2.4628587e-11,2026-03-10T17:34:23+00:00,0xff1fe3d6903e16892dec0707163e7cbc751251ab3a2ccf72d00cd32e577c3302
0x5b43453fce04b92e190f391a83136bfbecedefd1,0xbdb3ba9ffe392549e1f8658dd2630c141fdf47b6,2.4628588e-11,2026-03-10T17:34:35+00:00,0xe5721df1e014b59bb9d08bcd22557ed3852c0fa31b9a119d666288431bd9933f
0x6a5ac574a26df5ac487c5074c2fd80c2578c81f7,0xbdb3ba9ffe392549e1f8658dd2630c141fdf47b6,2.4628588e-11,2026-03-10T17:34:35+00:00,0xb42fe749b39d89d165048f1c0a5c8e2fa33e119b0ae509e24c3bd0f33275998f
0x3eff3dc5a4f5c65d28e88dc8fd22800979c9e7c6,0xbdb3ba9ffe392549e1f8658dd2630c141fdf47b6,2.4628588e-11,2026-03-10T17:34:35+00:00,0xdb1860c448dd9979256de2ab9c693fc2376e9373a153c05cb23df60186acc753
0x22b0351d445840db59b97df3808dd642dcb17e96,0xbdb3ba9ffe392549e1f8658dd2630c141fdf47b6,2.4628588e-11,2026-03-10T17:34:35+00:00,0x3d587beb7e9b8b36b4c332adb2032cfb8b117f8d51560fcae028c6a648b4ff6e
0xbbde9f0c24b6f59d7e828bb4e129992be0cdc237,0xbdb3ba9ffe392549e1f8658dd2630c141fdf47b6,2.4628588e-11,2026-03-10T17:34:35+00:00,0x7e2270a839e503821949b6648f284313636af1818b08261ef20ea0c923ffe8fa
0x8e76caebaca6c0e390f825fa44dfd1fcb74b9c36,0xbdb3ba9ffe392549e1f8658dd2630c141fdf47b6,2.4628589e-11,2026-03-10T17:34:47+00:00,0xc1807d8e49e6b03ddab8d17509c0b2da3c2204ce3c1ebf742c233dcb4807d24c
0x3eff3dc5a4f5c65d28e88dc8fd22800979c9e7c6,0xbdb3ba9ffe392549e1f8658dd2630c141fdf47b6,2.4628589e-11,2026-03-10T17:34:47+00:00,0x5ddd630f982789398ad6df36b1e8579995352c3bdfc8e2b8faa2675ae270fb2f
0x7bf30399dba8051c2bf191afe2cd07ea4e064625,0xbdb3ba9ffe392549e1f8658dd2630c141fdf47b6,2.4628589e-11,2026-03-10T17:34:47+00:00,0xfd2352595a78438698a89d87b23efe2d5baede62f72472f6b4bf3ab4104765cf
0x448166a91e7bc50d0ac720c2fbed29e0963f5af8,0xbdb3ba9ffe392549e1f8658dd2630c141fdf47b6,2.4628589e-11,2026-03-10T17:34:47+00:00,0xa79a01f578255cadbb05f8cda45301dd2b423fe0172c5859dfbc681a82ba079f
0x8357efa84f91013bd6b285ef0f6b93c211cc3d9d,0xbdb3ba9ffe392549e1f8658dd2630c141fdf47b6,2.4628589e-11,2026-03-10T17:34:47+00:00,0x8dd59949b9c38630a79c81ab8fad51cf014da922d6fb1bc051a271ab048e0746
0x9359269cfbb80d154129dd9b0074cd7336b9a3a6,0xbdb3ba9ffe392549e1f8658dd2630c141fdf47b6,2.4628589e-11,2026-03-10T17:34:47+00:00,0xdac8c8dabfc38100fbc56def521e4a8ecd789f597f51cf8949724e9620186842
0xbbde9f0c24b6f59d7e828bb4e129992be0cdc237,0xbdb3ba9ffe392549e1f8658dd2630c141fdf47b6,2.462859e-11,2026-03-10T17:34:59+00:00,0x93867021b5314fe2e4f39a108c388ee79913b5b857e6e284dff83ad1874e0dbd
0x93793bd1f3e35a0efd098c30e486a860a0ef7551,0xbdb3ba9ffe392549e1f8658dd2630c141fdf47b6,2.462859e-11,2026-03-10T17:34:59+00:00,0xa1b8619fa48ad944e64a03668be82cf92e918afb63bd6a9fb4db6a9e48354063
0x3eff3dc5a4f5c65d28e88dc8fd22800979c9e7c6,0xbdb3ba9ffe392549e1f8658dd2630c141fdf47b6,2.462859e-11,2026-03-10T17:34:59+00:00,0x345c69ea9d6cf01164d9c40906704ac4b7426e32a8d65979ba660f4cdecb816f
0xbeccf19b026f12677e5ce1ce9e2d94dcc4772feb,0xbdb3ba9ffe392549e1f8658dd2630c141fdf47b6,2.462859e-11,2026-03-10T17:34:59+00:00,0xfaaf773f01c0e97d7971be1f480e2c824a0b4d02ccd9ab56c2f09afbdf44733f
0x5934e06498db785ff26807161ce9d09063231321,0xbdb3ba9ffe392549e1f8658dd2630c141fdf47b6,2.462859e-11,2026-03-10T17:34:59+00:00,0x5c28cda80bd697a36f6d8c1f9def9bc1270b3b831087fefa68a5ec0bc8b4bb8f
0x22b0351d445840db59b97df3808dd642dcb17e96,0xbdb3ba9ffe392549e1f8658dd2630c141fdf47b6,2.462859e-11,2026-03-10T17:34:59+00:00,0x3b56b9d09d829f96b1982a5eeffc0122c9c74b6ffebaa2e1449cafe15e32cd8c
0x3d9aae030b9661e3605b3acb5d0385ede221a0cc,0xbdb3ba9ffe392549e1f8658dd2630c141fdf47b6,2.462859e-11,2026-03-10T17:34:59+00:00,0xc504c2d28c3be1d95d9ad9ed6fe009b49a83d70861bc4aa364f787cb3135b002
0x604d23a2ebb002df6fdc77b82da716222ca43b8b,0xbdb3ba9ffe392549e1f8658dd2630c141fdf47b6,2.462859e-11,2026-03-10T17:34:59+00:00,0x5872c74bf58a4c95a0fd9fb4127a8ab43754486787417c5d734ad5168ecf7074
0x3eff3dc5a4f5c65d28e88dc8fd22800979c9e7c6,0xbdb3ba9ffe392549e1f8658dd2630c141fdf47b6,2.462859e-11,2026-03-10T17:34:59+00:00,0x415661e76da5a6e90c6f664461b8d288e658436623f40560a1eadba8551b2a82
0x448166a91e7bc50d0ac720c2fbed29e0963f5af8,0xbdb3ba9ffe392549e1f8658dd2630c141fdf47b6,2.462859e-11,2026-03-10T17:34:59+00:00,0x67e849cb46549254abc5c6cc9bd9cd64448092fd1c6189da5740d69000adca12
0x9359269cfbb80d154129dd9b0074cd7336b9a3a6,0xbdb3ba9ffe392549e1f8658dd2630c141fdf47b6,2.462859e-11,2026-03-10T17:34:59+00:00,0x489f01dbdbbb5c3009ef1eff7f5505ff28ae707dab6cd90bbc60768be3b8603f
0x93793bd1f3e35a0efd098c30e486a860a0ef7551,0xbdb3ba9ffe392549e1f8658dd2630c141fdf47b6,2.462859e-11,2026-03-10T17:34:59+00:00,0x7ca6241b7077906bf49a0951d9db4dbb152ef4ef75e763915cbd5f43065d85e7
0x448166a91e7bc50d0ac720c2fbed29e0963f5af8,0xbdb3ba9ffe392549e1f8658dd2630c141fdf47b6,2.462859e-11,2026-03-10T17:34:59+00:00,0xfadd1df714be9a59b29147fc559d68d10c7de818753d6165356519cfc3fb59be
0x7bf30399dba8051c2bf191afe2cd07ea4e064625,0xbdb3ba9ffe392549e1f8658dd2630c141fdf47b6,2.462859e-11,2026-03-10T17:34:59+00:00,0x8be6a26a52cf30f713c7723c6ca569123555ceed01264bf79baf24cd4f21030b
0x8357efa84f91013bd6b285ef0f6b93c211cc3d9d,0xbdb3ba9ffe392549e1f8658dd2630c141fdf47b6,2.462859e-11,2026-03-10T17:34:59+00:00,0x07d633c6ec47b884a27cd11ac50c55fd5dd81934cce719900e910295a2b2dd21
0x22b0351d445840db59b97df3808dd642dcb17e96,0xbdb3ba9ffe392549e1f8658dd2630c141fdf47b6,2.462859e-11,2026-03-10T17:34:59+00:00,0xa224e94532ec12b4a511357e9042c44aff0fefa886b8e2b3c9902c3109622d28
0x66c6778dedba51b87103c8543ee751e7cd960659,0xbdb3ba9ffe392549e1f8658dd2630c141fdf47b6,2.462859e-11,2026-03-10T17:34:59+00:00,0x2a0c3c11ae0d7b99ed283514a31cfd681a8d5226ae66f803c7c64aab96006a67
0x7bf30399dba8051c2bf191afe2cd07ea4e064625,0xbdb3ba9ffe392549e1f8658dd2630c141fdf47b6,2.462859e-11,2026-03-10T17:34:59+00:00,0x9e3242a9443c4db42da1a4abd1d4355bd13d13ccd353bff8c74d1e205b0b1e7d
0x8357efa84f91013bd6b285ef0f6b93c211cc3d9d,0xbdb3ba9ffe392549e1f8658dd2630c141fdf47b6,2.462859e-11,2026-03-10T17:34:59+00:00,0xd736e4ef0cf38e151c2cb9a7d9866f97a1b7455dc3660bed5efca8cd3780dcce
0xbeccf19b026f12677e5ce1ce9e2d94dcc4772feb,0xbdb3ba9ffe392549e1f8658dd2630c141fdf47b6,2.462859e-11,2026-03-10T17:34:59+00:00,0x3b268cba492648f5ebff03d8e0217a0529733cacbb1b49c225ec4ceb6e7a7a8e
0x7bf30399dba8051c2bf191afe2cd07ea4e064625,0xbdb3ba9ffe392549e1f8658dd2630c141fdf47b6,2.4628591e-11,2026-03-10T17:35:11+00:00,0xcbdc2bd5260089bad59004ad996e828ba27ea0dd686fa51d7b7da55ff10d7cf7
0x93793bd1f3e35a0efd098c30e486a860a0ef7551,0xbdb3ba9ffe392549e1f8658dd2630c141fdf47b6,2.4628591e-11,2026-03-10T17:35:11+00:00,0xfabec878af22866a826d94060e865c1223d4ac929b86c6305e020047e4646023
0x66c6778dedba51b87103c8543ee751e7cd960659,0xbdb3ba9ffe392549e1f8658dd2630c141fdf47b6,2.4628591e-11,2026-03-10T17:35:11+00:00,0x416225a658e7ccc32a8cf068a1115bd63ba33c40a27cf93c695f4102c0acfb5e
0x22b0351d445840db59b97df3808dd642dcb17e96,0xbdb3ba9ffe392549e1f8658dd2630c141fdf47b6,2.4628591e-11,2026-03-10T17:35:11+00:00,0x893f82a2fe58a35cc17c77951ea02474a1aa5f7f3d39c3b628bbdac78787e210
0x5934e06498db785ff26807161ce9d09063231321,0xbdb3ba9ffe392549e1f8658dd2630c141fdf47b6,2.4628591e-11,2026-03-10T17:35:11+00:00,0x31631ac88610af506d0ce8e215b138340327c2a78b7117edb7e1854bf7e2a049
0x8357efa84f91013bd6b285ef0f6b93c211cc3d9d,0xbdb3ba9ffe392549e1f8658dd2630c141fdf47b6,2.4628591e-11,2026-03-10T17:35:11+00:00,0x0885d565af2a88b858fa9bbe1a7b35568bd186579e6572418648fb0d8b69a171
0x93793bd1f3e35a0efd098c30e486a860a0ef7551,0xbdb3ba9ffe392549e1f8658dd2630c141fdf47b6,2.4628591e-11,2026-03-10T17:35:11+00:00,0x0da2d2fc74eaa782a245fba32e16331d0d2ebcbed925f2539df5012737fc5cc9
0x9359269cfbb80d154129dd9b0074cd7336b9a3a6,0xbdb3ba9ffe392549e1f8658dd2630c141fdf47b6,2.4628591e-11,2026-03-10T17:35:11+00:00,0xf3627f9913e7262aa69dc26ee73c90c9a48e35818fae12664f09c71cb403e726
0x3eff3dc5a4f5c65d28e88dc8fd22800979c9e7c6,0xbdb3ba9ffe392549e1f8658dd2630c141fdf47b6,2.4628591e-11,2026-03-10T17:35:11+00:00,0x7ddf88a6b141ae4dadb908e98ba100c3049d61555eb9959de93efaa71d9827da
0xbeccf19b026f12677e5ce1ce9e2d94dcc4772feb,0xbdb3ba9ffe392549e1f8658dd2630c141fdf47b6,2.4628591e-11,2026-03-10T17:35:11+00:00,0xa848fdf0d459a440f656641284ef5225b881e6b4b40491e41619c7b04c11e32f
0x448166a91e7bc50d0ac720c2fbed29e0963f5af8,0xbdb3ba9ffe392549e1f8658dd2630c141fdf47b6,2.4628591e-11,2026-03-10T17:35:11+00:00,0x106c380d69c2c4c4ba3ed0cc557ee966e7748ad32545bdd57f5c5c97285aacf3
0xbbde9f0c24b6f59d7e828bb4e129992be0cdc237,0xbdb3ba9ffe392549e1f8658dd2630c141fdf47b6,2.4628591e-11,2026-03-10T17:35:11+00:00,0xc81313f6a917809ce25e57b56c9a621cdc608a3012c6adec2b5381dc2b000483
0x3d9aae030b9661e3605b3acb5d0385ede221a0cc,0xbdb3ba9ffe392549e1f8658dd2630c141fdf47b6,2.4628591e-11,2026-03-10T17:35:11+00:00,0x74c92731a793fdc09f365efeea88fa334b9b9969c03f374aacac60786c2c9051
0xd9d8f818a7a71ed0e1fe936b991508b0e88b1609,0xbdb3ba9ffe392549e1f8658dd2630c141fdf47b6,2.4628591e-11,2026-03-10T17:35:11+00:00,0xc42e88a3b66458fdae9c712fbed0efde38264e4ef44c7189ef7dc420fd43b36d
0x9359269cfbb80d154129dd9b0074cd7336b9a3a6,0xbdb3ba9ffe392549e1f8658dd2630c141fdf47b6,2.4628591e-11,2026-03-10T17:35:11+00:00,0x893ecba4c4a3146a6c8fce9d2387a7f2c7920ed81df477123d4c8333331d4b5e
0xd9d8f818a7a71ed0e1fe936b991508b0e88b1609,0xbdb3ba9ffe392549e1f8658dd2630c141fdf47b6,2.4628591e-11,2026-03-10T17:35:11+00:00,0xf2e535c06e7ebb432b984cccd49d7b56cafea9a2e7e063e4b33b9bf7e1c94810
0xbbde9f0c24b6f59d7e828bb4e129992be0cdc237,0xbdb3ba9ffe392549e1f8658dd2630c141fdf47b6,2.4628591e-11,2026-03-10T17:35:11+00:00,0x1375c6967e7862c114e88cc908950bfa572e54e27e98409e0df3d84fa0a2b611
0x3eff3dc5a4f5c65d28e88dc8fd22800979c9e7c6,0xbdb3ba9ffe392549e1f8658dd2630c141fdf47b6,2.4628592e-11,2026-03-10T17:35:23+00:00,0x14e5fa110d344f0042a1319878952dc2db4e51be84a6518074d8f5c6dbd9a8bf
0x66c6778dedba51b87103c8543ee751e7cd960659,0xbdb3ba9ffe392549e1f8658dd2630c141fdf47b6,2.4628592e-11,2026-03-10T17:35:23+00:00,0xe6060185dcb8ab2595c0dae2aacbc5a38a1acd3b97179570ec71c42fb1e37526
0x93793bd1f3e35a0efd098c30e486a860a0ef7551,0xbdb3ba9ffe392549e1f8658dd2630c141fdf47b6,2.4628592e-11,2026-03-10T17:35:23+00:00,0xd1b254ae9636ef44e433355c563c0d4508fc03292f83c575c142d0cf1c1acd35
0x8357efa84f91013bd6b285ef0f6b93c211cc3d9d,0xbdb3ba9ffe392549e1f8658dd2630c141fdf47b6,2.4628592e-11,2026-03-10T17:35:23+00:00,0x7f07f31a92b97c839a4911321c21482406de372baf59947057655d89cdc7c8ed
0xbbde9f0c24b6f59d7e828bb4e129992be0cdc237,0xbdb3ba9ffe392549e1f8658dd2630c141fdf47b6,2.4628592e-11,2026-03-10T17:35:23+00:00,0xac4966fc7a7bf525beae19cc7e5af89b25d53d8c943d8b8326091c55af7c4498
0x448166a91e7bc50d0ac720c2fbed29e0963f5af8,0xbdb3ba9ffe392549e1f8658dd2630c141fdf47b6,2.4628592e-11,2026-03-10T17:35:23+00:00,0x27ef7c1ad012c1cd297082d0ea56f24c6047de3d3059cd6a22615140082051ce
0x3d9aae030b9661e3605b3acb5d0385ede221a0cc,0xbdb3ba9ffe392549e1f8658dd2630c141fdf47b6,2.4628592e-11,2026-03-10T17:35:23+00:00,0x44443c28795285c5f5d4840b8dc2737955b840ec62f5f647d44675d0de50e7bd
0x5b43453fce04b92e190f391a83136bfbecedefd1,0xbdb3ba9ffe392549e1f8658dd2630c141fdf47b6,2.4628593e-11,2026-03-10T17:35:35+00:00,0x500d9f4cba89526495b13feb75730ce86ca209cc3db48a94c8abba79d469fab4
0x5b43453fce04b92e190f391a83136bfbecedefd1,0xbdb3ba9ffe392549e1f8658dd2630c141fdf47b6,2.4628593e-11,2026-03-10T17:35:35+00:00,0xe30379371a35dee6f37623b72faadfac859bebb0c6a8deb4dd4cdf98b71f909d
0x448166a91e7bc50d0ac720c2fbed29e0963f5af8,0xbdb3ba9ffe392549e1f8658dd2630c141fdf47b6,2.4628593e-11,2026-03-10T17:35:35+00:00,0x57f66ff2009c1fd1892233554bc23c38f87b22b14fe0dea82c9e787fc0057f09
0x9359269cfbb80d154129dd9b0074cd7336b9a3a6,0xbdb3ba9ffe392549e1f8658dd2630c141fdf47b6,2.4628593e-11,2026-03-10T17:35:35+00:00,0xb55cde775b0f7ae2add9a6a4ecae179f653e0296514bbf725751ac88bcd007cd
0x3d9aae030b9661e3605b3acb5d0385ede221a0cc,0xbdb3ba9ffe392549e1f8658dd2630c141fdf47b6,2.4628593e-11,2026-03-10T17:35:35+00:00,0x24ee7672244721af2f68e20bce03b00f5530bb8bf007f044179981312cb8b7fe
0x66c6778dedba51b87103c8543ee751e7cd960659,0xbdb3ba9ffe392549e1f8658dd2630c141fdf47b6,2.4628593e-11,2026-03-10T17:35:35+00:00,0x5e402e09918e95afecfff4b1de4758bd5b40f46cf9793cf26bcf2f60af2546c5
0x93793bd1f3e35a0efd098c30e486a860a0ef7551,0xbdb3ba9ffe392549e1f8658dd2630c141fdf47b6,2.4628593e-11,2026-03-10T17:35:35+00:00,0x22bc6d4c84f7dc009bf38fbb209696692584aede224e11d0cfab4c7f3d8c97be
0x497a169e37064d92e018d363c86eb3611ec08963,0xbdb3ba9ffe392549e1f8658dd2630c141fdf47b6,2.4628593e-11,2026-03-10T17:35:35+00:00,0x241269c6d697ce226dcb46ea999d93658a569ef53ae575a93dfa26132577790c
0x5d1783ddbb657fdf6fcc2ef5b6796ac0ddeeb6e3,0xbdb3ba9ffe392549e1f8658dd2630c141fdf47b6,2.4628593e-11,2026-03-10T17:35:35+00:00,0xdb1d8b616ade75d6abdac3ac4a93688328dd68b32de830609637c7db430f562d
0xbeccf19b026f12677e5ce1ce9e2d94dcc4772feb,0xbdb3ba9ffe392549e1f8658dd2630c141fdf47b6,2.4628593e-11,2026-03-10T17:35:35+00:00,0xb8a50ac744015737627898e38070078600f797bc1e185dca522650e1e3154917
0x5934e06498db785ff26807161ce9d09063231321,0xbdb3ba9ffe392549e1f8658dd2630c141fdf47b6,2.4628594e-11,2026-03-10T17:35:47+00:00,0x6074a2e680b18000adc1ccf5f8b92a7e95747c154845a3d33f0bd8a7d7d2b9e9
0x3d9aae030b9661e3605b3acb5d0385ede221a0cc,0xbdb3ba9ffe392549e1f8658dd2630c141fdf47b6,2.4628595e-11,2026-03-10T17:35:59+00:00,0x8a73a8d61a1e7a020092f62598559ac9a836b96d2937df4eb4c42f81b3be7950
0x22b0351d445840db59b97df3808dd642dcb17e96,0xbdb3ba9ffe392549e1f8658dd2630c141fdf47b6,2.4628595e-11,2026-03-10T17:35:59+00:00,0x87c3bf2fcf1cab79877f1fce7d9a07f32b65dedbc8b5cd9ebb3f20afe94b63f5
0x604d23a2ebb002df6fdc77b82da716222ca43b8b,0xbdb3ba9ffe392549e1f8658dd2630c141fdf47b6,2.4628595e-11,2026-03-10T17:35:59+00:00,0xc37d344a8092ca5694a5d618c4f84de2348448b98683b46f4573db1f08c26f81
0x66c6778dedba51b87103c8543ee751e7cd960659,0xbdb3ba9ffe392549e1f8658dd2630c141fdf47b6,2.4628595e-11,2026-03-10T17:35:59+00:00,0x612efd136e0e132bff753ca6e4746d3581bb3c3ddc66e6e99164a0db8befdc7b
0x7bf30399dba8051c2bf191afe2cd07ea4e064625,0xbdb3ba9ffe392549e1f8658dd2630c141fdf47b6,2.4628595e-11,2026-03-10T17:35:59+00:00,0x00c09ba20f0365dd0aa8d776c20c6a4d17561677d5a718bbe3be02cc82b4a455
0xbbde9f0c24b6f59d7e828bb4e129992be0cdc237,0xbdb3ba9ffe392549e1f8658dd2630c141fdf47b6,2.4628595e-11,2026-03-10T17:35:59+00:00,0xa606734b9ba09e903c1f34bc0458755ec79c4d1e0b80e18d07281ee2e9c2b234
0x93793bd1f3e35a0efd098c30e486a860a0ef7551,0xbdb3ba9ffe392549e1f8658dd2630c141fdf47b6,2.4628595e-11,2026-03-10T17:35:59+00:00,0x656435f5b329020ddf48a6de4eed0a190913cc99d77483c0fc140732992cdc1c
0x5d1783ddbb657fdf6fcc2ef5b6796ac0ddeeb6e3,0xbdb3ba9ffe392549e1f8658dd2630c141fdf47b6,2.4628596e-11,2026-03-10T17:36:11+00:00,0x045f4e443c25832a355131c8b84dd0b50d5589a1160a607f80d02fd6f3962d32
0x5b43453fce04b92e190f391a83136bfbecedefd1,0xbdb3ba9ffe392549e1f8658dd2630c141fdf47b6,2.4628597e-11,2026-03-10T17:36:23+00:00,0xc7dfe4677d94e08d24f1876ace1eb3484f1f500d641e2ebb2b1bffda833367ea
0x5d1783ddbb657fdf6fcc2ef5b6796ac0ddeeb6e3,0xbdb3ba9ffe392549e1f8658dd2630c141fdf47b6,2.4628597e-11,2026-03-10T17:36:23+00:00,0x29ee260cfd6645548e390c409cbc6118d1f9f256d14b2aa2167f37eb4851b0a1
0xbbde9f0c24b6f59d7e828bb4e129992be0cdc237,0xbdb3ba9ffe392549e1f8658dd2630c141fdf47b6,2.4628599e-11,2026-03-10T17:36:47+00:00,0x68a2b5356bdf3d7b666ae86202baec98da9c8f2fbe0e173c816c626c6c89d3ed
0x604d23a2ebb002df6fdc77b82da716222ca43b8b,0xbdb3ba9ffe392549e1f8658dd2630c141fdf47b6,2.4628599e-11,2026-03-10T17:36:47+00:00,0x14bf54838893b38448205d6b0e60aeed71eeec8c3e73a93978cf08d3f6c2ee77
0x22b0351d445840db59b97df3808dd642dcb17e96,0xbdb3ba9ffe392549e1f8658dd2630c141fdf47b6,2.4628599e-11,2026-03-10T17:36:47+00:00,0x756ac74868f3638a9c01676e26f81810a126717eb0ceaea44925e7bd3e8f7662
0x8357efa84f91013bd6b285ef0f6b93c211cc3d9d,0xbdb3ba9ffe392549e1f8658dd2630c141fdf47b6,2.46286e-11,2026-03-10T17:36:59+00:00,0xe33f6f5747b6c869ef03d2fc086bc2781891ad8b90d0f5b1d1228daf548bd9ef
0x66c6778dedba51b87103c8543ee751e7cd960659,0xbdb3ba9ffe392549e1f8658dd2630c141fdf47b6,2.46286e-11,2026-03-10T17:36:59+00:00,0x56f34065132ee81faf0394639e313b6a3d63667ce445d27d8848f5f11f742493
0x448166a91e7bc50d0ac720c2fbed29e0963f5af8,0xbdb3ba9ffe392549e1f8658dd2630c141fdf47b6,2.46286e-11,2026-03-10T17:36:59+00:00,0xff013829c089743bef76b205453ca00cd6b402d6118b568696d70ad8bdff86ed
0x66c6778dedba51b87103c8543ee751e7cd960659,0xbdb3ba9ffe392549e1f8658dd2630c141fdf47b6,2.46286e-11,2026-03-10T17:36:59+00:00,0x7ab12ae7617a75098dd5cf2919acef00aa35cd4b6bad0754f79b49759f7be10c
0x93793bd1f3e35a0efd098c30e486a860a0ef7551,0xbdb3ba9ffe392549e1f8658dd2630c141fdf47b6,2.46286e-11,2026-03-10T17:36:59+00:00,0xa3c353168d9186e472a21dfca8ed9ecb2f1a25da3f4e56333f509f25d2e3b206
0x5934e06498db785ff26807161ce9d09063231321,0xbdb3ba9ffe392549e1f8658dd2630c141fdf47b6,2.46286e-11,2026-03-10T17:36:59+00:00,0xc454ab6965cab132f29b7f6e87b678e67527487f71c9e5e515f6dfcb9020f859
0x66c6778dedba51b87103c8543ee751e7cd960659,0xbdb3ba9ffe392549e1f8658dd2630c141fdf47b6,2.46286e-11,2026-03-10T17:36:59+00:00,0xb9f10f5f2fb103c65c9ad20d2d8928874c9b06478e1c5aaf0c25b4ba5e3dd9a2
0x604d23a2ebb002df6fdc77b82da716222ca43b8b,0xbdb3ba9ffe392549e1f8658dd2630c141fdf47b6,2.46286e-11,2026-03-10T17:36:59+00:00,0x1ca4995cc9db91af5b20c6388e43593a44badf6e8f13697feda9315858c26dd8
0x9359269cfbb80d154129dd9b0074cd7336b9a3a6,0xbdb3ba9ffe392549e1f8658dd2630c141fdf47b6,2.46286e-11,2026-03-10T17:36:59+00:00,0x7354650e1584cf7abd2398c135a05ca65c106518cd8c3be221e74c3489f1c648
0xbeccf19b026f12677e5ce1ce9e2d94dcc4772feb,0xbdb3ba9ffe392549e1f8658dd2630c141fdf47b6,2.46286e-11,2026-03-10T17:36:59+00:00,0xcd2e0ca891d99c2bbfd832ba865a0d90afaf901a36a88c8ff18546a29f25a240
0xd9d8f818a7a71ed0e1fe936b991508b0e88b1609,0xbdb3ba9ffe392549e1f8658dd2630c141fdf47b6,2.46286e-11,2026-03-10T17:36:59+00:00,0x03d409a672815c1bea0caf8029aec3e0e1766a98f9504e4044d830280c172240
0xbeccf19b026f12677e5ce1ce9e2d94dcc4772feb,0xbdb3ba9ffe392549e1f8658dd2630c141fdf47b6,2.46286e-11,2026-03-10T17:36:59+00:00,0x6e8d17656e14021c24e5d16bcb44768586531b4f9654a488b0b2553a9b338fa7
0x7bf30399dba8051c2bf191afe2cd07ea4e064625,0xbdb3ba9ffe392549e1f8658dd2630c141fdf47b6,2.46286e-11,2026-03-10T17:36:59+00:00,0xe62a2112de74289640f18a06bc917110ed0c8096903cfddc5b3d097833a71e78
0x448166a91e7bc50d0ac720c2fbed29e0963f5af8,0xbdb3ba9ffe392549e1f8658dd2630c141fdf47b6,2.46286e-11,2026-03-10T17:36:59+00:00,0xa7a7e4f3a6f9033a4a797b05f9524f6d738bd5372442b79391d9d62983cfb299
0x22b0351d445840db59b97df3808dd642dcb17e96,0xbdb3ba9ffe392549e1f8658dd2630c141fdf47b6,2.46286e-11,2026-03-10T17:36:59+00:00,0x49c993976630c7186d1b936d9cdcf07d771bb19fd2ce09bf60ec320b42ac6d3a
0x3eff3dc5a4f5c65d28e88dc8fd22800979c9e7c6,0xbdb3ba9ffe392549e1f8658dd2630c141fdf47b6,2.46286e-11,2026-03-10T17:36:59+00:00,0xd454b3149286e60d1176fdece691cf433097a33c7292260c30130b792bb3f5f6
0xbeccf19b026f12677e5ce1ce9e2d94dcc4772feb,0xbdb3ba9ffe392549e1f8658dd2630c141fdf47b6,2.46286e-11,2026-03-10T17:36:59+00:00,0xa46475aac99275f5cfcd2f52e61c9f2da0ebb97f250492cdf977ddb5a290cba3
0xbbde9f0c24b6f59d7e828bb4e129992be0cdc237,0xbdb3ba9ffe392549e1f8658dd2630c141fdf47b6,2.46286e-11,2026-03-10T17:36:59+00:00,0x66dc4c27673efb821d64437d99af1835683de08da89621d66d2cf4a9d8588e8c
0x604d23a2ebb002df6fdc77b82da716222ca43b8b,0xbdb3ba9ffe392549e1f8658dd2630c141fdf47b6,2.46286e-11,2026-03-10T17:36:59+00:00,0xff352418209871816b38106c820f02877b42dc0b8aca8bf25ba11eeeb6bfb4ca
0xbbde9f0c24b6f59d7e828bb4e129992be0cdc237,0xbdb3ba9ffe392549e1f8658dd2630c141fdf47b6,2.46286e-11,2026-03-10T17:36:59+00:00,0x37196377e53c3262537eafdddb7ba69d1604b38b705532a7ab0b65b6e5bdc3dc
0x8357efa84f91013bd6b285ef0f6b93c211cc3d9d,0xbdb3ba9ffe392549e1f8658dd2630c141fdf47b6,2.46286e-11,2026-03-10T17:36:59+00:00,0xad3b58035863af1550cd2274b44c952d56d9fef2b3cd1604c5a7e2ebe472e3e2
0x5934e06498db785ff26807161ce9d09063231321,0xbdb3ba9ffe392549e1f8658dd2630c141fdf47b6,2.46286e-11,2026-03-10T17:36:59+00:00,0x2b1caf87b7cbfeca3c20dbb943a6856c1b5874fa1f7014a3644e1ecf19050b5e
0x22b0351d445840db59b97df3808dd642dcb17e96,0xbdb3ba9ffe392549e1f8658dd2630c141fdf47b6,2.46286e-11,2026-03-10T17:36:59+00:00,0x31fd7b2cab4910d7e7a74ee534d7f97bfc51db4f9bf2ec3cc285109f5ac04206
0x3eff3dc5a4f5c65d28e88dc8fd22800979c9e7c6,0xbdb3ba9ffe392549e1f8658dd2630c141fdf47b6,2.46286e-11,2026-03-10T17:36:59+00:00,0x8f3bea790f3e1759cf1733ccaa9082d308b83b90546499e4e4f429a82daef668
0x3d9aae030b9661e3605b3acb5d0385ede221a0cc,0xbdb3ba9ffe392549e1f8658dd2630c141fdf47b6,2.46286e-11,2026-03-10T17:36:59+00:00,0x986724e76a5d0eb21ef5302f64bfefdabefcceacd05942b34a8930391599dfa2
0x3eff3dc5a4f5c65d28e88dc8fd22800979c9e7c6,0xbdb3ba9ffe392549e1f8658dd2630c141fdf47b6,2.46286e-11,2026-03-10T17:36:59+00:00,0x1ecd09e8d5b60111d6938550d78c1007bf7236000de8e871bc8c2b4590d65cfc
0x5b43453fce04b92e190f391a83136bfbecedefd1,0xbdb3ba9ffe392549e1f8658dd2630c141fdf47b6,2.4628601e-11,2026-03-10T17:37:11+00:00,0x7735104d9911e1a7f7bef7569f279abb28dd972fd931136b1b428d71da66e9a7
0x5b43453fce04b92e190f391a83136bfbecedefd1,0xbdb3ba9ffe392549e1f8658dd2630c141fdf47b6,2.4628601e-11,2026-03-10T17:37:11+00:00,0x2e1d4e0871417f645673d945877f33864abd335c15caddf8b4277eeffc844c29
0x3d9aae030b9661e3605b3acb5d0385ede221a0cc,0xbdb3ba9ffe392549e1f8658dd2630c141fdf47b6,2.4628601e-11,2026-03-10T17:37:11+00:00,0xda0e0f63056d30801cee2b5998ae60ce8755a3c27388b15dd3516ce8021fdb43
0x66c6778dedba51b87103c8543ee751e7cd960659,0xbdb3ba9ffe392549e1f8658dd2630c141fdf47b6,2.4628601e-11,2026-03-10T17:37:11+00:00,0xa40aa7c3fb05603ca8a84ba6431af0d4ebebb8254cf1dd46ed9c5f675a41081b
0x604d23a2ebb002df6fdc77b82da716222ca43b8b,0xbdb3ba9ffe392549e1f8658dd2630c141fdf47b6,2.4628601e-11,2026-03-10T17:37:11+00:00,0xa86c473f569d8057d0ec3655f4b11fa5e253e445a80538c3b2bafc14ca1ff4ea
0x3eff3dc5a4f5c65d28e88dc8fd22800979c9e7c6,0xbdb3ba9ffe392549e1f8658dd2630c141fdf47b6,2.4628601e-11,2026-03-10T17:37:11+00:00,0x5be55c9e068364678f7c21a73adfdbc5ed0553dff447d43f004e9c5c01d56f4a
0x5d1783ddbb657fdf6fcc2ef5b6796ac0ddeeb6e3,0xbdb3ba9ffe392549e1f8658dd2630c141fdf47b6,2.4628601e-11,2026-03-10T17:37:11+00:00,0x89a74bee99b177ac00494592d7058acdaea0621353edcea8ed5e93275bd5d1e1
0x5b43453fce04b92e190f391a83136bfbecedefd1,0xbdb3ba9ffe392549e1f8658dd2630c141fdf47b6,2.4628602e-11,2026-03-10T17:37:23+00:00,0x1e4d5b11ca2c15e0fcaafb94b70b33ec010bc919e6106bb6c60afe78b075c81f
0x5d1783ddbb657fdf6fcc2ef5b6796ac0ddeeb6e3,0xbdb3ba9ffe392549e1f8658dd2630c141fdf47b6,2.4628602e-11,2026-03-10T17:37:23+00:00,0xe8c3c43eefaa0328f1251b183102ae02705eb8ecee175d8c9f2a9a18569cbe11
0x497a169e37064d92e018d363c86eb3611ec08963,0xbdb3ba9ffe392549e1f8658dd2630c141fdf47b6,2.4628602e-11,2026-03-10T17:37:23+00:00,0x132c35b0d9aa368aa506944a289ffb0e98765ab3e0837233fd8d0f46e9bd6572
0x448166a91e7bc50d0ac720c2fbed29e0963f5af8,0xbdb3ba9ffe392549e1f8658dd2630c141fdf47b6,2.4628603e-11,2026-03-10T17:37:35+00:00,0x191dd20256ad437d6e423597d842c6ac105e5df10ac9f8510c5a05e70b8caa6e
0x3eff3dc5a4f5c65d28e88dc8fd22800979c9e7c6,0xbdb3ba9ffe392549e1f8658dd2630c141fdf47b6,2.4628603e-11,2026-03-10T17:37:35+00:00,0xa62a94b48fdd743e90af0850fa450347c9df5b6f97b874ef0db37ae32311a3c8
0xbbde9f0c24b6f59d7e828bb4e129992be0cdc237,0xbdb3ba9ffe392549e1f8658dd2630c141fdf47b6,2.4628603e-11,2026-03-10T17:37:35+00:00,0xb8616f77b8ee504fa6ca867078e8ac7cc4fc4766949c4e31671f16679bba92e5
0x5934e06498db785ff26807161ce9d09063231321,0xbdb3ba9ffe392549e1f8658dd2630c141fdf47b6,2.4628603e-11,2026-03-10T17:37:35+00:00,0x522b7a9785843cdf9d3930b083459278d2a9a1dd0adf33cc8470b1f59a088d7f
0x22b0351d445840db59b97df3808dd642dcb17e96,0xbdb3ba9ffe392549e1f8658dd2630c141fdf47b6,2.4628603e-11,2026-03-10T17:37:35+00:00,0x2c95892b35698ce168ff29ee9202856dfa3a643a457a0a8fc7551fe2874c1861
0x9359269cfbb80d154129dd9b0074cd7336b9a3a6,0xbdb3ba9ffe392549e1f8658dd2630c141fdf47b6,2.4628603e-11,2026-03-10T17:37:35+00:00,0x7a57fdbe630cd967ff633e87c7fc4dabcec67327d0c14d8fb55ea44d4d122b3e
0x66c6778dedba51b87103c8543ee751e7cd960659,0xbdb3ba9ffe392549e1f8658dd2630c141fdf47b6,2.4628603e-11,2026-03-10T17:37:35+00:00,0xb5fdc549d74e91c877caf8160a50d6a388818439e6cff0a72ad752b57f4055c5
0x604d23a2ebb002df6fdc77b82da716222ca43b8b,0xbdb3ba9ffe392549e1f8658dd2630c141fdf47b6,2.4628605e-11,2026-03-10T17:37:59+00:00,0xdddbf743049c0ea8c92b4e68021e85d03a32270b4efaaac539324cc57eeba21c
0x66c6778dedba51b87103c8543ee751e7cd960659,0xbdb3ba9ffe392549e1f8658dd2630c141fdf47b6,2.4628605e-11,2026-03-10T17:37:59+00:00,0x38344ea5278501cfdf39f3daeacf0e819266e219c7e51e6e1c520920d263b76a
0x8357efa84f91013bd6b285ef0f6b93c211cc3d9d,0xbdb3ba9ffe392549e1f8658dd2630c141fdf47b6,2.4628605e-11,2026-03-10T17:37:59+00:00,0x73f0eae7560af850cd8d829027c01c32a07337b62fbc4e2ea39339f7502cfa29
0xbeccf19b026f12677e5ce1ce9e2d94dcc4772feb,0xbdb3ba9ffe392549e1f8658dd2630c141fdf47b6,2.4628605e-11,2026-03-10T17:37:59+00:00,0x18a48ca1018e965d75c0a70fe3b277314f83d612ceb0bfc7e2558b91eb0c9c7d
0x93793bd1f3e35a0efd098c30e486a860a0ef7551,0xbdb3ba9ffe392549e1f8658dd2630c141fdf47b6,2.4628605e-11,2026-03-10T17:37:59+00:00,0x9d8c44dc18ab6782fe9c4bce6b385af2f5146b8d2cb98edede38831dd0df8462
0x604d23a2ebb002df6fdc77b82da716222ca43b8b,0xbdb3ba9ffe392549e1f8658dd2630c141fdf47b6,2.4628605e-11,2026-03-10T17:37:59+00:00,0x1c2f90ffd27746ed9aa898506fc3234776ddd6f266a483235b419d4b47e85428
0x93793bd1f3e35a0efd098c30e486a860a0ef7551,0xbdb3ba9ffe392549e1f8658dd2630c141fdf47b6,2.4628605e-11,2026-03-10T17:37:59+00:00,0x2bba211a712c3e08ac273a80f4f0736913d3f3bac7774390459373eb5601ec57
0x66c6778dedba51b87103c8543ee751e7cd960659,0xbdb3ba9ffe392549e1f8658dd2630c141fdf47b6,2.4628605e-11,2026-03-10T17:37:59+00:00,0x6310b821d097d592f93de6de04a32cbcb4fea839835a7b1c9e945da8ab3a93b1
0x9359269cfbb80d154129dd9b0074cd7336b9a3a6,0xbdb3ba9ffe392549e1f8658dd2630c141fdf47b6,2.4628605e-11,2026-03-10T17:37:59+00:00,0xfbc5005ddf5e412191bbbdf45510f34e5d08e65d340a7d4ea50dc21effd38a56
0x93793bd1f3e35a0efd098c30e486a860a0ef7551,0xbdb3ba9ffe392549e1f8658dd2630c141fdf47b6,2.4628605e-11,2026-03-10T17:37:59+00:00,0x2b736a89a5a47c01d104e9ecf488e203e2253959b37e20354beedcb30bf573d0
0x8357efa84f91013bd6b285ef0f6b93c211cc3d9d,0xbdb3ba9ffe392549e1f8658dd2630c141fdf47b6,2.4628605e-11,2026-03-10T17:37:59+00:00,0x752da48f714d53157a17ce8634fa17391d0f1fe6e724a2f0ab4c5d8abc9b6678
0x8357efa84f91013bd6b285ef0f6b93c211cc3d9d,0xbdb3ba9ffe392549e1f8658dd2630c141fdf47b6,2.4628605e-11,2026-03-10T17:37:59+00:00,0x5bcec674f067ae99a2e5220091045120b1a6856d3e20aa256b0376e239363d9f
0xbeccf19b026f12677e5ce1ce9e2d94dcc4772feb,0xbdb3ba9ffe392549e1f8658dd2630c141fdf47b6,2.4628605e-11,2026-03-10T17:37:59+00:00,0x8982d7b59458bf8cd759421b939016cb432493b939d1b7e3b0dd5c49d6ae38a7
0x3d9aae030b9661e3605b3acb5d0385ede221a0cc,0xbdb3ba9ffe392549e1f8658dd2630c141fdf47b6,2.4628605e-11,2026-03-10T17:37:59+00:00,0x2a13dc0da4a8eb70a5014309657fcc003c7a9dc3eb2bcfac873dc86765b1bbc7
0x448166a91e7bc50d0ac720c2fbed29e0963f5af8,0xbdb3ba9ffe392549e1f8658dd2630c141fdf47b6,2.4628605e-11,2026-03-10T17:37:59+00:00,0xc056827d1cf8b5d653f9919e12ebab484f49988505107272ffb47101e58d62d5
0x22b0351d445840db59b97df3808dd642dcb17e96,0xbdb3ba9ffe392549e1f8658dd2630c141fdf47b6,2.4628605e-11,2026-03-10T17:37:59+00:00,0x4a0f1d3edaeb70c6d153927ad58bb31f325d768e0d6d1f4f3c8041ae3dc268c8
0x3eff3dc5a4f5c65d28e88dc8fd22800979c9e7c6,0xbdb3ba9ffe392549e1f8658dd2630c141fdf47b6,2.4628605e-11,2026-03-10T17:37:59+00:00,0x998053b30d982717e3464529026364b6f39263b95566042d61c9e394dd45e4df
0x9359269cfbb80d154129dd9b0074cd7336b9a3a6,0xbdb3ba9ffe392549e1f8658dd2630c141fdf47b6,2.4628605e-11,2026-03-10T17:37:59+00:00,0x87063c65c3ac689754dc22298f23167a936db2757b9bc8dba453e431856c417e
0x3eff3dc5a4f5c65d28e88dc8fd22800979c9e7c6,0xbdb3ba9ffe392549e1f8658dd2630c141fdf47b6,2.4628605e-11,2026-03-10T17:37:59+00:00,0x3d1eb25e5ee08d93956271cb846fb99ed24ed1df0eb0c561eab9b055ceaf851f
0xd9d8f818a7a71ed0e1fe936b991508b0e88b1609,0xbdb3ba9ffe392549e1f8658dd2630c141fdf47b6,2.4628605e-11,2026-03-10T17:37:59+00:00,0x02252f640dc025f9624878b80d2596bb188bafbbdb4e35ec9d534e46d96260b6
0xbbde9f0c24b6f59d7e828bb4e129992be0cdc237,0xbdb3ba9ffe392549e1f8658dd2630c141fdf47b6,2.4628605e-11,2026-03-10T17:37:59+00:00,0x91dc6d708a923c52dfbd7760a9bd0b8095adebad7382f17278b46d927ff39a1f
0x22b0351d445840db59b97df3808dd642dcb17e96,0xbdb3ba9ffe392549e1f8658dd2630c141fdf47b6,2.4628605e-11,2026-03-10T17:37:59+00:00,0xe654ffc9c697b9da0ea9c78c4668c2a942e8b5a1b01a25ea8c811738a5abf49e
0x5934e06498db785ff26807161ce9d09063231321,0xbdb3ba9ffe392549e1f8658dd2630c141fdf47b6,2.4628605e-11,2026-03-10T17:37:59+00:00,0xeee16b00e57a21e803f084a937c5669ab83757eac76b36f66c3947d730dc1303
0x448166a91e7bc50d0ac720c2fbed29e0963f5af8,0xbdb3ba9ffe392549e1f8658dd2630c141fdf47b6,2.4628605e-11,2026-03-10T17:37:59+00:00,0x7846f26ec4910fb6943b585fea8ef051ec26acbf5f4c0fd91efbab1b5d9d0b18
0xbbde9f0c24b6f59d7e828bb4e129992be0cdc237,0xbdb3ba9ffe392549e1f8658dd2630c141fdf47b6,2.4628605e-11,2026-03-10T17:37:59+00:00,0x205b10fc755a2aabf5b9ae7a88c69c6ff5d8b3b0bd329107b8fca350da5024e2
0x448166a91e7bc50d0ac720c2fbed29e0963f5af8,0xbdb3ba9ffe392549e1f8658dd2630c141fdf47b6,2.4628605e-11,2026-03-10T17:37:59+00:00,0x9a9fc8bb528773d2e5b7e465757d859e5f5315dfc504dd374a77295a7fec8099
0x9359269cfbb80d154129dd9b0074cd7336b9a3a6,0xbdb3ba9ffe392549e1f8658dd2630c141fdf47b6,2.4628605e-11,2026-03-10T17:37:59+00:00,0x738d5ad821b1f78a91c7a913d9d2b298102e12d9fa84d940ed25f1540a8ccb06
0xbbde9f0c24b6f59d7e828bb4e129992be0cdc237,0xbdb3ba9ffe392549e1f8658dd2630c141fdf47b6,2.4628606e-11,2026-03-10T17:38:11+00:00,0x9adac3bb415ba9f30b9223bd6632f3e53bedae219c592586aa4838b1d48555b3
0x3eff3dc5a4f5c65d28e88dc8fd22800979c9e7c6,0xbdb3ba9ffe392549e1f8658dd2630c141fdf47b6,2.4628607e-11,2026-03-10T17:38:23+00:00,0xd3c1928979da0fe8710e0d99e93e92ce11d4620be38fafb6a4f93d53d68510f4
0x66c6778dedba51b87103c8543ee751e7cd960659,0xbdb3ba9ffe392549e1f8658dd2630c141fdf47b6,2.4628608e-11,2026-03-10T17:38:35+00:00,0xb4e2b0ec678d4e1906dc9cf4d663f44cc771845c38288f3b4a944b7e47557d3a
0xd9d8f818a7a71ed0e1fe936b991508b0e88b1609,0xbdb3ba9ffe392549e1f8658dd2630c141fdf47b6,2.4628608e-11,2026-03-10T17:38:35+00:00,0x82ce7e0919c407535f9a7ec2679cac9bdbc26c7222906c245e471c702213d586
0xbeccf19b026f12677e5ce1ce9e2d94dcc4772feb,0xbdb3ba9ffe392549e1f8658dd2630c141fdf47b6,2.4628608e-11,2026-03-10T17:38:35+00:00,0x2a6977ee78b189beec32ed9476b1f822dbaf9374fabe18c4dfbe1e35ead5c9bf
0x5b43453fce04b92e190f391a83136bfbecedefd1,0xbdb3ba9ffe392549e1f8658dd2630c141fdf47b6,2.4628609e-11,2026-03-10T17:38:47+00:00,0x71d347e60b9f45f818639de808d5e0e7f1316501285494c3d126a96e60f692be
0x5b43453fce04b92e190f391a83136bfbecedefd1,0xbdb3ba9ffe392549e1f8658dd2630c141fdf47b6,2.4628609e-11,2026-03-10T17:38:47+00:00,0xb053e93cb1ea3db0ff2a7f211d68f6ca53f2b2910eb696584a29416034fcc422
0x604d23a2ebb002df6fdc77b82da716222ca43b8b,0xbdb3ba9ffe392549e1f8658dd2630c141fdf47b6,2.462861e-11,2026-03-10T17:38:59+00:00,0x45aa47b9180689cdc67b98a56a039989541f228cd14c13f4239e6591895c8415
0x448166a91e7bc50d0ac720c2fbed29e0963f5af8,0xbdb3ba9ffe392549e1f8658dd2630c141fdf47b6,2.4628611e-11,2026-03-10T17:39:11+00:00,0x1c00fe83b556aa24468b6cf5aa5d9595154d85834132bfff89ef929f01ebd55e
0x3d9aae030b9661e3605b3acb5d0385ede221a0cc,0xbdb3ba9ffe392549e1f8658dd2630c141fdf47b6,2.4628611e-11,2026-03-10T17:39:11+00:00,0x5fc9d718b63c37a38629bbec9538ffa8332aa71df792f78a5ca5644ade553ace
0x604d23a2ebb002df6fdc77b82da716222ca43b8b,0xbdb3ba9ffe392549e1f8658dd2630c141fdf47b6,2.4628612e-11,2026-03-10T17:39:23+00:00,0x7a88253d5cd3f34477e77bd184ffb07cef1facffd2705b6cb7a896430188c3da
0x8357efa84f91013bd6b285ef0f6b93c211cc3d9d,0xbdb3ba9ffe392549e1f8658dd2630c141fdf47b6,2.4628612e-11,2026-03-10T17:39:23+00:00,0x1c006ad5de837a6b58a34a077a7640c4a3e399114cd016d98e7670848666671f
0xd9d8f818a7a71ed0e1fe936b991508b0e88b1609,0xbdb3ba9ffe392549e1f8658dd2630c141fdf47b6,2.4628612e-11,2026-03-10T17:39:23+00:00,0x3446cdb0eac4bb04158039a21d459395e7321a3615705aae4821eafe283dd865
0x22b0351d445840db59b97df3808dd642dcb17e96,0xbdb3ba9ffe392549e1f8658dd2630c141fdf47b6,2.4628612e-11,2026-03-10T17:39:23+00:00,0x2232bd54728165ef1ae39ce813dac57f27a25235d47734be9ddc6bc1dea99703
0x448166a91e7bc50d0ac720c2fbed29e0963f5af8,0xbdb3ba9ffe392549e1f8658dd2630c141fdf47b6,2.4628612e-11,2026-03-10T17:39:23+00:00,0xe275b1b27426eabf7379f62cfd452c68807ecff979ea3678136cc9c8fc39c87a
0x5934e06498db785ff26807161ce9d09063231321,0xbdb3ba9ffe392549e1f8658dd2630c141fdf47b6,2.4628612e-11,2026-03-10T17:39:23+00:00,0x6160b1fef462d38eddfca6ce026bb3a9f83fc6b1dad028f11001f20ac6820053
0x604d23a2ebb002df6fdc77b82da716222ca43b8b,0xbdb3ba9ffe392549e1f8658dd2630c141fdf47b6,2.4628612e-11,2026-03-10T17:39:23+00:00,0x280de65beaab863dbd01951a6ed9290eb676849f4848d17611ae67d1b7b12b3e
0x93793bd1f3e35a0efd098c30e486a860a0ef7551,0xbdb3ba9ffe392549e1f8658dd2630c141fdf47b6,2.4628612e-11,2026-03-10T17:39:23+00:00,0xfe2dd54c0eeeaff371f937960b66bd65926fad4fe58be4f390310300403c5640
0x9359269cfbb80d154129dd9b0074cd7336b9a3a6,0xbdb3ba9ffe392549e1f8658dd2630c141fdf47b6,2.4628612e-11,2026-03-10T17:39:23+00:00,0x29885f8d83a0f935299d73bf43b0b4664bd62ef43230fae4cb1967238fa978f2
0x3d9aae030b9661e3605b3acb5d0385ede221a0cc,0xbdb3ba9ffe392549e1f8658dd2630c141fdf47b6,2.4628612e-11,2026-03-10T17:39:23+00:00,0x2ef11f249704f21787155e65b4ff58096302d809b34af935b8cfb09ae087f7a5
0x3d9aae030b9661e3605b3acb5d0385ede221a0cc,0xbdb3ba9ffe392549e1f8658dd2630c141fdf47b6,2.4628612e-11,2026-03-10T17:39:23+00:00,0xe37426329a98c3c4fd86dbdff35dedc48802cec75211475e09f1f932875c9196
0xbeccf19b026f12677e5ce1ce9e2d94dcc4772feb,0xbdb3ba9ffe392549e1f8658dd2630c141fdf47b6,2.4628612e-11,2026-03-10T17:39:23+00:00,0x33fbb75f5c9462bca92a6706f028731992ed19597f772d5e805923cfcb5c217d
0xbbde9f0c24b6f59d7e828bb4e129992be0cdc237,0xbdb3ba9ffe392549e1f8658dd2630c141fdf47b6,2.4628612e-11,2026-03-10T17:39:23+00:00,0xb559cd20e3bf1f41365ab70f62bfe665d1d852af2f7369bd93be6f5031077580
0xbeccf19b026f12677e5ce1ce9e2d94dcc4772feb,0xbdb3ba9ffe392549e1f8658dd2630c141fdf47b6,2.4628613e-11,2026-03-10T17:39:35+00:00,0x7d3261c13d7480f2e2da0fbcbb7954bae3e3779e688ce8b08149c16e9ca5fb59
0x604d23a2ebb002df6fdc77b82da716222ca43b8b,0xbdb3ba9ffe392549e1f8658dd2630c141fdf47b6,2.4628613e-11,2026-03-10T17:39:35+00:00,0x2090efc60d5a4a0bdeb85d0d7f814eef4f9eb9ef3a6c4805640225f81d436d65
0x448166a91e7bc50d0ac720c2fbed29e0963f5af8,0xbdb3ba9ffe392549e1f8658dd2630c141fdf47b6,2.4628613e-11,2026-03-10T17:39:35+00:00,0x0a67429001999c61be937f33d575959d792b22a4a08fc3ca5bfcb92bd5e840c4
0x93793bd1f3e35a0efd098c30e486a860a0ef7551,0xbdb3ba9ffe392549e1f8658dd2630c141fdf47b6,2.4628613e-11,2026-03-10T17:39:35+00:00,0x67682ec67c63660f38ab5d64c4f32d3beafdeb658f3a8a450ba682b48f50aca1
0x5b43453fce04b92e190f391a83136bfbecedefd1,0xbdb3ba9ffe392549e1f8658dd2630c141fdf47b6,2.4628614e-11,2026-03-10T17:39:47+00:00,0xb70249d40806d27550598350f97987c70b71af89e43572b150db46118b46f9df
0x22b0351d445840db59b97df3808dd642dcb17e96,0xbdb3ba9ffe392549e1f8658dd2630c141fdf47b6,2.4628614e-11,2026-03-10T17:39:47+00:00,0x62d45c3e033363c493a103092926f94e5fe838e09cae92e9b3d337135f574295
0x93793bd1f3e35a0efd098c30e486a860a0ef7551,0xbdb3ba9ffe392549e1f8658dd2630c141fdf47b6,2.4628616e-11,2026-03-10T17:40:11+00:00,0x0f67bb194fbbc713f22d7c007dbf0c5c55c5412080603966a6b6f9a88ae232b8
0xbbde9f0c24b6f59d7e828bb4e129992be0cdc237,0xbdb3ba9ffe392549e1f8658dd2630c141fdf47b6,2.4628616e-11,2026-03-10T17:40:11+00:00,0xb5ffbf6ff50b2deb10e0fe4753af5af3904da3a4e3358b6c4cfdaf6a59475887
0x5934e06498db785ff26807161ce9d09063231321,0xbdb3ba9ffe392549e1f8658dd2630c141fdf47b6,2.4628616e-11,2026-03-10T17:40:11+00:00,0x841a583784ed4252f7797b9b54d77afcc4fa16667f4177ef9d20a5998bf4987b
0x9359269cfbb80d154129dd9b0074cd7336b9a3a6,0xbdb3ba9ffe392549e1f8658dd2630c141fdf47b6,2.4628616e-11,2026-03-10T17:40:11+00:00,0x01f465c1d6d70aa5b2d34acd3087472c01862364418afa7c15cb29c3eb73085b
0x3eff3dc5a4f5c65d28e88dc8fd22800979c9e7c6,0xbdb3ba9ffe392549e1f8658dd2630c141fdf47b6,2.4628616e-11,2026-03-10T17:40:11+00:00,0xe5df2cfde47993dd1cf168dd134f2507d0d813a28fa1735cf5d299d05f225093
0x3eff3dc5a4f5c65d28e88dc8fd22800979c9e7c6,0xbdb3ba9ffe392549e1f8658dd2630c141fdf47b6,2.4628616e-11,2026-03-10T17:40:11+00:00,0x590867b75cf83808c879078d75d92de0a9cd32338abfb0dd82bff4856537c3ee
0x448166a91e7bc50d0ac720c2fbed29e0963f5af8,0xbdb3ba9ffe392549e1f8658dd2630c141fdf47b6,2.4628616e-11,2026-03-10T17:40:11+00:00,0xd9ab0781e61697154f688256aaf2bf28fb4da96a17acacc669929c1e9179d43f
0x604d23a2ebb002df6fdc77b82da716222ca43b8b,0xbdb3ba9ffe392549e1f8658dd2630c141fdf47b6,2.4628616e-11,2026-03-10T17:40:11+00:00,0x885fa01cbee9bc312999de3798931dc5f308f483841483861484233145da8580
0x93793bd1f3e35a0efd098c30e486a860a0ef7551,0xbdb3ba9ffe392549e1f8658dd2630c141fdf47b6,2.4628616e-11,2026-03-10T17:40:11+00:00,0xd1b63c8c2e9be61ba96adeea658729261924010f30ba753799c8991b83705a2f
0x3d9aae030b9661e3605b3acb5d0385ede221a0cc,0xbdb3ba9ffe392549e1f8658dd2630c141fdf47b6,2.4628617e-11,2026-03-10T17:40:23+00:00,0x89275efd4f2d12c28569f54d786d4e7197f4e7d4b5ac7ee5fc331c37f7dbaafc
0x448166a91e7bc50d0ac720c2fbed29e0963f5af8,0xbdb3ba9ffe392549e1f8658dd2630c141fdf47b6,2.4628617e-11,2026-03-10T17:40:23+00:00,0x6072f0be48090f31a4aa3252955490360e9eed3f4c5990c7f5f8d3aeb12741c0
0x93793bd1f3e35a0efd098c30e486a860a0ef7551,0xbdb3ba9ffe392549e1f8658dd2630c141fdf47b6,2.4628617e-11,2026-03-10T17:40:23+00:00,0x81de44ae399fca0f86cfb3c4c39bddc504bbd0f75b5ed80f395d3ab6854919eb
0x3eff3dc5a4f5c65d28e88dc8fd22800979c9e7c6,0xbdb3ba9ffe392549e1f8658dd2630c141fdf47b6,2.4628617e-11,2026-03-10T17:40:23+00:00,0xb23493eb5fb515de9205e878d83fd0d6b6ee748dc3cd9aee79aaa74e0472c5ac
0x5b43453fce04b92e190f391a83136bfbecedefd1,0xbdb3ba9ffe392549e1f8658dd2630c141fdf47b6,2.4628618e-11,2026-03-10T17:40:35+00:00,0x68fb31103fbbfe4b65e971d66fdb93d87b825ff49cb1f311b836360fdbb06c90
0x5934e06498db785ff26807161ce9d09063231321,0xbdb3ba9ffe392549e1f8658dd2630c141fdf47b6,2.4628618e-11,2026-03-10T17:40:35+00:00,0x7becae40437ffba0a2f6875a281b6f2b59023c8d58b3882c683112d3754d9426
0x5b43453fce04b92e190f391a83136bfbecedefd1,0xbdb3ba9ffe392549e1f8658dd2630c141fdf47b6,2.4628619e-11,2026-03-10T17:40:47+00:00,0x9b932637bc9c68a090a6adb7ebd56fd544de8c67766125652395daf0b632052c
0x5b43453fce04b92e190f391a83136bfbecedefd1,0xbdb3ba9ffe392549e1f8658dd2630c141fdf47b6,2.462862e-11,2026-03-10T17:40:59+00:00,0x2340f5a161aaee111c74706dcdb6ee7335df35a9da77416558cdb2ff5ccc5069
0x8357efa84f91013bd6b285ef0f6b93c211cc3d9d,0xbdb3ba9ffe392549e1f8658dd2630c141fdf47b6,2.462862e-11,2026-03-10T17:40:59+00:00,0xb778384adfa4367388ff2e8ae185f9fa80c4085228e6a05157e2f7483eced3ac
0xd9d8f818a7a71ed0e1fe936b991508b0e88b1609,0xbdb3ba9ffe392549e1f8658dd2630c141fdf47b6,2.462862e-11,2026-03-10T17:40:59+00:00,0x02b2002c3fe4c4a1b34fc330fde47f290a8772cee6d09e3539e63dee1e765e83
0x9359269cfbb80d154129dd9b0074cd7336b9a3a6,0xbdb3ba9ffe392549e1f8658dd2630c141fdf47b6,2.462862e-11,2026-03-10T17:40:59+00:00,0x14fec57027013a759652fae20063aa73f4c324f290233b7b0f545ad227895709
0x7bf30399dba8051c2bf191afe2cd07ea4e064625,0xbdb3ba9ffe392549e1f8658dd2630c141fdf47b6,2.462862e-11,2026-03-10T17:40:59+00:00,0x15dd669c139d980eaeade313a378fb249d35363ddc8a26f92f5d67e58168c862
0x604d23a2ebb002df6fdc77b82da716222ca43b8b,0xbdb3ba9ffe392549e1f8658dd2630c141fdf47b6,2.462862e-11,2026-03-10T17:40:59+00:00,0x03f58ae9e1cf5f688a0b3bc9c8de2a10e43eca3ab9cfa8317d9cdbbd4f3d5d66
0xbbde9f0c24b6f59d7e828bb4e129992be0cdc237,0xbdb3ba9ffe392549e1f8658dd2630c141fdf47b6,2.462862e-11,2026-03-10T17:40:59+00:00,0x8b5cd592ce1372b829adb2b762fe0a99c48579f4085a9994e846e9324b76f625
0x3d9aae030b9661e3605b3acb5d0385ede221a0cc,0xbdb3ba9ffe392549e1f8658dd2630c141fdf47b6,2.462862e-11,2026-03-10T17:40:59+00:00,0x2e8d540421e79631e8cf0683d5e2c2eb0618ca15839015209fee74f989990279
0xbeccf19b026f12677e5ce1ce9e2d94dcc4772feb,0xbdb3ba9ffe392549e1f8658dd2630c141fdf47b6,2.462862e-11,2026-03-10T17:40:59+00:00,0x5522beca1086802786e902f4c9859acbe7be017d87727109e04b06324b6f724c
0x5934e06498db785ff26807161ce9d09063231321,0xbdb3ba9ffe392549e1f8658dd2630c141fdf47b6,2.462862e-11,2026-03-10T17:40:59+00:00,0x35fc5843925c28f71261888a4bea97ffcde1f2e3d166ba563fcde6f07cdba5a5
0x66c6778dedba51b87103c8543ee751e7cd960659,0xbdb3ba9ffe392549e1f8658dd2630c141fdf47b6,2.462862e-11,2026-03-10T17:40:59+00:00,0x545ad865c998544a573d1901d893902747b516300d6594059f063886b191ec8b
0x5d1783ddbb657fdf6fcc2ef5b6796ac0ddeeb6e3,0xbdb3ba9ffe392549e1f8658dd2630c141fdf47b6,2.462862e-11,2026-03-10T17:40:59+00:00,0xa8086d1c5db542b7b72b68f9590a36a11e795a76f6b6ba600c33875b4239c462
0xbc73cbf7aa2fcba5f1b2e010aada76a721aea21c,0xbdb3ba9ffe392549e1f8658dd2630c141fdf47b6,2.462862e-11,2026-03-10T17:40:59+00:00,0x69f6c06b9927cfa4a0aee871dd046a2dae78e90993ff85fcb5da544814aeb7c3
0x6a5ac574a26df5ac487c5074c2fd80c2578c81f7,0xbdb3ba9ffe392549e1f8658dd2630c141fdf47b6,2.462862e-11,2026-03-10T17:40:59+00:00,0xdd973ba5604fdad30cd1050ae1d9b86e06d2cd302b6353ebaea4817a5f36b44a
0x3eff3dc5a4f5c65d28e88dc8fd22800979c9e7c6,0xbdb3ba9ffe392549e1f8658dd2630c141fdf47b6,2.462862e-11,2026-03-10T17:40:59+00:00,0x0d7850577175d07ec572b876b4813ef33a52e3cd2ff03a0b7590bd9e744f4aef
0x5b43453fce04b92e190f391a83136bfbecedefd1,0xbdb3ba9ffe392549e1f8658dd2630c141fdf47b6,2.4628621e-11,2026-03-10T17:41:11+00:00,0x2550bb80bbeac257bc979fea25bc73ddf1e8124c6ab7e2a951eeee82b350dd0b
0x5e2a3daaf86cede3392f77616cede2de0d3bd3a0,0xbdb3ba9ffe392549e1f8658dd2630c141fdf47b6,2.4628621e-11,2026-03-10T17:41:11+00:00,0xf9123943ec73488c531570ecc0759f7c1e2b9f767bf9b084cfaeb7c749d4bd49
0x5934e06498db785ff26807161ce9d09063231321,0xbdb3ba9ffe392549e1f8658dd2630c141fdf47b6,2.4628621e-11,2026-03-10T17:41:11+00:00,0x4c3635ca79f72601357606fce7756ba0e1a94adad9ca23edaa849671f8be1d03
0x497a169e37064d92e018d363c86eb3611ec08963,0xbdb3ba9ffe392549e1f8658dd2630c141fdf47b6,2.4628621e-11,2026-03-10T17:41:11+00:00,0xae0a38885928bf46d09dfdf8a59eabe14c2271d0aa2ed59f56c4516ff3e4fd78
0xbc73cbf7aa2fcba5f1b2e010aada76a721aea21c,0xbdb3ba9ffe392549e1f8658dd2630c141fdf47b6,2.4628621e-11,2026-03-10T17:41:11+00:00,0xf545552b85f12c3c25b3610f0f4521fcd4c2e0249bdc6282b088b8ec82c14251
0x66c6778dedba51b87103c8543ee751e7cd960659,0xbdb3ba9ffe392549e1f8658dd2630c141fdf47b6,2.4628622e-11,2026-03-10T17:41:23+00:00,0xf022f74e74d8e3397d3bde45a21bc3ffbe9cd6bf4650ab01a37133e55fefad23
0x93793bd1f3e35a0efd098c30e486a860a0ef7551,0xbdb3ba9ffe392549e1f8658dd2630c141fdf47b6,2.4628622e-11,2026-03-10T17:41:23+00:00,0x94b05b04ea000bb8e55f15ed2fbbab4830170ddeb483a058563beedf14ca4501
0x604d23a2ebb002df6fdc77b82da716222ca43b8b,0xbdb3ba9ffe392549e1f8658dd2630c141fdf47b6,2.4628622e-11,2026-03-10T17:41:23+00:00,0x113009c6f248786602372ed7bd68ef79c2dd345a3c9103fc3a42a9b053f4bc5a
0xbbde9f0c24b6f59d7e828bb4e129992be0cdc237,0xbdb3ba9ffe392549e1f8658dd2630c141fdf47b6,2.4628622e-11,2026-03-10T17:41:23+00:00,0x2137d17bfacd3ca676104f32783af124f1472c7aa1962fb9c38e99bea188b481
0x22b0351d445840db59b97df3808dd642dcb17e96,0xbdb3ba9ffe392549e1f8658dd2630c141fdf47b6,2.4628623e-11,2026-03-10T17:41:35+00:00,0x0e19d6d9caf722fffffebfe0c38d2963ea0c9f42a09ca1fcf472f025a0163040
0x7bf30399dba8051c2bf191afe2cd07ea4e064625,0xbdb3ba9ffe392549e1f8658dd2630c141fdf47b6,2.4628623e-11,2026-03-10T17:41:35+00:00,0xdf5715bd789ffb2e5a5077bde7153cf7f2358e786e66f39c5ed6c82b3d11e4c6
0x604d23a2ebb002df6fdc77b82da716222ca43b8b,0xbdb3ba9ffe392549e1f8658dd2630c141fdf47b6,2.4628623e-11,2026-03-10T17:41:35+00:00,0x7a88af759c2066676fd62b5fb065051e98fe6ffea83ddf7a8d82bcce622ecb4f
0x93793bd1f3e35a0efd098c30e486a860a0ef7551,0xbdb3ba9ffe392549e1f8658dd2630c141fdf47b6,2.4628623e-11,2026-03-10T17:41:35+00:00,0x39f6233348731fdaa863ac9fa5b6664b848f3225f2e90f35d140be8009c52f94
0x8357efa84f91013bd6b285ef0f6b93c211cc3d9d,0xbdb3ba9ffe392549e1f8658dd2630c141fdf47b6,2.4628623e-11,2026-03-10T17:41:35+00:00,0x4a900641dc56a7feae776cacf4e9124287ae0944b671fbef22737a6b93c27bac
0x448166a91e7bc50d0ac720c2fbed29e0963f5af8,0xbdb3ba9ffe392549e1f8658dd2630c141fdf47b6,2.4628623e-11,2026-03-10T17:41:35+00:00,0xdf7d70b29b994c86fdffb5f1e135ec802899cab209bcb8964ccef6016f96618e
0xbeccf19b026f12677e5ce1ce9e2d94dcc4772feb,0xbdb3ba9ffe392549e1f8658dd2630c141fdf47b6,2.4628623e-11,2026-03-10T17:41:35+00:00,0x52d3f9c8ab386235515e013c2e2214b14fdb4cb0eff8fa103affc18f4b77a573
0x9359269cfbb80d154129dd9b0074cd7336b9a3a6,0xbdb3ba9ffe392549e1f8658dd2630c141fdf47b6,2.4628623e-11,2026-03-10T17:41:35+00:00,0xd6e0dd17a76cc9c3a27acb211226e84b1592bf21a307b96fc0a0fd47823da91f
0xd9d8f818a7a71ed0e1fe936b991508b0e88b1609,0xbdb3ba9ffe392549e1f8658dd2630c141fdf47b6,2.4628623e-11,2026-03-10T17:41:35+00:00,0x94975f5fa0dc0bf7f8e595a8d2fa24823dc8a2195f8e48abdc5ed756264dbaf4
0x3eff3dc5a4f5c65d28e88dc8fd22800979c9e7c6,0xbdb3ba9ffe392549e1f8658dd2630c141fdf47b6,2.4628623e-11,2026-03-10T17:41:35+00:00,0x338214149a479d26e6804dd372de5f2ffe11c0ea05ba7e24e508364b58ca3304
0x5d1783ddbb657fdf6fcc2ef5b6796ac0ddeeb6e3,0xbdb3ba9ffe392549e1f8658dd2630c141fdf47b6,2.4628623e-11,2026-03-10T17:41:35+00:00,0x7bba925e3aad40f5efb9f0a25fa147f44189dd56237924c8635880c3d2b946c8
0x6a5ac574a26df5ac487c5074c2fd80c2578c81f7,0xbdb3ba9ffe392549e1f8658dd2630c141fdf47b6,2.4628623e-11,2026-03-10T17:41:35+00:00,0x99d3c75de7b5c86b17203833c45617f17aa2984970b0fe23e8bd22284b171186
0x66c6778dedba51b87103c8543ee751e7cd960659,0xbdb3ba9ffe392549e1f8658dd2630c141fdf47b6,2.4628623e-11,2026-03-10T17:41:35+00:00,0x3b879d19ee388df61b387887f53da37178700cf3fcf5b29c7f250d366949a7c8
0x3d9aae030b9661e3605b3acb5d0385ede221a0cc,0xbdb3ba9ffe392549e1f8658dd2630c141fdf47b6,2.4628623e-11,2026-03-10T17:41:35+00:00,0xe5c6055a5dbfabaee3c2bac078d30c2ae4a8f33fc3befe1fade3b40b9bcae706
0x497a169e37064d92e018d363c86eb3611ec08963,0xbdb3ba9ffe392549e1f8658dd2630c141fdf47b6,2.4628623e-11,2026-03-10T17:41:35+00:00,0x4c684c1c399469758bbbc470b4664cde9361db8f7178bf8dfa4950588da87dc0
0x5b43453fce04b92e190f391a83136bfbecedefd1,0xbdb3ba9ffe392549e1f8658dd2630c141fdf47b6,2.4628624e-11,2026-03-10T17:41:47+00:00,0x93047267044bfdab8f6caa28cd49aba3283a039695f486fcaa6e5774cfba5f2a
0x5b43453fce04b92e190f391a83136bfbecedefd1,0xbdb3ba9ffe392549e1f8658dd2630c141fdf47b6,2.4628625e-11,2026-03-10T17:41:59+00:00,0x545a05bb0a69d23fa6cfbf7ed74d47a35ed19db11c00a3ede86fae7482764667
0xbc73cbf7aa2fcba5f1b2e010aada76a721aea21c,0xbdb3ba9ffe392549e1f8658dd2630c141fdf47b6,2.4628625e-11,2026-03-10T17:41:59+00:00,0x98579937203de7d60d6c39d6a2387226af8b721e6b0937d85856f3a9e263534e
0x5b43453fce04b92e190f391a83136bfbecedefd1,0xbdb3ba9ffe392549e1f8658dd2630c141fdf47b6,2.4628626e-11,2026-03-10T17:42:11+00:00,0xc3dd1b3e8c31cbd8e9e1ba3005ff9fead6387d5a8b5c3b348bf748510958e545
0x5b43453fce04b92e190f391a83136bfbecedefd1,0xbdb3ba9ffe392549e1f8658dd2630c141fdf47b6,2.4628626e-11,2026-03-10T17:42:11+00:00,0x7452d49cc6348a5ddd726f28c6282fe84039da77b6077c5051ccf4b1e966decd
0xbbde9f0c24b6f59d7e828bb4e129992be0cdc237,0xbdb3ba9ffe392549e1f8658dd2630c141fdf47b6,2.4628626e-11,2026-03-10T17:42:11+00:00,0x6538234278d201992e8f93bb944900e1155188773866efe1a7ea811ed147803c
0x5934e06498db785ff26807161ce9d09063231321,0xbdb3ba9ffe392549e1f8658dd2630c141fdf47b6,2.4628626e-11,2026-03-10T17:42:11+00:00,0x1167e228e0bebd7cf6769d2b43d80560ac93c3a71ab281829f544d8b144f0f4b
0x5934e06498db785ff26807161ce9d09063231321,0xbdb3ba9ffe392549e1f8658dd2630c141fdf47b6,2.4628627e-11,2026-03-10T17:42:23+00:00,0xc847a19f5652f17b04625a724655ac304bc02d519c922d5d34a9a2d1907fdfb1
0x8357efa84f91013bd6b285ef0f6b93c211cc3d9d,0xbdb3ba9ffe392549e1f8658dd2630c141fdf47b6,2.4628627e-11,2026-03-10T17:42:23+00:00,0xa904568d7ff741ff7b9b03499f32c2ec311c78c7a18503f6466d495e55719699
0x66c6778dedba51b87103c8543ee751e7cd960659,0xbdb3ba9ffe392549e1f8658dd2630c141fdf47b6,2.4628627e-11,2026-03-10T17:42:23+00:00,0x9fe5e59a6b62ee0859a014cf30b165bbb58db2f95b94aee3d638057f3a8a28a9
0x7bf30399dba8051c2bf191afe2cd07ea4e064625,0xbdb3ba9ffe392549e1f8658dd2630c141fdf47b6,2.4628627e-11,2026-03-10T17:42:23+00:00,0x035203270bf698688dc257dcfc6b45d2a28638009a9ea0243c52ccae87cf7d15
0x448166a91e7bc50d0ac720c2fbed29e0963f5af8,0xbdb3ba9ffe392549e1f8658dd2630c141fdf47b6,2.4628627e-11,2026-03-10T17:42:23+00:00,0x584f6c319747424dc6e4a0f051baa0a7f511e653b86d0786b8a595b57df979a5
0xbbde9f0c24b6f59d7e828bb4e129992be0cdc237,0xbdb3ba9ffe392549e1f8658dd2630c141fdf47b6,2.4628627e-11,2026-03-10T17:42:23+00:00,0xd5ac431713b360a6c112a08c5a91de4a7b9f4f3648d4017698e1b21fc9c3eaf1
0x9359269cfbb80d154129dd9b0074cd7336b9a3a6,0xbdb3ba9ffe392549e1f8658dd2630c141fdf47b6,2.4628627e-11,2026-03-10T17:42:23+00:00,0xfd8853755d6eea89d70f7df937c1c336b657a156b406e51b9de555d5e25de218
0x7bf30399dba8051c2bf191afe2cd07ea4e064625,0xbdb3ba9ffe392549e1f8658dd2630c141fdf47b6,2.4628627e-11,2026-03-10T17:42:23+00:00,0x53946a87984fc173cd239ba6c63fef565d41d212d2df88df31be2370a0b07e17
0x66c6778dedba51b87103c8543ee751e7cd960659,0xbdb3ba9ffe392549e1f8658dd2630c141fdf47b6,2.4628627e-11,2026-03-10T17:42:23+00:00,0x5e8ba374626ff1be02e4191b5770a84ebc0bd176058ba4fb858b1a2a3597c92f
0x604d23a2ebb002df6fdc77b82da716222ca43b8b,0xbdb3ba9ffe392549e1f8658dd2630c141fdf47b6,2.4628629e-11,2026-03-10T17:42:47+00:00,0x7d7c7df2e08c897894a8693847bb7b8cbbf3dd68b4a0c467b3078596b7f53b4b
0x7bf30399dba8051c2bf191afe2cd07ea4e064625,0xbdb3ba9ffe392549e1f8658dd2630c141fdf47b6,2.4628629e-11,2026-03-10T17:42:47+00:00,0x6eca7589fb46b9238b40e089837408d09d59fa37ecbfed272207f3b76519e43a
0xd9d8f818a7a71ed0e1fe936b991508b0e88b1609,0xbdb3ba9ffe392549e1f8658dd2630c141fdf47b6,2.4628629e-11,2026-03-10T17:42:47+00:00,0xc4186be8aa81d9055dc21e3afc3c611de20b63a466af9cb961cebaa6347f4919
0x93793bd1f3e35a0efd098c30e486a860a0ef7551,0xbdb3ba9ffe392549e1f8658dd2630c141fdf47b6,2.4628629e-11,2026-03-10T17:42:47+00:00,0xbe88bec9a7b5dbc723a5c88e147ee8fbd64ad9dfd0c51fc826ad98518c96530d
0x5934e06498db785ff26807161ce9d09063231321,0xbdb3ba9ffe392549e1f8658dd2630c141fdf47b6,2.4628629e-11,2026-03-10T17:42:47+00:00,0xda3cbbcfed49ec20a6a6a5629f0c5566e134512ad98c32ac8f0e7f48eefc41ba
0x66c6778dedba51b87103c8543ee751e7cd960659,0xbdb3ba9ffe392549e1f8658dd2630c141fdf47b6,2.462863e-11,2026-03-10T17:42:59+00:00,0x525fd1f7335c660b4c374bb4aa3bc1d521cc5606e0eb4754a795a83a41d27f1f
0xbeccf19b026f12677e5ce1ce9e2d94dcc4772feb,0xbdb3ba9ffe392549e1f8658dd2630c141fdf47b6,2.462863e-11,2026-03-10T17:42:59+00:00,0x6834f0cb08a24568e7691e7d7bcb8c094bcfc208f4f6a2a1f835804ff47b525a
0x22b0351d445840db59b97df3808dd642dcb17e96,0xbdb3ba9ffe392549e1f8658dd2630c141fdf47b6,2.462863e-11,2026-03-10T17:42:59+00:00,0x21c228c15c80b69a7a8bc8af9e8f2fb0afdb26787b85f1ce84a1430dde17e1ca
0x9359269cfbb80d154129dd9b0074cd7336b9a3a6,0xbdb3ba9ffe392549e1f8658dd2630c141fdf47b6,2.462863e-11,2026-03-10T17:42:59+00:00,0x8561ec4f559bc97cc1e5266579e4c930a072534265595fcd48b6bc75e76dab3d
0x93793bd1f3e35a0efd098c30e486a860a0ef7551,0xbdb3ba9ffe392549e1f8658dd2630c141fdf47b6,2.462863e-11,2026-03-10T17:42:59+00:00,0x1d7457f2748712350e6c82b40492c7c805bb3b5245fd9b7f35d52b374c131c8d
0x448166a91e7bc50d0ac720c2fbed29e0963f5af8,0xbdb3ba9ffe392549e1f8658dd2630c141fdf47b6,2.462863e-11,2026-03-10T17:42:59+00:00,0x7b0da8112f9a4c3ad45377febb709636fa99a15649c1dd45092f8f4381cdd626
0xbbde9f0c24b6f59d7e828bb4e129992be0cdc237,0xbdb3ba9ffe392549e1f8658dd2630c141fdf47b6,2.462863e-11,2026-03-10T17:42:59+00:00,0xf7446884691664a9a7659fb1afab4ae43f805bf729451077cb786801d25e53e8
0x3eff3dc5a4f5c65d28e88dc8fd22800979c9e7c6,0xbdb3ba9ffe392549e1f8658dd2630c141fdf47b6,2.462863e-11,2026-03-10T17:42:59+00:00,0x5484b3803c1b65514a5acd1a31db2d7235b7fbda4aa9cbe67e1c234d214a4add
0x8357efa84f91013bd6b285ef0f6b93c211cc3d9d,0xbdb3ba9ffe392549e1f8658dd2630c141fdf47b6,2.462863e-11,2026-03-10T17:42:59+00:00,0x4bc9a6a2cee56e5329337ed838bb34fca56b478d5ec1d3989aa61f61d658c011
0x5b43453fce04b92e190f391a83136bfbecedefd1,0xbdb3ba9ffe392549e1f8658dd2630c141fdf47b6,2.4628631e-11,2026-03-10T17:43:11+00:00,0xb6890f2500565a84741519474f4bedee9affe63cd3420ec853454cf2a7ec0e7e
0x604d23a2ebb002df6fdc77b82da716222ca43b8b,0xbdb3ba9ffe392549e1f8658dd2630c141fdf47b6,2.4628632e-11,2026-03-10T17:43:23+00:00,0x56e27c7ca934602869195f3bbc8d86207a84722ee259a6262e453c408cde8355
0x3eff3dc5a4f5c65d28e88dc8fd22800979c9e7c6,0xbdb3ba9ffe392549e1f8658dd2630c141fdf47b6,2.4628632e-11,2026-03-10T17:43:23+00:00,0x6ef731ba93b254f90fcf0896544c00fedfec936a581ba33a29ec68046b6c776d
0x448166a91e7bc50d0ac720c2fbed29e0963f5af8,0xbdb3ba9ffe392549e1f8658dd2630c141fdf47b6,2.4628632e-11,2026-03-10T17:43:23+00:00,0x4b7d9e63f8d0b3e6af9fc9d690cbbd17528c322c7ea6a8d8bd0c386fecdc802c
0x3d9aae030b9661e3605b3acb5d0385ede221a0cc,0xbdb3ba9ffe392549e1f8658dd2630c141fdf47b6,2.4628632e-11,2026-03-10T17:43:23+00:00,0xf367b43b179aae9f2b5a64331dd8b1a0c0ec1db1a761cda3667ca9cd7e18193e
0x93793bd1f3e35a0efd098c30e486a860a0ef7551,0xbdb3ba9ffe392549e1f8658dd2630c141fdf47b6,2.4628632e-11,2026-03-10T17:43:23+00:00,0x28e071b7738196a8471fdffbbd50681be7d1890a4c72b93b7f5330208aed77dc
0x22b0351d445840db59b97df3808dd642dcb17e96,0xbdb3ba9ffe392549e1f8658dd2630c141fdf47b6,2.4628632e-11,2026-03-10T17:43:23+00:00,0x84812517ede50b9107e72ab3a6c6a8afc1630d69bc19daf6edb0509689cab32b
0x5934e06498db785ff26807161ce9d09063231321,0xbdb3ba9ffe392549e1f8658dd2630c141fdf47b6,2.4628634e-11,2026-03-10T17:43:47+00:00,0x9db35903b4e24ab0973f0def6856ac628d9b951c261b05745fed40660cef00e7
0x7bf30399dba8051c2bf191afe2cd07ea4e064625,0xbdb3ba9ffe392549e1f8658dd2630c141fdf47b6,2.4628634e-11,2026-03-10T17:43:47+00:00,0x2faab5009c6edabf4cc89cc30e626c1d379b83fcc229213ea14224d1592e2c32
0x8357efa84f91013bd6b285ef0f6b93c211cc3d9d,0xbdb3ba9ffe392549e1f8658dd2630c141fdf47b6,2.4628634e-11,2026-03-10T17:43:47+00:00,0x576cb13f0134a962474444082a4f1fb254b27788fd9b893eabd5db983a61a0c9
0x448166a91e7bc50d0ac720c2fbed29e0963f5af8,0xbdb3ba9ffe392549e1f8658dd2630c141fdf47b6,2.4628634e-11,2026-03-10T17:43:47+00:00,0xccafa0ae6bb4a96c9212d155b0af2932b62d68ba3a4a80e207213fec8e49135a
0x3d9aae030b9661e3605b3acb5d0385ede221a0cc,0xbdb3ba9ffe392549e1f8658dd2630c141fdf47b6,2.4628634e-11,2026-03-10T17:43:47+00:00,0x7372ecc6479e6cdd48c7fe96dcbdcd0aae7ebe84ef90b687af661af87a96f43e
0x93793bd1f3e35a0efd098c30e486a860a0ef7551,0xbdb3ba9ffe392549e1f8658dd2630c141fdf47b6,2.4628634e-11,2026-03-10T17:43:47+00:00,0xfaa4e69dc6697ede6061e7b5ecc3096d84d6a413841628f5312a9ad26dd7b3fb
0x8357efa84f91013bd6b285ef0f6b93c211cc3d9d,0xbdb3ba9ffe392549e1f8658dd2630c141fdf47b6,2.4628635e-11,2026-03-10T17:43:59+00:00,0x6b02df3490d3ad3e9a07ddc8a156a7d458916aeabbf4ef950777f7ff99ef0a5c
0x9359269cfbb80d154129dd9b0074cd7336b9a3a6,0xbdb3ba9ffe392549e1f8658dd2630c141fdf47b6,2.4628635e-11,2026-03-10T17:43:59+00:00,0x77443bca93ea37259646691440a428678900a582f5558c10f8f5108bad4b7246
0x448166a91e7bc50d0ac720c2fbed29e0963f5af8,0xbdb3ba9ffe392549e1f8658dd2630c141fdf47b6,2.4628635e-11,2026-03-10T17:43:59+00:00,0x59407bf5986fa9d5796d18b38dc5d012224541c9a87710fe6ee66b2ce6a0ad77
0x7bf30399dba8051c2bf191afe2cd07ea4e064625,0xbdb3ba9ffe392549e1f8658dd2630c141fdf47b6,2.4628635e-11,2026-03-10T17:43:59+00:00,0x5fa6e92d720d9246e42995203bb66fa936a9ecc232aede4dbc52b6a13937bb8f
0xbbde9f0c24b6f59d7e828bb4e129992be0cdc237,0xbdb3ba9ffe392549e1f8658dd2630c141fdf47b6,2.4628635e-11,2026-03-10T17:43:59+00:00,0xbbb1dd7871593d9cfb891b469aa3c8752ba4fd0b0e432b4edab6e82956a043d2
0x5934e06498db785ff26807161ce9d09063231321,0xbdb3ba9ffe392549e1f8658dd2630c141fdf47b6,2.4628635e-11,2026-03-10T17:43:59+00:00,0x2e1e5e82cbeb74c145285088696776aadcef6362d440b7c4a734d2b8782ad154
0x3eff3dc5a4f5c65d28e88dc8fd22800979c9e7c6,0xbdb3ba9ffe392549e1f8658dd2630c141fdf47b6,2.4628635e-11,2026-03-10T17:43:59+00:00,0xe6eedcfeeaf7af42fc4f6bfbbe007bbc8a560643ab651bca3e814b1f3038877f
0x66c6778dedba51b87103c8543ee751e7cd960659,0xbdb3ba9ffe392549e1f8658dd2630c141fdf47b6,2.4628635e-11,2026-03-10T17:43:59+00:00,0x89e76e4f19b2600cb2891432ecd7f2aaab8b70050fc3fdc62558e718337d6fff
0xd9d8f818a7a71ed0e1fe936b991508b0e88b1609,0xbdb3ba9ffe392549e1f8658dd2630c141fdf47b6,2.4628635e-11,2026-03-10T17:43:59+00:00,0x5c874f2db3e54ee8e475e78b01102121d279012c98c65dc07818df53d5ccc2a9
0x3d9aae030b9661e3605b3acb5d0385ede221a0cc,0xbdb3ba9ffe392549e1f8658dd2630c141fdf47b6,2.4628635e-11,2026-03-10T17:43:59+00:00,0xf19675c842d9f9d009a59a17c1df56eee7c5401f7496d7ff2036fe10da3aeccc
0xbbde9f0c24b6f59d7e828bb4e129992be0cdc237,0xbdb3ba9ffe392549e1f8658dd2630c141fdf47b6,2.4628635e-11,2026-03-10T17:43:59+00:00,0xecea38f7ae1ef1e40b741de8253065b6214ef1832cd2970e6aab908e2f78362c
0x93793bd1f3e35a0efd098c30e486a860a0ef7551,0xbdb3ba9ffe392549e1f8658dd2630c141fdf47b6,2.4628635e-11,2026-03-10T17:43:59+00:00,0x75dca798464c6cae1f39bfde41a3b19b6229fdbd83558f282ef6a2814c47fd3a
0x93793bd1f3e35a0efd098c30e486a860a0ef7551,0xbdb3ba9ffe392549e1f8658dd2630c141fdf47b6,2.4628635e-11,2026-03-10T17:43:59+00:00,0x2ef6de50095ce6355a040cb863e79566de560c82bbb32f013574bf75514035d6
0x604d23a2ebb002df6fdc77b82da716222ca43b8b,0xbdb3ba9ffe392549e1f8658dd2630c141fdf47b6,2.4628635e-11,2026-03-10T17:43:59+00:00,0x41dc12257fed7d0853d770b1c84ce9e4dbbf2c287c19dbe7ea980926a2f7e15c
0x5b43453fce04b92e190f391a83136bfbecedefd1,0xbdb3ba9ffe392549e1f8658dd2630c141fdf47b6,2.4628638e-11,2026-03-10T17:44:35+00:00,0x04660135559274a4307a4c6b4522678f4df8a6ee07acabe5ab16807fd93ee270
0x448166a91e7bc50d0ac720c2fbed29e0963f5af8,0xbdb3ba9ffe392549e1f8658dd2630c141fdf47b6,2.4628638e-11,2026-03-10T17:44:35+00:00,0x3a317f9625c0b0e9507878d1229bcd530e1368c9b3d373fd83c9e562c7e0589e
0x93793bd1f3e35a0efd098c30e486a860a0ef7551,0xbdb3ba9ffe392549e1f8658dd2630c141fdf47b6,2.4628638e-11,2026-03-10T17:44:35+00:00,0x6719eef4663f11fb9333c3aabb9fd73853cc2cd4711cd27f43f2fea0d44ebfc1
0xbbde9f0c24b6f59d7e828bb4e129992be0cdc237,0xbdb3ba9ffe392549e1f8658dd2630c141fdf47b6,2.4628639e-11,2026-03-10T17:44:47+00:00,0x638d453be12055d6bb9e4e0731ee18df4e4a776e1916096f77209ff75ce8db45
0x448166a91e7bc50d0ac720c2fbed29e0963f5af8,0xbdb3ba9ffe392549e1f8658dd2630c141fdf47b6,2.4628639e-11,2026-03-10T17:44:47+00:00,0xc39ed13578134ec25e751cfc3f2050b587d92c410dc67c86a99e9bd34fc9406c
0x3d9aae030b9661e3605b3acb5d0385ede221a0cc,0xbdb3ba9ffe392549e1f8658dd2630c141fdf47b6,2.4628639e-11,2026-03-10T17:44:47+00:00,0x6554984fcc305fcf312ceb729aa4891f5c3d37c043f243573a0027b157891238
0x93793bd1f3e35a0efd098c30e486a860a0ef7551,0xbdb3ba9ffe392549e1f8658dd2630c141fdf47b6,2.462864e-11,2026-03-10T17:44:59+00:00,0x61f827e7c59eb7e9860daacd9e5dfe376987153fb225d82ee40792f851f43a57
0x5b43453fce04b92e190f391a83136bfbecedefd1,0xbdb3ba9ffe392549e1f8658dd2630c141fdf47b6,2.4628642e-11,2026-03-10T17:45:23+00:00,0x0a1c1fa889fb29f985573c0a9936c21197eec9cfd4bafec92027d604f00ae1d0
0x93793bd1f3e35a0efd098c30e486a860a0ef7551,0xbdb3ba9ffe392549e1f8658dd2630c141fdf47b6,2.4628642e-11,2026-03-10T17:45:23+00:00,0x906ab78fb0db7e72b17c54ea8f5e562437a323db18254f5d6818f0d7cc15a7ff
0x3eff3dc5a4f5c65d28e88dc8fd22800979c9e7c6,0xbdb3ba9ffe392549e1f8658dd2630c141fdf47b6,2.4628642e-11,2026-03-10T17:45:23+00:00,0xd61b6296f938691859222b4f92a22d8d58bc253ea0701dee113e9dee732dcfd5
0xd9d8f818a7a71ed0e1fe936b991508b0e88b1609,0xbdb3ba9ffe392549e1f8658dd2630c141fdf47b6,2.4628642e-11,2026-03-10T17:45:23+00:00,0xc6e26169a8117613f03a12a59db1d2c47489c828f80ba3f0f14d12ab4ff6125d
0x5b43453fce04b92e190f391a83136bfbecedefd1,0xbdb3ba9ffe392549e1f8658dd2630c141fdf47b6,2.4628643e-11,2026-03-10T17:45:35+00:00,0x1e725f950017ba29a175b962e1787f90bd27afa2632f697cc88bfc412d557ce8
0x5b43453fce04b92e190f391a83136bfbecedefd1,0xbdb3ba9ffe392549e1f8658dd2630c141fdf47b6,2.4628643e-11,2026-03-10T17:45:35+00:00,0xf1c3d508de2ed0cd3c2678a1295fec44757b2c358af15b4b9ea43ce52f172269
0x3d9aae030b9661e3605b3acb5d0385ede221a0cc,0xbdb3ba9ffe392549e1f8658dd2630c141fdf47b6,2.4628643e-11,2026-03-10T17:45:35+00:00,0xe21b840a35a40c3e2600489f3a36835650593f9c2636a681b14f8d7f8d58e79c
0x448166a91e7bc50d0ac720c2fbed29e0963f5af8,0xbdb3ba9ffe392549e1f8658dd2630c141fdf47b6,2.4628643e-11,2026-03-10T17:45:35+00:00,0x99e08144e0c59da31be9a3786195a5f9fa76a49901b5348f24a516e924168ab0
0x8357efa84f91013bd6b285ef0f6b93c211cc3d9d,0xbdb3ba9ffe392549e1f8658dd2630c141fdf47b6,2.4628643e-11,2026-03-10T17:45:35+00:00,0x196f72134be3838dd48bc43ea6b894c57ebb994d5b95bf68745bb4f2f6285635
0x5b43453fce04b92e190f391a83136bfbecedefd1,0xbdb3ba9ffe392549e1f8658dd2630c141fdf47b6,2.4628646e-11,2026-03-10T17:46:11+00:00,0x88951ecbe523901631b4f219fe8db2b706ac37f290b281d1fe6144b5c391eac3
0x66c6778dedba51b87103c8543ee751e7cd960659,0xbdb3ba9ffe392549e1f8658dd2630c141fdf47b6,2.4628647e-11,2026-03-10T17:46:23+00:00,0x8d07d23996a1ce8e33d824d688eef2e14a0d19c90ac694212ae89330b70b6c57
0xbbde9f0c24b6f59d7e828bb4e129992be0cdc237,0xbdb3ba9ffe392549e1f8658dd2630c141fdf47b6,2.4628648e-11,2026-03-10T17:46:35+00:00,0x10e66ba179792e24717da7b153b458b60971003c85ad8db7373f16971fcaf3f4
0x93793bd1f3e35a0efd098c30e486a860a0ef7551,0xbdb3ba9ffe392549e1f8658dd2630c141fdf47b6,2.4628648e-11,2026-03-10T17:46:35+00:00,0xd124be10ab43a59d76d2d410b1a0a27e908bf06fe3ead42ace293660a1d7df71
0x448166a91e7bc50d0ac720c2fbed29e0963f5af8,0xbdb3ba9ffe392549e1f8658dd2630c141fdf47b6,2.4628648e-11,2026-03-10T17:46:35+00:00,0xc8f1a971ade6a05eb0c71e24fc39b8d43b6557066351bf5ab4b673971d0a1bcf
0x66c6778dedba51b87103c8543ee751e7cd960659,0xbdb3ba9ffe392549e1f8658dd2630c141fdf47b6,2.4628648e-11,2026-03-10T17:46:35+00:00,0xc5dd3154b654c20ee28830e3528981459fbe22cfb720db05bd4289c4c3103c9f
0x7bf30399dba8051c2bf191afe2cd07ea4e064625,0xbdb3ba9ffe392549e1f8658dd2630c141fdf47b6,2.4628648e-11,2026-03-10T17:46:35+00:00,0x07b3f32f390e7aad9e9c78dc74dfb54b37646616c7cda952389fd7149b09f786
0x22b0351d445840db59b97df3808dd642dcb17e96,0xbdb3ba9ffe392549e1f8658dd2630c141fdf47b6,2.4628648e-11,2026-03-10T17:46:35+00:00,0x864320c4f0b36542e7bd6908382d9ae0a71ccc80c048a25043490c68e6d1f55d
0x9359269cfbb80d154129dd9b0074cd7336b9a3a6,0xbdb3ba9ffe392549e1f8658dd2630c141fdf47b6,2.4628648e-11,2026-03-10T17:46:35+00:00,0x000df443209c9f904997790c124066eea6cf8d1bb650cc61ef49af7f1d4e9ebc
0x8357efa84f91013bd6b285ef0f6b93c211cc3d9d,0xbdb3ba9ffe392549e1f8658dd2630c141fdf47b6,2.4628648e-11,2026-03-10T17:46:35+00:00,0xa29d1b77d6b5b278c43b2f6c3a24b2c3a939e4c443ecc7293240072188526a31
0x3d9aae030b9661e3605b3acb5d0385ede221a0cc,0xbdb3ba9ffe392549e1f8658dd2630c141fdf47b6,2.4628648e-11,2026-03-10T17:46:35+00:00,0x2be79eeaa5a5bc43a7edb432b2241ffd4ce2fd6ee14e96ea9eaed292266a2734
0x604d23a2ebb002df6fdc77b82da716222ca43b8b,0xbdb3ba9ffe392549e1f8658dd2630c141fdf47b6,2.4628648e-11,2026-03-10T17:46:35+00:00,0x36360a81ee77e1c01fff2b13194821c2dabb8b6739e309f7def73a2acdc6ace0
0x448166a91e7bc50d0ac720c2fbed29e0963f5af8,0xbdb3ba9ffe392549e1f8658dd2630c141fdf47b6,2.4628648e-11,2026-03-10T17:46:35+00:00,0xb2f55476930bd2c6c2032880d8ff125ed772e7b1d32bb16cc2778e5c70407b3e
0x5b43453fce04b92e190f391a83136bfbecedefd1,0xbdb3ba9ffe392549e1f8658dd2630c141fdf47b6,2.4628649e-11,2026-03-10T17:46:47+00:00,0xcadbd72a4ff81514c3c6f3ee212cc20bd29adc29199f6d6d86947f9321ac96d7
0x5b43453fce04b92e190f391a83136bfbecedefd1,0xbdb3ba9ffe392549e1f8658dd2630c141fdf47b6,2.462865e-11,2026-03-10T17:46:59+00:00,0xa960388d89d79af79fda628d85b0575f3b254face0a9b60e29bd65699f7c717d
0xbeccf19b026f12677e5ce1ce9e2d94dcc4772feb,0xbdb3ba9ffe392549e1f8658dd2630c141fdf47b6,2.462865e-11,2026-03-10T17:46:59+00:00,0xf61d4aac8b5a2c5eed3b39a0b4922d5bf2875eb3596844587fea5832129039fe
0x22b0351d445840db59b97df3808dd642dcb17e96,0xbdb3ba9ffe392549e1f8658dd2630c141fdf47b6,2.4628652e-11,2026-03-10T17:47:23+00:00,0x1ab8de5e0166c8667973ca3a9d6f93d68a126bcdd91b7f24d337ebf904efbaa3
0x93793bd1f3e35a0efd098c30e486a860a0ef7551,0xbdb3ba9ffe392549e1f8658dd2630c141fdf47b6,2.4628652e-11,2026-03-10T17:47:23+00:00,0x0bfa39cf4c2b2de9d45c2d4be68fe931e173c53ba7f17e90dc79a02759a438d6
0x93793bd1f3e35a0efd098c30e486a860a0ef7551,0xbdb3ba9ffe392549e1f8658dd2630c141fdf47b6,2.4628652e-11,2026-03-10T17:47:23+00:00,0x492bd566a63d1b40fa619cd50c2b3c5484637e0938ed9551c54d289a2ffbf431
0x9359269cfbb80d154129dd9b0074cd7336b9a3a6,0xbdb3ba9ffe392549e1f8658dd2630c141fdf47b6,2.4628652e-11,2026-03-10T17:47:23+00:00,0xc285770c14cf5f680cea0470eb2c9774f702f13354e8b7be5a5decd35010e98b
0x3eff3dc5a4f5c65d28e88dc8fd22800979c9e7c6,0xbdb3ba9ffe392549e1f8658dd2630c141fdf47b6,2.4628652e-11,2026-03-10T17:47:23+00:00,0x3a138f04495646934a04641d94d18af4228503190b521fc5ecfcb09ca3c2e376
0x448166a91e7bc50d0ac720c2fbed29e0963f5af8,0xbdb3ba9ffe392549e1f8658dd2630c141fdf47b6,2.4628652e-11,2026-03-10T17:47:23+00:00,0xd960c3d00057e252f3082b8395ad1044c0c98a909c52266044627bb2e171263b
0x8357efa84f91013bd6b285ef0f6b93c211cc3d9d,0xbdb3ba9ffe392549e1f8658dd2630c141fdf47b6,2.4628653e-11,2026-03-10T17:47:35+00:00,0x4d428cd76a81cbadcbcc225bcdba218c5e90ff1ed0d44a36e5e20155043990f0
0x66c6778dedba51b87103c8543ee751e7cd960659,0xbdb3ba9ffe392549e1f8658dd2630c141fdf47b6,2.4628653e-11,2026-03-10T17:47:35+00:00,0xb46596a89a6e8979cb65838f370adc730441fc7780740214cdee3303bf3148e7
0xd9d8f818a7a71ed0e1fe936b991508b0e88b1609,0xbdb3ba9ffe392549e1f8658dd2630c141fdf47b6,2.4628653e-11,2026-03-10T17:47:35+00:00,0x93e2dbe1ca7e2da0cf674155a60b543bdc1a3f67635724403405e15925c6b22d
0x5934e06498db785ff26807161ce9d09063231321,0xbdb3ba9ffe392549e1f8658dd2630c141fdf47b6,2.4628653e-11,2026-03-10T17:47:35+00:00,0x7e31999a36ebe1a86efa8af0749d1d305cbdb0e071869c1c4d002a8014d5c5d0
0x7bf30399dba8051c2bf191afe2cd07ea4e064625,0xbdb3ba9ffe392549e1f8658dd2630c141fdf47b6,2.4628653e-11,2026-03-10T17:47:35+00:00,0xbb6ba0f38dfca3dda549c7ec53b3e41bd0a8f3e12b1ead6cfce15ec97f312639
0x8357efa84f91013bd6b285ef0f6b93c211cc3d9d,0xbdb3ba9ffe392549e1f8658dd2630c141fdf47b6,2.4628653e-11,2026-03-10T17:47:35+00:00,0x9f78d5dbf0be10821a92cadf3d96ba4c888f31883f50dd704754cedefd1dd385
0x3eff3dc5a4f5c65d28e88dc8fd22800979c9e7c6,0xbdb3ba9ffe392549e1f8658dd2630c141fdf47b6,2.4628653e-11,2026-03-10T17:47:35+00:00,0xa7d799df1ee20c722ca213f3853ed1aa9426a3c2ed3738e931fe0b938c15bf69
0x9359269cfbb80d154129dd9b0074cd7336b9a3a6,0xbdb3ba9ffe392549e1f8658dd2630c141fdf47b6,2.4628653e-11,2026-03-10T17:47:35+00:00,0x78d40f11f16424c6770ac96cff2e52e073030b2b33a9f3860ae868aed22e629c
0x5b43453fce04b92e190f391a83136bfbecedefd1,0xbdb3ba9ffe392549e1f8658dd2630c141fdf47b6,2.4628654e-11,2026-03-10T17:47:47+00:00,0xbb62782fbf4b2b783e3eaca2970cb30f6fd23af751b2a8ad3d1aced4517b844a
0x5b43453fce04b92e190f391a83136bfbecedefd1,0xbdb3ba9ffe392549e1f8658dd2630c141fdf47b6,2.4628654e-11,2026-03-10T17:47:47+00:00,0xc492cbbbc8707808252944676fb2bbdabe89334daee4fc06ed5eb96dcce6efdd
0x93793bd1f3e35a0efd098c30e486a860a0ef7551,0xbdb3ba9ffe392549e1f8658dd2630c141fdf47b6,2.4628654e-11,2026-03-10T17:47:47+00:00,0xb24074276413595a89883363c9331fe3f0386fc179d11f8e05da80d2c926af27
0x604d23a2ebb002df6fdc77b82da716222ca43b8b,0xbdb3ba9ffe392549e1f8658dd2630c141fdf47b6,2.4628654e-11,2026-03-10T17:47:47+00:00,0x2d3f9a5d554af9330bb45f7f6d36f16e6093e0df8c47b985fce20b02c89a5094
0x8357efa84f91013bd6b285ef0f6b93c211cc3d9d,0xbdb3ba9ffe392549e1f8658dd2630c141fdf47b6,2.4628655e-11,2026-03-10T17:47:59+00:00,0xf72309cc2219b8fb3a8e436f163706720403001ce7906e0ae6e549579484a155
0x66c6778dedba51b87103c8543ee751e7cd960659,0xbdb3ba9ffe392549e1f8658dd2630c141fdf47b6,2.4628655e-11,2026-03-10T17:47:59+00:00,0x47ecd8fcbc96b7449b6fe573dd4ae971809f4f67d51c09122a0b3aa8b9f4bdd8
0x9359269cfbb80d154129dd9b0074cd7336b9a3a6,0xbdb3ba9ffe392549e1f8658dd2630c141fdf47b6,2.4628655e-11,2026-03-10T17:47:59+00:00,0xfc68fe54edfc086caec2fecc5f47b9bd506e83eaf1caa7229e793d889b8c44ea
0x22b0351d445840db59b97df3808dd642dcb17e96,0xbdb3ba9ffe392549e1f8658dd2630c141fdf47b6,2.4628655e-11,2026-03-10T17:47:59+00:00,0x25e2f2260cb969519936cde9f893ec5ebb3c371faf01c586712b18a3d029862d
0xd9d8f818a7a71ed0e1fe936b991508b0e88b1609,0xbdb3ba9ffe392549e1f8658dd2630c141fdf47b6,2.4628655e-11,2026-03-10T17:47:59+00:00,0x452d2035053fa508739a3e8c7b849296e84249d892fe250f54c69ec954ddf55d
0x604d23a2ebb002df6fdc77b82da716222ca43b8b,0xbdb3ba9ffe392549e1f8658dd2630c141fdf47b6,2.4628655e-11,2026-03-10T17:47:59+00:00,0x11a11bd9a3f541110f933d7cb11baf1fe620c670cba3ad853ef08970df81baf6
0x448166a91e7bc50d0ac720c2fbed29e0963f5af8,0xbdb3ba9ffe392549e1f8658dd2630c141fdf47b6,2.4628655e-11,2026-03-10T17:47:59+00:00,0xd66a1176169b1967ff6172150de99eb2f2e40dc819bc8b01ba370f0b61c66005
0x93793bd1f3e35a0efd098c30e486a860a0ef7551,0xbdb3ba9ffe392549e1f8658dd2630c141fdf47b6,2.4628655e-11,2026-03-10T17:47:59+00:00,0x3a3f1a1477824cdc4ff5857e7c57347203721b255385a4e7ac29463d043cd7c4
0x5934e06498db785ff26807161ce9d09063231321,0xbdb3ba9ffe392549e1f8658dd2630c141fdf47b6,2.4628655e-11,2026-03-10T17:47:59+00:00,0x4e6e06a9996276b69abdef52acec841110db42631d2102c37ea412a2f0aaf61e
0x3eff3dc5a4f5c65d28e88dc8fd22800979c9e7c6,0xbdb3ba9ffe392549e1f8658dd2630c141fdf47b6,2.4628655e-11,2026-03-10T17:47:59+00:00,0x79fef8e407cb92e457fcb20bf62160ac3ecd8a242e8ad818734887182decdd7c
0x3d9aae030b9661e3605b3acb5d0385ede221a0cc,0xbdb3ba9ffe392549e1f8658dd2630c141fdf47b6,2.4628655e-11,2026-03-10T17:47:59+00:00,0x8895536a150bd99dcc3a876a8d53d94d778b9fd65d706cd22d54ac038f13506a
0x3d9aae030b9661e3605b3acb5d0385ede221a0cc,0xbdb3ba9ffe392549e1f8658dd2630c141fdf47b6,2.4628655e-11,2026-03-10T17:47:59+00:00,0x39a2204e3790a1d78f62eb523f925092c541248df3f26120a720ac0495a6dd60
0x3eff3dc5a4f5c65d28e88dc8fd22800979c9e7c6,0xbdb3ba9ffe392549e1f8658dd2630c141fdf47b6,2.4628655e-11,2026-03-10T17:47:59+00:00,0x4f392530e640ae61b6f8903b37191c3a9717d0e4d7b3b5018cca65dccda35329
0x604d23a2ebb002df6fdc77b82da716222ca43b8b,0xbdb3ba9ffe392549e1f8658dd2630c141fdf47b6,2.4628655e-11,2026-03-10T17:47:59+00:00,0xde07280b74b5b2bc7f19a63e740570f0f9068d9d0f50264e515ab6d1623523e9
0x448166a91e7bc50d0ac720c2fbed29e0963f5af8,0xbdb3ba9ffe392549e1f8658dd2630c141fdf47b6,2.4628655e-11,2026-03-10T17:47:59+00:00,0xd55f55e7f06bba3d92445d26b4f054c4193312cb9c5ca2e29c403bbbd47ca248
0x66c6778dedba51b87103c8543ee751e7cd960659,0xbdb3ba9ffe392549e1f8658dd2630c141fdf47b6,2.4628655e-11,2026-03-10T17:47:59+00:00,0x1ccb6b48d1a3f5d7800d29b2daeaba1119e3c512813c156c238f49e42d22e05b
0x8357efa84f91013bd6b285ef0f6b93c211cc3d9d,0xbdb3ba9ffe392549e1f8658dd2630c141fdf47b6,2.4628655e-11,2026-03-10T17:47:59+00:00,0x9330dae051828f071004c4bb12adf8198f7286ebfecca7495fe1dcd274d24ea6
0xbbde9f0c24b6f59d7e828bb4e129992be0cdc237,0xbdb3ba9ffe392549e1f8658dd2630c141fdf47b6,2.4628655e-11,2026-03-10T17:47:59+00:00,0x552e6f90ba8a2fd97e1e53e7b223341c2e356776922abeba49bc0bc6355bdc7a
0x9359269cfbb80d154129dd9b0074cd7336b9a3a6,0xbdb3ba9ffe392549e1f8658dd2630c141fdf47b6,2.4628655e-11,2026-03-10T17:47:59+00:00,0x38fefa0a364d2a6571c203424d46e16712c2358ef8d91af1d83ce748f6f01504
0x93793bd1f3e35a0efd098c30e486a860a0ef7551,0xbdb3ba9ffe392549e1f8658dd2630c141fdf47b6,2.4628657e-11,2026-03-10T17:48:23+00:00,0x1605cfce2ff4e7c7d7e0c81861a9e1d12a7af28ba61f3059a675f255012ccdf2
0x5934e06498db785ff26807161ce9d09063231321,0xbdb3ba9ffe392549e1f8658dd2630c141fdf47b6,2.4628657e-11,2026-03-10T17:48:23+00:00,0xb2253e1f0503d557b41592321d40f6fcc7b4865194660599b3ff4dfbcb2ffca1
0xbeccf19b026f12677e5ce1ce9e2d94dcc4772feb,0xbdb3ba9ffe392549e1f8658dd2630c141fdf47b6,2.4628657e-11,2026-03-10T17:48:23+00:00,0x37e6c261622e926cd7753437fa679005c6bcc6e50da6a41eb889668eb7f2f9d6
0x9359269cfbb80d154129dd9b0074cd7336b9a3a6,0xbdb3ba9ffe392549e1f8658dd2630c141fdf47b6,2.4628657e-11,2026-03-10T17:48:23+00:00,0x96341e14b007ccff4026a2f479d79ddc6906006c5768403c599cec3228944a22
0x22b0351d445840db59b97df3808dd642dcb17e96,0xbdb3ba9ffe392549e1f8658dd2630c141fdf47b6,2.4628657e-11,2026-03-10T17:48:23+00:00,0x190194a7e461249d3b9b3a198adfb07cd7dae8d07fa306b2247f4e9bd2d2d239
0x3d9aae030b9661e3605b3acb5d0385ede221a0cc,0xbdb3ba9ffe392549e1f8658dd2630c141fdf47b6,2.4628657e-11,2026-03-10T17:48:23+00:00,0x420b186dc04497758fb0dea05ee3b0bd67fdf4b03f7bf8cd96596efa0be956d1
0x5b43453fce04b92e190f391a83136bfbecedefd1,0xbdb3ba9ffe392549e1f8658dd2630c141fdf47b6,2.4628658e-11,2026-03-10T17:48:35+00:00,0xf9ebe4e0c76d5338881079a49ca0badd18b73f34c2f1a01481072ea563d0be8f
0x5b43453fce04b92e190f391a83136bfbecedefd1,0xbdb3ba9ffe392549e1f8658dd2630c141fdf47b6,2.4628658e-11,2026-03-10T17:48:35+00:00,0x1d2094dbcb1c80e8cee68f50d2d75bee3f0a41e5a6a32a4927405ac9149f64df
0x5b43453fce04b92e190f391a83136bfbecedefd1,0xbdb3ba9ffe392549e1f8658dd2630c141fdf47b6,2.4628658e-11,2026-03-10T17:48:35+00:00,0xc95e7d326b1047e580ee89b95aceb6af8288b63270df8314caf5a832375a544a
0x7bf30399dba8051c2bf191afe2cd07ea4e064625,0xbdb3ba9ffe392549e1f8658dd2630c141fdf47b6,2.4628658e-11,2026-03-10T17:48:35+00:00,0xf556a3a71ecc426cd2fb5903ed81cf008b6c34b497e56e018a68282dac555f5b
0x3eff3dc5a4f5c65d28e88dc8fd22800979c9e7c6,0xbdb3ba9ffe392549e1f8658dd2630c141fdf47b6,2.4628658e-11,2026-03-10T17:48:35+00:00,0x886dd881c2b53180e918381edd43584662050c2140dd3020a63d7f42024b8f78
0x5b43453fce04b92e190f391a83136bfbecedefd1,0xbdb3ba9ffe392549e1f8658dd2630c141fdf47b6,2.4628659e-11,2026-03-10T17:48:47+00:00,0xa7b206917020f3f9c689e7aa4dee26c8f8d52c23b09b20a8b6410dd35a3010a5
0x5b43453fce04b92e190f391a83136bfbecedefd1,0xbdb3ba9ffe392549e1f8658dd2630c141fdf47b6,2.4628659e-11,2026-03-10T17:48:47+00:00,0x90d96fa85b519008e580a71113c7ec4d32c9c505adf232d62f564422520c93fd
0x3d9aae030b9661e3605b3acb5d0385ede221a0cc,0xbdb3ba9ffe392549e1f8658dd2630c141fdf47b6,2.4628659e-11,2026-03-10T17:48:47+00:00,0xbb4efb68bf9c5d19c34dfd2555dc23af984135aedf340f23dbfa58e10f98655d
0x5934e06498db785ff26807161ce9d09063231321,0xbdb3ba9ffe392549e1f8658dd2630c141fdf47b6,2.4628659e-11,2026-03-10T17:48:47+00:00,0x443019d8d210bd56062de9a1b6ba6ce7772dfd46f48bc26cebee098eabaac96b
0xd9d8f818a7a71ed0e1fe936b991508b0e88b1609,0xbdb3ba9ffe392549e1f8658dd2630c141fdf47b6,2.4628659e-11,2026-03-10T17:48:47+00:00,0x6103021dbd730cf0088fa1b45f395f9b76d4d413527d62d34926bf8bb51af11e
0x5d1783ddbb657fdf6fcc2ef5b6796ac0ddeeb6e3,0xbdb3ba9ffe392549e1f8658dd2630c141fdf47b6,2.4628659e-11,2026-03-10T17:48:47+00:00,0x2e7a3406ed34c9b6777a21f3ebbc69be6ba38e6c4c6178de72acc07089b6f0fa
0x93793bd1f3e35a0efd098c30e486a860a0ef7551,0xbdb3ba9ffe392549e1f8658dd2630c141fdf47b6,2.462866e-11,2026-03-10T17:48:59+00:00,0x8b388db7d8614ea3e45a8a11b074a65c5a0fd407773d26c29532c13be4a3d368
0xd9d8f818a7a71ed0e1fe936b991508b0e88b1609,0xbdb3ba9ffe392549e1f8658dd2630c141fdf47b6,2.462866e-11,2026-03-10T17:48:59+00:00,0xcf94b6f2b7a8e7ed8598cd240ed990c20ef6bda63223b6b3195d4ff311a507d0
0xbbde9f0c24b6f59d7e828bb4e129992be0cdc237,0xbdb3ba9ffe392549e1f8658dd2630c141fdf47b6,2.462866e-11,2026-03-10T17:48:59+00:00,0xb8264ec089f2c4402e62321af9991cd1b9698ed1212a8b5af721210865778241
0x3eff3dc5a4f5c65d28e88dc8fd22800979c9e7c6,0xbdb3ba9ffe392549e1f8658dd2630c141fdf47b6,2.462866e-11,2026-03-10T17:48:59+00:00,0x6d508e3e2d8bc01eebff0c5a500db6cf46582983a1563785e61765a8677a3f69
0x9359269cfbb80d154129dd9b0074cd7336b9a3a6,0xbdb3ba9ffe392549e1f8658dd2630c141fdf47b6,2.4628661e-11,2026-03-10T17:49:11+00:00,0x9a655b001ac59f1ca3ebf747ec604353c3f757f5be2b0ad67d8c1400cb5cccdc
0x497a169e37064d92e018d363c86eb3611ec08963,0xbdb3ba9ffe392549e1f8658dd2630c141fdf47b6,2.4628661e-11,2026-03-10T17:49:11+00:00,0x0c05aac0edbd976eb8628a3688a5f35076b63aed222b5b671b4d00de40ffd061
0x5d1783ddbb657fdf6fcc2ef5b6796ac0ddeeb6e3,0xbdb3ba9ffe392549e1f8658dd2630c141fdf47b6,2.4628661e-11,2026-03-10T17:49:11+00:00,0x002ca46b9e24878e3a472e1ef3c29a77928f60b969ece0920d333502671bda49
0x7bf30399dba8051c2bf191afe2cd07ea4e064625,0xbdb3ba9ffe392549e1f8658dd2630c141fdf47b6,2.4628661e-11,2026-03-10T17:49:11+00:00,0xa666bb01fb82a9233f424f700a7abc720e59be6db9e9c127386e25b659c82640
0x5934e06498db785ff26807161ce9d09063231321,0xbdb3ba9ffe392549e1f8658dd2630c141fdf47b6,2.4628661e-11,2026-03-10T17:49:11+00:00,0x8a9dbc8bb7c68b01318a056ce7c15dd763ff7a97672405940dc3c3ed52a89cd9
0x5b43453fce04b92e190f391a83136bfbecedefd1,0xbdb3ba9ffe392549e1f8658dd2630c141fdf47b6,2.4628662e-11,2026-03-10T17:49:23+00:00,0xbee5bc73eae76a56b087a74ae1988ce59493c7e85d33de5e55f43654f2896975
0x5b43453fce04b92e190f391a83136bfbecedefd1,0xbdb3ba9ffe392549e1f8658dd2630c141fdf47b6,2.4628663e-11,2026-03-10T17:49:35+00:00,0x2f73c4aa0e63038e74fa2071686a4ac8045b9d79ddd35f01b2ebe26df737cde3
0xbc73cbf7aa2fcba5f1b2e010aada76a721aea21c,0xbdb3ba9ffe392549e1f8658dd2630c141fdf47b6,2.4628663e-11,2026-03-10T17:49:35+00:00,0xec9fd0aafb4e2dbe9e4b89fb3b7aaff44c37b6df7ea03fb01632c7205558bca9
0x6a5ac574a26df5ac487c5074c2fd80c2578c81f7,0xbdb3ba9ffe392549e1f8658dd2630c141fdf47b6,2.4628663e-11,2026-03-10T17:49:35+00:00,0xbe566fee43fcb616bb89437cd6655fbfc1141b3ab42d80ea8f07b22f4051b3a5
0x5d1783ddbb657fdf6fcc2ef5b6796ac0ddeeb6e3,0xbdb3ba9ffe392549e1f8658dd2630c141fdf47b6,2.4628663e-11,2026-03-10T17:49:35+00:00,0xd429997326ac0ef474185a7aac8ebd99e82c8c6d232a08e8389e24226b6eeb87
0xbbde9f0c24b6f59d7e828bb4e129992be0cdc237,0xbdb3ba9ffe392549e1f8658dd2630c141fdf47b6,2.4628664e-11,2026-03-10T17:49:47+00:00,0x4b899e136d47bd75637d2e778668476698c2e7b57741786d01cd4190c770d9fe
0x9359269cfbb80d154129dd9b0074cd7336b9a3a6,0xbdb3ba9ffe392549e1f8658dd2630c141fdf47b6,2.4628664e-11,2026-03-10T17:49:47+00:00,0xcb7b468cf2c7dff2b315dc2f1250464e5343be4a41c1d9ac9513e5f533179b24
0xd9d8f818a7a71ed0e1fe936b991508b0e88b1609,0xbdb3ba9ffe392549e1f8658dd2630c141fdf47b6,2.4628664e-11,2026-03-10T17:49:47+00:00,0x07e5f3de4b33dfae8964249c71c9024b253fea12d5a3b5a2464a74adddfa6424
0x448166a91e7bc50d0ac720c2fbed29e0963f5af8,0xbdb3ba9ffe392549e1f8658dd2630c141fdf47b6,2.4628665e-11,2026-03-10T17:49:59+00:00,0x0134166762ccbedb44703bf11ee3e8942a60b6e6dcc4bd351452f3e0633d2d79
0x3eff3dc5a4f5c65d28e88dc8fd22800979c9e7c6,0xbdb3ba9ffe392549e1f8658dd2630c141fdf47b6,2.4628665e-11,2026-03-10T17:49:59+00:00,0x63fef4f47f0a84f0370caa2a151c436dbae30009e7f95a74348e1111c33bac65
0xbeccf19b026f12677e5ce1ce9e2d94dcc4772feb,0xbdb3ba9ffe392549e1f8658dd2630c141fdf47b6,2.4628665e-11,2026-03-10T17:49:59+00:00,0xf88de528cad6c952cde37f3ac7750699b2125cdb3d38362d919d3310c9c64fb4
0x9359269cfbb80d154129dd9b0074cd7336b9a3a6,0xbdb3ba9ffe392549e1f8658dd2630c141fdf47b6,2.4628665e-11,2026-03-10T17:49:59+00:00,0x3d8164bd2a0394e2e672fc08554e6cada678d1c35d43559006b10e65b08b9287
0x22b0351d445840db59b97df3808dd642dcb17e96,0xbdb3ba9ffe392549e1f8658dd2630c141fdf47b6,2.4628665e-11,2026-03-10T17:49:59+00:00,0x8def78f1a8fa4e55bfde36ff73e66636b210a2ccc3842abf422a082461936d79
0x93793bd1f3e35a0efd098c30e486a860a0ef7551,0xbdb3ba9ffe392549e1f8658dd2630c141fdf47b6,2.4628666e-11,2026-03-10T17:50:11+00:00,0x0c8c3cc444dd91fe7b8cd60db90ac8436ae7307ca41b2520a577a7fdd74c5f84
0x5934e06498db785ff26807161ce9d09063231321,0xbdb3ba9ffe392549e1f8658dd2630c141fdf47b6,2.4628666e-11,2026-03-10T17:50:11+00:00,0x4b1abfdda116930c370e372182cdb6a0c67226c330b0dfe91b67ead48eef86aa
0x8357efa84f91013bd6b285ef0f6b93c211cc3d9d,0xbdb3ba9ffe392549e1f8658dd2630c141fdf47b6,2.4628666e-11,2026-03-10T17:50:11+00:00,0x74fe86b4e86616e0171d4d43271fbbe8e2bf05d88274db174df172b95f02354f
0x9359269cfbb80d154129dd9b0074cd7336b9a3a6,0xbdb3ba9ffe392549e1f8658dd2630c141fdf47b6,2.4628666e-11,2026-03-10T17:50:11+00:00,0xc98b7240856e845218d7cecfbcb0caf49bbbd6fe550f32e1a2364092b7113cd6
0x3d9aae030b9661e3605b3acb5d0385ede221a0cc,0xbdb3ba9ffe392549e1f8658dd2630c141fdf47b6,2.4628666e-11,2026-03-10T17:50:11+00:00,0x8c0647fb6c8a4db66389ba7897de509afc8649b530f299d937cc1ab85a164f3a
0x22b0351d445840db59b97df3808dd642dcb17e96,0xbdb3ba9ffe392549e1f8658dd2630c141fdf47b6,2.4628666e-11,2026-03-10T17:50:11+00:00,0x63a570a11542d1bd31fe08d0bd4c45abc44625491edd361619e69abb05ef8bff
0x448166a91e7bc50d0ac720c2fbed29e0963f5af8,0xbdb3ba9ffe392549e1f8658dd2630c141fdf47b6,2.4628666e-11,2026-03-10T17:50:11+00:00,0x8b612323308e60c97084ca185b2734f9033fecda60d9a095e3421b1a61fe8102
0x448166a91e7bc50d0ac720c2fbed29e0963f5af8,0xbdb3ba9ffe392549e1f8658dd2630c141fdf47b6,2.4628666e-11,2026-03-10T17:50:11+00:00,0xa77d46b27ed64c2c60ee2eea3d6428965b78ef62535f32b2eab6c3386f3cc579
0xbeccf19b026f12677e5ce1ce9e2d94dcc4772feb,0xbdb3ba9ffe392549e1f8658dd2630c141fdf47b6,2.4628666e-11,2026-03-10T17:50:11+00:00,0x68b2d9e78c085c501ff4eb1bba21be752588b32ee395e10550f7213e37ab28ca
0xd9d8f818a7a71ed0e1fe936b991508b0e88b1609,0xbdb3ba9ffe392549e1f8658dd2630c141fdf47b6,2.4628666e-11,2026-03-10T17:50:11+00:00,0x539bfa6f45f983cce0eadd0e66394de2bc42dc8fd0d332ec50bbce51c2264a9b
0x66c6778dedba51b87103c8543ee751e7cd960659,0xbdb3ba9ffe392549e1f8658dd2630c141fdf47b6,2.4628667e-11,2026-03-10T17:50:23+00:00,0xac641af6b78c5bededb75a6900f92f50ab3d750863a4639112e926a510f76617
0x22b0351d445840db59b97df3808dd642dcb17e96,0xbdb3ba9ffe392549e1f8658dd2630c141fdf47b6,2.4628667e-11,2026-03-10T17:50:23+00:00,0x392a430ac3968c6018acca6fa14cfaf2805e68aab3f9b5098d870992749b8698
0x604d23a2ebb002df6fdc77b82da716222ca43b8b,0xbdb3ba9ffe392549e1f8658dd2630c141fdf47b6,2.4628667e-11,2026-03-10T17:50:23+00:00,0xe168eec81e77b5b9ddb326bb900e17c6d7b38488560fceae527fd8236134f838
0xbeccf19b026f12677e5ce1ce9e2d94dcc4772feb,0xbdb3ba9ffe392549e1f8658dd2630c141fdf47b6,2.4628667e-11,2026-03-10T17:50:23+00:00,0x81a814fc0a03cc282a150f03d32741fde742568591860acb9df45bae1165c2d8
0x448166a91e7bc50d0ac720c2fbed29e0963f5af8,0xbdb3ba9ffe392549e1f8658dd2630c141fdf47b6,2.4628667e-11,2026-03-10T17:50:23+00:00,0x46273a12626b1d8ac071de503aa04b9d803f25f62f8e05e90e7c75ce9731465a
0x7bf30399dba8051c2bf191afe2cd07ea4e064625,0xbdb3ba9ffe392549e1f8658dd2630c141fdf47b6,2.4628667e-11,2026-03-10T17:50:23+00:00,0xc6faecb93bba96d005672548b0c6612367bc947e04f1c6f29c62d16266b4d097
0x3d9aae030b9661e3605b3acb5d0385ede221a0cc,0xbdb3ba9ffe392549e1f8658dd2630c141fdf47b6,2.4628667e-11,2026-03-10T17:50:23+00:00,0x91a8272750f804cf13145cf6936b6621ef14644d0f963dbf15e2e0976ec7971c
0x9359269cfbb80d154129dd9b0074cd7336b9a3a6,0xbdb3ba9ffe392549e1f8658dd2630c141fdf47b6,2.4628667e-11,2026-03-10T17:50:23+00:00,0xf50ff3b4367c243782af525912077f9ab8b97911be3239f8ea00352e56d1eac1
0x93793bd1f3e35a0efd098c30e486a860a0ef7551,0xbdb3ba9ffe392549e1f8658dd2630c141fdf47b6,2.4628667e-11,2026-03-10T17:50:23+00:00,0x526473442746177900ab4dfe4738f26017b118087f8e81da98b3acc120b33cca
0x5b43453fce04b92e190f391a83136bfbecedefd1,0xbdb3ba9ffe392549e1f8658dd2630c141fdf47b6,2.4628669e-11,2026-03-10T17:50:47+00:00,0x7b8b9efbff783eb92f8097dc4372b0fd0b144ff9c0cbed6b18278cc788614320
0x5b43453fce04b92e190f391a83136bfbecedefd1,0xbdb3ba9ffe392549e1f8658dd2630c141fdf47b6,2.4628671e-11,2026-03-10T17:51:11+00:00,0xcf22eda8eac2b0820eb41418b32221e213c3ed24ecf206a76f73089d8ab214bb
0x93793bd1f3e35a0efd098c30e486a860a0ef7551,0xbdb3ba9ffe392549e1f8658dd2630c141fdf47b6,2.4628674e-11,2026-03-10T17:51:47+00:00,0x9f0f776425fbae6004e7933014847090d247ef64db987f20fe08719bb1788ce8
0x448166a91e7bc50d0ac720c2fbed29e0963f5af8,0xbdb3ba9ffe392549e1f8658dd2630c141fdf47b6,2.4628674e-11,2026-03-10T17:51:47+00:00,0xfe8386a84d9255dfee468c703caf5fa95d941df1832e2d90ed97a05a12853b50
0xbc73cbf7aa2fcba5f1b2e010aada76a721aea21c,0xbdb3ba9ffe392549e1f8658dd2630c141fdf47b6,2.4628674e-11,2026-03-10T17:51:47+00:00,0x8771e6472ac264f520e2682536d9e73f3cfe0b887498a9075d001ba5f2515a26
