sender_address,recipient_address,amount,timestamp,metadata
0xc4e2e53e2def7a4dc9c1d542197023e916ebd3b8,0xe688b84b23f322a994a53dbf8e15fa82cdb71127,0.00654321,2022-09-09T14:40:26+00:00,0x83ad35cdded08ab55bb4835c9f746c9fc9fb25e583ac2927868037e39fa8d03e
0x5f78fbab81f9892bbe379d88c8a224774411b0a9,0xe688b84b23f322a994a53dbf8e15fa82cdb71127,1e-06,2022-09-17T10:10:59+00:00,0xa8b8564dabbda7bcbc91b021b4dd9201ffe90682e1a8f06239ce62f78884ea33
0xdafea492d9c6733ae3d56b7ed1adb60692c98bc5,0xe688b84b23f322a994a53dbf8e15fa82cdb71127,0.04136418119304754,2022-09-20T05:09:35+00:00,0x43eec0217b38867d7e8c426e80f3380afc162de322a143ff04a319aff54da28e
0xdafea492d9c6733ae3d56b7ed1adb60692c98bc5,0xe688b84b23f322a994a53dbf8e15fa82cdb71127,0.07238526889509932,2022-09-20T06:17:35+00:00,0xc105b492b04965774593e1ddf1c90f24e3d8e3610ef6fcd74df1d2e01497186b
0xdafea492d9c6733ae3d56b7ed1adb60692c98bc5,0xe688b84b23f322a994a53dbf8e15fa82cdb71127,0.038183318589324916,2022-09-20T06:42:47+00:00,0x025b5c529c6b83ad08008d56ed67bf8cfa55a9261a6e21dcb23bb5fd95e7ef45
0xdafea492d9c6733ae3d56b7ed1adb60692c98bc5,0xe688b84b23f322a994a53dbf8e15fa82cdb71127,0.027165377360665613,2022-09-20T06:57:11+00:00,0x52a709d917f9022031d66613b653999c821af49340cf156dce12df5708d111c9
0xdafea492d9c6733ae3d56b7ed1adb60692c98bc5,0xe688b84b23f322a994a53dbf8e15fa82cdb71127,0.13774644213290846,2022-09-20T07:04:35+00:00,0x9970d5402eef5674abdcd6fe024c7547978a674ea7e6af5353d3d5264be8b8bb
0xdafea492d9c6733ae3d56b7ed1adb60692c98bc5,0xe688b84b23f322a994a53dbf8e15fa82cdb71127,0.031099943640943248,2022-09-20T08:10:47+00:00,0x1120b5fc284d3dfc88b74116b1e4f86e873779776752bc868fe95e626d71ec95
0xdafea492d9c6733ae3d56b7ed1adb60692c98bc5,0xe688b84b23f322a994a53dbf8e15fa82cdb71127,0.14209871435092206,2022-09-20T08:30:59+00:00,0x3ced5d99e3112bbcd2505f1f465b9d3ca7e07e48a94dc625cfb4d552b9add9e1
0xdafea492d9c6733ae3d56b7ed1adb60692c98bc5,0xe688b84b23f322a994a53dbf8e15fa82cdb71127,1.1724313418413599,2022-09-20T08:37:11+00:00,0xd89d476751b11f2065b184373712d4fe3c6e53a8917b1fde90131c998148bfc8
0xdafea492d9c6733ae3d56b7ed1adb60692c98bc5,0xe688b84b23f322a994a53dbf8e15fa82cdb71127,0.12967934516465696,2022-09-20T08:51:11+00:00,0x831064a2ae60af87d2b12714c5924de942baadf52f82468ae1832ac3bd904b44
0xdafea492d9c6733ae3d56b7ed1adb60692c98bc5,0xe688b84b23f322a994a53dbf8e15fa82cdb71127,0.058341778506119366,2022-09-20T09:50:23+00:00,0x59fe8ee3adcdeccae715703450341ff2e3704208b67c3af29ba6b01e2aac5744
0xdafea492d9c6733ae3d56b7ed1adb60692c98bc5,0xe688b84b23f322a994a53dbf8e15fa82cdb71127,0.08326061599846116,2022-09-20T09:56:59+00:00,0x965cda91973299a98718d1cf91792666d1a449d4ae1ef269bd37489bc9a80c5a
0xdafea492d9c6733ae3d56b7ed1adb60692c98bc5,0xe688b84b23f322a994a53dbf8e15fa82cdb71127,0.06524005047940586,2022-09-20T10:34:47+00:00,0x759781323777365d71ed3ef657291eead88401d2931ece96a5357dd0fbdcdb1a
0xdafea492d9c6733ae3d56b7ed1adb60692c98bc5,0xe688b84b23f322a994a53dbf8e15fa82cdb71127,0.029544981719843207,2022-09-20T10:37:59+00:00,0x8f2aca4dbf9dcbb25cd0c82f52ff54db72a966a901cc0092c39d9b99b5bed7de
0xdafea492d9c6733ae3d56b7ed1adb60692c98bc5,0xe688b84b23f322a994a53dbf8e15fa82cdb71127,0.1498726459275491,2022-09-20T10:56:23+00:00,0xc81fb151ea9fdf48eb613e615232496054f1e23f348991de673dcdb14f21ef94
0xdafea492d9c6733ae3d56b7ed1adb60692c98bc5,0xe688b84b23f322a994a53dbf8e15fa82cdb71127,0.03462458829262886,2022-09-20T11:13:23+00:00,0xa130de13f934f057eff1f31dd5a00972aa0c2037a8b14cb6b0019596577d3067
0xdafea492d9c6733ae3d56b7ed1adb60692c98bc5,0xe688b84b23f322a994a53dbf8e15fa82cdb71127,0.03716446654752466,2022-09-20T11:48:47+00:00,0xef85f29f52971b3cd34f05ed523785d1d59fe577e770e206ca71deb383aafa83
0xdafea492d9c6733ae3d56b7ed1adb60692c98bc5,0xe688b84b23f322a994a53dbf8e15fa82cdb71127,0.03496341919375964,2022-09-20T12:10:35+00:00,0xe29d1e252441ae1d36bfc2af4ebb098095c190cbdf701c585f7d9679d16d5262
0xdafea492d9c6733ae3d56b7ed1adb60692c98bc5,0xe688b84b23f322a994a53dbf8e15fa82cdb71127,0.05838915139483023,2022-09-20T12:14:11+00:00,0xf2b2a3fa6b40cbc7945019cbffa99e0ee56d7b79f514109c18fa46e04986216a
0xdafea492d9c6733ae3d56b7ed1adb60692c98bc5,0xe688b84b23f322a994a53dbf8e15fa82cdb71127,0.30357920183984627,2022-09-20T12:26:23+00:00,0xc28b2cba0f2a61678ca03ace5cc5829d7954e24aec7a061b3f3e991dc26443cd
0xdafea492d9c6733ae3d56b7ed1adb60692c98bc5,0xe688b84b23f322a994a53dbf8e15fa82cdb71127,0.06827334543973902,2022-09-20T12:32:59+00:00,0x95d2f47d08a3ddbd9de4653ec9b46bb4d3bb08ae80a4170838b7a0c0741fda88
0xdafea492d9c6733ae3d56b7ed1adb60692c98bc5,0xe688b84b23f322a994a53dbf8e15fa82cdb71127,0.10850621147282836,2022-09-20T13:09:23+00:00,0xe51c1c943f08768d679896fa39b10dcc0d2f8b720f9052c5d42db7af377f0a84
0xdafea492d9c6733ae3d56b7ed1adb60692c98bc5,0xe688b84b23f322a994a53dbf8e15fa82cdb71127,0.23308458217107658,2022-09-20T13:21:35+00:00,0xc7474667e4eca2d6ed5c2a2e6320c9c60b6c27255e8b65a653da0a84fd7a35a1
0xdafea492d9c6733ae3d56b7ed1adb60692c98bc5,0xe688b84b23f322a994a53dbf8e15fa82cdb71127,0.16055013765068327,2022-09-20T13:27:35+00:00,0x932565ccd89c587343bc69c4734a6d117f1097f9d0ecc9785c0defeaeb1e25f0
0xdafea492d9c6733ae3d56b7ed1adb60692c98bc5,0xe688b84b23f322a994a53dbf8e15fa82cdb71127,0.1640878091941819,2022-09-20T14:07:59+00:00,0xe2bf45c24452ce4f8ba24e6871ed933f82611ce004566efabcd88e477f3855d5
0xdafea492d9c6733ae3d56b7ed1adb60692c98bc5,0xe688b84b23f322a994a53dbf8e15fa82cdb71127,0.039613505554330464,2022-09-20T14:18:11+00:00,0x678045fd98216ed100ed9469506000038ea38710a1699e232efac2b984c89e78
0xb646d87963da1fb9d192ddba775f24f33e857128,0xe688b84b23f322a994a53dbf8e15fa82cdb71127,0.129882559389681,2022-09-20T14:24:59+00:00,0x104fabd7fc4fc73d7f24617de816a504968e195c88f92d9f430b0a95b221392f
0xdafea492d9c6733ae3d56b7ed1adb60692c98bc5,0xe688b84b23f322a994a53dbf8e15fa82cdb71127,0.0402685932813141,2022-09-20T14:28:47+00:00,0x147d624a931f77e5b4d3deaf93a6ca25bd3439a94aec9fab8655049983d927f6
0xdafea492d9c6733ae3d56b7ed1adb60692c98bc5,0xe688b84b23f322a994a53dbf8e15fa82cdb71127,0.15403455386367623,2022-09-20T14:36:47+00:00,0xad0f5d6d287705de8a54aa8db984f4eca5d58e2786393d1636ee2ce48a640893
0xdafea492d9c6733ae3d56b7ed1adb60692c98bc5,0xe688b84b23f322a994a53dbf8e15fa82cdb71127,0.04817604015028838,2022-09-20T14:37:11+00:00,0xabd3c6d13cfa5a953e9c6267ce6a5e5f812bd6699e98caed53fb49cc242cb0fa
0xdafea492d9c6733ae3d56b7ed1adb60692c98bc5,0xe688b84b23f322a994a53dbf8e15fa82cdb71127,0.07729347776845581,2022-09-20T14:47:47+00:00,0xf1d51a17d050499540490241720191abaaac309150562c864d02252fde3bfc60
0xa7fdca7aa0b69927a34ec48ddcfe3d4c66ff0d94,0xe688b84b23f322a994a53dbf8e15fa82cdb71127,0.3813942853338069,2022-09-20T14:51:59+00:00,0xdf300b1a69b0367331106f17cf81fee7bcbd752bf0b19e2d5cd6d1057cec7a12
0xdafea492d9c6733ae3d56b7ed1adb60692c98bc5,0xe688b84b23f322a994a53dbf8e15fa82cdb71127,0.08797548694172466,2022-09-20T14:55:11+00:00,0xecc6a9bff55ebc6891d4eed3d76d6acb856197426168677bed04916049399c50
0xa7fdca7aa0b69927a34ec48ddcfe3d4c66ff0d94,0xe688b84b23f322a994a53dbf8e15fa82cdb71127,0.05104443846920441,2022-09-20T15:05:23+00:00,0x64f24793c8a69b020ed82edea083651b0e0d650402bee400c0890baadb57d5ae
0xdafea492d9c6733ae3d56b7ed1adb60692c98bc5,0xe688b84b23f322a994a53dbf8e15fa82cdb71127,0.04452502899812736,2022-09-20T15:07:23+00:00,0xf17ee04b6b80d72bfe99d2a0395d62b11e5d88a61e3160f6f1004f56542a5098
0xdafea492d9c6733ae3d56b7ed1adb60692c98bc5,0xe688b84b23f322a994a53dbf8e15fa82cdb71127,0.026363511677415824,2022-09-20T15:16:23+00:00,0xf58aba215383954c2fe8a60ac8e1798e133ed3a560d5ece2a389efda0a1510a4
0xdafea492d9c6733ae3d56b7ed1adb60692c98bc5,0xe688b84b23f322a994a53dbf8e15fa82cdb71127,0.1403087759720182,2022-09-20T15:18:47+00:00,0x3cb91359c8af127c13faa3f24d6d3ab1de95bf9ec2127a84897fd605cb99c231
0xb646d87963da1fb9d192ddba775f24f33e857128,0xe688b84b23f322a994a53dbf8e15fa82cdb71127,0.033621814695170525,2022-09-20T15:30:23+00:00,0x627fa06172d4cfe39c03cf889e1714527191d44fcae35068c954810a7704e201
0xdafea492d9c6733ae3d56b7ed1adb60692c98bc5,0xe688b84b23f322a994a53dbf8e15fa82cdb71127,0.11002545154995753,2022-09-20T15:38:23+00:00,0x63dac7871d9dfe8c8c16aeb31a071b82a9080bc554087009ac147645fc249e58
0xdafea492d9c6733ae3d56b7ed1adb60692c98bc5,0xe688b84b23f322a994a53dbf8e15fa82cdb71127,0.04826941222410664,2022-09-20T15:52:11+00:00,0xadafc9253d126ac4a7894b1a9d6c98e634043b9eaf860b47e7e6f40f00901265
0xdafea492d9c6733ae3d56b7ed1adb60692c98bc5,0xe688b84b23f322a994a53dbf8e15fa82cdb71127,0.060248595373373307,2022-09-20T16:21:23+00:00,0x7ef1ee8ab7f0529e3c577ce8ae189d3371d24424a4a9c0ea3a6f14d3eca41099
0xdafea492d9c6733ae3d56b7ed1adb60692c98bc5,0xe688b84b23f322a994a53dbf8e15fa82cdb71127,0.24226924567980326,2022-09-20T16:25:35+00:00,0xc3727b5086a5756de5ba0336df9ab82bef33a2eba643478af0fce7832f62eb0b
0xdafea492d9c6733ae3d56b7ed1adb60692c98bc5,0xe688b84b23f322a994a53dbf8e15fa82cdb71127,0.07991440747677357,2022-09-20T16:39:59+00:00,0x82142f4ef5367159664cc0f64a227ec5f16608e46871f39606e5031b15bd6272
0xa7fdca7aa0b69927a34ec48ddcfe3d4c66ff0d94,0xe688b84b23f322a994a53dbf8e15fa82cdb71127,0.26340767912829943,2022-09-20T16:53:59+00:00,0x71e17c0fd6cbd79c07b47a1b8696c8a81c566d43216fb532c44f44905ce5ccd4
0xdafea492d9c6733ae3d56b7ed1adb60692c98bc5,0xe688b84b23f322a994a53dbf8e15fa82cdb71127,0.0776574799258196,2022-09-20T16:56:59+00:00,0xb99c2babc87366083c475c35cf5801497f0e636cc9eac7ed3097dbed0f51a0df
0xdafea492d9c6733ae3d56b7ed1adb60692c98bc5,0xe688b84b23f322a994a53dbf8e15fa82cdb71127,0.1354420875299162,2022-09-20T17:17:59+00:00,0x0222b8babe28235292e88d29b3a517ec3fd4e1a5532f0707e4030ee3c2bbcfca
0xdafea492d9c6733ae3d56b7ed1adb60692c98bc5,0xe688b84b23f322a994a53dbf8e15fa82cdb71127,0.05995327362968578,2022-09-20T17:35:35+00:00,0xd8b829cea5562ff12e125f6cca1f904d0b1eb78d3472322578df077ef5ae3a51
0xdafea492d9c6733ae3d56b7ed1adb60692c98bc5,0xe688b84b23f322a994a53dbf8e15fa82cdb71127,0.041015901728410124,2022-09-20T17:36:35+00:00,0xe261bb6528e7d424a3130a3ca4c3b1cea2ae99723e04a6d23306de77d2c42f51
0xdafea492d9c6733ae3d56b7ed1adb60692c98bc5,0xe688b84b23f322a994a53dbf8e15fa82cdb71127,0.16491831838350746,2022-09-20T17:41:11+00:00,0xa953e56e69c50a859ca31779db088ea3dfc852921937dd6af8343ee0188852fa
0xdafea492d9c6733ae3d56b7ed1adb60692c98bc5,0xe688b84b23f322a994a53dbf8e15fa82cdb71127,0.12581848218964145,2022-09-20T17:47:11+00:00,0x553135ec0b0db7909121dff4bf8a0cb40236879e67bcb7fc9d9901cadb8d1714
0xdafea492d9c6733ae3d56b7ed1adb60692c98bc5,0xe688b84b23f322a994a53dbf8e15fa82cdb71127,0.18625320683471014,2022-09-20T18:07:11+00:00,0x25090dc738d67c8adae71569920740496adad08e2f2b6e2155b0ca4e99fdbbeb
0xdafea492d9c6733ae3d56b7ed1adb60692c98bc5,0xe688b84b23f322a994a53dbf8e15fa82cdb71127,0.27940106331501274,2022-09-20T18:14:23+00:00,0x41d63acd9c87f5266fcdb585798c6dd0ea159d766c2be46c878662dc4148bef7
0xdafea492d9c6733ae3d56b7ed1adb60692c98bc5,0xe688b84b23f322a994a53dbf8e15fa82cdb71127,0.04942793639475746,2022-09-20T19:08:47+00:00,0xd48d373090195807a5f99e8f49f46ee57b0c822a36b4268b01147720c0b9423f
0xdafea492d9c6733ae3d56b7ed1adb60692c98bc5,0xe688b84b23f322a994a53dbf8e15fa82cdb71127,0.12817845893962823,2022-09-20T19:13:35+00:00,0x43aa0606e0a9cae61740f0d8a946dc0146fa5cd1ab5e75962aa21c8ff26355eb
0xdafea492d9c6733ae3d56b7ed1adb60692c98bc5,0xe688b84b23f322a994a53dbf8e15fa82cdb71127,0.23112551653633723,2022-09-20T19:25:23+00:00,0x547859296ff058bef20f266358d446f66952bbf7687cee8ca6e8507df8d4d40b
0xdafea492d9c6733ae3d56b7ed1adb60692c98bc5,0xe688b84b23f322a994a53dbf8e15fa82cdb71127,0.15700789213924843,2022-09-20T19:45:47+00:00,0x739e530575300af5df00763d3bfa3e9ed5ac06cdb98606df88d47b56a8931c11
0xdafea492d9c6733ae3d56b7ed1adb60692c98bc5,0xe688b84b23f322a994a53dbf8e15fa82cdb71127,0.05611674873735032,2022-09-20T19:46:11+00:00,0x5c80dc86b0d45055d576eb888edcc40ac941e3456d9b1d03cc726268978fe49e
0xdafea492d9c6733ae3d56b7ed1adb60692c98bc5,0xe688b84b23f322a994a53dbf8e15fa82cdb71127,0.07179712814748478,2022-09-20T19:47:47+00:00,0x77415f5e24ea99c26da304dcf3e4e4d0a69f46b2e3a305d001a5f92523a8614c
0xdafea492d9c6733ae3d56b7ed1adb60692c98bc5,0xe688b84b23f322a994a53dbf8e15fa82cdb71127,0.06310217413778033,2022-09-20T19:50:47+00:00,0x190563971432cad0af8b8d6e939b27f587b1d3d421ca161604be29d90fe6c4b0
0xdafea492d9c6733ae3d56b7ed1adb60692c98bc5,0xe688b84b23f322a994a53dbf8e15fa82cdb71127,0.8838266219029011,2022-09-20T19:56:59+00:00,0x4b8ec84a016de333322dd9c206ae3ed4bea38656fb4c1e5a34633c5a8597980e
0xdafea492d9c6733ae3d56b7ed1adb60692c98bc5,0xe688b84b23f322a994a53dbf8e15fa82cdb71127,0.039868756280507026,2022-09-20T19:58:11+00:00,0xa4c47d9e7bb74c903d33d458ff9025d388dbd0b86d0999fbdae9a9dff725d0fd
0xdafea492d9c6733ae3d56b7ed1adb60692c98bc5,0xe688b84b23f322a994a53dbf8e15fa82cdb71127,1.2545322868689752,2022-09-20T20:03:59+00:00,0x37b197f9d72c0b25c0d8b182fc1273bdf1d79f834e294421bbd0aa8157b21045
0xdafea492d9c6733ae3d56b7ed1adb60692c98bc5,0xe688b84b23f322a994a53dbf8e15fa82cdb71127,0.040252321862878415,2022-09-20T20:18:11+00:00,0x98b0e0831764db4f840e11324cebb7973fff5dc08cee43a94385a264bb87ffe5
0xdafea492d9c6733ae3d56b7ed1adb60692c98bc5,0xe688b84b23f322a994a53dbf8e15fa82cdb71127,0.1498915686568818,2022-09-20T20:23:59+00:00,0x830cdaf40d32149592bca68139044942f1f8d36415aee21b62998d7bf33b939a
0xdafea492d9c6733ae3d56b7ed1adb60692c98bc5,0xe688b84b23f322a994a53dbf8e15fa82cdb71127,0.03173043920515953,2022-09-20T20:31:11+00:00,0x4f7ed6cdd12ded2a04560f79e70456fdd3da8de8711f9df7a3eeaebc0748b69d
0xdafea492d9c6733ae3d56b7ed1adb60692c98bc5,0xe688b84b23f322a994a53dbf8e15fa82cdb71127,0.02607527697023448,2022-09-20T20:44:47+00:00,0x7d0627408c118aa4997d581fa9cdcbcfc579ce97acaf4a3ddff01293f70592ac
0xdafea492d9c6733ae3d56b7ed1adb60692c98bc5,0xe688b84b23f322a994a53dbf8e15fa82cdb71127,0.04594772739564536,2022-09-20T20:50:47+00:00,0xbfeb5cbad369a92b7f5d3e1487e6f9b54ea7aabb0dcd751b16a59fab30b46d85
0xdafea492d9c6733ae3d56b7ed1adb60692c98bc5,0xe688b84b23f322a994a53dbf8e15fa82cdb71127,0.07853122343580092,2022-09-20T20:59:47+00:00,0x03bff68646cc04ac16b840eda405bc36f462b696b0a495d61aa4f73467abe3d9
0xdafea492d9c6733ae3d56b7ed1adb60692c98bc5,0xe688b84b23f322a994a53dbf8e15fa82cdb71127,0.10533187673733843,2022-09-20T21:32:47+00:00,0x8de83cf9fb253e9ee4e752f9d6e7af630f623b478c6eb3cc6ff65734751e0e9f
0xdafea492d9c6733ae3d56b7ed1adb60692c98bc5,0xe688b84b23f322a994a53dbf8e15fa82cdb71127,0.46783913616042916,2022-09-20T21:49:47+00:00,0x2f21e40b2940ceedcadc6109abd7cd4a4543e2448a37d231540970493b8f48a0
0xdafea492d9c6733ae3d56b7ed1adb60692c98bc5,0xe688b84b23f322a994a53dbf8e15fa82cdb71127,0.06153374784034107,2022-09-20T21:55:11+00:00,0x3aea55cc0cd883bb7cd4a11190f1b6d8502946158881e78a1bf9275952dd45ba
0xdafea492d9c6733ae3d56b7ed1adb60692c98bc5,0xe688b84b23f322a994a53dbf8e15fa82cdb71127,0.15969135391331768,2022-09-20T22:10:23+00:00,0xb56ba751fbd9a2305b9338d7f68fad832a17632909b5d1b96a81d19958809eaa
0xdafea492d9c6733ae3d56b7ed1adb60692c98bc5,0xe688b84b23f322a994a53dbf8e15fa82cdb71127,0.1315356981768625,2022-09-20T22:16:23+00:00,0xc6db46823d56617331bc95345555ad744855006102dd08d7e0a079000e3bf5ba
0xdafea492d9c6733ae3d56b7ed1adb60692c98bc5,0xe688b84b23f322a994a53dbf8e15fa82cdb71127,0.02874354187901997,2022-09-20T22:20:47+00:00,0xf319385a709029963326c1fe2bdfc001ca679d7731ecff13057309e7bba10397
0xb646d87963da1fb9d192ddba775f24f33e857128,0xe688b84b23f322a994a53dbf8e15fa82cdb71127,0.1331316837839052,2022-09-20T22:27:11+00:00,0xb8a8bb56d52ec27a652b295bbc9989bbdef5f2b6326a3d045d2fbfd999b648e6
0xdafea492d9c6733ae3d56b7ed1adb60692c98bc5,0xe688b84b23f322a994a53dbf8e15fa82cdb71127,0.13562820276437001,2022-09-20T22:28:35+00:00,0x1aa514b335052d54439da0bb9c25907b1c2cd4ff7ac64c9d0413c31655cb7113
0xdafea492d9c6733ae3d56b7ed1adb60692c98bc5,0xe688b84b23f322a994a53dbf8e15fa82cdb71127,0.035006744870488514,2022-09-20T22:54:23+00:00,0xceb43dbaced6ccad03454f13e2d946cba3a222206ca69743cf963af6d59ead26
0xdafea492d9c6733ae3d56b7ed1adb60692c98bc5,0xe688b84b23f322a994a53dbf8e15fa82cdb71127,0.09825688032512572,2022-09-20T23:00:35+00:00,0xcb7ae32f4b77cffa0a6423918acb89e5a19a20f4dce4a137b506d416a35cc44f
0xdafea492d9c6733ae3d56b7ed1adb60692c98bc5,0xe688b84b23f322a994a53dbf8e15fa82cdb71127,0.03562801145584353,2022-09-20T23:23:59+00:00,0xc2415ec73ddcc19bc3642f624102e2ed474a1098c3d1c9d9aea1e67e95bc21f4
0xdafea492d9c6733ae3d56b7ed1adb60692c98bc5,0xe688b84b23f322a994a53dbf8e15fa82cdb71127,0.08137080742180025,2022-09-20T23:27:47+00:00,0x7060480b316ea4a1e391a8ee33d495ab433dc9b1fd1fcfeedcfe50911e57b919
0xdafea492d9c6733ae3d56b7ed1adb60692c98bc5,0xe688b84b23f322a994a53dbf8e15fa82cdb71127,0.04802079317037426,2022-09-20T23:31:35+00:00,0x3d39ee3d81fe18ebffbcf084022a83083c6b6a92ba89836b4f32741e2c9fe9c7
0xdafea492d9c6733ae3d56b7ed1adb60692c98bc5,0xe688b84b23f322a994a53dbf8e15fa82cdb71127,0.04099505302671248,2022-09-21T00:11:59+00:00,0x66a44ae65df82eddccc1156c1773210babd8d91b9ad530ab7b42020605e6bea6
0xdafea492d9c6733ae3d56b7ed1adb60692c98bc5,0xe688b84b23f322a994a53dbf8e15fa82cdb71127,0.06007748151965438,2022-09-21T00:18:47+00:00,0x8f30dee507b0341110c53e8a37072025fcde52790887c0092360c10c662c22b4
0xdafea492d9c6733ae3d56b7ed1adb60692c98bc5,0xe688b84b23f322a994a53dbf8e15fa82cdb71127,0.10269442447589286,2022-09-21T00:24:23+00:00,0x68e28a3aaf5ba01afdec4230778b0b9f824b563e58ed82dc212e85cafb30b963
0xdafea492d9c6733ae3d56b7ed1adb60692c98bc5,0xe688b84b23f322a994a53dbf8e15fa82cdb71127,0.03869495896622502,2022-09-21T00:30:35+00:00,0x1b1a0e090a7ea24f7c27d247467b42dc789fb9b67722b26c8adb786180b3c2fd
0xdafea492d9c6733ae3d56b7ed1adb60692c98bc5,0xe688b84b23f322a994a53dbf8e15fa82cdb71127,0.03442223631852947,2022-09-21T00:42:35+00:00,0x6184f52b53714e1c5736293adfa22daa261c0e3e6f5ca10082e569270cfc5c66
0xdafea492d9c6733ae3d56b7ed1adb60692c98bc5,0xe688b84b23f322a994a53dbf8e15fa82cdb71127,0.3139753360310473,2022-09-21T00:44:23+00:00,0xe079aa911f9536a889922fefe5c622f7d2b8bd64f12bf872f102e545a06b6e4e
0xdafea492d9c6733ae3d56b7ed1adb60692c98bc5,0xe688b84b23f322a994a53dbf8e15fa82cdb71127,0.1442305450999569,2022-09-21T00:45:23+00:00,0xcbbd8d383a8052fd90d8e87d4ec53e38efbca04d88737df7e042a7b5b96afa2e
0xdafea492d9c6733ae3d56b7ed1adb60692c98bc5,0xe688b84b23f322a994a53dbf8e15fa82cdb71127,0.017907181981278247,2022-09-21T01:31:35+00:00,0x9bc656a0780463d211dd97bb859465d2f6bee5512b136524499cc00b1c2d1e06
0xdafea492d9c6733ae3d56b7ed1adb60692c98bc5,0xe688b84b23f322a994a53dbf8e15fa82cdb71127,0.11739571175882967,2022-09-21T01:39:11+00:00,0x551bdc400a2df9e045d9e67f1a4e9d505cd146abd5c4878a16fd6833cb951a3a
0xdafea492d9c6733ae3d56b7ed1adb60692c98bc5,0xe688b84b23f322a994a53dbf8e15fa82cdb71127,0.08365336985628666,2022-09-21T01:45:47+00:00,0x1e14507b869511d417e97743b567a990648d384050a6ce63e261d337ed6a71b0
0xdafea492d9c6733ae3d56b7ed1adb60692c98bc5,0xe688b84b23f322a994a53dbf8e15fa82cdb71127,0.0983298258774047,2022-09-21T01:54:23+00:00,0x9d93fba5dae08aaff0c9ae3b360e6b1be612f99ed2a73180d1edbf2103427b92
0xdafea492d9c6733ae3d56b7ed1adb60692c98bc5,0xe688b84b23f322a994a53dbf8e15fa82cdb71127,0.03636140248836955,2022-09-21T02:03:23+00:00,0x6330591a7257190dfc928aea7c4c72c2798c18fcf627d4d88c8294a7aba392d1
0xdafea492d9c6733ae3d56b7ed1adb60692c98bc5,0xe688b84b23f322a994a53dbf8e15fa82cdb71127,0.05899938759260513,2022-09-21T02:31:23+00:00,0x03eafa588b4571abc337beeeac3c287dc5a507b6e7b61d794c45d7ac6430b3f5
0xdafea492d9c6733ae3d56b7ed1adb60692c98bc5,0xe688b84b23f322a994a53dbf8e15fa82cdb71127,0.10079734476379092,2022-09-21T02:48:23+00:00,0xcb65b5bd4b503bb58480c2e4e2d2ce5f0e7ff325897f6400137bf26d90e3ea95
0xdafea492d9c6733ae3d56b7ed1adb60692c98bc5,0xe688b84b23f322a994a53dbf8e15fa82cdb71127,0.13293558112690218,2022-09-21T02:50:59+00:00,0xb04b2dfc0738a78377ba6aaed1532f1869576138ae93213282ee6de7f0e1ea0e
0xdafea492d9c6733ae3d56b7ed1adb60692c98bc5,0xe688b84b23f322a994a53dbf8e15fa82cdb71127,5.796843119961224,2022-09-21T03:07:59+00:00,0x9ef8840d0e1453e3f8465d9986ad73900bd31fd55abeecd8f609711de6e19cbd
0xdafea492d9c6733ae3d56b7ed1adb60692c98bc5,0xe688b84b23f322a994a53dbf8e15fa82cdb71127,0.036606408784995034,2022-09-21T03:13:23+00:00,0x259a8122e1a12823cbbcc81883728ca79bc064627569b4709637ea2ffa2f6c1a
0xdafea492d9c6733ae3d56b7ed1adb60692c98bc5,0xe688b84b23f322a994a53dbf8e15fa82cdb71127,0.04974280127550719,2022-09-21T03:18:59+00:00,0x25f5d3858860234a63d296277ac11d5b256024d5d61f2f66113635beb2a96843
0xdafea492d9c6733ae3d56b7ed1adb60692c98bc5,0xe688b84b23f322a994a53dbf8e15fa82cdb71127,0.03267907261555545,2022-09-21T03:24:35+00:00,0x7ddf4a2a59ec27c5add51d4bb858b6c77a5c280eb4268bd0c964bbef20e2cab6
0xdafea492d9c6733ae3d56b7ed1adb60692c98bc5,0xe688b84b23f322a994a53dbf8e15fa82cdb71127,0.10157224060896618,2022-09-21T03:46:35+00:00,0x2205b27f1af5c9d5027bed75ce41e95076c1312c8b2f4c3cf041c466d7c8190f
0xdafea492d9c6733ae3d56b7ed1adb60692c98bc5,0xe688b84b23f322a994a53dbf8e15fa82cdb71127,0.05825178660092358,2022-09-21T03:55:23+00:00,0x8e44eee2da273b300b22cf529b47d66d8ee2a68fbd2d32634794d92796a32c92
0xdafea492d9c6733ae3d56b7ed1adb60692c98bc5,0xe688b84b23f322a994a53dbf8e15fa82cdb71127,0.03787528650517103,2022-09-21T04:24:35+00:00,0x1ac22fe7d9f95f00c59791a7d5a99354b821731f73bd8eb32b0725410cec137d
0xdafea492d9c6733ae3d56b7ed1adb60692c98bc5,0xe688b84b23f322a994a53dbf8e15fa82cdb71127,0.047657387610220474,2022-09-21T04:29:23+00:00,0xaa2663ea785bd9c7eeeb91c74887f873cdf0deee09bb55afdcebf095e73c6e25
0xdafea492d9c6733ae3d56b7ed1adb60692c98bc5,0xe688b84b23f322a994a53dbf8e15fa82cdb71127,0.10061002442520083,2022-09-21T04:39:47+00:00,0x7e8d743dfa76cc65dcca06c6b3fb31a8471a85145ca9ccaba66e9240ab148de6
0xdafea492d9c6733ae3d56b7ed1adb60692c98bc5,0xe688b84b23f322a994a53dbf8e15fa82cdb71127,0.07888551977241587,2022-09-21T04:48:59+00:00,0x2c8f99269c4363ecb3b523f898e5def660a53712b60cf3f99a61b6da91dd8cd0
0xdafea492d9c6733ae3d56b7ed1adb60692c98bc5,0xe688b84b23f322a994a53dbf8e15fa82cdb71127,0.05110595910503235,2022-09-21T04:53:47+00:00,0x85dff434751e8ee1febacebcb7b5bdd7af5a9512a7f51667ac51528f8404216d
0xdafea492d9c6733ae3d56b7ed1adb60692c98bc5,0xe688b84b23f322a994a53dbf8e15fa82cdb71127,0.05930625680128967,2022-09-21T04:56:59+00:00,0xcc840108501e63b42fe6fd7ad18827d34de33a7d352929c9b45b3372d1bdd586
0xdafea492d9c6733ae3d56b7ed1adb60692c98bc5,0xe688b84b23f322a994a53dbf8e15fa82cdb71127,0.05569615082784643,2022-09-21T05:09:11+00:00,0x38213c88d2ca5700cd7e4dbc3e6f012a6db023ed66f773635a49c33f0525d73b
0xdafea492d9c6733ae3d56b7ed1adb60692c98bc5,0xe688b84b23f322a994a53dbf8e15fa82cdb71127,0.04993657494184315,2022-09-21T05:12:47+00:00,0x58766fd23f67d8d3065336c7e0d742b3b26257e6886a55c6820697f909e176aa
0xdafea492d9c6733ae3d56b7ed1adb60692c98bc5,0xe688b84b23f322a994a53dbf8e15fa82cdb71127,0.04531191598262527,2022-09-21T05:22:59+00:00,0x4c6bdde04faca221f423b72914d76c3c35717fd14f565c6086cf2301d9161c8f
0xb646d87963da1fb9d192ddba775f24f33e857128,0xe688b84b23f322a994a53dbf8e15fa82cdb71127,0.024517895986794207,2022-09-21T05:55:47+00:00,0xcaad6f3bd2cb1676796da2e4733d1e8b90196d3a7d703f65d950b8c137ab8168
0xdafea492d9c6733ae3d56b7ed1adb60692c98bc5,0xe688b84b23f322a994a53dbf8e15fa82cdb71127,0.04125831266066023,2022-09-21T06:16:23+00:00,0xb5f0c53f2463fa4a232cf3cfc9b185c877b5c2cad9c8955e6ea66d0c6420040c
0xdafea492d9c6733ae3d56b7ed1adb60692c98bc5,0xe688b84b23f322a994a53dbf8e15fa82cdb71127,0.08345201459045644,2022-09-21T06:17:47+00:00,0x157bff658db7c2057e8bf7a4bac1a7c616ff6e097ee66aac40feac78a397d04d
0xdafea492d9c6733ae3d56b7ed1adb60692c98bc5,0xe688b84b23f322a994a53dbf8e15fa82cdb71127,0.12023684705531802,2022-09-21T06:21:35+00:00,0x32445fa4e1f51717c92f25ba41562a1a34f440cf74716c0026c70df77f08521e
0xdafea492d9c6733ae3d56b7ed1adb60692c98bc5,0xe688b84b23f322a994a53dbf8e15fa82cdb71127,0.040785695442461335,2022-09-21T06:45:23+00:00,0xe50403a932f14d3021e606017f225d853bee20107baf02d67ccc1222564e1d81
0xdafea492d9c6733ae3d56b7ed1adb60692c98bc5,0xe688b84b23f322a994a53dbf8e15fa82cdb71127,0.026416229561174537,2022-09-21T06:47:23+00:00,0x935d1c7efeb55c866967efa3591f0506e086209b3ccc293f370705b5fd96eb21
0xb646d87963da1fb9d192ddba775f24f33e857128,0xe688b84b23f322a994a53dbf8e15fa82cdb71127,0.04266019566483155,2022-09-21T06:54:59+00:00,0x933250986d2195a8d1eb914fe5fac75bae2974c306e6ba2d5d28fbced2f53a52
0xdafea492d9c6733ae3d56b7ed1adb60692c98bc5,0xe688b84b23f322a994a53dbf8e15fa82cdb71127,0.0495549907689937,2022-09-21T07:02:35+00:00,0xeb5f75f3b62f3ebeca4a28d13a73e38335dbbc89dd9b05f9343856075baa5344
0xdafea492d9c6733ae3d56b7ed1adb60692c98bc5,0xe688b84b23f322a994a53dbf8e15fa82cdb71127,0.027958953755487886,2022-09-21T07:05:47+00:00,0x451786343fceeb44915fe4f523c9267d62fdc802b936e79778feccf73fcf0c84
0xdafea492d9c6733ae3d56b7ed1adb60692c98bc5,0xe688b84b23f322a994a53dbf8e15fa82cdb71127,0.041714698983140445,2022-09-21T07:08:35+00:00,0x5cc219589db2dc4727035b6070ee6edd30853300d2fd9f6c6302e655426f9222
0xdafea492d9c6733ae3d56b7ed1adb60692c98bc5,0xe688b84b23f322a994a53dbf8e15fa82cdb71127,0.12559341829176163,2022-09-21T07:09:23+00:00,0x4dce09adb8d83ae711cf093b9ce20eb99508396437791285fdbacc37fb008ef1
0xdafea492d9c6733ae3d56b7ed1adb60692c98bc5,0xe688b84b23f322a994a53dbf8e15fa82cdb71127,0.09669203035900287,2022-09-21T07:10:11+00:00,0x96e9107fc6bce59e2fbc276cbf1fceaa07cf7584280e3d356a3fe4311ff06aba
0xdafea492d9c6733ae3d56b7ed1adb60692c98bc5,0xe688b84b23f322a994a53dbf8e15fa82cdb71127,0.021819248363193322,2022-09-21T07:24:47+00:00,0xb10c0d265cfea24fe436ce9979e36ecaee8a293c2ef1f95cba57f802fbcf060c
0xdafea492d9c6733ae3d56b7ed1adb60692c98bc5,0xe688b84b23f322a994a53dbf8e15fa82cdb71127,0.06959862962031385,2022-09-21T07:56:11+00:00,0xf3e10a2025e43f9acc15209b8b6986e2c3b018c51153b9141363e1b33432e3d5
0xb646d87963da1fb9d192ddba775f24f33e857128,0xe688b84b23f322a994a53dbf8e15fa82cdb71127,0.029558318613925,2022-09-21T08:00:47+00:00,0x6a3c9ff518401a4dd604839c195562163c1a045145d8422e5389707ffef40a28
0xdafea492d9c6733ae3d56b7ed1adb60692c98bc5,0xe688b84b23f322a994a53dbf8e15fa82cdb71127,0.08318306752305513,2022-09-21T08:06:47+00:00,0x0abdb9bbf1f47c834aba80230cd5837a15de5dc93c81530d740d080bcee2a47c
0xdafea492d9c6733ae3d56b7ed1adb60692c98bc5,0xe688b84b23f322a994a53dbf8e15fa82cdb71127,0.014339363683253881,2022-09-21T08:08:23+00:00,0xfe7ff2fd1e2c8350943777a7df0405add52c4d72edd93f666c541f66150bcc2c
0xdafea492d9c6733ae3d56b7ed1adb60692c98bc5,0xe688b84b23f322a994a53dbf8e15fa82cdb71127,0.8910834657414484,2022-09-21T08:24:47+00:00,0x1aa9ba986dd2b53101583843c0d50b88a109ab3f8d9908851487f953286aed83
0xdafea492d9c6733ae3d56b7ed1adb60692c98bc5,0xe688b84b23f322a994a53dbf8e15fa82cdb71127,0.05959779667948007,2022-09-21T08:28:11+00:00,0x9a0865b9cf2aa183f209eb3d1a0b069a8fa81d80070b43ea826619ebe1cdd802
0xa7fdca7aa0b69927a34ec48ddcfe3d4c66ff0d94,0xe688b84b23f322a994a53dbf8e15fa82cdb71127,0.05025263212829268,2022-09-21T08:30:59+00:00,0x5ead27c51e5f36b7bd32b5d346d46a3c416f92a79390b66755a5d8ecfb323930
0xdafea492d9c6733ae3d56b7ed1adb60692c98bc5,0xe688b84b23f322a994a53dbf8e15fa82cdb71127,0.05334216181845549,2022-09-21T08:38:11+00:00,0x315a8b64ba06309d5c7fa7312c9d966cd6a4af7f0181819652ea3381c73e284b
0xdafea492d9c6733ae3d56b7ed1adb60692c98bc5,0xe688b84b23f322a994a53dbf8e15fa82cdb71127,0.09422122399384014,2022-09-21T08:46:11+00:00,0x25966bf6773c4f618a12efdffb7dd4f037bb7c6a50a2c1eaf0b3c7bee27f0dbc
0xa7fdca7aa0b69927a34ec48ddcfe3d4c66ff0d94,0xe688b84b23f322a994a53dbf8e15fa82cdb71127,0.04574931951890147,2022-09-21T08:49:35+00:00,0x225ccf7d1a3dfeedf06e4ad1ebdbc2ad2f9909c5ac84a6aaf48d55cf1bab0588
0xdafea492d9c6733ae3d56b7ed1adb60692c98bc5,0xe688b84b23f322a994a53dbf8e15fa82cdb71127,0.044327129429545774,2022-09-21T09:28:59+00:00,0x26702156a001147c81af6bebb9c434a6b015d9bfa65f95ddfa849caad5e8cc4e
0xdafea492d9c6733ae3d56b7ed1adb60692c98bc5,0xe688b84b23f322a994a53dbf8e15fa82cdb71127,0.02499326034910038,2022-09-21T09:29:47+00:00,0xb893fc0378ce5e3f56fd54afb3073e21ebe116aced27005f34bca2db1fefb4ee
0xdafea492d9c6733ae3d56b7ed1adb60692c98bc5,0xe688b84b23f322a994a53dbf8e15fa82cdb71127,0.08820062108177754,2022-09-21T09:48:23+00:00,0x017a7d485aab496d473b226925b80b8258b3372b202a8757a981f04c4e0c2688
0xdafea492d9c6733ae3d56b7ed1adb60692c98bc5,0xe688b84b23f322a994a53dbf8e15fa82cdb71127,0.027461468574767552,2022-09-21T09:54:11+00:00,0x8114d1b60da3a444c0638f0e2b22b18105ec7ece43f8c8e5c91f6f1288a6f0a3
0xdafea492d9c6733ae3d56b7ed1adb60692c98bc5,0xe688b84b23f322a994a53dbf8e15fa82cdb71127,0.09286020754806179,2022-09-21T10:01:35+00:00,0xb36f0053d3afc21a6768ee98ad2ce65f9e5ff3fa85c012f42c58eaaf48d0058a
0xdafea492d9c6733ae3d56b7ed1adb60692c98bc5,0xe688b84b23f322a994a53dbf8e15fa82cdb71127,0.03940352892835513,2022-09-21T10:03:47+00:00,0xf610f44d75fb8f20c5d05c072f91c18f286d9e8740d64d77d6b6c491f148bc73
0xdafea492d9c6733ae3d56b7ed1adb60692c98bc5,0xe688b84b23f322a994a53dbf8e15fa82cdb71127,0.17224581769673525,2022-09-21T10:11:23+00:00,0xef8cf706a7d5e9b99ad6e514e333f55092ce8ebd8e8a5ef2b4e9a02f9b6c3502
0xdafea492d9c6733ae3d56b7ed1adb60692c98bc5,0xe688b84b23f322a994a53dbf8e15fa82cdb71127,0.03615007071626393,2022-09-21T10:13:35+00:00,0x03e9f1c76495d174224a18a0a978d7dffb82a8daff7e8321989582c57eb1a0d3
0xdafea492d9c6733ae3d56b7ed1adb60692c98bc5,0xe688b84b23f322a994a53dbf8e15fa82cdb71127,0.0752702563724275,2022-09-21T10:14:59+00:00,0xda2547e5ea587013c352ddc63addb174245aa968aa89975c0671519a4312b155
0xdafea492d9c6733ae3d56b7ed1adb60692c98bc5,0xe688b84b23f322a994a53dbf8e15fa82cdb71127,0.15697517962073546,2022-09-21T10:40:11+00:00,0x7d351fc39e399f869a7c840af8166028ca3281108a0e015b662b2da1fa0d20ab
0xdafea492d9c6733ae3d56b7ed1adb60692c98bc5,0xe688b84b23f322a994a53dbf8e15fa82cdb71127,0.09981590960332133,2022-09-21T10:52:59+00:00,0xc0bec1872dedcfb55e3d4249482b90bcc25504848001714504d67135ed865a8f
0xdafea492d9c6733ae3d56b7ed1adb60692c98bc5,0xe688b84b23f322a994a53dbf8e15fa82cdb71127,0.06741843724299547,2022-09-21T11:03:59+00:00,0x58d309b7c367c518f65d65a111816ea55c738ee9a2a2e483bf49ff9542f92aa6
0xdafea492d9c6733ae3d56b7ed1adb60692c98bc5,0xe688b84b23f322a994a53dbf8e15fa82cdb71127,0.14165590820709714,2022-09-21T11:05:11+00:00,0x0aaadfa08c1a5675b8a1ae17de83e2085b8d8e2a1fd0f0180d040e2c3afd35cc
0xdafea492d9c6733ae3d56b7ed1adb60692c98bc5,0xe688b84b23f322a994a53dbf8e15fa82cdb71127,0.03451460311584774,2022-09-21T11:11:47+00:00,0x950ac7cb1edf308e4419795801f5afde560d8a607b53cb5f9a36a7d92596fc16
0xdafea492d9c6733ae3d56b7ed1adb60692c98bc5,0xe688b84b23f322a994a53dbf8e15fa82cdb71127,0.04974485005834425,2022-09-21T11:15:11+00:00,0xa86a8c9e31734afa618a8aae098e038f3b0788abdd0ff774c60c707f6cd8538b
0xdafea492d9c6733ae3d56b7ed1adb60692c98bc5,0xe688b84b23f322a994a53dbf8e15fa82cdb71127,0.03726266749565403,2022-09-21T11:22:23+00:00,0x4c58150186ac9ed3fd381bd17b058aa2cdb499d5ea9ddb916061f69c6ff84845
0xdafea492d9c6733ae3d56b7ed1adb60692c98bc5,0xe688b84b23f322a994a53dbf8e15fa82cdb71127,0.026606174683036794,2022-09-21T11:22:35+00:00,0x34a9356ecb5cec001c4485ad09b67db9ac790048b74d6607a89e216fa7a1cdcc
0xdafea492d9c6733ae3d56b7ed1adb60692c98bc5,0xe688b84b23f322a994a53dbf8e15fa82cdb71127,0.05073553548040391,2022-09-21T11:25:47+00:00,0x54ae4f70b9058f1f9f2d04f6b88f82458a080377dc6212986970472a5e885600
0xdafea492d9c6733ae3d56b7ed1adb60692c98bc5,0xe688b84b23f322a994a53dbf8e15fa82cdb71127,0.37478708386209403,2022-09-21T11:47:59+00:00,0x77e7e55b5cc0fc75bafbf2bcccf09b785c457f9c47f331cc87165cad71713751
0xdafea492d9c6733ae3d56b7ed1adb60692c98bc5,0xe688b84b23f322a994a53dbf8e15fa82cdb71127,0.031255503727466626,2022-09-21T11:51:11+00:00,0x3728e753bc25e3e8ade97f72818b2a809d5f03f508ca14dcc1e289bdd0953cf9
0xdafea492d9c6733ae3d56b7ed1adb60692c98bc5,0xe688b84b23f322a994a53dbf8e15fa82cdb71127,0.561929825755285,2022-09-21T12:17:47+00:00,0x0d3da1eec2bf8145f1b5665496befa24b9154350fb5ef1bda60fc9ffbdc0ebdc
0xdafea492d9c6733ae3d56b7ed1adb60692c98bc5,0xe688b84b23f322a994a53dbf8e15fa82cdb71127,0.034335649062254996,2022-09-21T12:20:35+00:00,0xf6dac7f8cd31cd7bf7b3607e8a29c8234ef6c55921e402dec03ddfc82e1782c5
0xdafea492d9c6733ae3d56b7ed1adb60692c98bc5,0xe688b84b23f322a994a53dbf8e15fa82cdb71127,0.06530532360928634,2022-09-21T12:34:47+00:00,0x90c0a9c7a7a6881585c0855226367588dc25564d9ccdb7780d487edc6560104b
0xdafea492d9c6733ae3d56b7ed1adb60692c98bc5,0xe688b84b23f322a994a53dbf8e15fa82cdb71127,0.18833741092473638,2022-09-21T12:35:23+00:00,0x30ae78cca68ac430e55a096ffbc9f28387d46db6f5428b03d8a1264517851712
0xdafea492d9c6733ae3d56b7ed1adb60692c98bc5,0xe688b84b23f322a994a53dbf8e15fa82cdb71127,0.3851020458374645,2022-09-21T12:56:35+00:00,0x5bf5c65b10b207bb12646b113d32241283f86a2cd29e1504def834f56e1518c6
0xdafea492d9c6733ae3d56b7ed1adb60692c98bc5,0xe688b84b23f322a994a53dbf8e15fa82cdb71127,0.17117680628016838,2022-09-21T13:06:11+00:00,0xb48897c73a8e71578e9d0946c2ae57163272ecff29fdc618b0cf872d0a7e9898
0xdafea492d9c6733ae3d56b7ed1adb60692c98bc5,0xe688b84b23f322a994a53dbf8e15fa82cdb71127,0.8903105799037313,2022-09-21T13:17:35+00:00,0x77ebfe6dca625c69e6335cbdbcf93789a7c4eb458f24fda01cfc040252171473
0xdafea492d9c6733ae3d56b7ed1adb60692c98bc5,0xe688b84b23f322a994a53dbf8e15fa82cdb71127,0.22084668693711262,2022-09-21T13:23:11+00:00,0xb28c08262fc710489d421f736213b394222eee9a1601c16dc4bd1de36cc4b231
0xdafea492d9c6733ae3d56b7ed1adb60692c98bc5,0xe688b84b23f322a994a53dbf8e15fa82cdb71127,0.06547896211039429,2022-09-21T13:25:47+00:00,0x865bdfdd59b2bfffe9ec01dd676e071ed4093f7803c7c22f8f7cd2ddd2028e35
0xdafea492d9c6733ae3d56b7ed1adb60692c98bc5,0xe688b84b23f322a994a53dbf8e15fa82cdb71127,0.19474410967859798,2022-09-21T13:43:35+00:00,0x35613c34a6432610aa0b2faafee32da3c147c3a47723ad3f233d683637fd83de
0xa7fdca7aa0b69927a34ec48ddcfe3d4c66ff0d94,0xe688b84b23f322a994a53dbf8e15fa82cdb71127,0.03987136933904922,2022-09-21T13:57:11+00:00,0xc8ee21f9987c4f0638954ea5704297eba474bc1d9d54792143104c6110bab88f
0xdafea492d9c6733ae3d56b7ed1adb60692c98bc5,0xe688b84b23f322a994a53dbf8e15fa82cdb71127,0.055665651579435454,2022-09-21T13:59:59+00:00,0x6006463dfc4e58b6e4c6caa45887cbd7c236447bfa002d5f0f9d8060e411ea67
0xdafea492d9c6733ae3d56b7ed1adb60692c98bc5,0xe688b84b23f322a994a53dbf8e15fa82cdb71127,0.08309757060865569,2022-09-21T14:06:35+00:00,0x1dab1354baea5e91545fda9887f340f504369f576b3782f46b08dd1e5e7a77bb
0xdafea492d9c6733ae3d56b7ed1adb60692c98bc5,0xe688b84b23f322a994a53dbf8e15fa82cdb71127,0.2058068088125471,2022-09-21T14:12:23+00:00,0x0f642fb58df1c0b3c84d1791f3edd8600da57351b456557d3ab1b39407b66fec
0xdafea492d9c6733ae3d56b7ed1adb60692c98bc5,0xe688b84b23f322a994a53dbf8e15fa82cdb71127,0.05084623963990693,2022-09-21T14:34:59+00:00,0x0046193c087014d67ec5b36a8da23436f0e67a5d075dc4eaf57add17039a32fe
0xdafea492d9c6733ae3d56b7ed1adb60692c98bc5,0xe688b84b23f322a994a53dbf8e15fa82cdb71127,0.12489348234293103,2022-09-21T14:42:35+00:00,0x020ffd8bbae20f66f740cbf1ced9576650e155515d382db50bf17ae6fbe57d89
0xdafea492d9c6733ae3d56b7ed1adb60692c98bc5,0xe688b84b23f322a994a53dbf8e15fa82cdb71127,0.09460416155045719,2022-09-21T14:48:35+00:00,0xc102317b071903ef1ea91d0b93939db581bbab2d1b86f1c86dd767accb42e1c8
0xdafea492d9c6733ae3d56b7ed1adb60692c98bc5,0xe688b84b23f322a994a53dbf8e15fa82cdb71127,0.1933168442379114,2022-09-21T15:09:47+00:00,0x0d853c72bb3e137df5932b87ecf5425af84ec2a9f675c076174636d1e3905c30
0xdafea492d9c6733ae3d56b7ed1adb60692c98bc5,0xe688b84b23f322a994a53dbf8e15fa82cdb71127,0.04447721685020468,2022-09-21T15:12:35+00:00,0x7cd7bd2b97da9b889e13da99429831025a6fb6bad8f5e478b4a95899380b6add
0xdafea492d9c6733ae3d56b7ed1adb60692c98bc5,0xe688b84b23f322a994a53dbf8e15fa82cdb71127,0.06779808565875149,2022-09-21T15:16:23+00:00,0x6d82f948ffb8f433e19f01f79bb503c05ce127c19a776d30226fb9b95ead927e
0xdafea492d9c6733ae3d56b7ed1adb60692c98bc5,0xe688b84b23f322a994a53dbf8e15fa82cdb71127,0.25402614595708123,2022-09-21T15:25:11+00:00,0xb23d4d7463c2f5eeabf4e0e0aecdba78623d482ef856c9276fa9c8ac6ea37320
0xdafea492d9c6733ae3d56b7ed1adb60692c98bc5,0xe688b84b23f322a994a53dbf8e15fa82cdb71127,0.05980209204430698,2022-09-21T15:42:23+00:00,0xc6a29690e91edec9d6fd258c6d9cecdf70650e30dcdde25453ac9c7c826418de
0x199d5ed7f45f4ee35960cf22eade2076e95b253f,0xe688b84b23f322a994a53dbf8e15fa82cdb71127,0.08444206376689924,2022-09-21T15:42:47+00:00,0xb3a0e18c5abea4b4b0803b96eb5a2b9c118181255ed32a920baa113dc0a0f93e
0xdafea492d9c6733ae3d56b7ed1adb60692c98bc5,0xe688b84b23f322a994a53dbf8e15fa82cdb71127,0.33783070524884506,2022-09-21T15:48:35+00:00,0xbb37c3db7d98d2f8846e2ee53eabe1fa85b3a311fffad0d61f516459d64c1a82
0xdafea492d9c6733ae3d56b7ed1adb60692c98bc5,0xe688b84b23f322a994a53dbf8e15fa82cdb71127,0.04339724725404395,2022-09-21T15:51:59+00:00,0x85a1c3149555445720dbe9fe0d3cc8325ffb0fc838de58e881cd193d2d52c8c1
0xdafea492d9c6733ae3d56b7ed1adb60692c98bc5,0xe688b84b23f322a994a53dbf8e15fa82cdb71127,0.041723215432992546,2022-09-21T15:55:23+00:00,0x459994b83ff258ea642b133d483b6fb48daff7f25444e9a1b6e9c29e56787136
0xdafea492d9c6733ae3d56b7ed1adb60692c98bc5,0xe688b84b23f322a994a53dbf8e15fa82cdb71127,0.045105359158616555,2022-09-21T16:01:35+00:00,0x9dd5e8a17268581a782e93200bc5b34af60d11232efc4bbfffa921bef613a77f
0xdafea492d9c6733ae3d56b7ed1adb60692c98bc5,0xe688b84b23f322a994a53dbf8e15fa82cdb71127,0.11692432281032691,2022-09-21T16:05:35+00:00,0x592cade755a55220d8595707d1619045744dd54f6524baa9cbcf7ca01d67faf7
0xdafea492d9c6733ae3d56b7ed1adb60692c98bc5,0xe688b84b23f322a994a53dbf8e15fa82cdb71127,0.19258190604572378,2022-09-21T16:21:59+00:00,0xd8eb71989a7e296dbccad9e3d7627dab9dd78f7578570e8e163cbee37407c11d
0xdafea492d9c6733ae3d56b7ed1adb60692c98bc5,0xe688b84b23f322a994a53dbf8e15fa82cdb71127,0.07584962122659478,2022-09-21T16:31:35+00:00,0x61dce949bcc2636856202bb11c99c6dda5f989b6a4881b3dd773e02ec2c74af7
0xdafea492d9c6733ae3d56b7ed1adb60692c98bc5,0xe688b84b23f322a994a53dbf8e15fa82cdb71127,0.06494462890977147,2022-09-21T16:32:47+00:00,0x31f325c28d5bd8c0c7c4d5d45f7365c050288185cf077b9cd9dab32b88db5556
0xdafea492d9c6733ae3d56b7ed1adb60692c98bc5,0xe688b84b23f322a994a53dbf8e15fa82cdb71127,0.35088311404823364,2022-09-21T16:32:59+00:00,0xbbac3789b71a69b8ded98a95d4f3defc4b514fc9b9c038a36b731fe84cd685e5
0xdafea492d9c6733ae3d56b7ed1adb60692c98bc5,0xe688b84b23f322a994a53dbf8e15fa82cdb71127,0.13214038654260488,2022-09-21T16:45:23+00:00,0x6e3fddc2d53bb8089a3291538229d76e60785e204841c5b69f8f9d10fd44d237
0xdafea492d9c6733ae3d56b7ed1adb60692c98bc5,0xe688b84b23f322a994a53dbf8e15fa82cdb71127,0.0635618340203065,2022-09-21T16:48:35+00:00,0xaf41b7aacf99cec65b2edb1f88234137418e41179ef371460a77c41c4bd3fa02
0xdafea492d9c6733ae3d56b7ed1adb60692c98bc5,0xe688b84b23f322a994a53dbf8e15fa82cdb71127,0.035463312776578854,2022-09-21T16:54:59+00:00,0x7879a7ae8efe4afc1de27cbca791a9a7e513cd02a5f9941f49fd7edd5b71aaf3
0xdafea492d9c6733ae3d56b7ed1adb60692c98bc5,0xe688b84b23f322a994a53dbf8e15fa82cdb71127,0.4452389564782668,2022-09-21T17:05:59+00:00,0xea05ae1d9ca816bc335d9fce0361028088553851d6518e2502633401bd097c63
0xdafea492d9c6733ae3d56b7ed1adb60692c98bc5,0xe688b84b23f322a994a53dbf8e15fa82cdb71127,0.037492224627549676,2022-09-21T17:19:35+00:00,0x722375b1320d96fcefb347ef66c524d1202217ef1b6e07ec12f99cdb889500e0
0xdafea492d9c6733ae3d56b7ed1adb60692c98bc5,0xe688b84b23f322a994a53dbf8e15fa82cdb71127,0.07484893112659792,2022-09-21T17:22:35+00:00,0xadd87bf1f544802ff736e5c9a75db381cd8dfb811278229568c7871154d36322
0xdafea492d9c6733ae3d56b7ed1adb60692c98bc5,0xe688b84b23f322a994a53dbf8e15fa82cdb71127,0.05287021680777592,2022-09-21T17:48:47+00:00,0x3d1d00ac757977ada1dca2bfd5bc21387d6a23a75e4c96f63b187df8e4bbf8af
0xdafea492d9c6733ae3d56b7ed1adb60692c98bc5,0xe688b84b23f322a994a53dbf8e15fa82cdb71127,4.940380404724264,2022-09-21T18:01:47+00:00,0x6e5f4d63d9c1aa422a59e1725d47eb53b2e4a8de4cd071b290681ca3bc1c2258
0x199d5ed7f45f4ee35960cf22eade2076e95b253f,0xe688b84b23f322a994a53dbf8e15fa82cdb71127,0.5849857546683952,2022-09-21T18:19:23+00:00,0xe79997755e66e7489c0f8572814722aedc398700da73817a8e8b5caf32c7332c
0xdafea492d9c6733ae3d56b7ed1adb60692c98bc5,0xe688b84b23f322a994a53dbf8e15fa82cdb71127,0.06809997135944577,2022-09-21T18:20:59+00:00,0xaaeb3cadc908565d800d8561737bcb86d178d3fd3258200b254120a685fa01c7
0xdafea492d9c6733ae3d56b7ed1adb60692c98bc5,0xe688b84b23f322a994a53dbf8e15fa82cdb71127,0.18508276120705539,2022-09-21T18:52:23+00:00,0x3847aea61953d71f7a169d39ef01ee7cf53f857b5589377193a855f40f9857e0
0xdafea492d9c6733ae3d56b7ed1adb60692c98bc5,0xe688b84b23f322a994a53dbf8e15fa82cdb71127,0.3622043316377277,2022-09-21T18:57:11+00:00,0xede0f127925f70704900446a7a35d2e8963c8528ed947a6b594fa64b801062d6
0xdafea492d9c6733ae3d56b7ed1adb60692c98bc5,0xe688b84b23f322a994a53dbf8e15fa82cdb71127,0.14688582235759035,2022-09-21T18:58:23+00:00,0x536ab11a860aa1501a90b3c78140f6ad396b218b1d7d4566de25ae4373642022
0xdafea492d9c6733ae3d56b7ed1adb60692c98bc5,0xe688b84b23f322a994a53dbf8e15fa82cdb71127,0.11181594052008942,2022-09-21T19:01:11+00:00,0xf9dfc829782ca75f08eec54977203179ef0b89e3765d34e6424f2158123a2651
0xdafea492d9c6733ae3d56b7ed1adb60692c98bc5,0xe688b84b23f322a994a53dbf8e15fa82cdb71127,0.3369699729271232,2022-09-21T19:03:23+00:00,0x532e7e21c611a4fbb675a179f72bc1fa9346dc396fbb8da431ba11e439b6ad15
0xdafea492d9c6733ae3d56b7ed1adb60692c98bc5,0xe688b84b23f322a994a53dbf8e15fa82cdb71127,0.5244027906352114,2022-09-21T19:06:23+00:00,0xa795d7ae413260f74322dd7fb30d387275c0c702b8fc3abe278a4116236a1972
0xdafea492d9c6733ae3d56b7ed1adb60692c98bc5,0xe688b84b23f322a994a53dbf8e15fa82cdb71127,0.20716769133384833,2022-09-21T19:07:23+00:00,0x5da1d61cc8bedb6620e604ff08a0cd2d68fd3f3b7267f5e3de53c53a1479bab6
0xdafea492d9c6733ae3d56b7ed1adb60692c98bc5,0xe688b84b23f322a994a53dbf8e15fa82cdb71127,0.21763550997980455,2022-09-21T19:43:59+00:00,0x4a3629ccc7cfd913d1ae45ecb9a531e26cb40272aae434bf11ca1a771912b815
0x199d5ed7f45f4ee35960cf22eade2076e95b253f,0xe688b84b23f322a994a53dbf8e15fa82cdb71127,0.039833495170178104,2022-09-21T19:48:23+00:00,0x8add7acde40a8cc1d67607b18a885b87c13accb22e12825cec20406fb0b1896a
0x199d5ed7f45f4ee35960cf22eade2076e95b253f,0xe688b84b23f322a994a53dbf8e15fa82cdb71127,0.09862827724554951,2022-09-21T19:54:59+00:00,0x2720c9c3644b952958fdf4c4fa082e4108b6841082270b980c637b1a3e2e6a60
0xdafea492d9c6733ae3d56b7ed1adb60692c98bc5,0xe688b84b23f322a994a53dbf8e15fa82cdb71127,0.08917519514963969,2022-09-21T20:04:35+00:00,0x7a09bd4a9f407df8e8d8370de5dff76c973621eb4140200622639d92e652acf1
0x199d5ed7f45f4ee35960cf22eade2076e95b253f,0xe688b84b23f322a994a53dbf8e15fa82cdb71127,0.16238878067259696,2022-09-21T20:28:23+00:00,0xeb1e1dfaff5b38d25f6e5971121419409d673d07419f89d2b7cf1f7ceec1b734
0xdafea492d9c6733ae3d56b7ed1adb60692c98bc5,0xe688b84b23f322a994a53dbf8e15fa82cdb71127,0.28537524010372156,2022-09-21T20:33:23+00:00,0x9da2ceedd4365e6e5deeceae52f6db52597cf54e4b3bcb66e780d874c519ab0d
0xdafea492d9c6733ae3d56b7ed1adb60692c98bc5,0xe688b84b23f322a994a53dbf8e15fa82cdb71127,0.03480690003163416,2022-09-21T20:55:59+00:00,0x0288a0b46367f829d654e0667869752acb00e45cbcc81dad0926d6641fb9689f
0xdafea492d9c6733ae3d56b7ed1adb60692c98bc5,0xe688b84b23f322a994a53dbf8e15fa82cdb71127,0.8241176683798559,2022-09-21T21:11:11+00:00,0x106f6a2756b6f739e8836ce26afe13e99239e877924d21ca223dd0b278185648
0xa7fdca7aa0b69927a34ec48ddcfe3d4c66ff0d94,0xe688b84b23f322a994a53dbf8e15fa82cdb71127,0.25521017594593504,2022-09-21T21:15:35+00:00,0x9fbf2de13a8b38cad541b72dbd95899f334e606eee4290e2b1e6a50875fd453e
0xdafea492d9c6733ae3d56b7ed1adb60692c98bc5,0xe688b84b23f322a994a53dbf8e15fa82cdb71127,0.44259689553543174,2022-09-21T21:19:35+00:00,0xf5140e658b43d06ed0e802990323feef5d4baba0724285fe35c24ff0f7a1f8a5
0xdafea492d9c6733ae3d56b7ed1adb60692c98bc5,0xe688b84b23f322a994a53dbf8e15fa82cdb71127,0.2926327656753832,2022-09-21T21:41:59+00:00,0x8da8b8e4ab3fd820d7b16ce10f97f340c13a8791f00d127d6c3b30acbfef2500
0x199d5ed7f45f4ee35960cf22eade2076e95b253f,0xe688b84b23f322a994a53dbf8e15fa82cdb71127,0.4910196271580179,2022-09-21T21:50:23+00:00,0xb6eb7fb0ab2028b78fb9adb49ff8e73a6546e6db3a032acd96b46bc10ab3aa54
0xdafea492d9c6733ae3d56b7ed1adb60692c98bc5,0xe688b84b23f322a994a53dbf8e15fa82cdb71127,0.07270142083002473,2022-09-21T21:53:23+00:00,0xd04c3795c33ff1a2421212e9071fdd81c5bd63241c578d7ad1d91665c583b6a3
0xdafea492d9c6733ae3d56b7ed1adb60692c98bc5,0xe688b84b23f322a994a53dbf8e15fa82cdb71127,0.1884726905430825,2022-09-21T21:56:23+00:00,0xaf910c5c797c7518c7123c05eabf127a29cefdb5c76ec71a9699bb3e766ca835
0x199d5ed7f45f4ee35960cf22eade2076e95b253f,0xe688b84b23f322a994a53dbf8e15fa82cdb71127,0.05276246584161556,2022-09-21T22:05:11+00:00,0xdec47038ea7da1edab07db1378ca8da331d30f1076755a98f2b9befb75b92db4
0xa7fdca7aa0b69927a34ec48ddcfe3d4c66ff0d94,0xe688b84b23f322a994a53dbf8e15fa82cdb71127,0.21720941546400435,2022-09-21T22:09:11+00:00,0x44e2e1d6192badcc752db37880b585d7fca95989c9ffa022368515d38afa5d36
0xdafea492d9c6733ae3d56b7ed1adb60692c98bc5,0xe688b84b23f322a994a53dbf8e15fa82cdb71127,0.46296430257352084,2022-09-21T22:16:59+00:00,0x813e1ea3e8ad9c9ac6824ba2062e299d10532abaa16e6391a8f3d5704a1d0785
0xdafea492d9c6733ae3d56b7ed1adb60692c98bc5,0xe688b84b23f322a994a53dbf8e15fa82cdb71127,0.08252701095121436,2022-09-21T22:21:35+00:00,0x56d1f4ca7f04ea4d6012407b9e3096f63f17b0972c939015d79f9c848f027b4a
0xdafea492d9c6733ae3d56b7ed1adb60692c98bc5,0xe688b84b23f322a994a53dbf8e15fa82cdb71127,0.04086898845723214,2022-09-21T22:49:11+00:00,0x60a07fcf888a902c85c038eebb9368fdb35c2f8b631445b5122b931185a3e7c9
0xa7fdca7aa0b69927a34ec48ddcfe3d4c66ff0d94,0xe688b84b23f322a994a53dbf8e15fa82cdb71127,0.7830978058713761,2022-09-21T22:52:59+00:00,0x4df1f3b15e8dd5298c65b16b7929cb7245d42b3e51bd66f1a7a409bb39943695
0xdafea492d9c6733ae3d56b7ed1adb60692c98bc5,0xe688b84b23f322a994a53dbf8e15fa82cdb71127,0.057101690408469324,2022-09-21T23:09:11+00:00,0x51d7e895eeb5c097e22c220ec5db531d2b9fa1a0cf2503a22d2e35c45a9404be
0xdafea492d9c6733ae3d56b7ed1adb60692c98bc5,0xe688b84b23f322a994a53dbf8e15fa82cdb71127,0.041335477978751305,2022-09-21T23:33:35+00:00,0x6d031a6955f169ae5f50be7c2698a0e3c9db464f02082cc580f7484f006e46fe
0xdafea492d9c6733ae3d56b7ed1adb60692c98bc5,0xe688b84b23f322a994a53dbf8e15fa82cdb71127,0.14712800800509812,2022-09-21T23:36:47+00:00,0x5dae667bd106400c0651b9911de0944ab5f3808713aa9d8d77ee47500fc0a5f9
0xdafea492d9c6733ae3d56b7ed1adb60692c98bc5,0xe688b84b23f322a994a53dbf8e15fa82cdb71127,0.0740603249103168,2022-09-21T23:56:47+00:00,0x8e9710d08cee9b3ee21e806bffbec4a84304356067d5268da98c147c0108a5bf
0xdafea492d9c6733ae3d56b7ed1adb60692c98bc5,0xe688b84b23f322a994a53dbf8e15fa82cdb71127,0.04621614139326893,2022-09-22T00:44:59+00:00,0xb1ae3d1f6d20e068f14f5effea7b0c19548cdf23ebdf8cff0ecf104861786282
0xdafea492d9c6733ae3d56b7ed1adb60692c98bc5,0xe688b84b23f322a994a53dbf8e15fa82cdb71127,0.05232501331053951,2022-09-22T01:02:47+00:00,0x08907a179eb4f470456b0137936857c2abf7fc3bd6f6d2f32527fb10a6a069d8
0xa7fdca7aa0b69927a34ec48ddcfe3d4c66ff0d94,0xe688b84b23f322a994a53dbf8e15fa82cdb71127,0.1009771990460507,2022-09-22T01:09:47+00:00,0x86d5637ac406dbb8281ca422239dc5fcffea9db73a7d26340508686f0f4cfd69
0xdafea492d9c6733ae3d56b7ed1adb60692c98bc5,0xe688b84b23f322a994a53dbf8e15fa82cdb71127,0.043452428350625266,2022-09-22T01:14:47+00:00,0xae91165a3a024f6f0d624f4b8601b1c8c89423924f39c43bbc7ba4dd114e51f2
0xa7fdca7aa0b69927a34ec48ddcfe3d4c66ff0d94,0xe688b84b23f322a994a53dbf8e15fa82cdb71127,0.024855117855448586,2022-09-22T01:23:47+00:00,0x29deb39d1e3613c6a8bbdf65048c33b32b9ebd21e2cc0a792df79140ef32e0d0
0xb646d87963da1fb9d192ddba775f24f33e857128,0xe688b84b23f322a994a53dbf8e15fa82cdb71127,0.047282341470128095,2022-09-22T01:24:11+00:00,0x85df71e939d24eab8e82c9bb20154669c6f5ac9361fd74d8ff0f7a88a04ed61f
0xdafea492d9c6733ae3d56b7ed1adb60692c98bc5,0xe688b84b23f322a994a53dbf8e15fa82cdb71127,0.07582932793956722,2022-09-22T01:38:11+00:00,0x959d8b1654926d250e89e23b28210624b5b55cef599202edcccb7e452965bf93
0xdafea492d9c6733ae3d56b7ed1adb60692c98bc5,0xe688b84b23f322a994a53dbf8e15fa82cdb71127,0.09024994760999785,2022-09-22T01:39:59+00:00,0x383a523d2b6fc902573d9cbd668b2f2c132fdc6b0c63badda74357b2554b88fc
0xdafea492d9c6733ae3d56b7ed1adb60692c98bc5,0xe688b84b23f322a994a53dbf8e15fa82cdb71127,0.024195145261922974,2022-09-22T01:41:47+00:00,0x531784422016ea81b59d313f542f288d16645af0872f3540a44089d8b520acf3
0xb646d87963da1fb9d192ddba775f24f33e857128,0xe688b84b23f322a994a53dbf8e15fa82cdb71127,0.03480193976911229,2022-09-22T01:42:11+00:00,0x4fc0634115654ce1ea83368489e4871d14648e2d2c38e7a9434a8db6b9841529
0xa7fdca7aa0b69927a34ec48ddcfe3d4c66ff0d94,0xe688b84b23f322a994a53dbf8e15fa82cdb71127,0.03297027487587798,2022-09-22T01:54:11+00:00,0x0ed7516d11521ebf0abd20420fc9082be6b481fee273933328bbb13c5d7e6282
0xdafea492d9c6733ae3d56b7ed1adb60692c98bc5,0xe688b84b23f322a994a53dbf8e15fa82cdb71127,0.08523765924922949,2022-09-22T01:56:59+00:00,0x154386fad55c3739d01356783a45f9eda0a0105522ffc238d21cb556f8522016
0xb646d87963da1fb9d192ddba775f24f33e857128,0xe688b84b23f322a994a53dbf8e15fa82cdb71127,0.043464810073898415,2022-09-22T01:57:35+00:00,0xcc8871b5ea3ad32c07b53edc032ab72974113122901c55efcbf0323bb3f2ecbb
0xdafea492d9c6733ae3d56b7ed1adb60692c98bc5,0xe688b84b23f322a994a53dbf8e15fa82cdb71127,0.02597917655054961,2022-09-22T02:06:35+00:00,0x30f48f961b00ddca76cf11222bf22a49be9d47afb6b0f03cb800a0d455970b43
0xa7fdca7aa0b69927a34ec48ddcfe3d4c66ff0d94,0xe688b84b23f322a994a53dbf8e15fa82cdb71127,0.03991162150375477,2022-09-22T02:07:11+00:00,0x5fb56b67d500901535b3221fee93027708184472fda8a0f4421a40ca7a0e269b
0xdafea492d9c6733ae3d56b7ed1adb60692c98bc5,0xe688b84b23f322a994a53dbf8e15fa82cdb71127,0.2411361174621432,2022-09-22T02:22:35+00:00,0xde8fac68620f4b7020b6c78cce54783212288517cdc308a7e5116c853b60ceeb
0xdafea492d9c6733ae3d56b7ed1adb60692c98bc5,0xe688b84b23f322a994a53dbf8e15fa82cdb71127,0.07638072068220308,2022-09-22T02:38:59+00:00,0x386d3d9b93319228f42e823e62385212c46ff643c380b0b45d526fb8fa0e62cc
0x199d5ed7f45f4ee35960cf22eade2076e95b253f,0xe688b84b23f322a994a53dbf8e15fa82cdb71127,0.05032039153538159,2022-09-22T02:41:23+00:00,0xf1ea0552750113c8d4a421954ae3637ff891ee2c0d2a4fae54a0c12eeb0d1b44
0xdafea492d9c6733ae3d56b7ed1adb60692c98bc5,0xe688b84b23f322a994a53dbf8e15fa82cdb71127,0.29089849855325406,2022-09-22T02:42:59+00:00,0xb070debeeea138ef107571c30396e88385d406fddcb66e370693665456e1db85
0xdafea492d9c6733ae3d56b7ed1adb60692c98bc5,0xe688b84b23f322a994a53dbf8e15fa82cdb71127,0.14828161754220118,2022-09-22T02:51:11+00:00,0x4240e988af22d8cf9e6da4599e42c5982b4308b747aa50cd1587581a593afad0
0xdafea492d9c6733ae3d56b7ed1adb60692c98bc5,0xe688b84b23f322a994a53dbf8e15fa82cdb71127,0.028711359818255382,2022-09-22T02:54:59+00:00,0xb2e263b4d60b1789757fb2c78f4bda3a1be67752913e75eed8018e48f5ff07a7
0xb646d87963da1fb9d192ddba775f24f33e857128,0xe688b84b23f322a994a53dbf8e15fa82cdb71127,0.080314139829719,2022-09-22T02:55:59+00:00,0xefc707009478d22ced6aae8cb0bed41b76e5c5380ec733924256493c6d223cb2
0x199d5ed7f45f4ee35960cf22eade2076e95b253f,0xe688b84b23f322a994a53dbf8e15fa82cdb71127,0.0891174356371523,2022-09-22T03:15:23+00:00,0x5b781d40f57a452d0d288108f91183b18fd838ae212b893787f1210684d9d995
0xdafea492d9c6733ae3d56b7ed1adb60692c98bc5,0xe688b84b23f322a994a53dbf8e15fa82cdb71127,0.08157624908667191,2022-09-22T03:18:11+00:00,0xc6413648fe9228ad4855160d7c4a0e74b736e8dbb97397ab41ea7bf3fabe0927
0xdafea492d9c6733ae3d56b7ed1adb60692c98bc5,0xe688b84b23f322a994a53dbf8e15fa82cdb71127,0.06140878101547185,2022-09-22T03:21:11+00:00,0x2d84480401b366fe42fdd7a4eddad8d525c4bacdb1d029554f752df786ba6cb0
0xdafea492d9c6733ae3d56b7ed1adb60692c98bc5,0xe688b84b23f322a994a53dbf8e15fa82cdb71127,0.02524315809125466,2022-09-22T03:38:59+00:00,0xe535d80709a8af6d6275c5678cdca15bb53ae16030dc880b303b0fb908800295
0xa7fdca7aa0b69927a34ec48ddcfe3d4c66ff0d94,0xe688b84b23f322a994a53dbf8e15fa82cdb71127,0.08683298150652154,2022-09-22T03:47:23+00:00,0xc7a1f5caa96aeeb1c875919128871dffc174a5b9a0bedc7acaa36a156a54aff1
0xdafea492d9c6733ae3d56b7ed1adb60692c98bc5,0xe688b84b23f322a994a53dbf8e15fa82cdb71127,0.03929235682073237,2022-09-22T04:08:35+00:00,0x8646b5acef39f1b98f9022b1568f7681f6e82742cb5b3ff97072d7a38090c4fa
0xb646d87963da1fb9d192ddba775f24f33e857128,0xe688b84b23f322a994a53dbf8e15fa82cdb71127,0.04493861581237525,2022-09-22T04:12:11+00:00,0x786b144cc3345f8c5a37c890ee54fdeb839b7773676a27fdd352558d0966302d
0xdafea492d9c6733ae3d56b7ed1adb60692c98bc5,0xe688b84b23f322a994a53dbf8e15fa82cdb71127,0.04084015538284763,2022-09-22T04:34:11+00:00,0x916353e19fa69e9f51c7afee12db34779708ba9db41a83d8008b30c89533be10
0xdafea492d9c6733ae3d56b7ed1adb60692c98bc5,0xe688b84b23f322a994a53dbf8e15fa82cdb71127,0.025507093182282375,2022-09-22T04:35:47+00:00,0xefa37b24921778eb322fd9eb6dad489073a1356371a8b3ae92c45ebc8ce61806
0xdafea492d9c6733ae3d56b7ed1adb60692c98bc5,0xe688b84b23f322a994a53dbf8e15fa82cdb71127,0.04087519251730325,2022-09-22T04:38:35+00:00,0x8da5d5f1fe8f6310dcfdabe8faf31d02d951c771e56d27cffb3bdbf9681e75eb
0x199d5ed7f45f4ee35960cf22eade2076e95b253f,0xe688b84b23f322a994a53dbf8e15fa82cdb71127,0.1445803725876803,2022-09-22T05:00:23+00:00,0x7fe432c3313f8a3b8e9ec849a542dae61ab2879f9887c9a57d96d1cf6d6f965e
0xdafea492d9c6733ae3d56b7ed1adb60692c98bc5,0xe688b84b23f322a994a53dbf8e15fa82cdb71127,10.45129628546581,2022-09-22T05:16:11+00:00,0x2f0e73c702b9ad36e3f82f5718e84b27540c5e83d2fbeab4af817300b8a4f4de
0xa7fdca7aa0b69927a34ec48ddcfe3d4c66ff0d94,0xe688b84b23f322a994a53dbf8e15fa82cdb71127,0.03970674007548189,2022-09-22T05:27:11+00:00,0x85609f6d44f57af3b5d96c81421ebbcb29c98d84663438c7a8ed6fa03e0f6665
0x199d5ed7f45f4ee35960cf22eade2076e95b253f,0xe688b84b23f322a994a53dbf8e15fa82cdb71127,0.18639484063547768,2022-09-22T05:52:59+00:00,0x7295e202e16ee273ab477465277fef869e71612284f8d3d9ba576c2850e67866
0xdafea492d9c6733ae3d56b7ed1adb60692c98bc5,0xe688b84b23f322a994a53dbf8e15fa82cdb71127,0.08544845760193363,2022-09-22T06:07:47+00:00,0x3d4b5ae497c4a6bbe6e70ff72604b2508246bbe04d31a48cdd6ebf7bdb84d0e3
0x199d5ed7f45f4ee35960cf22eade2076e95b253f,0xe688b84b23f322a994a53dbf8e15fa82cdb71127,0.07470525219636741,2022-09-22T06:10:11+00:00,0x23d3d0209e7b26073c265e1a65c50287739d9a422416db39c38dbeb241f536df
0xdafea492d9c6733ae3d56b7ed1adb60692c98bc5,0xe688b84b23f322a994a53dbf8e15fa82cdb71127,0.0809777845051571,2022-09-22T06:11:59+00:00,0x123b0d4d0e32330ea01630bd9d97872e07c91e1588c4f1f2c5411d1dec697b5d
0xdafea492d9c6733ae3d56b7ed1adb60692c98bc5,0xe688b84b23f322a994a53dbf8e15fa82cdb71127,0.07444422064513194,2022-09-22T06:15:11+00:00,0x0928154bc561e8f7e60e4a732f804f4401887e2f9657ba8ed0b1d7b75a4e5952
0xdafea492d9c6733ae3d56b7ed1adb60692c98bc5,0xe688b84b23f322a994a53dbf8e15fa82cdb71127,0.02471053021406961,2022-09-22T06:31:23+00:00,0x72e896539728c1997a6713f95d3e6cef604b8748792e47a0e843b38b7d9c6f1b
0xdafea492d9c6733ae3d56b7ed1adb60692c98bc5,0xe688b84b23f322a994a53dbf8e15fa82cdb71127,0.04149294570382297,2022-09-22T06:31:35+00:00,0xe809adbf182160b6f3b53107c849a6645fdd02bd7b66012961499e1ad96172a7
0xa7fdca7aa0b69927a34ec48ddcfe3d4c66ff0d94,0xe688b84b23f322a994a53dbf8e15fa82cdb71127,0.04183159515068826,2022-09-22T06:33:59+00:00,0x55571c00bbe17cd24635d4edab65c6804474b69a9f4f99cee461fe4787a3f168
0xb646d87963da1fb9d192ddba775f24f33e857128,0xe688b84b23f322a994a53dbf8e15fa82cdb71127,0.02635599799767267,2022-09-22T06:35:35+00:00,0x3c2eacee8cb9ea750ae4cc51f41c40e73b5099b8ed5df0fd2dd9cb72d58dbb62
0xdafea492d9c6733ae3d56b7ed1adb60692c98bc5,0xe688b84b23f322a994a53dbf8e15fa82cdb71127,0.049945787562078466,2022-09-22T07:14:23+00:00,0x62bff8f9c87c425d0546698913957f888e1f026d531226f792b6057fa397fd0f
0x199d5ed7f45f4ee35960cf22eade2076e95b253f,0xe688b84b23f322a994a53dbf8e15fa82cdb71127,0.08063901426814415,2022-09-22T07:15:59+00:00,0x392642278f7fcab172cd6b15cf7ea386be27c17baa4528670447adcb79eb89d0
0xdafea492d9c6733ae3d56b7ed1adb60692c98bc5,0xe688b84b23f322a994a53dbf8e15fa82cdb71127,0.07529301281734736,2022-09-22T07:28:11+00:00,0x3dc37e98e0b8c0f30de2af909fde1e1c9bd0ced305ea66e96ba1f3b15c31dcb8
0x199d5ed7f45f4ee35960cf22eade2076e95b253f,0xe688b84b23f322a994a53dbf8e15fa82cdb71127,0.07019025163338993,2022-09-22T07:30:59+00:00,0xce26c547d62781e95459c722043b2fc5f4506a59e10faf1b3db32f3f28c3eedf
0xdafea492d9c6733ae3d56b7ed1adb60692c98bc5,0xe688b84b23f322a994a53dbf8e15fa82cdb71127,18.765340012075622,2022-09-22T07:44:11+00:00,0x8107636ad1d9f6c999d7fa97d01e2a354ef9b859b31b4a932db7e435f1d4ee5a
0xb646d87963da1fb9d192ddba775f24f33e857128,0xe688b84b23f322a994a53dbf8e15fa82cdb71127,0.02130704462551889,2022-09-22T07:44:47+00:00,0xfd1d242eea9cbd9944af248c457a03834f4754ff0029907ec69c081886adf92a
0xa7fdca7aa0b69927a34ec48ddcfe3d4c66ff0d94,0xe688b84b23f322a994a53dbf8e15fa82cdb71127,0.07799520997813467,2022-09-22T08:03:47+00:00,0x433370f23ef01478a85db07b5e31d8da9462f3a882b6af0d8c3ddf96c05c5697
0xdafea492d9c6733ae3d56b7ed1adb60692c98bc5,0xe688b84b23f322a994a53dbf8e15fa82cdb71127,0.15338475122662945,2022-09-22T08:04:59+00:00,0xf6a4bf825a5190289ecd552cf8d4f4cf7acb3c96c34ebe40ec0081e54dcbb095
0xdafea492d9c6733ae3d56b7ed1adb60692c98bc5,0xe688b84b23f322a994a53dbf8e15fa82cdb71127,0.13961763678616357,2022-09-22T08:16:35+00:00,0x5221088090114098211e2f1f5d8cc4fbbd60467303a132de8ca60293289ede84
0x199d5ed7f45f4ee35960cf22eade2076e95b253f,0xe688b84b23f322a994a53dbf8e15fa82cdb71127,0.21242144777570732,2022-09-22T08:23:47+00:00,0x254c04892a5bd28d7a23df3c615bdb22356064a5d2c537dcda28b8f556678997
0xdafea492d9c6733ae3d56b7ed1adb60692c98bc5,0xe688b84b23f322a994a53dbf8e15fa82cdb71127,0.030562127953159903,2022-09-22T08:25:35+00:00,0x66ee831e4058d5096bc7c3f9cbf3687fd3961750f9240ad9c1e82c09b32a5132
0x199d5ed7f45f4ee35960cf22eade2076e95b253f,0xe688b84b23f322a994a53dbf8e15fa82cdb71127,0.058607533767860966,2022-09-22T08:40:11+00:00,0x5f0422a4108172bece43fdfabfbeed024f7a641f32a0bb338c95a542c614aab9
0xdafea492d9c6733ae3d56b7ed1adb60692c98bc5,0xe688b84b23f322a994a53dbf8e15fa82cdb71127,0.05129996321941808,2022-09-22T08:50:47+00:00,0xc49c6fbb0f92c063a7064e7299cb56968e2620a85c1d0a6040be3d1463b2f1f3
0xdafea492d9c6733ae3d56b7ed1adb60692c98bc5,0xe688b84b23f322a994a53dbf8e15fa82cdb71127,0.04771944242126266,2022-09-22T08:52:59+00:00,0xb6868f2c98e932c3a4eeea7431fef449e5ffa5271694527d937f3cd0d921eb9b
0xdafea492d9c6733ae3d56b7ed1adb60692c98bc5,0xe688b84b23f322a994a53dbf8e15fa82cdb71127,0.08047252653212755,2022-09-22T08:53:35+00:00,0x30a5801e4d99fbdeedceb29c5f22ac32e9ff12641317c7c81df7f3e85dacefb6
0xdafea492d9c6733ae3d56b7ed1adb60692c98bc5,0xe688b84b23f322a994a53dbf8e15fa82cdb71127,0.0904494823036344,2022-09-22T08:58:11+00:00,0x624eec48a1c0592914a377f04fce7bef47b37e8045fc2ddb563455ceda49bd1f
0xdafea492d9c6733ae3d56b7ed1adb60692c98bc5,0xe688b84b23f322a994a53dbf8e15fa82cdb71127,0.0919494166623254,2022-09-22T09:30:47+00:00,0xefa38574e1fef406cfd117878ea000503986a7fb334d917b9b4988bfe720485f
0x199d5ed7f45f4ee35960cf22eade2076e95b253f,0xe688b84b23f322a994a53dbf8e15fa82cdb71127,0.22863500116625937,2022-09-22T09:34:23+00:00,0x781bcf49ee4092260128bdf3fa8edeb20888c21523a0799f4ef0ee68067fb0a7
0x199d5ed7f45f4ee35960cf22eade2076e95b253f,0xe688b84b23f322a994a53dbf8e15fa82cdb71127,0.05506473671389118,2022-09-22T10:10:11+00:00,0xef822e6d7266a06d12e5b063ff8340a46c7e4c8c785f1f8b55081942abf261b3
0xdafea492d9c6733ae3d56b7ed1adb60692c98bc5,0xe688b84b23f322a994a53dbf8e15fa82cdb71127,0.035520683502994824,2022-09-22T10:13:23+00:00,0x88d9b4f7c5bc87be05a9ba63686b6f39b680e4f6564b4505c57789bc07140895
0xdafea492d9c6733ae3d56b7ed1adb60692c98bc5,0xe688b84b23f322a994a53dbf8e15fa82cdb71127,0.1013151171486732,2022-09-22T10:18:35+00:00,0xea20ab6a9a4ce4b7054acfb74ba430540f528c0de5a7bc031a4251fc02028daa
0xdafea492d9c6733ae3d56b7ed1adb60692c98bc5,0xe688b84b23f322a994a53dbf8e15fa82cdb71127,0.18970732686312503,2022-09-22T10:29:11+00:00,0xecc5a2a0e8bde2b39f4e843614c027eecccf81813acfd68dc6fd2c03e70063ca
0xdafea492d9c6733ae3d56b7ed1adb60692c98bc5,0xe688b84b23f322a994a53dbf8e15fa82cdb71127,0.29037782366810755,2022-09-22T10:34:59+00:00,0x74dc942bdf79bd0c82aaf379a89449f856bc7c15b931f8b52b5fe240d5510f9e
0xdafea492d9c6733ae3d56b7ed1adb60692c98bc5,0xe688b84b23f322a994a53dbf8e15fa82cdb71127,0.5071376787051899,2022-09-22T10:59:59+00:00,0xda0f99a1b6c50cbb082dcaa09c45b24804d40589683e0d117d34e7dd6fcafd5f
0xdafea492d9c6733ae3d56b7ed1adb60692c98bc5,0xe688b84b23f322a994a53dbf8e15fa82cdb71127,0.021485409491666226,2022-09-22T11:18:23+00:00,0xfdcce9e4133b51b01b670bd087b4e02abaf36c8ad34ee9bc594a6ebc1c06d50d
0xdafea492d9c6733ae3d56b7ed1adb60692c98bc5,0xe688b84b23f322a994a53dbf8e15fa82cdb71127,0.074318884022678,2022-09-22T11:36:11+00:00,0xd41e7e97dd2760606e2ca80e56b70ff9b39dbe336f95fc4043843742dc263f39
0xdafea492d9c6733ae3d56b7ed1adb60692c98bc5,0xe688b84b23f322a994a53dbf8e15fa82cdb71127,0.0381782635754472,2022-09-22T11:36:35+00:00,0x4ed4f7f30b2ec00119d39f641251d4e4d1ea9ce641fa253f79efd83d6dfe3be3
0xb646d87963da1fb9d192ddba775f24f33e857128,0xe688b84b23f322a994a53dbf8e15fa82cdb71127,0.05760471814499571,2022-09-22T11:37:11+00:00,0x7ea0944497262b0bfff05c0289472fb4f2f49becc6fb6fa45066f821a5757409
0xa7fdca7aa0b69927a34ec48ddcfe3d4c66ff0d94,0xe688b84b23f322a994a53dbf8e15fa82cdb71127,0.061746382993520824,2022-09-22T11:53:59+00:00,0x758df89e349da2ec7da5c219c0fbb5759794ff7f3a2814c4a09cd9b24ed598b2
0x199d5ed7f45f4ee35960cf22eade2076e95b253f,0xe688b84b23f322a994a53dbf8e15fa82cdb71127,0.5835905735774746,2022-09-22T11:56:11+00:00,0x1158870a6ea4a618585f4d0bbc7f4cba081b24d4c0e900827bd7c0d4cb36b6f7
0xdafea492d9c6733ae3d56b7ed1adb60692c98bc5,0xe688b84b23f322a994a53dbf8e15fa82cdb71127,0.34062126992429603,2022-09-22T12:53:35+00:00,0xab0b17cc25dba356abd12555246ecc000234f1d730f36c09f4f10cb7a5b99040
0xdafea492d9c6733ae3d56b7ed1adb60692c98bc5,0xe688b84b23f322a994a53dbf8e15fa82cdb71127,0.043922162244775374,2022-09-22T13:02:11+00:00,0xbff8a7a1e84cabe40610a1d40c5f5694cfd4892bd0fb4927248126c86dc34b7b
0x199d5ed7f45f4ee35960cf22eade2076e95b253f,0xe688b84b23f322a994a53dbf8e15fa82cdb71127,0.08529108855361207,2022-09-22T13:17:23+00:00,0xb4a27e038d1c8e6e6bd2887998d6693520a3f1fd3c824243c0b7ff00a4715065
0xdafea492d9c6733ae3d56b7ed1adb60692c98bc5,0xe688b84b23f322a994a53dbf8e15fa82cdb71127,0.08911911750650264,2022-09-22T13:25:47+00:00,0xefeb1bb96ce3566210a11b7e6be0043c77bdeb6a63c468e45dac7ba81d95744d
0xdafea492d9c6733ae3d56b7ed1adb60692c98bc5,0xe688b84b23f322a994a53dbf8e15fa82cdb71127,0.13801283684322743,2022-09-22T13:49:11+00:00,0xb15d2073c4e8cb7aad2ba4c40721f5ea880d7f1c800c98a25c96ee6738287731
0xdafea492d9c6733ae3d56b7ed1adb60692c98bc5,0xe688b84b23f322a994a53dbf8e15fa82cdb71127,0.256766531165507,2022-09-22T13:51:23+00:00,0xa2d33d7a125c7a28ba880ae7bba1bd9787e65ccf6a9d860ba6c5fc0a5e1454f0
0xb646d87963da1fb9d192ddba775f24f33e857128,0xe688b84b23f322a994a53dbf8e15fa82cdb71127,0.2860611168764528,2022-09-22T14:12:23+00:00,0x6a0be9ce4c7cf272673fc7cf44149a5c426da468907fd99330b01634bfced9b4
0x199d5ed7f45f4ee35960cf22eade2076e95b253f,0xe688b84b23f322a994a53dbf8e15fa82cdb71127,0.030784640580507474,2022-09-22T14:37:47+00:00,0x73f73dddb83c9f127f0320b1b52f3119dc61b49df2395538d93c85f575ae9853
0xdafea492d9c6733ae3d56b7ed1adb60692c98bc5,0xe688b84b23f322a994a53dbf8e15fa82cdb71127,0.04621966485398687,2022-09-22T14:38:11+00:00,0xfd854268de63e60d59f6008930edbbb728b827ef0839f8bd19ad9fd68e9237a6
0xdafea492d9c6733ae3d56b7ed1adb60692c98bc5,0xe688b84b23f322a994a53dbf8e15fa82cdb71127,0.23873085438631814,2022-09-22T15:06:47+00:00,0x78642ab87e88689c1429a12101b61e0f6d8b95a014fa92705c09ab2cc8375969
0xdafea492d9c6733ae3d56b7ed1adb60692c98bc5,0xe688b84b23f322a994a53dbf8e15fa82cdb71127,0.09327339646944342,2022-09-22T15:34:59+00:00,0x2f31b861e952e69d319bf56070abaeec15ffc3952f9c8d3e42188c8e79faa8c6
0xdafea492d9c6733ae3d56b7ed1adb60692c98bc5,0xe688b84b23f322a994a53dbf8e15fa82cdb71127,0.02014236229018907,2022-09-22T15:48:23+00:00,0x2f9a1615e13bc76a32f05fdc6394e365ff423123e249be4d657e61df72f3d885
0xdafea492d9c6733ae3d56b7ed1adb60692c98bc5,0xe688b84b23f322a994a53dbf8e15fa82cdb71127,0.12655817049269097,2022-09-22T16:19:35+00:00,0xc5da606137d8db6f03f6a9fb14c488a5fb3e6522a80be1d4653af4a637523185
0x25d88437df70730122b73ef35462435d187c466f,0xe688b84b23f322a994a53dbf8e15fa82cdb71127,0.06553669162891138,2022-09-22T16:33:23+00:00,0xf9b82e72bed33d8ac461e67801d2772f71b9ca4b029aa7e19f991625f6bb0b9c
0xdafea492d9c6733ae3d56b7ed1adb60692c98bc5,0xe688b84b23f322a994a53dbf8e15fa82cdb71127,0.06442567221909423,2022-09-22T16:44:47+00:00,0x4b601681c5dde3675d3592e837eb37e2ec532daf63b96ba18df746f4552bf0e4
0xa7fdca7aa0b69927a34ec48ddcfe3d4c66ff0d94,0xe688b84b23f322a994a53dbf8e15fa82cdb71127,0.03632070809324328,2022-09-22T16:49:23+00:00,0x1a4893e4ad937608238285c73dad9ab3e38df9d9cc8c5c59fca8338957b5be94
0xa7fdca7aa0b69927a34ec48ddcfe3d4c66ff0d94,0xe688b84b23f322a994a53dbf8e15fa82cdb71127,0.12558039918626537,2022-09-22T16:52:23+00:00,0x817a282401c215bab50df4228051c38cc554905a0f99504bd409e761aac40843
0xdafea492d9c6733ae3d56b7ed1adb60692c98bc5,0xe688b84b23f322a994a53dbf8e15fa82cdb71127,0.1929906865747105,2022-09-22T17:00:11+00:00,0x98c2fa80e0b1510cd404a79787ebb6e54b3744c8fbad2cd6b64f8a75ea1214da
0xdafea492d9c6733ae3d56b7ed1adb60692c98bc5,0xe688b84b23f322a994a53dbf8e15fa82cdb71127,0.07465406951269268,2022-09-22T17:01:35+00:00,0xcfcdff6c6789bc88244810e948331684d2edb4a6cd1bc767b0cc3b4ecd3a678c
0x199d5ed7f45f4ee35960cf22eade2076e95b253f,0xe688b84b23f322a994a53dbf8e15fa82cdb71127,0.031426646447933096,2022-09-22T17:07:11+00:00,0x07cb979924b203d92b153c2b80f705522960b026b876c05d3dde8a5be7c22254
0xdafea492d9c6733ae3d56b7ed1adb60692c98bc5,0xe688b84b23f322a994a53dbf8e15fa82cdb71127,0.08698223874065887,2022-09-22T17:07:35+00:00,0xa2acc870ed7809ce44618a091738b5c9d00d41908b9baec3af82e874be9e7277
0xdafea492d9c6733ae3d56b7ed1adb60692c98bc5,0xe688b84b23f322a994a53dbf8e15fa82cdb71127,0.15385248704431784,2022-09-22T17:16:23+00:00,0xa367516d012d3b78dfd74bcbde2f7714548e16e5b2dbf5d4c9df7ad2a6f6b016
0x199d5ed7f45f4ee35960cf22eade2076e95b253f,0xe688b84b23f322a994a53dbf8e15fa82cdb71127,0.14605756267858555,2022-09-22T17:18:59+00:00,0xe51c037b597c60bd537f2c6846312d613596bcd013152411ceddfbd2805e7444
0xb646d87963da1fb9d192ddba775f24f33e857128,0xe688b84b23f322a994a53dbf8e15fa82cdb71127,0.18393016258380976,2022-09-22T17:37:23+00:00,0xf334837d0d0246ff12b2b08af54f060b523b120cfd0600d15195f87ad83fad91
0x25d88437df70730122b73ef35462435d187c466f,0xe688b84b23f322a994a53dbf8e15fa82cdb71127,0.04930735438480007,2022-09-22T17:39:35+00:00,0x91ca2ac3dd90dd5523f64320a95365877601af735fec43b1918392a57abc4999
0xdafea492d9c6733ae3d56b7ed1adb60692c98bc5,0xe688b84b23f322a994a53dbf8e15fa82cdb71127,0.05512015757559475,2022-09-22T17:45:59+00:00,0xf1aefc633cb743b161c70eb5af85e0e6ac99d2c31890705876a9b93a0e7b3780
0xdafea492d9c6733ae3d56b7ed1adb60692c98bc5,0xe688b84b23f322a994a53dbf8e15fa82cdb71127,0.05528788063600969,2022-09-22T18:03:11+00:00,0xe904b3e5131b52bce6de75798f6e8938d5d3ff8636fbc6bc16f47aa52b32291c
0xb646d87963da1fb9d192ddba775f24f33e857128,0xe688b84b23f322a994a53dbf8e15fa82cdb71127,0.11458975486484975,2022-09-22T18:05:11+00:00,0x3497b8f6cb4507c421ea5776e09130125098eccafd521e6937bdd187b4e08b0d
0xdafea492d9c6733ae3d56b7ed1adb60692c98bc5,0xe688b84b23f322a994a53dbf8e15fa82cdb71127,0.918018392654926,2022-09-22T18:35:11+00:00,0x28102883f237d2d016f6f9eca7acc737afc6e69dfcadcb3656005571bb166708
0xdafea492d9c6733ae3d56b7ed1adb60692c98bc5,0xe688b84b23f322a994a53dbf8e15fa82cdb71127,1.7261676403067792,2022-09-22T18:37:35+00:00,0x606ab0f0f2cf42e4537976c2c458dba8944bc662adfd61851ad3be290e8d57e9
0x199d5ed7f45f4ee35960cf22eade2076e95b253f,0xe688b84b23f322a994a53dbf8e15fa82cdb71127,0.05409735278567838,2022-09-22T18:38:47+00:00,0xe72190f1ce2b5142991afd4681bdccef77fe66f368b2f543db324ccae44b55ef
0x199d5ed7f45f4ee35960cf22eade2076e95b253f,0xe688b84b23f322a994a53dbf8e15fa82cdb71127,0.09100155023076893,2022-09-22T18:50:35+00:00,0xaaff5b872307dd11b695e82e2b080e77af6c31e8eb760cdc72621516d3274b50
0xdafea492d9c6733ae3d56b7ed1adb60692c98bc5,0xe688b84b23f322a994a53dbf8e15fa82cdb71127,0.058363204001635784,2022-09-22T18:59:23+00:00,0xe5581adbbbfe9fe6b735cf3a89468bc3047894ef33ae5dc0b653b8d646052706
0xdafea492d9c6733ae3d56b7ed1adb60692c98bc5,0xe688b84b23f322a994a53dbf8e15fa82cdb71127,0.07775325933076388,2022-09-22T19:01:35+00:00,0x069190331f79e84f77209f966599d8cf673d9bdda4e97ea622c2125cf2d461c8
0xdafea492d9c6733ae3d56b7ed1adb60692c98bc5,0xe688b84b23f322a994a53dbf8e15fa82cdb71127,0.026917307672383563,2022-09-22T19:22:35+00:00,0x954e49d4b3024a6cdf6dfffba46a6b61a818f160337c70b0f387f62f74424b86
0xdafea492d9c6733ae3d56b7ed1adb60692c98bc5,0xe688b84b23f322a994a53dbf8e15fa82cdb71127,0.1656564813712477,2022-09-22T19:25:11+00:00,0xb48187f3ab785b76cd6ef69f0bddab2e8177c83a43f1d9a6cec2f0816ba2e417
0xdafea492d9c6733ae3d56b7ed1adb60692c98bc5,0xe688b84b23f322a994a53dbf8e15fa82cdb71127,0.026237058436170496,2022-09-22T19:29:35+00:00,0xc958d1e7909810114e210f964ecac0c56cf0a830bdd73c30065bbb93768afc34
0xdafea492d9c6733ae3d56b7ed1adb60692c98bc5,0xe688b84b23f322a994a53dbf8e15fa82cdb71127,0.14233955996126826,2022-09-22T19:49:59+00:00,0xf32ecd787dcc1a449a9b1c5e8961515bb38bcdb097d12aa3021aa834d1f19e9b
0x199d5ed7f45f4ee35960cf22eade2076e95b253f,0xe688b84b23f322a994a53dbf8e15fa82cdb71127,0.0756088751176587,2022-09-22T20:16:47+00:00,0xc4aed28dbcf6187c15f936087bc48aec79388e157f593c9b910a574c3854235a
0xdafea492d9c6733ae3d56b7ed1adb60692c98bc5,0xe688b84b23f322a994a53dbf8e15fa82cdb71127,0.05835613044077383,2022-09-22T20:36:47+00:00,0xb2fc714909c48973e44207f941f821d1023d2b402d0d98087549b0b265698cb8
0x199d5ed7f45f4ee35960cf22eade2076e95b253f,0xe688b84b23f322a994a53dbf8e15fa82cdb71127,0.15355979254419563,2022-09-22T20:44:35+00:00,0x3caa3346815ecacea380c75cb5d37450fac60302309515dd9601c2c744a81bac
0xdafea492d9c6733ae3d56b7ed1adb60692c98bc5,0xe688b84b23f322a994a53dbf8e15fa82cdb71127,0.03604155358958949,2022-09-22T21:10:11+00:00,0x6e605a47aa2c99eeea34084978bd20424166263db78b6f728cd6347f81a19579
0xdafea492d9c6733ae3d56b7ed1adb60692c98bc5,0xe688b84b23f322a994a53dbf8e15fa82cdb71127,0.4283629155663828,2022-09-22T21:17:11+00:00,0x7af8a748864eedcacaf2e2e4160aa2efe9dc1ebbb346ea85ff94f56ac2112874
0xdafea492d9c6733ae3d56b7ed1adb60692c98bc5,0xe688b84b23f322a994a53dbf8e15fa82cdb71127,0.08270118325992606,2022-09-22T21:19:47+00:00,0x17e47f25896ed2c1513e2008c17355dede550db2093012d8d0d1391fec119549
0xdafea492d9c6733ae3d56b7ed1adb60692c98bc5,0xe688b84b23f322a994a53dbf8e15fa82cdb71127,0.10060700393481595,2022-09-22T21:36:35+00:00,0xeae1001714fa9c71dc52aadbbd263875d43ae3511ca27752c1199bb9a88f715c
0xdafea492d9c6733ae3d56b7ed1adb60692c98bc5,0xe688b84b23f322a994a53dbf8e15fa82cdb71127,0.06242214444548424,2022-09-22T22:02:59+00:00,0xfb7630f0cd3aa21188e367d45ba564bbe722c9bc5762a06a6678b7e9009637f4
0xdafea492d9c6733ae3d56b7ed1adb60692c98bc5,0xe688b84b23f322a994a53dbf8e15fa82cdb71127,1.304987142076789,2022-09-22T22:19:47+00:00,0x27073d5f62232dc8e7f4169db58055e1cbd19beca655604a58365b5de4f1ddb8
0xdafea492d9c6733ae3d56b7ed1adb60692c98bc5,0xe688b84b23f322a994a53dbf8e15fa82cdb71127,0.23327153427838165,2022-09-22T22:22:47+00:00,0xf6831ab5cfbc3d6371c361bf87ead4b2d0a0ad0978e2973641a45121c8b92d30
0xb646d87963da1fb9d192ddba775f24f33e857128,0xe688b84b23f322a994a53dbf8e15fa82cdb71127,0.12731186089705798,2022-09-22T22:30:23+00:00,0x1dc7ce7245f1aab4b06c937e2fbc977e504657945f248bdff73f47240665bd18
0xb646d87963da1fb9d192ddba775f24f33e857128,0xe688b84b23f322a994a53dbf8e15fa82cdb71127,0.040227432365818216,2022-09-22T22:57:23+00:00,0x11d95eec0da80d4822d54afc8018942ece3552f8b2f769f3f441448118053238
0xdafea492d9c6733ae3d56b7ed1adb60692c98bc5,0xe688b84b23f322a994a53dbf8e15fa82cdb71127,0.06378578500801359,2022-09-22T23:00:23+00:00,0x03b58e136aadcc73aca8b21a9b0077770d0b236f99105fef3789ea490a0a60d0
0xdafea492d9c6733ae3d56b7ed1adb60692c98bc5,0xe688b84b23f322a994a53dbf8e15fa82cdb71127,0.46324059335066065,2022-09-22T23:16:11+00:00,0xc83e24a01aa9de2e9d1d944a7e63ee8dbed8f626c29a42ce35b1051dc70cb80b
0xdafea492d9c6733ae3d56b7ed1adb60692c98bc5,0xe688b84b23f322a994a53dbf8e15fa82cdb71127,0.05707261586687402,2022-09-22T23:19:11+00:00,0xdb14219993e01dae56051da7fb06a9ac8a3da9c283d14162284137f431e38c64
0xdafea492d9c6733ae3d56b7ed1adb60692c98bc5,0xe688b84b23f322a994a53dbf8e15fa82cdb71127,0.08124874174428551,2022-09-22T23:28:11+00:00,0x3a3d46c953c0e72cbf7fb5b973ae5298868eac1612261cb099018eecbf5810e3
0xdafea492d9c6733ae3d56b7ed1adb60692c98bc5,0xe688b84b23f322a994a53dbf8e15fa82cdb71127,0.08606525956871339,2022-09-22T23:39:11+00:00,0x808011084c2cc79f567d6481d60854a7b13fa1e4ebedef03d850aed5e08865a4
0xdafea492d9c6733ae3d56b7ed1adb60692c98bc5,0xe688b84b23f322a994a53dbf8e15fa82cdb71127,0.027536950384194507,2022-09-22T23:39:59+00:00,0x891903c5ea44661694465c8522d1e53b4ebe7c1f740b453f4db4d135f55a4c44
0xb646d87963da1fb9d192ddba775f24f33e857128,0xe688b84b23f322a994a53dbf8e15fa82cdb71127,0.03191233608141639,2022-09-22T23:57:59+00:00,0x1b622be76c06ea8505a73783bab80ebcc59a0242f52ff87f750aa9c34fbdda4d
0xdafea492d9c6733ae3d56b7ed1adb60692c98bc5,0xe688b84b23f322a994a53dbf8e15fa82cdb71127,0.12697973112766026,2022-09-23T00:39:35+00:00,0x66cb99d8681f9aada05132ec995bae1a6dfff6679bbd5ec1936e069d8f4ce3ef
0xdafea492d9c6733ae3d56b7ed1adb60692c98bc5,0xe688b84b23f322a994a53dbf8e15fa82cdb71127,0.04860873759672434,2022-09-23T00:41:35+00:00,0xcc07e71dfef16e5bb37b2af7b9b9ed314da4ef6f89c1c881634dab96ba71dd6d
0xdafea492d9c6733ae3d56b7ed1adb60692c98bc5,0xe688b84b23f322a994a53dbf8e15fa82cdb71127,0.02577378405626441,2022-09-23T00:45:11+00:00,0xf2cb814d0e104d681c04ff38dc314a4f13cc59d68cb09b692fa6b424bb70f5a2
0xdafea492d9c6733ae3d56b7ed1adb60692c98bc5,0xe688b84b23f322a994a53dbf8e15fa82cdb71127,0.07022093336301163,2022-09-23T00:54:23+00:00,0x547cd9070d5d1fbb11d1c6054b86b8de5c606ff9e1e7aafd64c0a3dab7b17713
0xdafea492d9c6733ae3d56b7ed1adb60692c98bc5,0xe688b84b23f322a994a53dbf8e15fa82cdb71127,0.12472063037408868,2022-09-23T01:02:35+00:00,0xbecfcbd51693e2d8169b7d8df0150a958fc08625c59655e236a9df6ceab8ebb1
0xdafea492d9c6733ae3d56b7ed1adb60692c98bc5,0xe688b84b23f322a994a53dbf8e15fa82cdb71127,0.03405368840621002,2022-09-23T01:12:23+00:00,0x6491e472d7a2fab25db1f6bc94b5b5dd56c67a76c83962c05af7deb6598114e5
0xdafea492d9c6733ae3d56b7ed1adb60692c98bc5,0xe688b84b23f322a994a53dbf8e15fa82cdb71127,0.05957288429924195,2022-09-23T01:15:59+00:00,0xce6231b3ef38e619c39ee41bac3a4237db207224fe90b01d13a7b9dca2e369d4
0xb646d87963da1fb9d192ddba775f24f33e857128,0xe688b84b23f322a994a53dbf8e15fa82cdb71127,0.930646233136796,2022-09-23T01:19:47+00:00,0x616dcedc42ff30874b1f6b3c4f755af99474d4934f00462f4de1363050d13ba2
0xdafea492d9c6733ae3d56b7ed1adb60692c98bc5,0xe688b84b23f322a994a53dbf8e15fa82cdb71127,0.15392987815118905,2022-09-23T01:42:23+00:00,0x2eb2c2676783c0960ceb77391c3fca04bb2686496b0b367a9cc1855f0cabac65
0xdafea492d9c6733ae3d56b7ed1adb60692c98bc5,0xe688b84b23f322a994a53dbf8e15fa82cdb71127,0.03640062875394205,2022-09-23T02:02:35+00:00,0x3ecbae5e367839af0763a57b2fcd0cd05050fe315b2af8552b8b2a99229f0131
0xdafea492d9c6733ae3d56b7ed1adb60692c98bc5,0xe688b84b23f322a994a53dbf8e15fa82cdb71127,0.049264800026412356,2022-09-23T02:05:11+00:00,0x4fa1cadd654812643b47140c0f9ae807cd4dd7b91dc9a0932cb53afb89fa51dc
0xdafea492d9c6733ae3d56b7ed1adb60692c98bc5,0xe688b84b23f322a994a53dbf8e15fa82cdb71127,0.10612812496571816,2022-09-23T02:27:35+00:00,0x21ead42b13167b373cc3214c927d35136026f346758f1bbad96e482859222021
0x199d5ed7f45f4ee35960cf22eade2076e95b253f,0xe688b84b23f322a994a53dbf8e15fa82cdb71127,0.07280758355958318,2022-09-23T02:28:23+00:00,0x2ccfd514f24ad4e7518bca2a6fd030d41703d8c540bb114db876be27904a080d
0xdafea492d9c6733ae3d56b7ed1adb60692c98bc5,0xe688b84b23f322a994a53dbf8e15fa82cdb71127,0.0542731421372526,2022-09-23T02:34:59+00:00,0x0e5142acd1b335e49e7c2c1657a0478cf208047f4f20523cfb47d94c02944312
0xdafea492d9c6733ae3d56b7ed1adb60692c98bc5,0xe688b84b23f322a994a53dbf8e15fa82cdb71127,0.0797133187154071,2022-09-23T02:52:35+00:00,0xe7ecf2065884fa6b2703bef840942f362ccae5a930133fbf78b9c78e84e19657
0xdafea492d9c6733ae3d56b7ed1adb60692c98bc5,0xe688b84b23f322a994a53dbf8e15fa82cdb71127,0.016291146870739792,2022-09-23T03:25:47+00:00,0x1416066a56fa8000b939a0c1247b5c08c1e0f9091dba1fa1e0d269567aa628a4
0x199d5ed7f45f4ee35960cf22eade2076e95b253f,0xe688b84b23f322a994a53dbf8e15fa82cdb71127,0.08499966033432373,2022-09-23T03:30:23+00:00,0x26cffbcefed522104aaf65bdbab2a3c3be54aa2cce862dd7fa0ccccca4588795
0x199d5ed7f45f4ee35960cf22eade2076e95b253f,0xe688b84b23f322a994a53dbf8e15fa82cdb71127,0.04024578871959279,2022-09-23T03:53:11+00:00,0x91151b880140ff012d7f3e4cdf21815f21095cafbf51fa3ad936850e95f572fe
0x25d88437df70730122b73ef35462435d187c466f,0xe688b84b23f322a994a53dbf8e15fa82cdb71127,0.04930703652049401,2022-09-23T04:27:23+00:00,0x00fcd30754d57d244bf16c7da0a328dc9f7f82b8b9c6c05c14a3f2eb78355cd3
0xdafea492d9c6733ae3d56b7ed1adb60692c98bc5,0xe688b84b23f322a994a53dbf8e15fa82cdb71127,0.12671072153210272,2022-09-23T04:34:59+00:00,0x4b99966ee83e9093e2bf7fb8f7d6d235ee27640b248066349c76c045b770e440
0xdafea492d9c6733ae3d56b7ed1adb60692c98bc5,0xe688b84b23f322a994a53dbf8e15fa82cdb71127,0.026201528562652145,2022-09-23T05:04:11+00:00,0x35ead2fae19444d6744f21afc261afce2d2e09a142b623ae7bea34792db74a8e
0x25d88437df70730122b73ef35462435d187c466f,0xe688b84b23f322a994a53dbf8e15fa82cdb71127,0.02678529035627135,2022-09-23T05:06:59+00:00,0xcbcf7312f860e132bc785269ce7e6f5d40ed7247cd1d11d731f67d9849f053a4
0xdafea492d9c6733ae3d56b7ed1adb60692c98bc5,0xe688b84b23f322a994a53dbf8e15fa82cdb71127,0.03830498947511108,2022-09-23T05:15:47+00:00,0xb5e75ab15faa45234538c4ab1e636e8402f204a62cd23a650869331d7b1eae0e
0xdafea492d9c6733ae3d56b7ed1adb60692c98bc5,0xe688b84b23f322a994a53dbf8e15fa82cdb71127,0.4321841232284636,2022-09-23T05:24:59+00:00,0xc73e6d03c4ff58ceaba11a22f63449c6e1e5b0af64beb5e75aafabc68ced3078
0xdafea492d9c6733ae3d56b7ed1adb60692c98bc5,0xe688b84b23f322a994a53dbf8e15fa82cdb71127,0.025703449533506895,2022-09-23T05:29:47+00:00,0x97db9a553a7677d8e39e9ba6d96bd5ff233466f9180d44032716e7a15dbf6445
0xdafea492d9c6733ae3d56b7ed1adb60692c98bc5,0xe688b84b23f322a994a53dbf8e15fa82cdb71127,0.059401318668453995,2022-09-23T05:55:11+00:00,0x822ba5aaa1ecb084ca99a8e95636d8d29f23fcf141d98a8e24109058b410c4e8
0xdafea492d9c6733ae3d56b7ed1adb60692c98bc5,0xe688b84b23f322a994a53dbf8e15fa82cdb71127,0.041531817069874376,2022-09-23T05:55:35+00:00,0xace5871478f19c6fc88b01f790c11d3c19d0f6ddbf439d45b74c50590e7120da
0xdafea492d9c6733ae3d56b7ed1adb60692c98bc5,0xe688b84b23f322a994a53dbf8e15fa82cdb71127,0.08363372606074385,2022-09-23T06:11:11+00:00,0xee4cf9bc4a38130c9a2668f3c99d025438c08fe0f538975ddb2f8b11c1e57b0b
0xdafea492d9c6733ae3d56b7ed1adb60692c98bc5,0xe688b84b23f322a994a53dbf8e15fa82cdb71127,0.060682790769540404,2022-09-23T06:14:59+00:00,0xf0a8fed377bdd0dc3ce6ef21192b90abcf5bd65ec1da7113501dc420d0b12b6a
0xb646d87963da1fb9d192ddba775f24f33e857128,0xe688b84b23f322a994a53dbf8e15fa82cdb71127,0.05262875188451007,2022-09-23T08:00:47+00:00,0xb53dab4a404565ad5a0a197b785a5030059fb519f9edb670c7e3568cabb1db1f
0xdafea492d9c6733ae3d56b7ed1adb60692c98bc5,0xe688b84b23f322a994a53dbf8e15fa82cdb71127,0.029610300671234317,2022-09-23T08:04:59+00:00,0x55952177334d701bacf3e7a4bb34830fc3a2fc1ab99d5ca29fd3377182d18d18
0xdafea492d9c6733ae3d56b7ed1adb60692c98bc5,0xe688b84b23f322a994a53dbf8e15fa82cdb71127,0.13435633215239806,2022-09-23T08:30:11+00:00,0xcf77bf9168fd6e744a62ed20a81afcc391ccfb2f92bbfbecfff6086f8ae1aa5c
0xdafea492d9c6733ae3d56b7ed1adb60692c98bc5,0xe688b84b23f322a994a53dbf8e15fa82cdb71127,0.06985271191818991,2022-09-23T08:35:11+00:00,0x01f67b51f0cf27783c81f4650a0d8f7d3c5cd1194582bc5ae29344b4a3a465f0
0xb646d87963da1fb9d192ddba775f24f33e857128,0xe688b84b23f322a994a53dbf8e15fa82cdb71127,0.05121853649673857,2022-09-23T08:35:35+00:00,0xaf93fc489ee5cd22981e609ac4c53f2262b5e3521bb3e4509c54ed6eaa305105
0xdafea492d9c6733ae3d56b7ed1adb60692c98bc5,0xe688b84b23f322a994a53dbf8e15fa82cdb71127,0.04714362205503988,2022-09-23T08:37:47+00:00,0x49d82ab7bc01947fd25785e2a359414e86ef39db7b90fc2ffd8ced4634f75b79
0xdafea492d9c6733ae3d56b7ed1adb60692c98bc5,0xe688b84b23f322a994a53dbf8e15fa82cdb71127,0.1017307328005114,2022-09-23T08:45:59+00:00,0x2e12d03e61fe52767249577a9903ccdd627edafce8fca5e6f2ce0c4757d4879d
0xdafea492d9c6733ae3d56b7ed1adb60692c98bc5,0xe688b84b23f322a994a53dbf8e15fa82cdb71127,0.10933584300281839,2022-09-23T08:50:23+00:00,0x21051e9aebb24c77f3369e2ee378c1ae9704d8dfdd83ee50311ed1c26fd1049d
0xdafea492d9c6733ae3d56b7ed1adb60692c98bc5,0xe688b84b23f322a994a53dbf8e15fa82cdb71127,0.2023929190732691,2022-09-23T08:52:23+00:00,0x3540df0047709cf468d062b1a6684b693753d5e0b01cc64732458f0855a27025
0xdafea492d9c6733ae3d56b7ed1adb60692c98bc5,0xe688b84b23f322a994a53dbf8e15fa82cdb71127,0.06255391547777887,2022-09-23T08:55:59+00:00,0xf69d3d89ffef842b8b948cd6cc3dc7fb54079a93ea594a4215ee8953255f5626
0xdafea492d9c6733ae3d56b7ed1adb60692c98bc5,0xe688b84b23f322a994a53dbf8e15fa82cdb71127,0.1002336153933546,2022-09-23T09:27:11+00:00,0x345ee5796acb6b473a46ad7e1ca2367492bf18e5f2eedaf08eb96ac6b78dc797
0x199d5ed7f45f4ee35960cf22eade2076e95b253f,0xe688b84b23f322a994a53dbf8e15fa82cdb71127,0.10563531657292946,2022-09-23T09:34:35+00:00,0x2a8b3e1320dc9f9deec8ee7332b4ec4df71725ea87ff7931918a96a1039bb0f2
0xdafea492d9c6733ae3d56b7ed1adb60692c98bc5,0xe688b84b23f322a994a53dbf8e15fa82cdb71127,0.18760304337624836,2022-09-23T09:46:23+00:00,0x3af809ab7b985f267f51d83b781fe4d91c579a6a9b4f68ea314b6190f7403a93
0xdafea492d9c6733ae3d56b7ed1adb60692c98bc5,0xe688b84b23f322a994a53dbf8e15fa82cdb71127,0.08551337600016772,2022-09-23T10:11:35+00:00,0x3e53f5ea03a33cbe9a01686c6727ba768ad79e143970fe1851af5eafe1de9e86
0xdafea492d9c6733ae3d56b7ed1adb60692c98bc5,0xe688b84b23f322a994a53dbf8e15fa82cdb71127,0.054904265940298964,2022-09-23T10:11:59+00:00,0xd2ab090ea7c07ec34d52dd30ef45c64eddffd41502dd4667cb7d6cc9d8fa964c
0xdafea492d9c6733ae3d56b7ed1adb60692c98bc5,0xe688b84b23f322a994a53dbf8e15fa82cdb71127,0.08232566457190618,2022-09-23T10:25:11+00:00,0x3de409c809c16ae4fa57dafa5f4cd7b8bfafb660f6dceecf5a8e6fd307b0bb39
0xdafea492d9c6733ae3d56b7ed1adb60692c98bc5,0xe688b84b23f322a994a53dbf8e15fa82cdb71127,0.13397323933385508,2022-09-23T10:34:59+00:00,0x9c7c324922a22282c6bab86eb7859ed86082dd83eeeb82ab0941276755f38981
0xdafea492d9c6733ae3d56b7ed1adb60692c98bc5,0xe688b84b23f322a994a53dbf8e15fa82cdb71127,0.07264656815397175,2022-09-23T10:45:11+00:00,0x360259d068b5201f3d7b6407004b5d13e1deb350aec0e1608eefafedafdb6ab3
0xdafea492d9c6733ae3d56b7ed1adb60692c98bc5,0xe688b84b23f322a994a53dbf8e15fa82cdb71127,0.09871082169053327,2022-09-23T10:51:35+00:00,0x03eb84befcd10d77a9600ee71359c5177b83bd6cebb47f71ab2c4adc9cf7a0d5
0xdafea492d9c6733ae3d56b7ed1adb60692c98bc5,0xe688b84b23f322a994a53dbf8e15fa82cdb71127,0.0336210770159115,2022-09-23T10:58:59+00:00,0xfa3da860c646ed2fb2e570694a061711e2fea18eef20df1ce7b6c3d733087517
0xb646d87963da1fb9d192ddba775f24f33e857128,0xe688b84b23f322a994a53dbf8e15fa82cdb71127,0.09534339165997449,2022-09-23T11:08:47+00:00,0x28e5a9b658df456c1f0b5d7176b0536c984f08cefdd8f1958b88952debbd9f8c
0xdafea492d9c6733ae3d56b7ed1adb60692c98bc5,0xe688b84b23f322a994a53dbf8e15fa82cdb71127,0.11265936707919864,2022-09-23T11:31:47+00:00,0x61e94c7a4b1ba715164c4e01ea14d994c57692e2d9d250e24074dc6fbb6798bf
0xdafea492d9c6733ae3d56b7ed1adb60692c98bc5,0xe688b84b23f322a994a53dbf8e15fa82cdb71127,0.03176411220500181,2022-09-23T11:48:47+00:00,0x4becc0ef4f0b7d1c2cb621a17b249e688ae0c64c0ce6bef5fd09ccbadcdd0f30
0x199d5ed7f45f4ee35960cf22eade2076e95b253f,0xe688b84b23f322a994a53dbf8e15fa82cdb71127,0.2107977640988845,2022-09-23T11:58:23+00:00,0x1eeca1319f9e0b973567e4cbb8483291478c781b1bc51d27950f263249f3208d
0xdafea492d9c6733ae3d56b7ed1adb60692c98bc5,0xe688b84b23f322a994a53dbf8e15fa82cdb71127,0.09077338241716869,2022-09-23T12:05:35+00:00,0x0eb204241abfd94b3fc90fe2bf190238dcc9434241c175c6e48dd448eda62265
0xdafea492d9c6733ae3d56b7ed1adb60692c98bc5,0xe688b84b23f322a994a53dbf8e15fa82cdb71127,0.04043443663073802,2022-09-23T12:06:23+00:00,0xdcf935494ec2a1f2d94c2082a6c5dbd5c2c644f773cc885e2c20b4dabdcc3c61
0xdafea492d9c6733ae3d56b7ed1adb60692c98bc5,0xe688b84b23f322a994a53dbf8e15fa82cdb71127,0.11298255977761891,2022-09-23T12:09:11+00:00,0x12175f48650d048adefdebf9c871c3d3f706d19e4a1212c328f5c23355ccd70e
0x199d5ed7f45f4ee35960cf22eade2076e95b253f,0xe688b84b23f322a994a53dbf8e15fa82cdb71127,0.24116834937776302,2022-09-23T12:11:23+00:00,0x592332279ccc10ff24a6b5c530e9cd8a93694d98b312386b289aa6c5263b0408
0xdafea492d9c6733ae3d56b7ed1adb60692c98bc5,0xe688b84b23f322a994a53dbf8e15fa82cdb71127,0.21611274226821983,2022-09-23T12:19:35+00:00,0x734915da9945ab0aee94b3023973e5f1bc80cfd281fceea848fe9961caeceb51
0xdafea492d9c6733ae3d56b7ed1adb60692c98bc5,0xe688b84b23f322a994a53dbf8e15fa82cdb71127,0.0767966640890064,2022-09-23T12:35:11+00:00,0xd8c76842fa6632ca8281011338d18bd79fbc673133f6cbf9f90d3559c9c3a961
0xdafea492d9c6733ae3d56b7ed1adb60692c98bc5,0xe688b84b23f322a994a53dbf8e15fa82cdb71127,0.1553100328784072,2022-09-23T12:48:11+00:00,0x9394b705ba09ce6cdc7554b18846f3c64eac447d072937dfc659c4882360348e
0x199d5ed7f45f4ee35960cf22eade2076e95b253f,0xe688b84b23f322a994a53dbf8e15fa82cdb71127,1.5337776470605746,2022-09-23T12:50:47+00:00,0xf130c7608f90d3a51668e8f348e3722e4a8f0339e1a6e7a91d72cfc8c3f46722
0x199d5ed7f45f4ee35960cf22eade2076e95b253f,0xe688b84b23f322a994a53dbf8e15fa82cdb71127,0.06561185772998254,2022-09-23T12:51:11+00:00,0x30c940aaa02f2c5eb255cc095cd419a6a906d59e91bd19dfabde95423482ac31
0xdafea492d9c6733ae3d56b7ed1adb60692c98bc5,0xe688b84b23f322a994a53dbf8e15fa82cdb71127,0.22008274760705687,2022-09-23T13:01:11+00:00,0x320330188f74b648242fec5de71917beb0fc4e0c0b59a6fd69fcde34e6be6a10
0xb646d87963da1fb9d192ddba775f24f33e857128,0xe688b84b23f322a994a53dbf8e15fa82cdb71127,0.19039837132662726,2022-09-23T13:07:11+00:00,0x6067f7fd6efb6ba660d16817dc9be5dc19413032ab6c40fa44096110b040e1e4
0xdafea492d9c6733ae3d56b7ed1adb60692c98bc5,0xe688b84b23f322a994a53dbf8e15fa82cdb71127,0.0383853246338952,2022-09-23T13:21:35+00:00,0x3cefe3731607f80a9a9b96add58644d92949e7c8399e50059c17134680826a30
0xdafea492d9c6733ae3d56b7ed1adb60692c98bc5,0xe688b84b23f322a994a53dbf8e15fa82cdb71127,0.02916206171515667,2022-09-23T13:29:11+00:00,0xec5300e66b0f96c4e4058f2796b1011da6199ad7b076e0962738868154d7e29d
0xf2f5c73fa04406b1995e397b55c24ab1f3ea726c,0xe688b84b23f322a994a53dbf8e15fa82cdb71127,0.05633966297752919,2022-09-23T13:41:11+00:00,0xb93e905359c293d387313f3b2f6e19125803a981411b4a880972af8ec92bcdad
0x199d5ed7f45f4ee35960cf22eade2076e95b253f,0xe688b84b23f322a994a53dbf8e15fa82cdb71127,0.07145737917500383,2022-09-23T13:46:47+00:00,0x04fa6b35bd00ba1fba0659e22c618f044bc22003a070f699bf4f31fcd9714433
0x199d5ed7f45f4ee35960cf22eade2076e95b253f,0xe688b84b23f322a994a53dbf8e15fa82cdb71127,0.15281125151731967,2022-09-23T13:53:47+00:00,0x9679fade2d77e627140499beafafbfb8dcf18216e98e201050d1ab93ae808303
0xdafea492d9c6733ae3d56b7ed1adb60692c98bc5,0xe688b84b23f322a994a53dbf8e15fa82cdb71127,0.11391858784586437,2022-09-23T13:55:35+00:00,0xecb48ef1d82048707f74b164effeed90b64a76fffab917c3a8c7372e930b633f
0xdafea492d9c6733ae3d56b7ed1adb60692c98bc5,0xe688b84b23f322a994a53dbf8e15fa82cdb71127,0.09180156978607491,2022-09-23T14:21:35+00:00,0xe728be93ccfacf48fec1d50af9723a89fea6a7a0bf96bf39e1a52db293e5270b
0xdafea492d9c6733ae3d56b7ed1adb60692c98bc5,0xe688b84b23f322a994a53dbf8e15fa82cdb71127,0.026815215006768343,2022-09-23T14:39:11+00:00,0x0a707e3126c97dca9392e007318763c18f353e496fe4cd4e3f28d1c09bf5731c
0xdafea492d9c6733ae3d56b7ed1adb60692c98bc5,0xe688b84b23f322a994a53dbf8e15fa82cdb71127,0.09894024905073592,2022-09-23T14:46:23+00:00,0xc8fdfad5e2c8a3b9ffba3d1b7519694c3407293b171de0ebaa8f6bd3186acb54
0xdafea492d9c6733ae3d56b7ed1adb60692c98bc5,0xe688b84b23f322a994a53dbf8e15fa82cdb71127,0.07022371507917216,2022-09-23T14:56:23+00:00,0xf1d8321e22c2de63c9b93c954fe4fb08bb50f1a48863757b7f292359ceef1f66
0xdafea492d9c6733ae3d56b7ed1adb60692c98bc5,0xe688b84b23f322a994a53dbf8e15fa82cdb71127,0.35721080537708316,2022-09-23T14:58:11+00:00,0x0575d6ea513fde89f907a4910a305dd94e98a94ae36b202795740225111cfbe9
0xdafea492d9c6733ae3d56b7ed1adb60692c98bc5,0xe688b84b23f322a994a53dbf8e15fa82cdb71127,0.04988667214106608,2022-09-23T15:10:47+00:00,0x82167ae8ac6fc666be0a569e7507a2efffc96f8e69098b2b36128ad23eb805c9
0xdafea492d9c6733ae3d56b7ed1adb60692c98bc5,0xe688b84b23f322a994a53dbf8e15fa82cdb71127,0.14482892979130146,2022-09-23T15:12:11+00:00,0x760f98f4b14c23bc8149cdc863aa40e9d4fd9cfe09e60548f2f8ecd02dff3e85
0xdafea492d9c6733ae3d56b7ed1adb60692c98bc5,0xe688b84b23f322a994a53dbf8e15fa82cdb71127,0.08847087878397854,2022-09-23T15:13:23+00:00,0x0dce9ca7149002dbf6c98969c8d7abcc0d87979da14fe5ed9fd74826826a0411
0xdafea492d9c6733ae3d56b7ed1adb60692c98bc5,0xe688b84b23f322a994a53dbf8e15fa82cdb71127,0.16683904578855768,2022-09-23T15:25:59+00:00,0x722ddc9a5b2bff1fa71e77a068faa4b27d94ec017b73d7710704575b6c24952d
0xf2f5c73fa04406b1995e397b55c24ab1f3ea726c,0xe688b84b23f322a994a53dbf8e15fa82cdb71127,0.08630441733770969,2022-09-23T15:58:47+00:00,0xeab5ab4fea1d35b6c778d8b4ac04fe1ce5e1414987b6f88d5441868ae2ccb884
0xdafea492d9c6733ae3d56b7ed1adb60692c98bc5,0xe688b84b23f322a994a53dbf8e15fa82cdb71127,0.10457711816318692,2022-09-23T16:25:11+00:00,0xf5d8b497a852bd6a7ed24bd2d796b96bbfbcaf800ff73ab2f43ca4d1ef9a39ee
0xdafea492d9c6733ae3d56b7ed1adb60692c98bc5,0xe688b84b23f322a994a53dbf8e15fa82cdb71127,0.08345881872469034,2022-09-23T16:25:35+00:00,0x8274b331f6c27b47c5cfe5a50fcd2b4c5796cdb30e1557459eb8a746c810e565
0x199d5ed7f45f4ee35960cf22eade2076e95b253f,0xe688b84b23f322a994a53dbf8e15fa82cdb71127,0.17079977425224002,2022-09-23T16:27:59+00:00,0xe036581a9e072cef75381ad8c01df19b5b85d36337bb97784e1ab30b2d943bef
0xdafea492d9c6733ae3d56b7ed1adb60692c98bc5,0xe688b84b23f322a994a53dbf8e15fa82cdb71127,0.4030156839278376,2022-09-23T16:37:35+00:00,0x6c111dc903288769c1555e9c91dcbb23fdfaf01d9b0d8bc117a113eec2d1a87d
0xdafea492d9c6733ae3d56b7ed1adb60692c98bc5,0xe688b84b23f322a994a53dbf8e15fa82cdb71127,0.13895528822050687,2022-09-23T16:46:47+00:00,0x00c33c851c4a1fa2bfc6de9e8e54bbafbdd3728cbb29efe9824fa8eabd9c946f
0xdafea492d9c6733ae3d56b7ed1adb60692c98bc5,0xe688b84b23f322a994a53dbf8e15fa82cdb71127,0.18651811411510916,2022-09-23T16:50:47+00:00,0x879d2b823ab4e791853d435c341f83030485a7740ffaf741751299e2eb1544aa
0x199d5ed7f45f4ee35960cf22eade2076e95b253f,0xe688b84b23f322a994a53dbf8e15fa82cdb71127,0.24854154916711457,2022-09-23T17:20:35+00:00,0x5a26670e67b83ba98d489f0c2fbfb507a6e8b902486e6db3f2ccb56fbd4815e9
0xdafea492d9c6733ae3d56b7ed1adb60692c98bc5,0xe688b84b23f322a994a53dbf8e15fa82cdb71127,0.05494653121123292,2022-09-23T17:34:11+00:00,0xe587bf71eb45bdc2dbec3a6f28a3c428df7e578abf568f4da85025f4067d3928
0xdafea492d9c6733ae3d56b7ed1adb60692c98bc5,0xe688b84b23f322a994a53dbf8e15fa82cdb71127,0.05919084959230674,2022-09-23T17:51:23+00:00,0x82493eee2cbdf6805dfa4ab250eb9df56a899524da37910fe48db4a7fee13225
0xdafea492d9c6733ae3d56b7ed1adb60692c98bc5,0xe688b84b23f322a994a53dbf8e15fa82cdb71127,0.39021937502302906,2022-09-23T18:13:11+00:00,0x09b0fd4a14228ec32f660a704aeb08f68a1e6c021c46fbbbaae136e8846fb9d0
0xdafea492d9c6733ae3d56b7ed1adb60692c98bc5,0xe688b84b23f322a994a53dbf8e15fa82cdb71127,0.08756945817995032,2022-09-23T18:18:11+00:00,0xe81c3b321cebf4a17c5aa86d9df85c25c273f4ed3a180c578cae9380520aec12
0xdafea492d9c6733ae3d56b7ed1adb60692c98bc5,0xe688b84b23f322a994a53dbf8e15fa82cdb71127,0.1479973220730687,2022-09-23T18:24:11+00:00,0xb5becd2a63c492c51301d576cdaab56a4c8ea7e592b2a1527f5b751cdef97d34
0xdafea492d9c6733ae3d56b7ed1adb60692c98bc5,0xe688b84b23f322a994a53dbf8e15fa82cdb71127,0.025549397436140722,2022-09-23T18:52:35+00:00,0x8d51ab832ea443630e24b7f0e4056f515ce4c5827635f7ac0c62aef722ca0bbb
0xdafea492d9c6733ae3d56b7ed1adb60692c98bc5,0xe688b84b23f322a994a53dbf8e15fa82cdb71127,0.4549778443788986,2022-09-23T19:01:11+00:00,0x2e9ed8a99e98080418136447960077d403df62b618cd88b8cd7c6550ca18c315
0xdafea492d9c6733ae3d56b7ed1adb60692c98bc5,0xe688b84b23f322a994a53dbf8e15fa82cdb71127,0.41806186577067783,2022-09-23T19:14:11+00:00,0xe9459e63a10b2fcd8bc3eba9aa65aab3fb6f8ab435017530d879746fdbf2b14a
0xdafea492d9c6733ae3d56b7ed1adb60692c98bc5,0xe688b84b23f322a994a53dbf8e15fa82cdb71127,0.07982477970910576,2022-09-23T19:18:59+00:00,0x49e5c21492a72eb3533286ec97132fd5647ed80525e6ce68f1b43a3f1f67ff0c
0xdafea492d9c6733ae3d56b7ed1adb60692c98bc5,0xe688b84b23f322a994a53dbf8e15fa82cdb71127,0.040568215474203924,2022-09-23T19:19:59+00:00,0x87524883300fa05a5ffd0edbf2eee6d58c8812154b9db9a17d48be176aa4273a
0xb646d87963da1fb9d192ddba775f24f33e857128,0xe688b84b23f322a994a53dbf8e15fa82cdb71127,1.383972877074025,2022-09-23T19:24:35+00:00,0xc37853437ef259299d80c0ee78af13877a30fd2d49c637e9daa7d663fc636b49
0xb646d87963da1fb9d192ddba775f24f33e857128,0xe688b84b23f322a994a53dbf8e15fa82cdb71127,0.13603403508068035,2022-09-23T19:30:11+00:00,0xbe5645b5b2fda04dda7fb7ac2e53090b2ab558c832608fe7fe379be352a8e2a6
0xdafea492d9c6733ae3d56b7ed1adb60692c98bc5,0xe688b84b23f322a994a53dbf8e15fa82cdb71127,0.2493708481812715,2022-09-23T19:36:23+00:00,0x086d4e9c6ebb0712665a76a54f8c420578f77d27c2e45f0d40cb51dfa29a8d78
0xdafea492d9c6733ae3d56b7ed1adb60692c98bc5,0xe688b84b23f322a994a53dbf8e15fa82cdb71127,0.07815962825016236,2022-09-23T19:38:23+00:00,0x925aac6d7afaafee1657b929f0269e0250f02eefb23bf90ee3547620b582649e
0x199d5ed7f45f4ee35960cf22eade2076e95b253f,0xe688b84b23f322a994a53dbf8e15fa82cdb71127,0.08843762891487411,2022-09-23T19:38:47+00:00,0x0cba18ec40bbeeab260455eb86e9110bfd2185a39bf31eccdfb5d7d1fb3a706d
0x690b9a9e9aa1c9db991c7721a92d351db4fac990,0xe688b84b23f322a994a53dbf8e15fa82cdb71127,0.058725901991227805,2022-09-23T19:39:47+00:00,0x61a8676f85a57dc55385eba591da075b2c01a45450c89af3bd08d7665a04ea06
0xdafea492d9c6733ae3d56b7ed1adb60692c98bc5,0xe688b84b23f322a994a53dbf8e15fa82cdb71127,0.24839098027115059,2022-09-23T19:57:23+00:00,0x51ebf07e1f8ee461806b95212961729807e2334276738f1b83d0d0c22ccbcffc
0xdafea492d9c6733ae3d56b7ed1adb60692c98bc5,0xe688b84b23f322a994a53dbf8e15fa82cdb71127,0.06904280345704851,2022-09-23T20:09:47+00:00,0xa25f9a8f9445f72364b91a53030b10691db41f166b554d242a43b7772dba0180
0xdafea492d9c6733ae3d56b7ed1adb60692c98bc5,0xe688b84b23f322a994a53dbf8e15fa82cdb71127,0.048047225190087,2022-09-23T20:35:11+00:00,0x07eac37859749022afde6dcca632da367b9257fc95adc78a984ede184d313cbc
0xaab27b150451726ec7738aa1d0a94505c8729bd1,0xe688b84b23f322a994a53dbf8e15fa82cdb71127,0.0317701900293482,2022-09-23T20:43:35+00:00,0xea6c5df8d90fc64374e078170bb661e3d9a9506a35fd83a7a119bdd7de244097
0xdafea492d9c6733ae3d56b7ed1adb60692c98bc5,0xe688b84b23f322a994a53dbf8e15fa82cdb71127,0.10109524482505625,2022-09-23T20:52:23+00:00,0xfaa4694e600fce3376f9c5d45dad2d3057dbeddafefe68bf47faa46dc12302aa
0xdafea492d9c6733ae3d56b7ed1adb60692c98bc5,0xe688b84b23f322a994a53dbf8e15fa82cdb71127,0.03194557367938754,2022-09-23T21:21:23+00:00,0x6b87f363e1422feacfb472f8597674ddbe8c54ad0254a3903d9d47c860afc82e
0xf2f5c73fa04406b1995e397b55c24ab1f3ea726c,0xe688b84b23f322a994a53dbf8e15fa82cdb71127,0.08453754784755887,2022-09-23T21:23:59+00:00,0x9a8c61d48fc431259c0467190e5972939c70b79bf2e8c9f9612d0b2fb63e8800
0xf2f5c73fa04406b1995e397b55c24ab1f3ea726c,0xe688b84b23f322a994a53dbf8e15fa82cdb71127,0.14928378314552584,2022-09-23T21:25:23+00:00,0xb4fd7a657b4e451a4bf93a916593acbdfde258ea11d5da4f4e7bd72b1b4caeba
0xdafea492d9c6733ae3d56b7ed1adb60692c98bc5,0xe688b84b23f322a994a53dbf8e15fa82cdb71127,0.059816923644107754,2022-09-23T21:38:23+00:00,0x0a618f473fa8707491d6229139997a0fecede4256cf3ee48e6efa0c60883d689
0xdafea492d9c6733ae3d56b7ed1adb60692c98bc5,0xe688b84b23f322a994a53dbf8e15fa82cdb71127,0.039364877621121334,2022-09-23T22:35:23+00:00,0x1b15f1ab71eaeed2c1a46a06a721d87002f1aafb0a21436e287498f07f1ee6f4
0xf2f5c73fa04406b1995e397b55c24ab1f3ea726c,0xe688b84b23f322a994a53dbf8e15fa82cdb71127,0.06211337378822107,2022-09-23T23:01:11+00:00,0xf5636ebdcd84718fd971c15efe6510c0b158aa33d584e02c4d3a065fc4825b72
0xdafea492d9c6733ae3d56b7ed1adb60692c98bc5,0xe688b84b23f322a994a53dbf8e15fa82cdb71127,0.014606178669297363,2022-09-23T23:34:47+00:00,0x7c7fc14fe4138b7eebb3ba20f667a3726ea718fc615abd35bb710afb3603c746
0xf2f5c73fa04406b1995e397b55c24ab1f3ea726c,0xe688b84b23f322a994a53dbf8e15fa82cdb71127,0.12030624209344903,2022-09-23T23:45:11+00:00,0x73d6003022ee5f430b1f0ea98d8794700c436d3a7a0d6dec22797c1ac8f33298
0xdafea492d9c6733ae3d56b7ed1adb60692c98bc5,0xe688b84b23f322a994a53dbf8e15fa82cdb71127,0.050375859606926685,2022-09-23T23:51:35+00:00,0xe977c452b7c01ab3fdda4b42f81bb702f9c18d635cca8a5578589492801fa9ac
0xf2f5c73fa04406b1995e397b55c24ab1f3ea726c,0xe688b84b23f322a994a53dbf8e15fa82cdb71127,0.060749002746231115,2022-09-24T00:01:23+00:00,0xd328cc575a8ae8cf956ca3640fc98ba9f88eaaeea9cfe1607886ebda964ce95c
0xdafea492d9c6733ae3d56b7ed1adb60692c98bc5,0xe688b84b23f322a994a53dbf8e15fa82cdb71127,0.08507465526874108,2022-09-24T00:01:47+00:00,0xaecb336940f0e29e8d4509ab73913c4cab23716a4e0be025e7f90ae38cd064ec
0xf2f5c73fa04406b1995e397b55c24ab1f3ea726c,0xe688b84b23f322a994a53dbf8e15fa82cdb71127,0.06358832114524725,2022-09-24T00:05:47+00:00,0x7100d5b1c9024cd4be0d298b747aa086e9f5d1dd7598e0058a2f212515d5131c
0xdafea492d9c6733ae3d56b7ed1adb60692c98bc5,0xe688b84b23f322a994a53dbf8e15fa82cdb71127,0.10009700302529051,2022-09-24T00:14:23+00:00,0xef15f5817cad70df43be02a043be70f05707f6d49425c3e2002e497cf91f95ce
0xdafea492d9c6733ae3d56b7ed1adb60692c98bc5,0xe688b84b23f322a994a53dbf8e15fa82cdb71127,0.05635117564479841,2022-09-24T00:32:47+00:00,0xdafaa46e8d2a4f76ea321c73b1896af3de1e4ea45b12e26eb35138b9e7c8c331
0xf2f5c73fa04406b1995e397b55c24ab1f3ea726c,0xe688b84b23f322a994a53dbf8e15fa82cdb71127,0.0534571720363284,2022-09-24T01:10:23+00:00,0x6f8d4222b758b02543ef7bdd30b79a5c6b2fdf6e93ac36ef413f73a2a360cfdb
0xdafea492d9c6733ae3d56b7ed1adb60692c98bc5,0xe688b84b23f322a994a53dbf8e15fa82cdb71127,0.03611157115736689,2022-09-24T01:15:59+00:00,0xc1398a7dd806c3f27b798348561827a0c353875bd7d2610dbc2df8a85b660700
0xdafea492d9c6733ae3d56b7ed1adb60692c98bc5,0xe688b84b23f322a994a53dbf8e15fa82cdb71127,0.06957672638821255,2022-09-24T01:39:35+00:00,0xa786df31c48c206f4a17316d50985fb4c87524a027b94fbf708a0bba8a6634d1
0xf2f5c73fa04406b1995e397b55c24ab1f3ea726c,0xe688b84b23f322a994a53dbf8e15fa82cdb71127,0.26672019608759073,2022-09-24T01:53:35+00:00,0x70f307dc55c3f9584b73f3f1cc4b3ed110750fc3db858494a8186c01ca67a768
0xdafea492d9c6733ae3d56b7ed1adb60692c98bc5,0xe688b84b23f322a994a53dbf8e15fa82cdb71127,0.029628179415011197,2022-09-24T02:04:23+00:00,0x7aac1b2ea9045606a2c27762ba9a4dee4aae08b71a4b67df9dbcc1d42984ddf6
0xf2f5c73fa04406b1995e397b55c24ab1f3ea726c,0xe688b84b23f322a994a53dbf8e15fa82cdb71127,0.09481959341121815,2022-09-24T02:18:35+00:00,0x27f1556567a10c79526cc9ad6df60accf4f32d93107f12f61c4f3a02bc62fc83
0x199d5ed7f45f4ee35960cf22eade2076e95b253f,0xe688b84b23f322a994a53dbf8e15fa82cdb71127,0.0449957422856636,2022-09-24T02:37:23+00:00,0x5f5944d6fa28ff29eecb5cfdd8008d78e825b7b06345062f3bdb0e6e94a8380a
0xdafea492d9c6733ae3d56b7ed1adb60692c98bc5,0xe688b84b23f322a994a53dbf8e15fa82cdb71127,0.08395589997445052,2022-09-24T02:42:35+00:00,0x2b4027c22931276b20772bef525a0c01ace838245bc6e882424c4ffe1a7826c6
0xdafea492d9c6733ae3d56b7ed1adb60692c98bc5,0xe688b84b23f322a994a53dbf8e15fa82cdb71127,0.035808313610825926,2022-09-24T02:51:59+00:00,0x9c8e388f2727ac6f3d1c6fba81d3175147532b54449530003fc50736b793cc73
0xdafea492d9c6733ae3d56b7ed1adb60692c98bc5,0xe688b84b23f322a994a53dbf8e15fa82cdb71127,0.027150721421592906,2022-09-24T03:13:11+00:00,0xa69c8036ae6b4041f1d693dc46f4b0bc62eaebaa3f12835b45977ff908ebcaa7
0xdafea492d9c6733ae3d56b7ed1adb60692c98bc5,0xe688b84b23f322a994a53dbf8e15fa82cdb71127,0.023825200633558592,2022-09-24T03:13:47+00:00,0x08fc34c9a96d5911b354a3c63aa226353037517a2d35c6f6408556cfb2be3687
0xdafea492d9c6733ae3d56b7ed1adb60692c98bc5,0xe688b84b23f322a994a53dbf8e15fa82cdb71127,0.0293079857717593,2022-09-24T03:16:59+00:00,0x92c74475f574554c40d8c6fd43d869e27a662455ab2c6b85d0041a61c1f5fcde
0xdafea492d9c6733ae3d56b7ed1adb60692c98bc5,0xe688b84b23f322a994a53dbf8e15fa82cdb71127,0.0656558592346842,2022-09-24T03:19:47+00:00,0x15a1c796393519b4d5cb2f7edfea68962451dddcece483adfc201c73bcb85fc4
0xdafea492d9c6733ae3d56b7ed1adb60692c98bc5,0xe688b84b23f322a994a53dbf8e15fa82cdb71127,0.02557075855720576,2022-09-24T03:20:47+00:00,0x8d3e75b32b17ac545f4d4cd2701a4549ca1a394e45d9662cc399cb21fd3a847f
0xdafea492d9c6733ae3d56b7ed1adb60692c98bc5,0xe688b84b23f322a994a53dbf8e15fa82cdb71127,0.04043440592416155,2022-09-24T03:25:11+00:00,0x5133fff3374a871cff9281ce4c40237f8dc0a42764ef96759b599a872b03252c
0xdafea492d9c6733ae3d56b7ed1adb60692c98bc5,0xe688b84b23f322a994a53dbf8e15fa82cdb71127,0.15074370177056468,2022-09-24T03:27:47+00:00,0xa4bc585fdd43e45827d8c310f9206c61a684db2e0889f1850f3ce6791ecdb989
0x199d5ed7f45f4ee35960cf22eade2076e95b253f,0xe688b84b23f322a994a53dbf8e15fa82cdb71127,0.02685807342948349,2022-09-24T03:36:47+00:00,0x44d34118a77fb6a0571857b9d1f82b9f4eaf116a308051d0f505088433bad0dd
0xf2f5c73fa04406b1995e397b55c24ab1f3ea726c,0xe688b84b23f322a994a53dbf8e15fa82cdb71127,0.10219797673111788,2022-09-24T03:37:23+00:00,0xc5576da1415b4bd49cb774895d1a9700ab5da59a80a413c40596e751d3845a05
0xf2f5c73fa04406b1995e397b55c24ab1f3ea726c,0xe688b84b23f322a994a53dbf8e15fa82cdb71127,0.07295642435581634,2022-09-24T03:43:35+00:00,0x7eadc4fc71504d0e5ca7843c53e37d9f462928b1e1313b35e230f8ff53e4c586
0xdafea492d9c6733ae3d56b7ed1adb60692c98bc5,0xe688b84b23f322a994a53dbf8e15fa82cdb71127,0.1794793645333917,2022-09-24T03:44:11+00:00,0x534a3f2108f0167d04bedf05f3438b4687b0d0660d93d9d9b391c640410be59c
0xdafea492d9c6733ae3d56b7ed1adb60692c98bc5,0xe688b84b23f322a994a53dbf8e15fa82cdb71127,0.05911506214609332,2022-09-24T03:53:47+00:00,0x41090043a389a06db44df4d759641a390238e77f51228339c1e72ceca6057957
0xdafea492d9c6733ae3d56b7ed1adb60692c98bc5,0xe688b84b23f322a994a53dbf8e15fa82cdb71127,0.08674371126417194,2022-09-24T04:14:59+00:00,0xfe3f660a0f7d5412eb35eafb76bd40b861beb66b5b335d260f393461787a31d5
0xdafea492d9c6733ae3d56b7ed1adb60692c98bc5,0xe688b84b23f322a994a53dbf8e15fa82cdb71127,0.03408488446581722,2022-09-24T04:16:59+00:00,0x0e36168a08a4240bf7c80ca6fd2c85223427e5fa9c34d80d6a6fed2c684b9aff
0x199d5ed7f45f4ee35960cf22eade2076e95b253f,0xe688b84b23f322a994a53dbf8e15fa82cdb71127,0.1356741941830484,2022-09-24T04:26:11+00:00,0x5431343d3533a81a2168800267a89d7de5d8f9135ee8e62855a157eb54efa939
0xdafea492d9c6733ae3d56b7ed1adb60692c98bc5,0xe688b84b23f322a994a53dbf8e15fa82cdb71127,0.022506882650032138,2022-09-24T04:28:59+00:00,0x4ac60dabfadc321d24435fc5c286c83a6180398196d6c2945cf6cbc31a7ee3c4
0xf2f5c73fa04406b1995e397b55c24ab1f3ea726c,0xe688b84b23f322a994a53dbf8e15fa82cdb71127,0.04867429834025809,2022-09-24T04:54:35+00:00,0x5f88f31afddfed15a449496a965c3ccc63663b71e9fbcc64b144d4da8fcd53cd
0x690b9a9e9aa1c9db991c7721a92d351db4fac990,0xe688b84b23f322a994a53dbf8e15fa82cdb71127,0.03533611018165151,2022-09-24T04:54:59+00:00,0xab3d07459fd5464c25f8e086d436613f190304e095672702cdf21f54e3a70ef0
0xf2f5c73fa04406b1995e397b55c24ab1f3ea726c,0xe688b84b23f322a994a53dbf8e15fa82cdb71127,0.21973874249606348,2022-09-24T05:03:23+00:00,0xc9ef441aa8e56af3ecc929b91e642c6aa16947d77690e135a3781e2b068efef4
0xdafea492d9c6733ae3d56b7ed1adb60692c98bc5,0xe688b84b23f322a994a53dbf8e15fa82cdb71127,0.10568608791770535,2022-09-24T05:09:47+00:00,0x506c14e5c68171a534cd1a198841e3dce1f2ac88e6d51d77611a456bfac6daf9
0x690b9a9e9aa1c9db991c7721a92d351db4fac990,0xe688b84b23f322a994a53dbf8e15fa82cdb71127,0.08613048471919497,2022-09-24T05:18:11+00:00,0xef65b8c88083b330ae4da559b916e85cc705f29c0364264712877b2227702e6f
0xdafea492d9c6733ae3d56b7ed1adb60692c98bc5,0xe688b84b23f322a994a53dbf8e15fa82cdb71127,0.10250377099950272,2022-09-24T05:42:47+00:00,0x9a9695c78ab103b2b6797dbe7c0bb5a8d5fa4b3dcd747547ee5d29e29d9986cb
0xdafea492d9c6733ae3d56b7ed1adb60692c98bc5,0xe688b84b23f322a994a53dbf8e15fa82cdb71127,0.7042771934837521,2022-09-24T05:47:35+00:00,0x44db4453fcd14db7e9e92014fc42f3bccfdc7254510eff1999a38ec9ea8239de
0xdafea492d9c6733ae3d56b7ed1adb60692c98bc5,0xe688b84b23f322a994a53dbf8e15fa82cdb71127,0.14531339374593466,2022-09-24T06:05:35+00:00,0x83e93b0f9a9653e9fee1be1334f31e1f0374739a00b4d26264a637bed5a67974
0xdafea492d9c6733ae3d56b7ed1adb60692c98bc5,0xe688b84b23f322a994a53dbf8e15fa82cdb71127,0.0652575544940705,2022-09-24T06:10:23+00:00,0x9c26dac4850a67d6cc7fc1833d11a3f3920ba33e39cd79b078b58eab8bcb2d89
0xdafea492d9c6733ae3d56b7ed1adb60692c98bc5,0xe688b84b23f322a994a53dbf8e15fa82cdb71127,0.05796578840284482,2022-09-24T06:10:35+00:00,0x00e8aa2b8b8619afd54aae494a00c9db504ede8a5d9b9bd9cf783d7add923609
0xdafea492d9c6733ae3d56b7ed1adb60692c98bc5,0xe688b84b23f322a994a53dbf8e15fa82cdb71127,0.02706647858264991,2022-09-24T06:12:47+00:00,0x0d02c047f89299fe9dd808de411ad323c984ed204fc69103441f09c2513d0dfb
0xf2f5c73fa04406b1995e397b55c24ab1f3ea726c,0xe688b84b23f322a994a53dbf8e15fa82cdb71127,0.05328622459977294,2022-09-24T06:40:35+00:00,0x697d858426114a202965e9ced4a6d13cf49eb94e248bd44af6a5cf018711e295
0xdafea492d9c6733ae3d56b7ed1adb60692c98bc5,0xe688b84b23f322a994a53dbf8e15fa82cdb71127,0.020557788189924212,2022-09-24T06:50:23+00:00,0x2afcfce80a008df15af8871784175a4287098aa109c35e9ab07ac97adc260e53
0xb646d87963da1fb9d192ddba775f24f33e857128,0xe688b84b23f322a994a53dbf8e15fa82cdb71127,0.07334688224147581,2022-09-24T06:52:47+00:00,0x9fcff02f21218fa3d9d20d3bd9b8b620b434f5652747b8f2dca8a7f4d646bc8c
0x199d5ed7f45f4ee35960cf22eade2076e95b253f,0xe688b84b23f322a994a53dbf8e15fa82cdb71127,0.06370294004198689,2022-09-24T07:16:47+00:00,0x5cc3f6837346c236bef9048d00d4f846450ea479b358430c9efb2709e8151c55
0x199d5ed7f45f4ee35960cf22eade2076e95b253f,0xe688b84b23f322a994a53dbf8e15fa82cdb71127,0.04635519948135152,2022-09-24T07:17:23+00:00,0x25552534a82da76c24cb26cc04ff2f7757d0adada937ea64106f31f32374362a
0x199d5ed7f45f4ee35960cf22eade2076e95b253f,0xe688b84b23f322a994a53dbf8e15fa82cdb71127,0.13002639653592388,2022-09-24T07:30:35+00:00,0xe4d6e39bb6824dcb260bc86a1a861b192b3465c11322cc57cc13b25a2b81815b
0x199d5ed7f45f4ee35960cf22eade2076e95b253f,0xe688b84b23f322a994a53dbf8e15fa82cdb71127,0.0405137977347698,2022-09-24T07:37:47+00:00,0xec1bead5b4718be0b1b5368d381fe9ebccbff123fccf6d6eec54933ce1c12c44
0xdafea492d9c6733ae3d56b7ed1adb60692c98bc5,0xe688b84b23f322a994a53dbf8e15fa82cdb71127,0.06891732627145683,2022-09-24T07:51:35+00:00,0xb3e4f8ea1e24fab00b0eb29e5aff596925682f12d5eb8479b22ba73f64c55720
0xdafea492d9c6733ae3d56b7ed1adb60692c98bc5,0xe688b84b23f322a994a53dbf8e15fa82cdb71127,0.12182773460329989,2022-09-24T07:54:35+00:00,0xca37b3919312c3cb64f658269a5f213da5f766a97a23f99facdea01fbf57ff77
0x199d5ed7f45f4ee35960cf22eade2076e95b253f,0xe688b84b23f322a994a53dbf8e15fa82cdb71127,0.2631009469304574,2022-09-24T08:04:47+00:00,0x76565587110fa8efefa3e2e8f3a4bd1d130cb9d631ac7423a6ed0b54129914b5
0x199d5ed7f45f4ee35960cf22eade2076e95b253f,0xe688b84b23f322a994a53dbf8e15fa82cdb71127,0.0657548508479645,2022-09-24T08:10:47+00:00,0x6f0d30ead554b1b4b727db79b167572db6058117ff86efb1a874da40affb97b0
0x25d88437df70730122b73ef35462435d187c466f,0xe688b84b23f322a994a53dbf8e15fa82cdb71127,0.053612028753110774,2022-09-24T08:13:11+00:00,0x87db3deb9f6d2f2ace42bd8eb9ccccca8008b2deb8b589f1ac07d0611d4a65d0
0xdafea492d9c6733ae3d56b7ed1adb60692c98bc5,0xe688b84b23f322a994a53dbf8e15fa82cdb71127,0.08859338351623358,2022-09-24T08:15:23+00:00,0x39880bf34275a5848bcea56fd4b6db44d2b14944ef53c7af47f5daa73cad077c
0xf2f5c73fa04406b1995e397b55c24ab1f3ea726c,0xe688b84b23f322a994a53dbf8e15fa82cdb71127,0.03327842705932351,2022-09-24T08:36:35+00:00,0x1f74f1f1d33595e78b3bb263d62f9081f41d29a6f3cc309fadea7b98116e2b51
0xb646d87963da1fb9d192ddba775f24f33e857128,0xe688b84b23f322a994a53dbf8e15fa82cdb71127,0.08257408026154012,2022-09-24T08:52:35+00:00,0x107f6d49a6dd53b7706c52ce145aa91435a5637ea8eeb3c3e45e1a30cb84cc1f
0xdafea492d9c6733ae3d56b7ed1adb60692c98bc5,0xe688b84b23f322a994a53dbf8e15fa82cdb71127,0.38279936804277787,2022-09-24T09:04:35+00:00,0x5b4d10b5a3919eae639b48f8a000ba9c0e20a335fa5c5a3ec80d9c85bf80f478
0xdafea492d9c6733ae3d56b7ed1adb60692c98bc5,0xe688b84b23f322a994a53dbf8e15fa82cdb71127,0.7718610489804962,2022-09-24T09:05:35+00:00,0xc909e79a9fb077b84c27c624b114b6955aa21bd520d2a5269bebfa58cd3ba1fe
0xdafea492d9c6733ae3d56b7ed1adb60692c98bc5,0xe688b84b23f322a994a53dbf8e15fa82cdb71127,0.03805167115774844,2022-09-24T09:30:11+00:00,0x0e6f297846de4b4a015d6668e822829bcccf7c20f027d1900d04695aef4039a1
0xf2f5c73fa04406b1995e397b55c24ab1f3ea726c,0xe688b84b23f322a994a53dbf8e15fa82cdb71127,0.03147429606834493,2022-09-24T09:33:47+00:00,0xb4a834ca754a623fd252bbfda5b065d6cd04c574085ddac5b5eb4320782ea7a3
0x690b9a9e9aa1c9db991c7721a92d351db4fac990,0xe688b84b23f322a994a53dbf8e15fa82cdb71127,0.03397935315383118,2022-09-24T09:51:47+00:00,0x9064ab0f726980cad369e6e7f7b01f6a2c6b8bbf61678d95072c9594cbea05a5
0xdafea492d9c6733ae3d56b7ed1adb60692c98bc5,0xe688b84b23f322a994a53dbf8e15fa82cdb71127,0.059756561280477426,2022-09-24T09:53:35+00:00,0xd869f2dd069db1f29075f687b79a37bdbd0d24341fa0c71e62da6dc61fbbe136
0xdafea492d9c6733ae3d56b7ed1adb60692c98bc5,0xe688b84b23f322a994a53dbf8e15fa82cdb71127,0.037898587374310344,2022-09-24T09:58:11+00:00,0x625979f4d2c1fad0d9e12f9f4c6a4175e889021827a4f512bc95ca4a21c9e01a
0xb646d87963da1fb9d192ddba775f24f33e857128,0xe688b84b23f322a994a53dbf8e15fa82cdb71127,0.7135158733721282,2022-09-24T10:00:23+00:00,0x862bda7a4eebed9fbf73ff7dc467758c89ba7a24e24144c49d6646a4c8501ecb
0xa7fdca7aa0b69927a34ec48ddcfe3d4c66ff0d94,0xe688b84b23f322a994a53dbf8e15fa82cdb71127,0.27808099901641586,2022-09-24T10:01:47+00:00,0x6d522ed84dc1d750ba71c9fdbc9ed36ec92db1948e83f81b5966f5a6978c241b
0x199d5ed7f45f4ee35960cf22eade2076e95b253f,0xe688b84b23f322a994a53dbf8e15fa82cdb71127,0.07481704461814467,2022-09-24T10:03:23+00:00,0x66e29e5487785b1d8a1290c1db6c289627c8e9a0f4f3746e51b861b3caab0d13
0xdafea492d9c6733ae3d56b7ed1adb60692c98bc5,0xe688b84b23f322a994a53dbf8e15fa82cdb71127,0.24076087493209514,2022-09-24T10:19:59+00:00,0xf9746703023a95fae0250063771cbd4b05c481a01fe545519c639b280284f80a
0x199d5ed7f45f4ee35960cf22eade2076e95b253f,0xe688b84b23f322a994a53dbf8e15fa82cdb71127,0.08491427446134098,2022-09-24T10:38:47+00:00,0x1691a300c6c3ee383cf61798df9102298705ce4e9d5498031483fa5b206e5007
0xb646d87963da1fb9d192ddba775f24f33e857128,0xe688b84b23f322a994a53dbf8e15fa82cdb71127,0.1515422330843487,2022-09-24T10:39:35+00:00,0x3ee6e217cbf63f7c8991b0148325443576eb6006d5f6a96b51e766f349c1a6a4
0xdafea492d9c6733ae3d56b7ed1adb60692c98bc5,0xe688b84b23f322a994a53dbf8e15fa82cdb71127,0.11543062053783476,2022-09-24T10:48:11+00:00,0x4eda146535d06bfaee1ebef2f804a9472b7e19e295bc60b5b4f9b66a791be7b7
0x690b9a9e9aa1c9db991c7721a92d351db4fac990,0xe688b84b23f322a994a53dbf8e15fa82cdb71127,0.07235970888530333,2022-09-24T10:48:47+00:00,0x008da5ed45877017cecf100b841fa363a39fb8ec968296e9dafe6d7da6b4ca82
0xf2f5c73fa04406b1995e397b55c24ab1f3ea726c,0xe688b84b23f322a994a53dbf8e15fa82cdb71127,0.055242267997728134,2022-09-24T11:07:47+00:00,0xd6817c365b5aacefbc030daf0f080442ac7d608f4cffbd8a1e0473ef15de84e3
0x690b9a9e9aa1c9db991c7721a92d351db4fac990,0xe688b84b23f322a994a53dbf8e15fa82cdb71127,0.15035579306525132,2022-09-24T11:20:23+00:00,0x0ed80a4cc3219fd72d5727ef2ac57eddb72f96b846d2163ef21395c3a089ad92
0x199d5ed7f45f4ee35960cf22eade2076e95b253f,0xe688b84b23f322a994a53dbf8e15fa82cdb71127,0.11847287046810905,2022-09-24T11:31:23+00:00,0xa8b2f1485f3214e1c23feec291efaa4b3f6c94c4204acce76e96e6f95ec385ea
0xdafea492d9c6733ae3d56b7ed1adb60692c98bc5,0xe688b84b23f322a994a53dbf8e15fa82cdb71127,0.04855641342195118,2022-09-24T11:33:35+00:00,0xf04ec1d719104a049281ff1f281738b324dc1438d72bcbb9b2381ad9137a1958
0xdafea492d9c6733ae3d56b7ed1adb60692c98bc5,0xe688b84b23f322a994a53dbf8e15fa82cdb71127,0.02638404926504865,2022-09-24T11:45:11+00:00,0xf33955693c47e1649b1c029b5ea06f580fd5c4dda5e3adcbb1e3eb9645cf70ba
0xdafea492d9c6733ae3d56b7ed1adb60692c98bc5,0xe688b84b23f322a994a53dbf8e15fa82cdb71127,0.03600790399153941,2022-09-24T12:04:47+00:00,0xf56f260622d56fce2aa0921f6e33c0e80a53a6747d9b6ee03f98fbfd76a3364b
0xb646d87963da1fb9d192ddba775f24f33e857128,0xe688b84b23f322a994a53dbf8e15fa82cdb71127,0.0949512184319706,2022-09-24T12:29:47+00:00,0x972648612a9c3bbe717634687541765a128d13b065bb68884af03979adc5649b
0x25d88437df70730122b73ef35462435d187c466f,0xe688b84b23f322a994a53dbf8e15fa82cdb71127,0.07684341555463088,2022-09-24T13:03:47+00:00,0x6d368bd3f564850bd9c7b0fa2ebf0491d869c71e3803f4de07d1ae0170c345f0
0xdafea492d9c6733ae3d56b7ed1adb60692c98bc5,0xe688b84b23f322a994a53dbf8e15fa82cdb71127,0.03848649889581169,2022-09-24T13:12:35+00:00,0x7d0f26fd2e60ac1144d7228c6275d6ab8573598516b11da7ae7d952b00504ea5
0xdafea492d9c6733ae3d56b7ed1adb60692c98bc5,0xe688b84b23f322a994a53dbf8e15fa82cdb71127,0.03257772429457099,2022-09-24T13:26:47+00:00,0x54cc5c670f4798595fbfe8a04621d55b66a1ddc828480e7d2ae4bafd686fa6f7
0xdafea492d9c6733ae3d56b7ed1adb60692c98bc5,0xe688b84b23f322a994a53dbf8e15fa82cdb71127,0.11987853981246907,2022-09-24T13:53:59+00:00,0xca15c3904959755496c0b11ed9dda46a81794b9690928291e432fe01a03ddc1d
0xdafea492d9c6733ae3d56b7ed1adb60692c98bc5,0xe688b84b23f322a994a53dbf8e15fa82cdb71127,0.06992375807029562,2022-09-24T13:58:23+00:00,0x14ce67a51f8ad7240c5b99dfe8be51b877b7cf9f16dcdcc49404a4002b5ae4b9
0x690b9a9e9aa1c9db991c7721a92d351db4fac990,0xe688b84b23f322a994a53dbf8e15fa82cdb71127,0.058947658197127197,2022-09-24T14:25:23+00:00,0xeac169a3830e0ebabbd863ba00ee1b7a065f7630063b315fedcc87dd35817d73
0x690b9a9e9aa1c9db991c7721a92d351db4fac990,0xe688b84b23f322a994a53dbf8e15fa82cdb71127,0.07670634406222811,2022-09-24T14:57:59+00:00,0x9bff96ce8955b8b5391a4f5e964e89239a5f16612501cb82bfcfe4393c2e68a2
0x25d88437df70730122b73ef35462435d187c466f,0xe688b84b23f322a994a53dbf8e15fa82cdb71127,0.028224531421675907,2022-09-24T14:58:11+00:00,0xdf84cea2e2447472aedffc469dac79c6e7ceda4caf52bcb93f0e877f8bc2a2a8
0xdafea492d9c6733ae3d56b7ed1adb60692c98bc5,0xe688b84b23f322a994a53dbf8e15fa82cdb71127,0.17184836834257416,2022-09-24T15:02:47+00:00,0xe021e30bb7fc911875ce693a668846de2d9a08de14b0b902e9bc31d0e561e766
0xdafea492d9c6733ae3d56b7ed1adb60692c98bc5,0xe688b84b23f322a994a53dbf8e15fa82cdb71127,0.1333928156418763,2022-09-24T15:04:59+00:00,0x8e07c992e90e7d205edb6c0272a29100cf3d182e690d4d81e51a8f2d21863702
0xdafea492d9c6733ae3d56b7ed1adb60692c98bc5,0xe688b84b23f322a994a53dbf8e15fa82cdb71127,0.8652675322918923,2022-09-24T15:10:35+00:00,0xba614a115ea4746b921a20a7bfbaf0bf3bcae5af5c33d19890788ba0be3309e0
0xdafea492d9c6733ae3d56b7ed1adb60692c98bc5,0xe688b84b23f322a994a53dbf8e15fa82cdb71127,0.12656727439943632,2022-09-24T15:11:59+00:00,0x301304d358d4c6ddcb67ba101ba58d62741c69f96dfe13ffa269d058570d6717
0xf2f5c73fa04406b1995e397b55c24ab1f3ea726c,0xe688b84b23f322a994a53dbf8e15fa82cdb71127,0.4963022966276143,2022-09-24T15:14:35+00:00,0xe31d50a448c08a5a016e5027078447d1c053bfb044542f3cdf453c3b02c0c35d
0xdafea492d9c6733ae3d56b7ed1adb60692c98bc5,0xe688b84b23f322a994a53dbf8e15fa82cdb71127,0.09728067929375284,2022-09-24T15:16:47+00:00,0x85415a837b42686ef361b85e60ec2f5ba541426dc1ec13627e364aa5350405b3
0xf2f5c73fa04406b1995e397b55c24ab1f3ea726c,0xe688b84b23f322a994a53dbf8e15fa82cdb71127,0.05066494741734057,2022-09-24T15:17:11+00:00,0x41d01d9851588bdbb35a51ecef5ef0543832919d85ace9ec224e0ae560c93ba8
0xdafea492d9c6733ae3d56b7ed1adb60692c98bc5,0xe688b84b23f322a994a53dbf8e15fa82cdb71127,0.051849784169494866,2022-09-24T15:18:59+00:00,0x3bf28940f907621cc8b883557e58f62c508261863794f10100603f93408a4dab
0xdafea492d9c6733ae3d56b7ed1adb60692c98bc5,0xe688b84b23f322a994a53dbf8e15fa82cdb71127,0.05616119022283608,2022-09-24T15:26:47+00:00,0xc2b97cbfee8742629e375d5557ee47b781e312943da637e7329c520c4a751686
0xf2f5c73fa04406b1995e397b55c24ab1f3ea726c,0xe688b84b23f322a994a53dbf8e15fa82cdb71127,0.034232829549803036,2022-09-24T15:44:59+00:00,0x0708dd0e82d872ba303971e2babdc5f702a143f13d76ad39e53359f78054e4de
0xdafea492d9c6733ae3d56b7ed1adb60692c98bc5,0xe688b84b23f322a994a53dbf8e15fa82cdb71127,0.045231817706856206,2022-09-24T15:45:59+00:00,0xb707081de05c5630f45200e85f45e541f0866f07f04f72c4e993a6e0ef4aad85
0x690b9a9e9aa1c9db991c7721a92d351db4fac990,0xe688b84b23f322a994a53dbf8e15fa82cdb71127,0.03828877153605667,2022-09-24T15:59:47+00:00,0x87ee89dbb70e7a2770698cfe2a3fcadff96f7623b6f4a72068d9eacd7627b4b2
0x690b9a9e9aa1c9db991c7721a92d351db4fac990,0xe688b84b23f322a994a53dbf8e15fa82cdb71127,0.20662317356895016,2022-09-24T16:00:23+00:00,0x839724c0dad90f5d2d6d925a6e6d47ddb060ed3e46fb9167bbe95e3564f740a9
0xf2f5c73fa04406b1995e397b55c24ab1f3ea726c,0xe688b84b23f322a994a53dbf8e15fa82cdb71127,0.06841895293662084,2022-09-24T16:01:35+00:00,0x954aaea113aae5e2a854bf630fc8ff76ded4ec856c842cdad0bda8638275ce36
0x25d88437df70730122b73ef35462435d187c466f,0xe688b84b23f322a994a53dbf8e15fa82cdb71127,0.4253094428072579,2022-09-24T16:04:11+00:00,0x7005eaf0b5aeb1d8b6744f807d561cebdf853c54c06f23b599a15604db6b06cf
0xdafea492d9c6733ae3d56b7ed1adb60692c98bc5,0xe688b84b23f322a994a53dbf8e15fa82cdb71127,0.07880847328467802,2022-09-24T16:16:11+00:00,0x40ec0a5ae6e5151c3982503fdc1520bb723ba3101f6aefdc2cdf97104b42d037
0xdafea492d9c6733ae3d56b7ed1adb60692c98bc5,0xe688b84b23f322a994a53dbf8e15fa82cdb71127,0.023894273517609307,2022-09-24T16:19:35+00:00,0x26949d5e89c6b4c04de9c03a5e5ebe28b14effb9ecd429770fe14a07a0934574
0xdafea492d9c6733ae3d56b7ed1adb60692c98bc5,0xe688b84b23f322a994a53dbf8e15fa82cdb71127,0.19164191462265653,2022-09-24T16:25:59+00:00,0xc91e2255a2557364b9d612a78d8fbb60b78b62c07624cbd8b0c1528282d4f3a1
0xdafea492d9c6733ae3d56b7ed1adb60692c98bc5,0xe688b84b23f322a994a53dbf8e15fa82cdb71127,0.0676219644542797,2022-09-24T16:29:11+00:00,0x7a32651f0d33aad5304af051675716811c1cbd3478df32f2525e6ff4595253c6
0xdafea492d9c6733ae3d56b7ed1adb60692c98bc5,0xe688b84b23f322a994a53dbf8e15fa82cdb71127,0.09349139530651826,2022-09-24T16:58:47+00:00,0xa60b178ded535b13847c1f51cc901db5437e037f3f813d488d2633396e0a01e0
0x690b9a9e9aa1c9db991c7721a92d351db4fac990,0xe688b84b23f322a994a53dbf8e15fa82cdb71127,0.026051812765381772,2022-09-24T17:12:35+00:00,0x98f2f5e532667d587e42cf7f642e4d4c91e19c40db5feca18af208e831c8774e
0xdafea492d9c6733ae3d56b7ed1adb60692c98bc5,0xe688b84b23f322a994a53dbf8e15fa82cdb71127,0.08117514827988649,2022-09-24T17:33:23+00:00,0xe3cba8cb9e8d77dcaa56e40a9cc9ba8284859f58ecd48f8093388179fef3b463
0x690b9a9e9aa1c9db991c7721a92d351db4fac990,0xe688b84b23f322a994a53dbf8e15fa82cdb71127,0.024002026299304306,2022-09-24T18:12:11+00:00,0x810e53ec07d203b25694c27aba262305dcefb40aaa64b82d7c1e0979099c3c69
0xdafea492d9c6733ae3d56b7ed1adb60692c98bc5,0xe688b84b23f322a994a53dbf8e15fa82cdb71127,0.7470401269547896,2022-09-24T18:14:47+00:00,0xc4d85f12e344931c7f4eb1e781d7c93ce49b835ac5711ffd5c596026447837fc
0xdafea492d9c6733ae3d56b7ed1adb60692c98bc5,0xe688b84b23f322a994a53dbf8e15fa82cdb71127,0.13101209017377946,2022-09-24T18:57:59+00:00,0x3dcbebb7d6e8b4d8f1523f65d7cdfd3a8f6e85e3ca44bed923f43c256cca6f19
0xdafea492d9c6733ae3d56b7ed1adb60692c98bc5,0xe688b84b23f322a994a53dbf8e15fa82cdb71127,0.1436957777043375,2022-09-24T19:05:59+00:00,0x5f742c741b1f252db64cb2da039ac74b2a7ca0f446ff74a2e8ec9631152c61b7
0xb646d87963da1fb9d192ddba775f24f33e857128,0xe688b84b23f322a994a53dbf8e15fa82cdb71127,0.09148802729765128,2022-09-24T19:24:23+00:00,0x5ecc633f97aa33e2aa75e88a289cd5692fc6b07feba2d2d28aa261e987f220e8
0xdafea492d9c6733ae3d56b7ed1adb60692c98bc5,0xe688b84b23f322a994a53dbf8e15fa82cdb71127,0.041007311979726194,2022-09-24T19:24:59+00:00,0x745c4960f94fd277b523fe7c313fec4137e5c7784a7cd349a32a4219eafdcf84
0x690b9a9e9aa1c9db991c7721a92d351db4fac990,0xe688b84b23f322a994a53dbf8e15fa82cdb71127,0.3842738698182274,2022-09-24T19:27:35+00:00,0xfc326c3387b13f518352f17bad3bd0decc4de11a81b82cd2cc05174e2793f095
0xdafea492d9c6733ae3d56b7ed1adb60692c98bc5,0xe688b84b23f322a994a53dbf8e15fa82cdb71127,0.039789599020098994,2022-09-24T19:28:23+00:00,0x60818bcfd88d3fe4b49b782b9aa58e51a5482a1581cce08e0d0d4f372d9302e7
0x690b9a9e9aa1c9db991c7721a92d351db4fac990,0xe688b84b23f322a994a53dbf8e15fa82cdb71127,0.16705286221442853,2022-09-24T19:31:35+00:00,0x2103bbd157b552a3088a0907a65df978d07a1fe1fc7ec68ceca6635620f31d11
0xdafea492d9c6733ae3d56b7ed1adb60692c98bc5,0xe688b84b23f322a994a53dbf8e15fa82cdb71127,0.1246550973594878,2022-09-24T19:31:47+00:00,0xd3aeb763cf13663d667370958e9ac7eb2553afbc5835510653f6a05598781a26
0xdafea492d9c6733ae3d56b7ed1adb60692c98bc5,0xe688b84b23f322a994a53dbf8e15fa82cdb71127,0.09843073431807794,2022-09-24T19:53:59+00:00,0x4bc9eb57d4dee7588f5363c62c2b032aaf0162861a951073a2d54366ecb27a11
0xdafea492d9c6733ae3d56b7ed1adb60692c98bc5,0xe688b84b23f322a994a53dbf8e15fa82cdb71127,0.045913567137906994,2022-09-24T19:57:47+00:00,0xc760fbb3ca30458259571d8d3dab2cbe444229bd8447d54dc48d35fc99036be0
0xf2f5c73fa04406b1995e397b55c24ab1f3ea726c,0xe688b84b23f322a994a53dbf8e15fa82cdb71127,0.08777191214375663,2022-09-24T20:08:23+00:00,0xd081fd784acf96d45779705a2cc5bceb2923dd88b7b6dfcedad4f10423632f21
0xdafea492d9c6733ae3d56b7ed1adb60692c98bc5,0xe688b84b23f322a994a53dbf8e15fa82cdb71127,0.08569328182665155,2022-09-24T20:15:35+00:00,0x095b338700ffbac32b660dce842958e363ff8b456011c97e3dc9c7bf2ac7ba7d
0x690b9a9e9aa1c9db991c7721a92d351db4fac990,0xe688b84b23f322a994a53dbf8e15fa82cdb71127,0.22067116543875406,2022-09-24T20:27:11+00:00,0xfbe5d13b45e371ede190a9e1ce215be8d838613b5fb91d724e502cd4a0ff2924
0x690b9a9e9aa1c9db991c7721a92d351db4fac990,0xe688b84b23f322a994a53dbf8e15fa82cdb71127,0.03093325781191947,2022-09-24T20:33:23+00:00,0xc1fbae0a0993492420461283172f15fbce8790352986d44e944a651b937c4d16
0xdafea492d9c6733ae3d56b7ed1adb60692c98bc5,0xe688b84b23f322a994a53dbf8e15fa82cdb71127,0.03201857748813633,2022-09-24T20:35:23+00:00,0xf916b96f77956d86538a03f67de1d880a269e3d9601a03e8dad4a9fff4be6d34
0xdafea492d9c6733ae3d56b7ed1adb60692c98bc5,0xe688b84b23f322a994a53dbf8e15fa82cdb71127,0.31288477956038174,2022-09-24T20:59:47+00:00,0x4a7828a484b037060b71b08e6a5f530c5757ad5970f97115fa1eb3495b830007
0xf2f5c73fa04406b1995e397b55c24ab1f3ea726c,0xe688b84b23f322a994a53dbf8e15fa82cdb71127,0.3055952797859468,2022-09-24T21:02:35+00:00,0x1f0cac8d3416bf5e2570e680509c9a6722bbdbca72a38f6167268749a0c0b609
0x25d88437df70730122b73ef35462435d187c466f,0xe688b84b23f322a994a53dbf8e15fa82cdb71127,0.08701693513716775,2022-09-24T21:33:11+00:00,0x08532e2aa20003186cb6bb06e39e92eee8d3afc80f6c92c9b0186dc7b0cde1e2
0xf2f5c73fa04406b1995e397b55c24ab1f3ea726c,0xe688b84b23f322a994a53dbf8e15fa82cdb71127,0.062171583658203584,2022-09-24T21:47:23+00:00,0x234ceb068ca6a81d21838a4de953f4712c93080bce458a20cf120b9a836d4f89
0x690b9a9e9aa1c9db991c7721a92d351db4fac990,0xe688b84b23f322a994a53dbf8e15fa82cdb71127,0.10208822630239794,2022-09-24T21:47:59+00:00,0xf8aa70c3c57a1652d7d8f0fea813589a41de2ad8f45c82cdc740e0a5f5b9b1c9
0xdafea492d9c6733ae3d56b7ed1adb60692c98bc5,0xe688b84b23f322a994a53dbf8e15fa82cdb71127,0.06658598524080116,2022-09-24T21:48:11+00:00,0x885efbbbbcb0eabce65bc61cc6eb88c924f4878fb62071b48561ce6b6ddb552f
0x690b9a9e9aa1c9db991c7721a92d351db4fac990,0xe688b84b23f322a994a53dbf8e15fa82cdb71127,0.0350913816134948,2022-09-24T21:54:35+00:00,0xe18b0dddacb28383b17eb0798118f2debb5b06940160915aec2cae2aaf2bcfe8
0xdafea492d9c6733ae3d56b7ed1adb60692c98bc5,0xe688b84b23f322a994a53dbf8e15fa82cdb71127,0.018637016210268746,2022-09-24T22:09:47+00:00,0x9ac301ca88c2da588271750cab4f005a59cdf1ff537d3ba828b7cb69872673be
0xdafea492d9c6733ae3d56b7ed1adb60692c98bc5,0xe688b84b23f322a994a53dbf8e15fa82cdb71127,0.06604308506114184,2022-09-24T22:16:23+00:00,0xb083ef962d92eedf32ed4c92f71ecf05bb777232e409c9041dbfeff57b82a698
0xdafea492d9c6733ae3d56b7ed1adb60692c98bc5,0xe688b84b23f322a994a53dbf8e15fa82cdb71127,0.02676804519985426,2022-09-24T22:21:35+00:00,0x8c93a0063fce652c61126470061fdb62b50819cac51a83dbd72cbd5c35be39bd
0x690b9a9e9aa1c9db991c7721a92d351db4fac990,0xe688b84b23f322a994a53dbf8e15fa82cdb71127,0.09896107859379968,2022-09-24T22:59:59+00:00,0xb74e3cdbd99da73e9355b7976b2815f701c97d83fcedf7e444ba41cb34f0fd9e
0x690b9a9e9aa1c9db991c7721a92d351db4fac990,0xe688b84b23f322a994a53dbf8e15fa82cdb71127,0.07387076008599446,2022-09-24T23:06:59+00:00,0x575ffb391b2e1da96c0772f01b309ce1c3df1bf1ddfd46a8afc57ba10f7037b2
0xf2f5c73fa04406b1995e397b55c24ab1f3ea726c,0xe688b84b23f322a994a53dbf8e15fa82cdb71127,0.10696958310592487,2022-09-24T23:11:35+00:00,0xc2138d5d2a94d41c0ff439828900edb0202b367e51462d1ec6d62dd3261c4f48
0x690b9a9e9aa1c9db991c7721a92d351db4fac990,0xe688b84b23f322a994a53dbf8e15fa82cdb71127,0.2290941682526923,2022-09-24T23:13:11+00:00,0x91b46d60e5507e0f228c8c2aefe7c12219a6c3a6c3206bcc3c71fb0a46f0b326
0xf2f5c73fa04406b1995e397b55c24ab1f3ea726c,0xe688b84b23f322a994a53dbf8e15fa82cdb71127,0.04493758159118427,2022-09-24T23:28:11+00:00,0xfa57576fd6805e965afd103ac8286db1b21555b66c41ba36050503ca0ac39995
0xdafea492d9c6733ae3d56b7ed1adb60692c98bc5,0xe688b84b23f322a994a53dbf8e15fa82cdb71127,0.014067951516177284,2022-09-24T23:32:23+00:00,0xcf25b36914060b11db3b44bbe52fbaf45a831e2f863605a8c61ed2738272a6ce
0xdafea492d9c6733ae3d56b7ed1adb60692c98bc5,0xe688b84b23f322a994a53dbf8e15fa82cdb71127,0.05312765437194129,2022-09-24T23:36:47+00:00,0xba53c028400998b25875e1b59c600c0c786e3f62d65f98e229383ce383948be2
0xdafea492d9c6733ae3d56b7ed1adb60692c98bc5,0xe688b84b23f322a994a53dbf8e15fa82cdb71127,0.042742513738823734,2022-09-24T23:49:35+00:00,0x2b2b8544aafd2a19ded42c48e33cb97faf6e8ebedd8803b917cc810591883628
0x25d88437df70730122b73ef35462435d187c466f,0xe688b84b23f322a994a53dbf8e15fa82cdb71127,0.04828498907517181,2022-09-24T23:54:23+00:00,0x6222688d7caa130e1320a94833215d39042ea91f5f9836700fc45c9fa7b24b7c
0x690b9a9e9aa1c9db991c7721a92d351db4fac990,0xe688b84b23f322a994a53dbf8e15fa82cdb71127,0.04768554001353963,2022-09-24T23:55:59+00:00,0xd113fd4306e2d53eecb512ce6f3760f61d0da407b0844a81d071aa4234a3ff41
0x690b9a9e9aa1c9db991c7721a92d351db4fac990,0xe688b84b23f322a994a53dbf8e15fa82cdb71127,0.22148261008152928,2022-09-25T00:04:11+00:00,0x6291075dfb7b5cf03c8335d7abae4acc7722d3be131fd95ee9beb9cd5f058fb6
0x690b9a9e9aa1c9db991c7721a92d351db4fac990,0xe688b84b23f322a994a53dbf8e15fa82cdb71127,0.06102324410036871,2022-09-25T00:11:47+00:00,0x28fd84b4bb469ff70497554d8b1a284258bf908a392e6b0296026d705c871843
0xf2f5c73fa04406b1995e397b55c24ab1f3ea726c,0xe688b84b23f322a994a53dbf8e15fa82cdb71127,0.7013273508871684,2022-09-25T00:12:11+00:00,0x4ce9ad3afe8ae50f0c990b48a7b5d5e50105597ffc83113424d56343daa1a0ba
0xdafea492d9c6733ae3d56b7ed1adb60692c98bc5,0xe688b84b23f322a994a53dbf8e15fa82cdb71127,0.16272785779537202,2022-09-25T00:13:23+00:00,0x8c812d140b39e8ebb81a8f6c581d9aa0115a3d7ac2cd2159daf056c6fe10e470
0x690b9a9e9aa1c9db991c7721a92d351db4fac990,0xe688b84b23f322a994a53dbf8e15fa82cdb71127,0.10829388025806981,2022-09-25T00:14:11+00:00,0x6ef7007869bba491fd77bc8d4d3afc6e5fd0338ed0426dadf26ab6f76477f962
0x690b9a9e9aa1c9db991c7721a92d351db4fac990,0xe688b84b23f322a994a53dbf8e15fa82cdb71127,0.03814033263139087,2022-09-25T00:22:11+00:00,0x5c80caee3995bc2883cfdfdd94a9fdc8748b04b6f1afa3f8585c41a74f2acbcb
0xdafea492d9c6733ae3d56b7ed1adb60692c98bc5,0xe688b84b23f322a994a53dbf8e15fa82cdb71127,0.034762414945924795,2022-09-25T00:34:35+00:00,0x0179d3defd7bffcd98678fd65c93d6b40c0ab345bed4a932b34495403fbe6d8d
0xdafea492d9c6733ae3d56b7ed1adb60692c98bc5,0xe688b84b23f322a994a53dbf8e15fa82cdb71127,0.05374909624423616,2022-09-25T00:44:11+00:00,0x1930f421a1cdbad19c5ddd9c8cc5d20b249c31074574d45159f215fee0b93488
0xdafea492d9c6733ae3d56b7ed1adb60692c98bc5,0xe688b84b23f322a994a53dbf8e15fa82cdb71127,0.035281701363924826,2022-09-25T01:11:35+00:00,0x51fc7b2b9059230c51d070fe83a9dd25160cb8cd4374a75edd17b9ffab2ecc72
0xdafea492d9c6733ae3d56b7ed1adb60692c98bc5,0xe688b84b23f322a994a53dbf8e15fa82cdb71127,0.22534283293175608,2022-09-25T01:11:59+00:00,0x1952901f68715703bc0855743933f2c6ee031d4d1c588377e6d5593c4f850feb
0x25d88437df70730122b73ef35462435d187c466f,0xe688b84b23f322a994a53dbf8e15fa82cdb71127,0.02190456215944729,2022-09-25T01:37:23+00:00,0x24c7a698ca3e7d8cff2209bef9aaecf2033d6de4733f61862d6a954967ca4913
0xdafea492d9c6733ae3d56b7ed1adb60692c98bc5,0xe688b84b23f322a994a53dbf8e15fa82cdb71127,0.13054564819142828,2022-09-25T01:38:11+00:00,0x6a74a166658442100831a112566658bf0ce621ae9a6e08bbf29553d4b25967de
0x199d5ed7f45f4ee35960cf22eade2076e95b253f,0xe688b84b23f322a994a53dbf8e15fa82cdb71127,0.04807916269876107,2022-09-25T02:01:11+00:00,0xa64da5f691d40e19eb3a0059cf5ca4998b211353124f5c6aeffa94c839f1de3a
0xdafea492d9c6733ae3d56b7ed1adb60692c98bc5,0xe688b84b23f322a994a53dbf8e15fa82cdb71127,0.09074401789166633,2022-09-25T02:16:35+00:00,0x25685666a404f8be76c19627f9ef58a9be8d73bbadca41077a2802ec017d4de6
0x690b9a9e9aa1c9db991c7721a92d351db4fac990,0xe688b84b23f322a994a53dbf8e15fa82cdb71127,0.07299807517463647,2022-09-25T02:21:47+00:00,0x9c35c04e25f225201f01a1e4c12bfc2838a307858a797cfad0c37997dfacafe2
0x690b9a9e9aa1c9db991c7721a92d351db4fac990,0xe688b84b23f322a994a53dbf8e15fa82cdb71127,0.11297680793048309,2022-09-25T02:49:47+00:00,0x483a0e7f3de29ab9c1b2e9bc1bfe6fbc85c1e1f39be8a208b27da4595decb6ba
0xdafea492d9c6733ae3d56b7ed1adb60692c98bc5,0xe688b84b23f322a994a53dbf8e15fa82cdb71127,0.033467488569617426,2022-09-25T02:58:23+00:00,0x2074f0240125782771a92915af8dd4e5f87f32eed6355ad4a9918e6220261d41
0xdafea492d9c6733ae3d56b7ed1adb60692c98bc5,0xe688b84b23f322a994a53dbf8e15fa82cdb71127,0.46685377191148314,2022-09-25T03:00:11+00:00,0x1638772c20b52496a2a4d9eb44031983a0db944b5b70ea04fc903dddfe2be2b2
0x690b9a9e9aa1c9db991c7721a92d351db4fac990,0xe688b84b23f322a994a53dbf8e15fa82cdb71127,0.08690017304886104,2022-09-25T03:03:59+00:00,0x872e7037330de086b84aab31acab7bca53c262c1d85a9bf782cc81770dec0688
0xdafea492d9c6733ae3d56b7ed1adb60692c98bc5,0xe688b84b23f322a994a53dbf8e15fa82cdb71127,0.08640311342581845,2022-09-25T03:05:23+00:00,0xec950495d80c017cf499ddfa307f8e26500f9a0be581bc6e30c3d5a29e91785c
0x199d5ed7f45f4ee35960cf22eade2076e95b253f,0xe688b84b23f322a994a53dbf8e15fa82cdb71127,0.06236963511270673,2022-09-25T03:07:35+00:00,0x03d3f62490f3413c2c7ce7cd45b1f5bcb000f1d785bfe290aa73bda1463351cf
0xdafea492d9c6733ae3d56b7ed1adb60692c98bc5,0xe688b84b23f322a994a53dbf8e15fa82cdb71127,0.05962813716093807,2022-09-25T04:09:11+00:00,0xa00f765d159690679f8834ee3b483b3608d3e7d9d74cc3c698050c53b42865d4
0xdafea492d9c6733ae3d56b7ed1adb60692c98bc5,0xe688b84b23f322a994a53dbf8e15fa82cdb71127,0.022046017970686036,2022-09-25T04:10:35+00:00,0x48f85b6c357f1abf34755fb801bc65dec21a9ba9336c53910ecc5912ca78c098
0xaab27b150451726ec7738aa1d0a94505c8729bd1,0xe688b84b23f322a994a53dbf8e15fa82cdb71127,0.05745323820695077,2022-09-25T04:18:47+00:00,0x38513a17689a9cca6b6b51b8e2be8b25eb14b117540708abc31cfa7331056332
0xdafea492d9c6733ae3d56b7ed1adb60692c98bc5,0xe688b84b23f322a994a53dbf8e15fa82cdb71127,0.047492247539181624,2022-09-25T04:33:11+00:00,0x419e9ba38f5d49a1c312e1c6142f191f992dfc34d476985b2005d1a4fa76f441
0xdafea492d9c6733ae3d56b7ed1adb60692c98bc5,0xe688b84b23f322a994a53dbf8e15fa82cdb71127,0.30869356490577626,2022-09-25T04:47:35+00:00,0xcb4f436c547ee7c0c0f089e83874cac1776cb9501287ca08a20fc501d54f55f4
0x690b9a9e9aa1c9db991c7721a92d351db4fac990,0xe688b84b23f322a994a53dbf8e15fa82cdb71127,0.03414500942855177,2022-09-25T04:47:47+00:00,0x6c278c6d1866389ea1b8302c380d2ae8c9338cf7e2732be6dfe08d51b86b5b0f
0xdafea492d9c6733ae3d56b7ed1adb60692c98bc5,0xe688b84b23f322a994a53dbf8e15fa82cdb71127,0.04128817216204451,2022-09-25T04:53:23+00:00,0xda6f57bb48f843db5c8aa93dcd5bcc511059955628d7eb6dcfe3431c9fd1c6e6
0xaab27b150451726ec7738aa1d0a94505c8729bd1,0xe688b84b23f322a994a53dbf8e15fa82cdb71127,0.042878296779944536,2022-09-25T05:01:47+00:00,0x364dcd93f9b495d0fd20df71d8784b6d15806e773fd46d9a48e5f264347dced1
0x25d88437df70730122b73ef35462435d187c466f,0xe688b84b23f322a994a53dbf8e15fa82cdb71127,0.07849818271142332,2022-09-25T05:02:23+00:00,0x6e16f74c558e34b67a45535c5765bff9d7fe37eb1b98aaecaaa3e9bd10ad9790
0x25d88437df70730122b73ef35462435d187c466f,0xe688b84b23f322a994a53dbf8e15fa82cdb71127,0.014685411816457177,2022-09-25T05:16:47+00:00,0x79e558431aaa6498eb9b7e9348a925b4560f7ae8402e63dcbb97b77c5bc7b3a9
0xf2f5c73fa04406b1995e397b55c24ab1f3ea726c,0xe688b84b23f322a994a53dbf8e15fa82cdb71127,0.03837145645020271,2022-09-25T05:35:47+00:00,0xb84d87b12b517e1768e73a185fd971b2616e3294af5e970771613e2c429de760
0x690b9a9e9aa1c9db991c7721a92d351db4fac990,0xe688b84b23f322a994a53dbf8e15fa82cdb71127,0.06029091365532009,2022-09-25T05:40:59+00:00,0xacd7285be79b36088e2d9b2dc0c53d08bca202349d3bb24af18894c37fccb770
0xdafea492d9c6733ae3d56b7ed1adb60692c98bc5,0xe688b84b23f322a994a53dbf8e15fa82cdb71127,0.025403116841199756,2022-09-25T05:44:23+00:00,0xbe58112710f83ed416ff7cf3bae6971a9cdbca581184d028d6977ab058ade497
0x690b9a9e9aa1c9db991c7721a92d351db4fac990,0xe688b84b23f322a994a53dbf8e15fa82cdb71127,0.1067756682940557,2022-09-25T06:06:35+00:00,0xab217e4f0349040af2ed81b293933ebb483f2a7bebc6bb7f4b8ee4e3230616a7
0x690b9a9e9aa1c9db991c7721a92d351db4fac990,0xe688b84b23f322a994a53dbf8e15fa82cdb71127,0.02145869690014842,2022-09-25T06:20:59+00:00,0xf22fdaeb1b755d61baf5088144ced768a5dc983a105d846a8d854b53aa1fd65f
0x25d88437df70730122b73ef35462435d187c466f,0xe688b84b23f322a994a53dbf8e15fa82cdb71127,0.03671536943627601,2022-09-25T06:25:35+00:00,0xffe8fc4433ce71ca6e37c23961f16ac5f2a703daebe83f952064b0f01c867331
0x199d5ed7f45f4ee35960cf22eade2076e95b253f,0xe688b84b23f322a994a53dbf8e15fa82cdb71127,0.039999359700035646,2022-09-25T06:39:23+00:00,0x030318bd00a9a716db925ef4581899ea6b0ada4c79eac82cc7e868b33af1cf54
0xaab27b150451726ec7738aa1d0a94505c8729bd1,0xe688b84b23f322a994a53dbf8e15fa82cdb71127,0.06372609724333952,2022-09-25T06:52:11+00:00,0x15ed4b5b45561d4b978c387ed9acb0677fbdc0a079bf942fa158628050838cce
0xdafea492d9c6733ae3d56b7ed1adb60692c98bc5,0xe688b84b23f322a994a53dbf8e15fa82cdb71127,0.07855553369786018,2022-09-25T07:23:11+00:00,0x83ddbb90592d085c90b1e1142df288e975d81b1065d2c40b1f63353fcab083ed
0x199d5ed7f45f4ee35960cf22eade2076e95b253f,0xe688b84b23f322a994a53dbf8e15fa82cdb71127,0.03765291895125821,2022-09-25T07:44:35+00:00,0xd477b8eae8920719eea926adb14ac16d415784b2e73f88f19a44743cea03aa3e
0xdafea492d9c6733ae3d56b7ed1adb60692c98bc5,0xe688b84b23f322a994a53dbf8e15fa82cdb71127,0.028963718769664352,2022-09-25T07:48:11+00:00,0x4cc10bbeac406c93a0a575737589de67767b473c1fae4756bfe2b10ae5faf50b
0xaab27b150451726ec7738aa1d0a94505c8729bd1,0xe688b84b23f322a994a53dbf8e15fa82cdb71127,0.09819345508752732,2022-09-25T07:48:35+00:00,0x57f24f73619aa3f7cdb46eb7c25ec373ab9cbd4f7e4582a06d058418d96f232a
0x690b9a9e9aa1c9db991c7721a92d351db4fac990,0xe688b84b23f322a994a53dbf8e15fa82cdb71127,0.04900907844163379,2022-09-25T07:49:59+00:00,0x25cab7fd6fa122c91f8caef6e9193697e4ff057381739d51dcf139fe0e0e7686
0xdafea492d9c6733ae3d56b7ed1adb60692c98bc5,0xe688b84b23f322a994a53dbf8e15fa82cdb71127,0.0568394906904554,2022-09-25T07:51:11+00:00,0x675879f94df97410c7b3dd2306b2519223fe28c73edc39935d24cd03655cd119
0xdafea492d9c6733ae3d56b7ed1adb60692c98bc5,0xe688b84b23f322a994a53dbf8e15fa82cdb71127,0.027951439283470127,2022-09-25T07:53:59+00:00,0x85d06431ef2cdeb0e03b44c4c1f77d1a7ce280fc93fb8c6ed684a51ed7ee627a
0xdafea492d9c6733ae3d56b7ed1adb60692c98bc5,0xe688b84b23f322a994a53dbf8e15fa82cdb71127,0.018654414635378386,2022-09-25T07:54:59+00:00,0x107dc864280abff7e268ca600b0150e8e0699caaffdee16305df8bc7105a222d
0xdafea492d9c6733ae3d56b7ed1adb60692c98bc5,0xe688b84b23f322a994a53dbf8e15fa82cdb71127,0.03632089605901678,2022-09-25T08:12:11+00:00,0xc74fb85bdaab8e5065c937b2ed7f776eb726621703cec66fa66efffac7c70c59
0xdafea492d9c6733ae3d56b7ed1adb60692c98bc5,0xe688b84b23f322a994a53dbf8e15fa82cdb71127,0.0470574993276667,2022-09-25T08:13:47+00:00,0x5d0896c427285af81bc8a2dc22e2a55d0a2c3a6a69ab76a65e44f78244467d69
0xdafea492d9c6733ae3d56b7ed1adb60692c98bc5,0xe688b84b23f322a994a53dbf8e15fa82cdb71127,0.026486181389327203,2022-09-25T08:20:59+00:00,0x27ac9e2b02c264364fe76d2b443ebc86c9c1d38fd1ff2edcade0ba88e14eb318
0xdafea492d9c6733ae3d56b7ed1adb60692c98bc5,0xe688b84b23f322a994a53dbf8e15fa82cdb71127,0.041827056167100925,2022-09-25T08:35:11+00:00,0x0a70a1a150a4506ab764d51c7b7b1b51947dbc185c10988444d6415bbcc9095c
0xdafea492d9c6733ae3d56b7ed1adb60692c98bc5,0xe688b84b23f322a994a53dbf8e15fa82cdb71127,0.05213123144597567,2022-09-25T08:36:59+00:00,0xa22829b763d9da04d3ceb08d2b44b5445a2ed63f6caa9863e5f2ab283f466555
0xdafea492d9c6733ae3d56b7ed1adb60692c98bc5,0xe688b84b23f322a994a53dbf8e15fa82cdb71127,0.04133759235171928,2022-09-25T08:40:23+00:00,0x82481e89b403a5887dd72c441a86a42dc32bb66132fb4ed6403a0b3ce308e656
0xdafea492d9c6733ae3d56b7ed1adb60692c98bc5,0xe688b84b23f322a994a53dbf8e15fa82cdb71127,0.03894396732430489,2022-09-25T09:11:47+00:00,0x76f93f57df5665e03a75b3aa0c8504521fc4109d2d0967fb8ffd4600b6a2d522
0xdafea492d9c6733ae3d56b7ed1adb60692c98bc5,0xe688b84b23f322a994a53dbf8e15fa82cdb71127,0.02141185465811608,2022-09-25T09:17:59+00:00,0x6ef29e107e3faf529c4baaca418e2f627a8f9f157f502fe6c934fab66bcbedac
0xdafea492d9c6733ae3d56b7ed1adb60692c98bc5,0xe688b84b23f322a994a53dbf8e15fa82cdb71127,0.05519494503366885,2022-09-25T09:30:11+00:00,0x8eac9bf90ad6ed275b4aab19f919d262586e2bb4359c9bd7233c1d451080685a
0x690b9a9e9aa1c9db991c7721a92d351db4fac990,0xe688b84b23f322a994a53dbf8e15fa82cdb71127,0.02166570411386861,2022-09-25T09:33:23+00:00,0xde4bda0a5df11ee2bcb11658c7fe6ae9864e597ae3b6eb0a83ede4a303717eb5
0xf2f5c73fa04406b1995e397b55c24ab1f3ea726c,0xe688b84b23f322a994a53dbf8e15fa82cdb71127,0.15997023499978533,2022-09-25T09:47:59+00:00,0x92c00f54019b40af6bed5a6ba427d12e8d7065ea259a321add98ecf356be263c
0xdafea492d9c6733ae3d56b7ed1adb60692c98bc5,0xe688b84b23f322a994a53dbf8e15fa82cdb71127,0.04683250623431449,2022-09-25T09:48:47+00:00,0x4335335b9175edb17dcec26c26224dddca8b698b1db698cad75838efb8212952
0xdafea492d9c6733ae3d56b7ed1adb60692c98bc5,0xe688b84b23f322a994a53dbf8e15fa82cdb71127,0.02766380555738422,2022-09-25T10:10:23+00:00,0x497356286344b38625cb3b237a445164a6ae732d3b7b7a97b96b7f3cb402f04c
0xdafea492d9c6733ae3d56b7ed1adb60692c98bc5,0xe688b84b23f322a994a53dbf8e15fa82cdb71127,0.04367100934178866,2022-09-25T10:12:11+00:00,0xc26b4bf6895218c88da3706a642f6a3c978e49667ac25720994f755af372ff1c
0xdafea492d9c6733ae3d56b7ed1adb60692c98bc5,0xe688b84b23f322a994a53dbf8e15fa82cdb71127,0.06094981894723421,2022-09-25T10:13:11+00:00,0xb79ae14080dc63de570773086a90b4e4c7ea6a22a7532c1e8f913a6e0b7ef9b7
0xdafea492d9c6733ae3d56b7ed1adb60692c98bc5,0xe688b84b23f322a994a53dbf8e15fa82cdb71127,0.06632647935350082,2022-09-25T10:14:11+00:00,0x51c8a47ac81063f46b7414a40833ced9742db3efb40fcaf24ea347e2cd654c79
0xdafea492d9c6733ae3d56b7ed1adb60692c98bc5,0xe688b84b23f322a994a53dbf8e15fa82cdb71127,0.09272547644097387,2022-09-25T10:17:59+00:00,0x002232b29c393c615bddf0905262d578c7b1fcdac34eea2e1019fc8773469dbb
0xdafea492d9c6733ae3d56b7ed1adb60692c98bc5,0xe688b84b23f322a994a53dbf8e15fa82cdb71127,0.05520922130809311,2022-09-25T10:24:35+00:00,0xa5204e7b720625a4c2725c3d817ad127db7f3bbd88c84f9b04f8af354aef77fb
0xdafea492d9c6733ae3d56b7ed1adb60692c98bc5,0xe688b84b23f322a994a53dbf8e15fa82cdb71127,0.0438147676619449,2022-09-25T10:26:35+00:00,0xf816582fb2a4c10902574587b274ce061b4a2d89a5ddd12a99bf821ce33eded5
0xdafea492d9c6733ae3d56b7ed1adb60692c98bc5,0xe688b84b23f322a994a53dbf8e15fa82cdb71127,0.0520638559941242,2022-09-25T10:29:23+00:00,0x58dbdd674821277f741bc9ce00b43513fdb45abd752933343c284d5e7a4ea9bd
0xdafea492d9c6733ae3d56b7ed1adb60692c98bc5,0xe688b84b23f322a994a53dbf8e15fa82cdb71127,0.0547573989105811,2022-09-25T10:34:11+00:00,0x1f3387ec0dc98af8388de12d823918f20df2665fc76458d32aafb3d7ba49fbd4
0xb646d87963da1fb9d192ddba775f24f33e857128,0xe688b84b23f322a994a53dbf8e15fa82cdb71127,0.1687258301076117,2022-09-25T10:37:23+00:00,0xf41a6c3a5614b07ec983ed724a709b6a4e460b2156718f5045c1e7194b71c15a
0xa7fdca7aa0b69927a34ec48ddcfe3d4c66ff0d94,0xe688b84b23f322a994a53dbf8e15fa82cdb71127,0.04878250118133481,2022-09-25T10:41:23+00:00,0xb1a87a961866bfea2e44ebf1d2d8e8ced38fc2008a38ad15ca93b745eb3108fc
0xdafea492d9c6733ae3d56b7ed1adb60692c98bc5,0xe688b84b23f322a994a53dbf8e15fa82cdb71127,0.05097824291569094,2022-09-25T11:09:23+00:00,0xecb1246363931ae83cb0c9fd9e183266aa66a5bc6bbdccefa84f5057fbcc30c5
0xdafea492d9c6733ae3d56b7ed1adb60692c98bc5,0xe688b84b23f322a994a53dbf8e15fa82cdb71127,0.20094631240170482,2022-09-25T11:20:11+00:00,0x25be0d58668fea9ba06ae16c4ba1f1a93bbaee4a07245b1e200cadfc5f09fa19
0xdafea492d9c6733ae3d56b7ed1adb60692c98bc5,0xe688b84b23f322a994a53dbf8e15fa82cdb71127,0.04866446771791618,2022-09-25T11:32:47+00:00,0xdc18ac2bf459507aa91a942883e69b9fc5ebfd2878bb7f2efb98dd8c7ef90728
0xdafea492d9c6733ae3d56b7ed1adb60692c98bc5,0xe688b84b23f322a994a53dbf8e15fa82cdb71127,0.0434915133955098,2022-09-25T11:33:23+00:00,0x9713f7ba961fb4331b16e1c6eea6e4bffff652a7d02d65ad839d9e4605d3b916
0xdafea492d9c6733ae3d56b7ed1adb60692c98bc5,0xe688b84b23f322a994a53dbf8e15fa82cdb71127,0.18110660861172043,2022-09-25T11:47:59+00:00,0xff4b22c6a8a86cb647ef48c3d4b79ac9f93bbd4f85533258559c9f7cbf316127
0xdafea492d9c6733ae3d56b7ed1adb60692c98bc5,0xe688b84b23f322a994a53dbf8e15fa82cdb71127,0.0702705048042333,2022-09-25T11:56:23+00:00,0xdfaf4c955c51f52bef35657d992972a91425f538885ef0d5557b9f81549f5d79
0xdafea492d9c6733ae3d56b7ed1adb60692c98bc5,0xe688b84b23f322a994a53dbf8e15fa82cdb71127,0.04983683078822204,2022-09-25T12:06:23+00:00,0x3ca20c363931ba9512f385e44991e367da51e1ba7bc3811e82e867b48f421b00
0xdafea492d9c6733ae3d56b7ed1adb60692c98bc5,0xe688b84b23f322a994a53dbf8e15fa82cdb71127,0.05906393680248788,2022-09-25T12:23:11+00:00,0xf7615a220b096b94d27961473917aaa3a04b014e732289a9c6f880307d618564
0xdafea492d9c6733ae3d56b7ed1adb60692c98bc5,0xe688b84b23f322a994a53dbf8e15fa82cdb71127,1.7358351113551393,2022-09-25T12:28:59+00:00,0xd95249b2605bae72ea14869a4116654f172038bfa51e228800a19f7755f93776
0xdafea492d9c6733ae3d56b7ed1adb60692c98bc5,0xe688b84b23f322a994a53dbf8e15fa82cdb71127,0.09661946566713035,2022-09-25T12:31:47+00:00,0x5be0369e8412a050aea59817a5bd2d248c49b900671a26c5c42b3a2817163e7d
0xdafea492d9c6733ae3d56b7ed1adb60692c98bc5,0xe688b84b23f322a994a53dbf8e15fa82cdb71127,0.43990465236316234,2022-09-25T12:34:11+00:00,0x9756f00d8b98b393dfc93d09e06e602481d5daa06d3791bb8fa213d03447bc20
0x690b9a9e9aa1c9db991c7721a92d351db4fac990,0xe688b84b23f322a994a53dbf8e15fa82cdb71127,0.07099323429948833,2022-09-25T12:53:23+00:00,0x8139c3a6b92f468438bc2cfa117b874cd4052141a7084f593c5decae7f5f0fc6
0xdafea492d9c6733ae3d56b7ed1adb60692c98bc5,0xe688b84b23f322a994a53dbf8e15fa82cdb71127,0.031788463229785915,2022-09-25T13:09:35+00:00,0x935acfc4b083616c6402a8a13b64c30da29db42b68c83df0763eab83c31d54e6
0xdafea492d9c6733ae3d56b7ed1adb60692c98bc5,0xe688b84b23f322a994a53dbf8e15fa82cdb71127,0.04659883248009665,2022-09-25T13:42:11+00:00,0xdb04207da9820679723ebfde0eefb088d17b7489265bf89dd9a91fa2651a59e3
0xa7fdca7aa0b69927a34ec48ddcfe3d4c66ff0d94,0xe688b84b23f322a994a53dbf8e15fa82cdb71127,0.5485353455540282,2022-09-25T14:15:23+00:00,0xa51c8aa24f9ff81ad0e5522193d1c90c7e1a183226865809ee453bf142224b97
0xdafea492d9c6733ae3d56b7ed1adb60692c98bc5,0xe688b84b23f322a994a53dbf8e15fa82cdb71127,0.05258366928419383,2022-09-25T14:23:23+00:00,0xc3d5eebd78a38501a44ee54aa5dad4480fa4d020e90e9c2d8c7bb8a6f513b0c7
0xdafea492d9c6733ae3d56b7ed1adb60692c98bc5,0xe688b84b23f322a994a53dbf8e15fa82cdb71127,0.08618152440938821,2022-09-25T14:24:11+00:00,0x93f908687f3acaa8294f62ff9821c44923d61a39aa276cc0d4ed30576972d828
0xdafea492d9c6733ae3d56b7ed1adb60692c98bc5,0xe688b84b23f322a994a53dbf8e15fa82cdb71127,0.1405487332573463,2022-09-25T14:27:47+00:00,0xf2678cb6ce9def64e052c9de8feccf721b584b85b4a3223f7d7d82b93f35a0fc
0xf2f5c73fa04406b1995e397b55c24ab1f3ea726c,0xe688b84b23f322a994a53dbf8e15fa82cdb71127,0.05446329142787456,2022-09-25T14:32:47+00:00,0x5196365eaec2a451c69159c05052ae093b1209b0fb1d1697664056db717c1da9
0xf2f5c73fa04406b1995e397b55c24ab1f3ea726c,0xe688b84b23f322a994a53dbf8e15fa82cdb71127,0.14080595242660493,2022-09-25T14:42:23+00:00,0xf72f26ce3ab8e947de59515edb61566828edb7a9e5f30c5dd8632697ecb44322
0xdafea492d9c6733ae3d56b7ed1adb60692c98bc5,0xe688b84b23f322a994a53dbf8e15fa82cdb71127,0.10549207750544384,2022-09-25T14:53:23+00:00,0xc45ffecad4892a0bb31a0bf50c2f5a037b6654b5fddc27c5bd6c2655789282c7
0xdafea492d9c6733ae3d56b7ed1adb60692c98bc5,0xe688b84b23f322a994a53dbf8e15fa82cdb71127,0.03832898953176874,2022-09-25T14:58:23+00:00,0xbda52a7acb68b346f3fe476db32b7c90a0c74a5a70e05ee34ccbac342d75e77b
0xdafea492d9c6733ae3d56b7ed1adb60692c98bc5,0xe688b84b23f322a994a53dbf8e15fa82cdb71127,0.07656439159915122,2022-09-25T15:12:23+00:00,0xfcbc7b8be484f127dd3b070fd6a4d6fe275439f21991f3e26328e361c4597dbf
0xf2f5c73fa04406b1995e397b55c24ab1f3ea726c,0xe688b84b23f322a994a53dbf8e15fa82cdb71127,0.06589303647726877,2022-09-25T15:13:35+00:00,0x0c62f486a111754b3719958717ddefdceb6a3bd3d1f9118f1feb13f04cb071b6
0x199d5ed7f45f4ee35960cf22eade2076e95b253f,0xe688b84b23f322a994a53dbf8e15fa82cdb71127,1.5617054499939897,2022-09-25T15:17:23+00:00,0x4e44c50093287249062dc60f5f30e234ba1eb37e9a2f3020ad2eb4692a8137ac
0x199d5ed7f45f4ee35960cf22eade2076e95b253f,0xe688b84b23f322a994a53dbf8e15fa82cdb71127,0.08054887557601673,2022-09-25T15:47:23+00:00,0xc47a0c449031750c433f435a4eb89f3007346041ab889d0e108de8ec2ef984cf
0x199d5ed7f45f4ee35960cf22eade2076e95b253f,0xe688b84b23f322a994a53dbf8e15fa82cdb71127,0.10005973586042383,2022-09-25T15:51:23+00:00,0x1a5f5f79a2c0f05ce2d0b0489ecf9f6a710f84a3cf2946b6f69e458b889a5ef1
0xf2f5c73fa04406b1995e397b55c24ab1f3ea726c,0xe688b84b23f322a994a53dbf8e15fa82cdb71127,0.09367857840897574,2022-09-25T15:59:35+00:00,0x988056fdbd73b3014b8c4c7ce39831743b3950667e7ce9f2c0814b1a564a579f
0xdafea492d9c6733ae3d56b7ed1adb60692c98bc5,0xe688b84b23f322a994a53dbf8e15fa82cdb71127,0.34484856928118907,2022-09-25T16:00:23+00:00,0x0d054c47cdd67ec923041ec490c7d02ed93b4ecc16a9841c2224224a59b2de06
0xa7fdca7aa0b69927a34ec48ddcfe3d4c66ff0d94,0xe688b84b23f322a994a53dbf8e15fa82cdb71127,0.09127753844567885,2022-09-25T16:03:23+00:00,0x4d647d370b69e47364be2c118be29210201fafe80c69994aefef543a0a2089a8
0xa7fdca7aa0b69927a34ec48ddcfe3d4c66ff0d94,0xe688b84b23f322a994a53dbf8e15fa82cdb71127,0.08335397930425047,2022-09-25T16:08:23+00:00,0x3a9917f3673cb43ebc69362d3b3693e63a2662ab1b24c54c77647f5bed8ad19b
0xf2f5c73fa04406b1995e397b55c24ab1f3ea726c,0xe688b84b23f322a994a53dbf8e15fa82cdb71127,0.13896088458953984,2022-09-25T16:11:47+00:00,0x7d32b5114de5a8c6849286b031ac0b3adbed921c71ad7e7bf432263e69ca4398
0xf2f5c73fa04406b1995e397b55c24ab1f3ea726c,0xe688b84b23f322a994a53dbf8e15fa82cdb71127,0.3026991345562673,2022-09-25T16:14:35+00:00,0xb17df8b2a96d0cf03eefc572779d77452406bb90747d47f98965ef3c0e2d1865
0xdafea492d9c6733ae3d56b7ed1adb60692c98bc5,0xe688b84b23f322a994a53dbf8e15fa82cdb71127,0.16961499316970002,2022-09-25T16:18:59+00:00,0x784efdf785b25592991062d56ecee2593e9cc46dd0d50519312be90f6099ecd8
0xdafea492d9c6733ae3d56b7ed1adb60692c98bc5,0xe688b84b23f322a994a53dbf8e15fa82cdb71127,0.16880452342953736,2022-09-25T16:19:59+00:00,0xeb79d69a5b37248af8f49ed7128d0696adb4a4140a88b05f4443164b1e2be9ea
0xdafea492d9c6733ae3d56b7ed1adb60692c98bc5,0xe688b84b23f322a994a53dbf8e15fa82cdb71127,0.14632682452407492,2022-09-25T16:28:23+00:00,0x1e6694e10da18ec3bbde381634b004e4d99f25498ac17cc8ed54ef3a19f9bbf3
0xdafea492d9c6733ae3d56b7ed1adb60692c98bc5,0xe688b84b23f322a994a53dbf8e15fa82cdb71127,0.05232364836406418,2022-09-25T16:49:59+00:00,0xfa48805e1fada28d597e6473082fab7e2964959bf4180173d5a9789bbc424b62
0xdafea492d9c6733ae3d56b7ed1adb60692c98bc5,0xe688b84b23f322a994a53dbf8e15fa82cdb71127,0.03048214761777774,2022-09-25T16:53:23+00:00,0xdf258622b0a24fecca3d4dd82475c5a8e6816b200ab0dc9a870ba4eab3d10bf6
0xdafea492d9c6733ae3d56b7ed1adb60692c98bc5,0xe688b84b23f322a994a53dbf8e15fa82cdb71127,0.02046642032318991,2022-09-25T17:09:35+00:00,0x6c6bf540ed75b6262aee9f0b815b8d3256f05eb82d64b285e79c99f29f0f8b00
0xdafea492d9c6733ae3d56b7ed1adb60692c98bc5,0xe688b84b23f322a994a53dbf8e15fa82cdb71127,0.03548582556464786,2022-09-25T17:20:23+00:00,0x7bceb17bb718b5e28fa1572ccd1799d4bcc42409563427ac1c95021a41c6b717
0xdafea492d9c6733ae3d56b7ed1adb60692c98bc5,0xe688b84b23f322a994a53dbf8e15fa82cdb71127,0.13319732024539588,2022-09-25T17:39:35+00:00,0xb7ce49366ff421e9cde6db334ad517936f08db78c609718b5a3ccb7a5a5a3e1b
0xdafea492d9c6733ae3d56b7ed1adb60692c98bc5,0xe688b84b23f322a994a53dbf8e15fa82cdb71127,0.044880805607313966,2022-09-25T17:46:47+00:00,0x6f36a727cc2f0bc62e39f5bafa039f57b63ecacff8131beebe3cf8d1eb2bcdb0
0xf2f5c73fa04406b1995e397b55c24ab1f3ea726c,0xe688b84b23f322a994a53dbf8e15fa82cdb71127,0.06683420925533193,2022-09-25T18:07:35+00:00,0x99612ff1db76a7565ebae318e564c5fc7210400adeb1c3a92c15a06d08618208
0xf2f5c73fa04406b1995e397b55c24ab1f3ea726c,0xe688b84b23f322a994a53dbf8e15fa82cdb71127,0.10317401422556863,2022-09-25T18:17:11+00:00,0x4cb132d890988007078bd3912d86abd7f58252f63796966bda2604485ce03bd4
0xdafea492d9c6733ae3d56b7ed1adb60692c98bc5,0xe688b84b23f322a994a53dbf8e15fa82cdb71127,0.0506738784728765,2022-09-25T18:17:47+00:00,0x4797a4ec290f5cad5833a3594077e9c235af0450a3b629ca9c39e9ec02405809
0xb646d87963da1fb9d192ddba775f24f33e857128,0xe688b84b23f322a994a53dbf8e15fa82cdb71127,0.05858977154873076,2022-09-25T18:24:23+00:00,0xebf6d91c2625f5c05fac6996922eb75848a978b1d35121ae91aaf6679f58d65e
0xb646d87963da1fb9d192ddba775f24f33e857128,0xe688b84b23f322a994a53dbf8e15fa82cdb71127,0.057554580856552275,2022-09-25T18:36:59+00:00,0x3a491c56af5a73212a65de83ef2944bdd8cccba6e5069ec44af52547bf6af32d
0xf2f5c73fa04406b1995e397b55c24ab1f3ea726c,0xe688b84b23f322a994a53dbf8e15fa82cdb71127,0.03941753591482364,2022-09-25T19:00:23+00:00,0xcbde75ea59b7c82d8706118a914f38551429cbe0389298b44d2356de32bc3aeb
0xdafea492d9c6733ae3d56b7ed1adb60692c98bc5,0xe688b84b23f322a994a53dbf8e15fa82cdb71127,0.018025688992137506,2022-09-25T19:10:59+00:00,0x354a82eb8eb1c76af1e4bbb1edb00ba0fa778ae11266cdabca92671e1c74743e
0xf2f5c73fa04406b1995e397b55c24ab1f3ea726c,0xe688b84b23f322a994a53dbf8e15fa82cdb71127,0.09128547455282132,2022-09-25T19:41:35+00:00,0x3de7a6a93bfa6774f362aeeab0ab3c7404a4960b4e67500d4b9b4dc3f1e57d33
0xdafea492d9c6733ae3d56b7ed1adb60692c98bc5,0xe688b84b23f322a994a53dbf8e15fa82cdb71127,0.0182127777092044,2022-09-25T19:50:23+00:00,0x70bc3697498a6fc92ccf9f69131353c940c2775f48e88e76afb4709747686d3a
0xdafea492d9c6733ae3d56b7ed1adb60692c98bc5,0xe688b84b23f322a994a53dbf8e15fa82cdb71127,0.051439640008404466,2022-09-25T20:03:47+00:00,0xa41e7a19084169e0c1d4f198fd072836d95c4277c6d22b35d6c7f42f5793ce26
0xb646d87963da1fb9d192ddba775f24f33e857128,0xe688b84b23f322a994a53dbf8e15fa82cdb71127,0.034728325788554316,2022-09-25T20:04:47+00:00,0xd1c25c8368c61a018060d5b5661bad964ae5248d0e8d3b7cb1ef9e3df577307e
0xdafea492d9c6733ae3d56b7ed1adb60692c98bc5,0xe688b84b23f322a994a53dbf8e15fa82cdb71127,0.693613610429592,2022-09-25T20:11:59+00:00,0x0437753b89a5275978e369463b2cd67289783184891902550cc9c03cb64389df
0xdafea492d9c6733ae3d56b7ed1adb60692c98bc5,0xe688b84b23f322a994a53dbf8e15fa82cdb71127,0.7480614869931903,2022-09-25T20:18:23+00:00,0xb8740c365ada2bedb514e2bafc4cf7c9b87cf032705536891f499f9d3855d1a4
0xdafea492d9c6733ae3d56b7ed1adb60692c98bc5,0xe688b84b23f322a994a53dbf8e15fa82cdb71127,0.0625460120619718,2022-09-25T20:23:47+00:00,0x3ea6c9aa39cab0324d8267cbc68d9db5a709fd66d248a64d30768c681f8c7d87
0xdafea492d9c6733ae3d56b7ed1adb60692c98bc5,0xe688b84b23f322a994a53dbf8e15fa82cdb71127,0.040899146260326924,2022-09-25T20:45:23+00:00,0xeaf0995df7ae3a8479583f6c536ef3cb86faa04f9d1ba36856ee25a374094d76
0x199d5ed7f45f4ee35960cf22eade2076e95b253f,0xe688b84b23f322a994a53dbf8e15fa82cdb71127,0.3607745263682176,2022-09-25T20:52:11+00:00,0x125fa2b410a5644c767d3ffcae966617ecb484cf4e81aa0f246cd28b29191b9e
0xdafea492d9c6733ae3d56b7ed1adb60692c98bc5,0xe688b84b23f322a994a53dbf8e15fa82cdb71127,0.1081084171437973,2022-09-25T21:03:59+00:00,0x9aea42e0249d4df990bb51d40dc24fcb1b7cc14cb82af8dcc9218346f11a1a1e
0xdafea492d9c6733ae3d56b7ed1adb60692c98bc5,0xe688b84b23f322a994a53dbf8e15fa82cdb71127,0.04826565625697478,2022-09-25T21:04:59+00:00,0x6bceaed29b52699821f3f38e8d9853a67656a45217cc01851a390cc07ed71114
0xdafea492d9c6733ae3d56b7ed1adb60692c98bc5,0xe688b84b23f322a994a53dbf8e15fa82cdb71127,0.025388451414641404,2022-09-25T21:38:47+00:00,0x3d02b3a78f94a3ee87146aa5b59afbf9a36fc9e29ca29f84c4e045271cab9aa1
0xdafea492d9c6733ae3d56b7ed1adb60692c98bc5,0xe688b84b23f322a994a53dbf8e15fa82cdb71127,0.23593664058810726,2022-09-25T21:40:35+00:00,0xb98e1fbe2c8ee5e2696015909087e00e75a0ec4f1c3b8dc14b6d57a965e56b11
0xdafea492d9c6733ae3d56b7ed1adb60692c98bc5,0xe688b84b23f322a994a53dbf8e15fa82cdb71127,0.234834930275104,2022-09-25T21:44:23+00:00,0x87be4291e52a231d1a91c951e693ac53d241a76657ade2fc849108c54d130b62
0xdafea492d9c6733ae3d56b7ed1adb60692c98bc5,0xe688b84b23f322a994a53dbf8e15fa82cdb71127,0.3517863867209588,2022-09-25T21:46:59+00:00,0x6d5ccfd9f004d1b6bcdcd9fb3d44fb6f41d4681743400e657225ad8aea65a270
0xdafea492d9c6733ae3d56b7ed1adb60692c98bc5,0xe688b84b23f322a994a53dbf8e15fa82cdb71127,0.0712636578889998,2022-09-25T21:51:59+00:00,0x3591b97900a41bd39e02b566829ffa812fb961513b8c0b7385b8d33f93c7c9a3
0xdafea492d9c6733ae3d56b7ed1adb60692c98bc5,0xe688b84b23f322a994a53dbf8e15fa82cdb71127,0.11664008533532148,2022-09-25T21:55:35+00:00,0xe1e3ebec26c888a583191eef3f9a1ad6f7b48d8c888a64f04a2215c1c063c224
0xdafea492d9c6733ae3d56b7ed1adb60692c98bc5,0xe688b84b23f322a994a53dbf8e15fa82cdb71127,0.05900012014663816,2022-09-25T22:22:11+00:00,0xe0ab07b31c52f91911f1b49e6667bb97ba6561036cb0af8a151585eef7d29a02
0xdafea492d9c6733ae3d56b7ed1adb60692c98bc5,0xe688b84b23f322a994a53dbf8e15fa82cdb71127,0.0756226456322168,2022-09-25T22:27:23+00:00,0x09ac0634a925ca946d8d6052a6fa5aa9897a2eafeee9ea2ca7da70ea0e3b08e0
0xdafea492d9c6733ae3d56b7ed1adb60692c98bc5,0xe688b84b23f322a994a53dbf8e15fa82cdb71127,0.52320960895306,2022-09-25T22:27:59+00:00,0x73f31fcefc301bbceade5d3557eeb9d30d153415ccf076c2de6e9d35ffdd6b65
0xdafea492d9c6733ae3d56b7ed1adb60692c98bc5,0xe688b84b23f322a994a53dbf8e15fa82cdb71127,0.02604998607678699,2022-09-25T22:36:23+00:00,0xeadb95954187913c670af5584b332772d2dfaa12e325a3bc6fd84d93c2ff633a
0x199d5ed7f45f4ee35960cf22eade2076e95b253f,0xe688b84b23f322a994a53dbf8e15fa82cdb71127,0.09960090051890531,2022-09-25T22:47:11+00:00,0xab70b959c86fcd208960138d2c96b2ad1a29599e3b87aba61c032b1893a3caa4
0xdafea492d9c6733ae3d56b7ed1adb60692c98bc5,0xe688b84b23f322a994a53dbf8e15fa82cdb71127,0.020171222531227224,2022-09-25T22:47:59+00:00,0xa2400f2dc83c940355c8f9b501447580701c75e538f687eae32583a86a68c944
0xdafea492d9c6733ae3d56b7ed1adb60692c98bc5,0xe688b84b23f322a994a53dbf8e15fa82cdb71127,0.07488257769118847,2022-09-25T22:49:35+00:00,0x743f8604b38a9c62e0787766a743606177a49c3bb8bb09f2f2ae10ec57bbf0d7
0xdafea492d9c6733ae3d56b7ed1adb60692c98bc5,0xe688b84b23f322a994a53dbf8e15fa82cdb71127,0.4205687904266125,2022-09-25T22:50:47+00:00,0xac7613d77240bf4912b406cc821e1807e7b849ba9389a00913281d6051f40345
0xdafea492d9c6733ae3d56b7ed1adb60692c98bc5,0xe688b84b23f322a994a53dbf8e15fa82cdb71127,0.111661485455764,2022-09-25T22:51:23+00:00,0x3dfcd5049801a79e92d254a15e46f765e81a28b139db7f10cdfefc02ce0e6176
0xdafea492d9c6733ae3d56b7ed1adb60692c98bc5,0xe688b84b23f322a994a53dbf8e15fa82cdb71127,0.10023745584443086,2022-09-25T23:02:35+00:00,0x127c2a14f64c8d1a4fe6d25090da4d6d8ff629e686c48a1dd1abf7a0149e16bf
0xdafea492d9c6733ae3d56b7ed1adb60692c98bc5,0xe688b84b23f322a994a53dbf8e15fa82cdb71127,0.03173974862194719,2022-09-25T23:11:47+00:00,0x3f66783ed463a38878ed893d9bce2fef4d5944d193bb65e980c3375ab62a3290
0xf2f5c73fa04406b1995e397b55c24ab1f3ea726c,0xe688b84b23f322a994a53dbf8e15fa82cdb71127,0.09034207132826264,2022-09-25T23:15:35+00:00,0xec4a50b8a489d150bfa77a5ffa3452a80c1db26fe32edac15657e06927cb859d
0xdafea492d9c6733ae3d56b7ed1adb60692c98bc5,0xe688b84b23f322a994a53dbf8e15fa82cdb71127,0.05463809938235865,2022-09-25T23:15:47+00:00,0x2a8bb088e5d12f6e487adafb42642bde52b8a7e1cd73ea4ed4a07bafc73760b5
0xb646d87963da1fb9d192ddba775f24f33e857128,0xe688b84b23f322a994a53dbf8e15fa82cdb71127,0.053715644978588495,2022-09-25T23:17:23+00:00,0xd759cc326c106248841530429ced50fa112d9ea0e19508eb3eb5c37c35b50df7
0xdafea492d9c6733ae3d56b7ed1adb60692c98bc5,0xe688b84b23f322a994a53dbf8e15fa82cdb71127,0.050526630316341754,2022-09-26T00:14:59+00:00,0x5a65715c5add6b79ec2e79cf6668cddbf0afee362fcb1d9d69b1bcb1a770c8ac
0xdafea492d9c6733ae3d56b7ed1adb60692c98bc5,0xe688b84b23f322a994a53dbf8e15fa82cdb71127,0.061152243182506394,2022-09-26T00:30:23+00:00,0xd7faf5547e6fcf6676bb6ceee587a00446ed305bdf6a19bb1a537e2295f95838
0xdafea492d9c6733ae3d56b7ed1adb60692c98bc5,0xe688b84b23f322a994a53dbf8e15fa82cdb71127,0.1892963322312368,2022-09-26T00:30:59+00:00,0xfb9b4a11384cf9aaa7c59cdc28ef9b8b6828ea0ff5d64a08d3504c0007a1e18a
0x199d5ed7f45f4ee35960cf22eade2076e95b253f,0xe688b84b23f322a994a53dbf8e15fa82cdb71127,0.2298889764949248,2022-09-26T00:40:23+00:00,0xa1112165fe6bdc059a132fd51af303141f16824370ae4c5964ea21b34a239f3e
0xdafea492d9c6733ae3d56b7ed1adb60692c98bc5,0xe688b84b23f322a994a53dbf8e15fa82cdb71127,0.20719883028751004,2022-09-26T00:57:35+00:00,0x4c59bbf141b55297e5346e134c921393c64e0d86cf9f926868a44846fb53c154
0xdafea492d9c6733ae3d56b7ed1adb60692c98bc5,0xe688b84b23f322a994a53dbf8e15fa82cdb71127,0.05126543484661075,2022-09-26T01:16:59+00:00,0x3449c27fb652a9623b33b8f8f7fba09001290c521a74247223a6abcbab95ec10
0xdafea492d9c6733ae3d56b7ed1adb60692c98bc5,0xe688b84b23f322a994a53dbf8e15fa82cdb71127,0.047304357456601435,2022-09-26T01:29:11+00:00,0x6fda7dc96b0b067f53e415a2c88ca78b5a3e3ef1e4684f7253657734af47c39f
0x199d5ed7f45f4ee35960cf22eade2076e95b253f,0xe688b84b23f322a994a53dbf8e15fa82cdb71127,0.07834470233908934,2022-09-26T01:30:23+00:00,0xa43520c9152455df6f05304553db79364534af0c3a75b55078cdd428a87e7e8e
0xdafea492d9c6733ae3d56b7ed1adb60692c98bc5,0xe688b84b23f322a994a53dbf8e15fa82cdb71127,0.9303736914513036,2022-09-26T02:02:59+00:00,0x9701a1207c14d83f39912996b67921da72afc7f43b07a0621dfa968ef7aff5a4
0xdafea492d9c6733ae3d56b7ed1adb60692c98bc5,0xe688b84b23f322a994a53dbf8e15fa82cdb71127,0.1073308252461611,2022-09-26T02:07:59+00:00,0x852b8df3407db07ffe642dc940dd701d92f83cf3317ae94e09d9bb3c48d87c3c
0x690b9a9e9aa1c9db991c7721a92d351db4fac990,0xe688b84b23f322a994a53dbf8e15fa82cdb71127,0.1086506045587611,2022-09-26T02:20:11+00:00,0xf356e6ae89f6e40511387c71dc683ff9453549f60345810d0edf6b18a2dfa804
0xdafea492d9c6733ae3d56b7ed1adb60692c98bc5,0xe688b84b23f322a994a53dbf8e15fa82cdb71127,0.022306657723231576,2022-09-26T02:20:23+00:00,0x6ef85f6f9562cc34653350bdb8f2c0122ac73c3e8bde7559e15e4b98c3cb8d1b
0xdafea492d9c6733ae3d56b7ed1adb60692c98bc5,0xe688b84b23f322a994a53dbf8e15fa82cdb71127,0.08950596461709967,2022-09-26T02:34:47+00:00,0x8695ddb2266c62854c12ecc642e40749b4d7df54d0aa1f4e466243623370fe2a
0xf2f5c73fa04406b1995e397b55c24ab1f3ea726c,0xe688b84b23f322a994a53dbf8e15fa82cdb71127,0.10007919817777226,2022-09-26T03:09:47+00:00,0xfc92683bff81720335171876ff28eec79985af881875d0b70ba717231f6f8dbc
0xdafea492d9c6733ae3d56b7ed1adb60692c98bc5,0xe688b84b23f322a994a53dbf8e15fa82cdb71127,0.07175460073093154,2022-09-26T03:15:11+00:00,0xec565a3ea85bb01a1f9839f45b12753b3d3e38a6c3a2ac47efcb0229e1951951
0xdafea492d9c6733ae3d56b7ed1adb60692c98bc5,0xe688b84b23f322a994a53dbf8e15fa82cdb71127,0.02972072416166184,2022-09-26T03:19:23+00:00,0x95a1d34c2e3bfba65d3bd750afc7d0bc3d5c4b5a18c3b63509c3cc4e1d9f5875
0xdafea492d9c6733ae3d56b7ed1adb60692c98bc5,0xe688b84b23f322a994a53dbf8e15fa82cdb71127,0.37560326690299495,2022-09-26T03:21:59+00:00,0x447e9af1b8a3672b637f093bc3130cabd38a82b7058f32fe7a43d97e210a25c5
0xdafea492d9c6733ae3d56b7ed1adb60692c98bc5,0xe688b84b23f322a994a53dbf8e15fa82cdb71127,0.9265927121103907,2022-09-26T03:22:47+00:00,0x3d56500fdae1a8d9766530a99ddd5b9ee94f91a99d7d108d86f344ec037187f4
0xdafea492d9c6733ae3d56b7ed1adb60692c98bc5,0xe688b84b23f322a994a53dbf8e15fa82cdb71127,0.09847816554171211,2022-09-26T03:47:59+00:00,0xc473741cd20e7dedaf2b9103fedb1747b3971fa05aa537eb759575f3ef41b417
0xdafea492d9c6733ae3d56b7ed1adb60692c98bc5,0xe688b84b23f322a994a53dbf8e15fa82cdb71127,0.022569317442784648,2022-09-26T04:03:59+00:00,0xa9ae86e8a6f53e9015ea6e89361502dd723ea47b30872976c2a5fc8fbf044457
0xdafea492d9c6733ae3d56b7ed1adb60692c98bc5,0xe688b84b23f322a994a53dbf8e15fa82cdb71127,0.06741591792976938,2022-09-26T04:06:11+00:00,0xa10093272627db559509ba6da97cf859a3eca27cfb90cded9ad884c0d35dbdfc
0xdafea492d9c6733ae3d56b7ed1adb60692c98bc5,0xe688b84b23f322a994a53dbf8e15fa82cdb71127,0.05233581956701744,2022-09-26T04:08:47+00:00,0x520f0e67a7b0cb79ded22189e60b059a6d8689afc8e41f64b604427f14be4970
0xdafea492d9c6733ae3d56b7ed1adb60692c98bc5,0xe688b84b23f322a994a53dbf8e15fa82cdb71127,0.042332008937322835,2022-09-26T04:10:47+00:00,0x1edc7a9cceba5a73aeac24f9e744f5a9befb48a7f0dd0a309cee4f0c4640d248
0xdafea492d9c6733ae3d56b7ed1adb60692c98bc5,0xe688b84b23f322a994a53dbf8e15fa82cdb71127,0.059306820941534055,2022-09-26T04:14:47+00:00,0x3632ba6e2e8d507e92e2db18950f078d3af5f09ad115b4e8c8d3400fbca99127
0xf2f5c73fa04406b1995e397b55c24ab1f3ea726c,0xe688b84b23f322a994a53dbf8e15fa82cdb71127,0.048336902600412006,2022-09-26T04:38:11+00:00,0x244baed740b692b11964c5d94de9e2e7362e6cf3573016d4101de3f28de1397f
0xdafea492d9c6733ae3d56b7ed1adb60692c98bc5,0xe688b84b23f322a994a53dbf8e15fa82cdb71127,0.04370618749133359,2022-09-26T04:44:35+00:00,0xc17581b1ee1d620d6bd45fe0c868c97f2be44d2d8b79f284cef4022e558e3593
0xdafea492d9c6733ae3d56b7ed1adb60692c98bc5,0xe688b84b23f322a994a53dbf8e15fa82cdb71127,0.08851961731097895,2022-09-26T04:52:23+00:00,0xef4803e521ef6a01ad6eaebe7bf84bdd04b8363415cce6476873e40f4039935f
0xdafea492d9c6733ae3d56b7ed1adb60692c98bc5,0xe688b84b23f322a994a53dbf8e15fa82cdb71127,0.11202033574579423,2022-09-26T05:35:47+00:00,0x36e9fa10b44071727fa9a3bf929b923002558eae831f278f3d3bf89f8a4b0077
0x199d5ed7f45f4ee35960cf22eade2076e95b253f,0xe688b84b23f322a994a53dbf8e15fa82cdb71127,0.10629379531695415,2022-09-26T05:55:11+00:00,0x4fe5e7cdad76053deba6250402e5077ad4fd45d69f3b62f7c104b83806b69de3
0xf2f5c73fa04406b1995e397b55c24ab1f3ea726c,0xe688b84b23f322a994a53dbf8e15fa82cdb71127,0.13260249221621576,2022-09-26T06:12:47+00:00,0x4b72d8ec135f5f6f331f15645f299a27192356eb0f3db6a3fd59f61fa54050ae
0xf2f5c73fa04406b1995e397b55c24ab1f3ea726c,0xe688b84b23f322a994a53dbf8e15fa82cdb71127,0.10147280962342534,2022-09-26T06:27:11+00:00,0x6145d1ef489ad10e09c6a7ccfa8f1111b56b66389cf1179f3c2765e472954d9a
0xf2f5c73fa04406b1995e397b55c24ab1f3ea726c,0xe688b84b23f322a994a53dbf8e15fa82cdb71127,0.05188466991943917,2022-09-26T06:28:59+00:00,0x93b113b8d309fe24250a04a57ee2436c37379056ab4018ad1425ca668ef3a89f
0xdafea492d9c6733ae3d56b7ed1adb60692c98bc5,0xe688b84b23f322a994a53dbf8e15fa82cdb71127,0.07441728241526321,2022-09-26T06:49:11+00:00,0x79826882384ea920713718dfae6c35a9f95711bb6a2e7476648fbf069d7022e2
0xb646d87963da1fb9d192ddba775f24f33e857128,0xe688b84b23f322a994a53dbf8e15fa82cdb71127,0.27550102529732984,2022-09-26T07:03:47+00:00,0xb2ec292965e04b5ad8aa140518a503a945de2167995b77a7f68288faf15de27a
0xdafea492d9c6733ae3d56b7ed1adb60692c98bc5,0xe688b84b23f322a994a53dbf8e15fa82cdb71127,0.034092731763281696,2022-09-26T07:16:47+00:00,0xe68b0deabf7b468b21bc32c0106eae7061e6b3c5cdf8a6017ddde30f8e139e2e
0xdafea492d9c6733ae3d56b7ed1adb60692c98bc5,0xe688b84b23f322a994a53dbf8e15fa82cdb71127,0.10262320157578692,2022-09-26T07:21:35+00:00,0x987a4cb879938fd91990127e68d6f8ccc692fc33ad6bb8ee0c9baca3e2bfd806
0x199d5ed7f45f4ee35960cf22eade2076e95b253f,0xe688b84b23f322a994a53dbf8e15fa82cdb71127,0.03996092518222104,2022-09-26T07:36:35+00:00,0x57f8c389033067af9bc3332403301a1063fa04bc2a29624df02321f584b7c6c0
0xf2f5c73fa04406b1995e397b55c24ab1f3ea726c,0xe688b84b23f322a994a53dbf8e15fa82cdb71127,0.13604428936637103,2022-09-26T07:44:11+00:00,0xb0c743ff88ae33ec518449cebbf33c2a0121de0263ec94580cf78fc911806f94
0xf2f5c73fa04406b1995e397b55c24ab1f3ea726c,0xe688b84b23f322a994a53dbf8e15fa82cdb71127,0.07464468529195808,2022-09-26T08:02:11+00:00,0x1bcf988131df11a02a195a6365e7896c10f475d7209ec9634b2358ce1583bb40
0xdafea492d9c6733ae3d56b7ed1adb60692c98bc5,0xe688b84b23f322a994a53dbf8e15fa82cdb71127,0.18135775992066988,2022-09-26T08:03:11+00:00,0xdd9e3baeb6064b0132d68b34cfd01a4bb21207a5ee07d8535bf41b9b6b606739
0xdafea492d9c6733ae3d56b7ed1adb60692c98bc5,0xe688b84b23f322a994a53dbf8e15fa82cdb71127,0.046044381280299355,2022-09-26T08:06:59+00:00,0xe1d9011b1e3a252ab5564106c31f9be5bfa759e88920833786c84f532910f717
0xdafea492d9c6733ae3d56b7ed1adb60692c98bc5,0xe688b84b23f322a994a53dbf8e15fa82cdb71127,0.035049570220756096,2022-09-26T08:10:47+00:00,0x38fed7ecdf30725799eb9c439fc9f368fe97ae6e9a057dbab95dd1c132aa1344
0x25d88437df70730122b73ef35462435d187c466f,0xe688b84b23f322a994a53dbf8e15fa82cdb71127,0.021918071745250317,2022-09-26T08:10:59+00:00,0x21a20e9bd923be7d7c18e61a0cbacd29e8cc5934ae9d2e4b23a031d4e0a86e4b
0xdafea492d9c6733ae3d56b7ed1adb60692c98bc5,0xe688b84b23f322a994a53dbf8e15fa82cdb71127,0.03031440469940255,2022-09-26T08:14:59+00:00,0x51d98e293d9f81368a03e876eff35934d4d129cd9a9681fa11044510e5e8b97c
0xdafea492d9c6733ae3d56b7ed1adb60692c98bc5,0xe688b84b23f322a994a53dbf8e15fa82cdb71127,0.4376319159237349,2022-09-26T08:18:59+00:00,0x4cd57848f92be177434a8325361bc5d5e03805e3d2cf54c69050ffe19fe81efa
0xdafea492d9c6733ae3d56b7ed1adb60692c98bc5,0xe688b84b23f322a994a53dbf8e15fa82cdb71127,0.08360299978043434,2022-09-26T08:49:23+00:00,0xda4dd5e33e1360c9dc32ab5b5c1811f7b90df44f28764fac5bf44d640fa6cd58
0xdafea492d9c6733ae3d56b7ed1adb60692c98bc5,0xe688b84b23f322a994a53dbf8e15fa82cdb71127,0.08243926081880258,2022-09-26T08:50:35+00:00,0x3b351f67dc6f789e9c60448ae928205e625da5a6812f7e790c34ec6db616f629
0x199d5ed7f45f4ee35960cf22eade2076e95b253f,0xe688b84b23f322a994a53dbf8e15fa82cdb71127,0.1198257678975176,2022-09-26T09:07:23+00:00,0x035ac503fe91581a2df77675e20ce0652c7c5b3ddb113b31bfd9dbde40001198
0xf2f5c73fa04406b1995e397b55c24ab1f3ea726c,0xe688b84b23f322a994a53dbf8e15fa82cdb71127,0.052270011887493736,2022-09-26T09:10:11+00:00,0xbf953551f655b244b3efda487680046f7a081a9e8df8c438c4bff9caf3e8c330
0xdafea492d9c6733ae3d56b7ed1adb60692c98bc5,0xe688b84b23f322a994a53dbf8e15fa82cdb71127,0.04996239148342245,2022-09-26T09:21:47+00:00,0xddf8bd5b46f908abacd2f24ec2e50016a50e643e121f021454fc7c8a3c72f109
0xdafea492d9c6733ae3d56b7ed1adb60692c98bc5,0xe688b84b23f322a994a53dbf8e15fa82cdb71127,0.045677823909234166,2022-09-26T09:43:59+00:00,0xb5e879a73aa61da04f139a9254400cc63039c0d89d754cce80751da845185c4b
0xdafea492d9c6733ae3d56b7ed1adb60692c98bc5,0xe688b84b23f322a994a53dbf8e15fa82cdb71127,0.0425027387743483,2022-09-26T09:53:59+00:00,0xcce307703ad0d50fb28d33df2c9a89dd1f9ef811a7f819ee1b6a3e18d8ade132
0xdafea492d9c6733ae3d56b7ed1adb60692c98bc5,0xe688b84b23f322a994a53dbf8e15fa82cdb71127,0.15638161608686005,2022-09-26T10:04:59+00:00,0xfd447e5ad439702e9aa46b312447391608a9579ce5a5cba5c796ca0a059d4792
0x199d5ed7f45f4ee35960cf22eade2076e95b253f,0xe688b84b23f322a994a53dbf8e15fa82cdb71127,0.18452337600550592,2022-09-26T10:31:23+00:00,0xdfffefcb1b0d6f39d7c23334365de54987554b9ea20d0377eff16de61f8fb67e
0xf2f5c73fa04406b1995e397b55c24ab1f3ea726c,0xe688b84b23f322a994a53dbf8e15fa82cdb71127,0.07181265574541298,2022-09-26T10:38:11+00:00,0x8cd4c1ce272c3a6df0a07c2ac77d8186bbb098db79f6d1fbcc154a7618fe48b9
0xdafea492d9c6733ae3d56b7ed1adb60692c98bc5,0xe688b84b23f322a994a53dbf8e15fa82cdb71127,0.12570905218710993,2022-09-26T10:58:35+00:00,0x0db89d83a4c651c66d9d2b03655c942953963a957125ea8d3fa51727c4fd34b0
0xdafea492d9c6733ae3d56b7ed1adb60692c98bc5,0xe688b84b23f322a994a53dbf8e15fa82cdb71127,0.03948746538399307,2022-09-26T11:03:11+00:00,0x285df946fb2d5d9275d2020ea4b792a4c773c3449eef024137eaeb9fd226be86
0xdafea492d9c6733ae3d56b7ed1adb60692c98bc5,0xe688b84b23f322a994a53dbf8e15fa82cdb71127,0.11427345040923763,2022-09-26T11:08:35+00:00,0x03e45551b3da9144c032773af0d323b522740206aa3036d9de05412d2d1e603f
0xb646d87963da1fb9d192ddba775f24f33e857128,0xe688b84b23f322a994a53dbf8e15fa82cdb71127,0.17222111176786764,2022-09-26T11:09:23+00:00,0x8c70cc1d9333733a273a14866ce1d85717982bbce54e19113066886e720b7743
0xdafea492d9c6733ae3d56b7ed1adb60692c98bc5,0xe688b84b23f322a994a53dbf8e15fa82cdb71127,0.025104337681246855,2022-09-26T11:16:47+00:00,0xbb3de87f158d6c2cfbf550418962ddc91c5a36c770feb9dc59775eb12b35983f
0x25d88437df70730122b73ef35462435d187c466f,0xe688b84b23f322a994a53dbf8e15fa82cdb71127,0.05539620604250112,2022-09-26T11:18:11+00:00,0x846006daed5d3013b0adec3d202287b2ef582d5609bc8352cf6c9dab70a8a2ee
0xf2f5c73fa04406b1995e397b55c24ab1f3ea726c,0xe688b84b23f322a994a53dbf8e15fa82cdb71127,0.05434260268011785,2022-09-26T11:22:11+00:00,0x4ca4ef76a75f7b5a2a40271653216ddb7ec08ff42d57bec3b7fef96ec8d66181
0xdafea492d9c6733ae3d56b7ed1adb60692c98bc5,0xe688b84b23f322a994a53dbf8e15fa82cdb71127,0.14573487872826038,2022-09-26T11:25:47+00:00,0xec03f49980bcbd71acebd387af01064119de8b631d4acce009a69abd50ceec55
0x690b9a9e9aa1c9db991c7721a92d351db4fac990,0xe688b84b23f322a994a53dbf8e15fa82cdb71127,0.04479599690107883,2022-09-26T11:37:11+00:00,0x08bb5199f0d0d25352fc0c5411689f1cdbf18e12a1853b8a2ccf294fa72f9d61
0x199d5ed7f45f4ee35960cf22eade2076e95b253f,0xe688b84b23f322a994a53dbf8e15fa82cdb71127,0.03783090252903557,2022-09-26T11:38:47+00:00,0xa16d6f4637b7e73760d605fb609f3f83761b5141d895f7ba0386499f6b50fa44
0xb646d87963da1fb9d192ddba775f24f33e857128,0xe688b84b23f322a994a53dbf8e15fa82cdb71127,0.113302550010495,2022-09-26T12:05:47+00:00,0x6709d7624e6b2b8e2aef6e82f96c8bfd09b201123c3396e414d03d0b535a437f
0xdafea492d9c6733ae3d56b7ed1adb60692c98bc5,0xe688b84b23f322a994a53dbf8e15fa82cdb71127,0.037344435656225354,2022-09-26T12:09:35+00:00,0x3ac7737346beb06c7bad5567419020fcd14c98efd98aa487fee3143815774224
0xdafea492d9c6733ae3d56b7ed1adb60692c98bc5,0xe688b84b23f322a994a53dbf8e15fa82cdb71127,0.0923003414725967,2022-09-26T12:16:47+00:00,0x9c70c3390201310f2d82f9abe4218a5492622551f4c11c940ebe27bc26cd26a7
0x199d5ed7f45f4ee35960cf22eade2076e95b253f,0xe688b84b23f322a994a53dbf8e15fa82cdb71127,0.07075993065372309,2022-09-26T12:21:23+00:00,0x3637be7095c5419a3d6dfed8fdbd36d4218e49be574cd916ffb5ddefdb09f825
0xdafea492d9c6733ae3d56b7ed1adb60692c98bc5,0xe688b84b23f322a994a53dbf8e15fa82cdb71127,0.3250131221634854,2022-09-26T12:22:11+00:00,0x9ba7870451aa60d35a0d3915f000f5fa4bd7258a1dd49149f2db19335fedd76b
0xdafea492d9c6733ae3d56b7ed1adb60692c98bc5,0xe688b84b23f322a994a53dbf8e15fa82cdb71127,0.05228215581096744,2022-09-26T12:37:59+00:00,0x41c90b39f40228c086cbe0d168d8bd5913466d815824f99cbc832ef4fdcadf3a
0xdafea492d9c6733ae3d56b7ed1adb60692c98bc5,0xe688b84b23f322a994a53dbf8e15fa82cdb71127,0.11703066527553795,2022-09-26T12:46:47+00:00,0x50c7791fec79cedffba9b4a2513318b2e5cae1490751554d400b4081e7fd9a0c
0x199d5ed7f45f4ee35960cf22eade2076e95b253f,0xe688b84b23f322a994a53dbf8e15fa82cdb71127,1.2998377202251878,2022-09-26T12:49:23+00:00,0x0fe54f4fe8e95e8224cda85638dcddebd178c6bfcd1865aa2c2019f572b4bf8a
0xdafea492d9c6733ae3d56b7ed1adb60692c98bc5,0xe688b84b23f322a994a53dbf8e15fa82cdb71127,0.1677777428815306,2022-09-26T12:53:35+00:00,0x968bb4016a28354a3de5c04547896627fdc8db6ad13c1be2817e4c094ab844c0
0x199d5ed7f45f4ee35960cf22eade2076e95b253f,0xe688b84b23f322a994a53dbf8e15fa82cdb71127,0.3617236374381578,2022-09-26T13:03:35+00:00,0x8b5ee31527f253fb9402f3ba5323940575b2300b83d907d399d1c5fb72038729
0xf2f5c73fa04406b1995e397b55c24ab1f3ea726c,0xe688b84b23f322a994a53dbf8e15fa82cdb71127,0.08892078792579412,2022-09-26T13:13:35+00:00,0xa33f1ecd318ea7067fe1fe115a42d6f21e8590dc4cadbbf9a94423a637998372
0xdafea492d9c6733ae3d56b7ed1adb60692c98bc5,0xe688b84b23f322a994a53dbf8e15fa82cdb71127,0.6430171225122169,2022-09-26T13:33:35+00:00,0xdf4723e3b82d1c1ae35c4bdbb0138ed782a4c837ec258033272c4abdea419d0c
0xf2f5c73fa04406b1995e397b55c24ab1f3ea726c,0xe688b84b23f322a994a53dbf8e15fa82cdb71127,0.061762258077002065,2022-09-26T13:51:23+00:00,0x289a44b8bade61ea6eacd72d5e847b9046d7a7a3dc8675c02852c62cb8dcc53f
0xdafea492d9c6733ae3d56b7ed1adb60692c98bc5,0xe688b84b23f322a994a53dbf8e15fa82cdb71127,0.12805030012080962,2022-09-26T14:04:11+00:00,0x5a986cb19f42528936679cab1c26c462fcf60d37fccb1289fac1c7dd662f05b4
0xdafea492d9c6733ae3d56b7ed1adb60692c98bc5,0xe688b84b23f322a994a53dbf8e15fa82cdb71127,0.21218432348500163,2022-09-26T14:05:59+00:00,0xb48a95cec5b5e34603f003643ce5f757287f042f3c545e389359e2065ecf36dd
0xdafea492d9c6733ae3d56b7ed1adb60692c98bc5,0xe688b84b23f322a994a53dbf8e15fa82cdb71127,0.06912270885471772,2022-09-26T14:08:59+00:00,0x0036d86bb961747c224370170b892686c29fbefaf6ad4d6b9eb20b44dee30986
0xdafea492d9c6733ae3d56b7ed1adb60692c98bc5,0xe688b84b23f322a994a53dbf8e15fa82cdb71127,0.390325769399491,2022-09-26T14:15:59+00:00,0x16bd40c1f5fb4b3b1d71765fc24b364b36c9aebfa5da0e7171caa86f3ed880fc
0xdafea492d9c6733ae3d56b7ed1adb60692c98bc5,0xe688b84b23f322a994a53dbf8e15fa82cdb71127,0.14390933454764665,2022-09-26T14:48:11+00:00,0xba97c0e42298daeefd8dc268f9e8d022f299acb1d5a5176e5441812e6a04b866
0xdafea492d9c6733ae3d56b7ed1adb60692c98bc5,0xe688b84b23f322a994a53dbf8e15fa82cdb71127,0.868350535155268,2022-09-26T14:58:47+00:00,0x21945963e8dfc5660e568038cc32c0804ca5e491cefd9cd1fc17aeeff3457453
0xdafea492d9c6733ae3d56b7ed1adb60692c98bc5,0xe688b84b23f322a994a53dbf8e15fa82cdb71127,0.05751007787347323,2022-09-26T15:09:59+00:00,0xb23f52e2937f48ed0c039905ebc57404f4aaa401a9661e1cf7773608261a197f
0xdafea492d9c6733ae3d56b7ed1adb60692c98bc5,0xe688b84b23f322a994a53dbf8e15fa82cdb71127,0.08331390926940818,2022-09-26T15:18:35+00:00,0x2f3ff4933d3881cceec08d95ad201a80f3e569bacbbfb90914e65294a3b649df
0xdafea492d9c6733ae3d56b7ed1adb60692c98bc5,0xe688b84b23f322a994a53dbf8e15fa82cdb71127,0.18115574067667362,2022-09-26T15:30:11+00:00,0x65c8a9f3cbd3d94d3dbc30a162a6be6318b9d619b877c4c70aa173c4308997d4
0xdafea492d9c6733ae3d56b7ed1adb60692c98bc5,0xe688b84b23f322a994a53dbf8e15fa82cdb71127,0.028765895572883313,2022-09-26T15:54:23+00:00,0x8885db9a4029a2e7b9cdc1404c084af654c4d2e351f10e12371b8935e7254452
0xdafea492d9c6733ae3d56b7ed1adb60692c98bc5,0xe688b84b23f322a994a53dbf8e15fa82cdb71127,0.07019912286139238,2022-09-26T15:55:11+00:00,0x477d499f3e44a6d470e06f768375da0fa66bcf0e32aad3c157bd299fec7379aa
0xdafea492d9c6733ae3d56b7ed1adb60692c98bc5,0xe688b84b23f322a994a53dbf8e15fa82cdb71127,0.2461084040492113,2022-09-26T15:56:35+00:00,0x5760c041cf0d604dbc8ded488ec4ca89ff8458a1016c222f579da69ccbd4f56d
0xdafea492d9c6733ae3d56b7ed1adb60692c98bc5,0xe688b84b23f322a994a53dbf8e15fa82cdb71127,0.0648248691356,2022-09-26T16:11:59+00:00,0x96e445c5b432a5fe6876506fda5388ffb76e1403e9f154b83c7768872a4d9338
0xdafea492d9c6733ae3d56b7ed1adb60692c98bc5,0xe688b84b23f322a994a53dbf8e15fa82cdb71127,0.04686893042262954,2022-09-26T16:26:47+00:00,0x13ea88113d24af75dcf7776f5d0b204a722e75c8de0a428ee4b6bf95c1de120a
0xdafea492d9c6733ae3d56b7ed1adb60692c98bc5,0xe688b84b23f322a994a53dbf8e15fa82cdb71127,0.38996096946090775,2022-09-26T16:32:59+00:00,0x92f24513e705fcac8a15b3044c521689445af47025d91612cfdd8120d7c54d12
0xdafea492d9c6733ae3d56b7ed1adb60692c98bc5,0xe688b84b23f322a994a53dbf8e15fa82cdb71127,0.40207059551810465,2022-09-26T16:34:59+00:00,0x98b8e6a36f0d40a7893ea354f47295c1bc1ba75baa766af045b5ab9a95f1f222
0xdafea492d9c6733ae3d56b7ed1adb60692c98bc5,0xe688b84b23f322a994a53dbf8e15fa82cdb71127,0.04545908575332582,2022-09-26T16:56:35+00:00,0x93157299d7782c094fd28dd21c193c10c609124329a577d7ff49e0f96ddb375c
0x199d5ed7f45f4ee35960cf22eade2076e95b253f,0xe688b84b23f322a994a53dbf8e15fa82cdb71127,0.9063678275051688,2022-09-26T17:04:47+00:00,0x79a0b0f9908319d23ebad883da9ef06cc8c05fbf904e19dace00d79a98dcf821
0xdafea492d9c6733ae3d56b7ed1adb60692c98bc5,0xe688b84b23f322a994a53dbf8e15fa82cdb71127,0.07286609912630222,2022-09-26T17:10:11+00:00,0x1aadf7932cca61224d984197ffd07b71725f632e05d0c28b3cfbf5ee84f22203
0x25d88437df70730122b73ef35462435d187c466f,0xe688b84b23f322a994a53dbf8e15fa82cdb71127,0.09669110014554655,2022-09-26T17:10:59+00:00,0x3c3e9b28567b45f1cc639b326a567381cb091cb24e850c656c7b69c976f3f33d
0xdafea492d9c6733ae3d56b7ed1adb60692c98bc5,0xe688b84b23f322a994a53dbf8e15fa82cdb71127,0.07803128838179009,2022-09-26T17:32:11+00:00,0xe1f2ff0a6e4f236209fd2e63b5742441dfa61d1d297734a946bbc13dfd1f370b
0xdafea492d9c6733ae3d56b7ed1adb60692c98bc5,0xe688b84b23f322a994a53dbf8e15fa82cdb71127,0.13172202154956927,2022-09-26T17:37:35+00:00,0x3abd9fe80ab405d47cf8b454c441f26e2d9ef6c313d494020af51da936afbf1b
0xdafea492d9c6733ae3d56b7ed1adb60692c98bc5,0xe688b84b23f322a994a53dbf8e15fa82cdb71127,0.14058051441935393,2022-09-26T17:49:23+00:00,0xcfaa96600c32c406bc96d7c8ca82d5dd6c8a553302c1437afef3d899c9beebd0
0xdafea492d9c6733ae3d56b7ed1adb60692c98bc5,0xe688b84b23f322a994a53dbf8e15fa82cdb71127,0.044805607340045454,2022-09-26T17:55:11+00:00,0xc92227c069e437827c8435ebe87e347637c830a967d3b3b1e8b8c4a5272d469b
0xa7fdca7aa0b69927a34ec48ddcfe3d4c66ff0d94,0xe688b84b23f322a994a53dbf8e15fa82cdb71127,0.02837934802649299,2022-09-26T17:59:59+00:00,0x295d9cf114506ea3ef38df223b61a44640711ce1fc1b75ae3f69658fd3c76eb4
0xdafea492d9c6733ae3d56b7ed1adb60692c98bc5,0xe688b84b23f322a994a53dbf8e15fa82cdb71127,0.14392545541645763,2022-09-26T18:19:47+00:00,0xadcd66e86eb5261dcd5973209b3ea9e70cb94fbe6587603bf18179ac0bd86834
0xf2f5c73fa04406b1995e397b55c24ab1f3ea726c,0xe688b84b23f322a994a53dbf8e15fa82cdb71127,0.05222655647373851,2022-09-26T18:24:59+00:00,0xe712ace14da3526edcc7f6824c89990b4296cf5ea5dfd69b3d89b9c03653ecb6
0xf2f5c73fa04406b1995e397b55c24ab1f3ea726c,0xe688b84b23f322a994a53dbf8e15fa82cdb71127,0.06467332600215993,2022-09-26T18:53:11+00:00,0x54e0390eca5ac3e59efcd1917b23e434445510643f9f7bf5c1fe3f48a4718da9
0xdafea492d9c6733ae3d56b7ed1adb60692c98bc5,0xe688b84b23f322a994a53dbf8e15fa82cdb71127,0.08930605944353563,2022-09-26T18:56:23+00:00,0x30fb7fcde4df190f22ac9d13c79b03741264ebd0205db9261b7451eff89e3b2c
0xb646d87963da1fb9d192ddba775f24f33e857128,0xe688b84b23f322a994a53dbf8e15fa82cdb71127,0.19842513080570964,2022-09-26T19:06:47+00:00,0x79949cf5af5838f5a70be5f6636c88f3bae04a29e4b64294124d8d62d2be2a78
0xdafea492d9c6733ae3d56b7ed1adb60692c98bc5,0xe688b84b23f322a994a53dbf8e15fa82cdb71127,0.2128509546448711,2022-09-26T19:11:23+00:00,0x7436ec73bdad27c3e46634d09fa0dbe31bc809fe38d2ef95fd9bd59ed5deb41a
0xdafea492d9c6733ae3d56b7ed1adb60692c98bc5,0xe688b84b23f322a994a53dbf8e15fa82cdb71127,0.2240183729654646,2022-09-26T19:17:11+00:00,0xafbea25a808c74d39e9e0870a6fd5d85748a5ce9abb635ec67b20ff1ee1cfeb2
0xdafea492d9c6733ae3d56b7ed1adb60692c98bc5,0xe688b84b23f322a994a53dbf8e15fa82cdb71127,0.10327019142659298,2022-09-26T19:22:47+00:00,0xcda192c765f18f69df9d8b6410f1f6214323f3445500ec6a49d9df790808ec41
0xdafea492d9c6733ae3d56b7ed1adb60692c98bc5,0xe688b84b23f322a994a53dbf8e15fa82cdb71127,0.04792961977514519,2022-09-26T19:33:11+00:00,0x68505809e146af771bd3fe2fd70d7907886affe8980d6f5490102752cd68b455
0x199d5ed7f45f4ee35960cf22eade2076e95b253f,0xe688b84b23f322a994a53dbf8e15fa82cdb71127,0.20595992168697383,2022-09-26T19:42:47+00:00,0x869e7db7a03961acf385abd040a5429b31bdf4fcbe6c4c825bd6a56ac2cea6d3
0x199d5ed7f45f4ee35960cf22eade2076e95b253f,0xe688b84b23f322a994a53dbf8e15fa82cdb71127,0.05306714128200915,2022-09-26T19:51:47+00:00,0x4c8837a0e10ab96fe28265bb0631b1c1505bf7334dafe22ada29d510f59f9ba5
0x690b9a9e9aa1c9db991c7721a92d351db4fac990,0xe688b84b23f322a994a53dbf8e15fa82cdb71127,0.16266476117284343,2022-09-26T20:02:59+00:00,0x37a53bab617d3975ed255de559a2f942f5be1a08b575568eff6080a6c6043a60
0x199d5ed7f45f4ee35960cf22eade2076e95b253f,0xe688b84b23f322a994a53dbf8e15fa82cdb71127,0.025938896887705364,2022-09-26T20:11:11+00:00,0x299db8ef95b13cb69ebb21247ee1ce8026e07ad8a36a4d8cd1db972e7a67ba97
0xdafea492d9c6733ae3d56b7ed1adb60692c98bc5,0xe688b84b23f322a994a53dbf8e15fa82cdb71127,0.07779289670211863,2022-09-26T20:31:35+00:00,0x180167713465ea622081a2a7f15a2c46bbbdd5cfa764c9f04b9c8c412f69d8a5
0xdafea492d9c6733ae3d56b7ed1adb60692c98bc5,0xe688b84b23f322a994a53dbf8e15fa82cdb71127,0.15597787532287546,2022-09-26T20:45:59+00:00,0x6235bb121d3be2949b3c59c62169fa607b63fc84982c8db0dfa5b9039d61f449
0xdafea492d9c6733ae3d56b7ed1adb60692c98bc5,0xe688b84b23f322a994a53dbf8e15fa82cdb71127,0.06803801177836188,2022-09-26T20:49:35+00:00,0x906a8cea49bdf46359d61dd70e328303e48c4a931961be12dc42a5f1b6065b08
0xdafea492d9c6733ae3d56b7ed1adb60692c98bc5,0xe688b84b23f322a994a53dbf8e15fa82cdb71127,0.1281651038264,2022-09-26T21:01:47+00:00,0x007f5b5fe5653ce8fb24739e67fa40cedbb5702dc560f0020825fb9d731ebd66
0x199d5ed7f45f4ee35960cf22eade2076e95b253f,0xe688b84b23f322a994a53dbf8e15fa82cdb71127,0.08239787253409389,2022-09-26T21:18:11+00:00,0x520ea1cea3f0dbd4d606021fddd60c7474e3e5c3a3c8f35b906a1c0db97e063f
0x199d5ed7f45f4ee35960cf22eade2076e95b253f,0xe688b84b23f322a994a53dbf8e15fa82cdb71127,0.12481435591936924,2022-09-26T21:20:47+00:00,0x53993c319c321ad6d8964dda5bf4e39ace056c1f25d93ba733010a9e96ddc0c8
0xdafea492d9c6733ae3d56b7ed1adb60692c98bc5,0xe688b84b23f322a994a53dbf8e15fa82cdb71127,0.06631010278662083,2022-09-26T21:27:11+00:00,0x6124d00eca40f6f296e8dfaf138d77d0ff59fb565fc446ba1869cbbbce7df63b
0xdafea492d9c6733ae3d56b7ed1adb60692c98bc5,0xe688b84b23f322a994a53dbf8e15fa82cdb71127,0.12152544399276755,2022-09-26T21:30:23+00:00,0x6bfd91be601c32e601579fa31852dfb309deecfd52c87bc75b653bb19a9e80b5
0xdafea492d9c6733ae3d56b7ed1adb60692c98bc5,0xe688b84b23f322a994a53dbf8e15fa82cdb71127,0.07861390146544105,2022-09-26T22:12:11+00:00,0x21ff7cafa7ddbb627564020dc8ead3e15a453a2284da0df265b66faa4b2172e3
0x199d5ed7f45f4ee35960cf22eade2076e95b253f,0xe688b84b23f322a994a53dbf8e15fa82cdb71127,0.045468349313636,2022-09-26T22:41:35+00:00,0x02c65e0001704063c5ff12afbf4e1efedbe3c38759a667be3f607b30963a3cb2
0x25d88437df70730122b73ef35462435d187c466f,0xe688b84b23f322a994a53dbf8e15fa82cdb71127,0.06856911531406558,2022-09-26T22:54:23+00:00,0xf7ebc76b6c21273464d54f561a19fb5a6c43f576ca8b58f03eda11ee7ff403bb
0xdafea492d9c6733ae3d56b7ed1adb60692c98bc5,0xe688b84b23f322a994a53dbf8e15fa82cdb71127,0.20269573280603762,2022-09-26T23:07:35+00:00,0x36a29a488cbdec5349ae116810f7dead7d2bfedff7039e09cf5e0086ebcab5a3
0xdafea492d9c6733ae3d56b7ed1adb60692c98bc5,0xe688b84b23f322a994a53dbf8e15fa82cdb71127,0.029652342347643783,2022-09-26T23:25:47+00:00,0x31239f7ce471c8bb1a55d721218ec7933ed0a27ee8fa64cc645062549073af64
0x199d5ed7f45f4ee35960cf22eade2076e95b253f,0xe688b84b23f322a994a53dbf8e15fa82cdb71127,0.07629588218329937,2022-09-26T23:27:47+00:00,0x8fcfd062857fb1ad7abe3ab6fa1fb813fe7c4e0dce194b2e0b97566383cebd4b
0x199d5ed7f45f4ee35960cf22eade2076e95b253f,0xe688b84b23f322a994a53dbf8e15fa82cdb71127,0.10952021876776458,2022-09-27T00:02:59+00:00,0xbb24150e1310f6e031dec170d30c5425dd60313660e0ff0ae8943a0ad3263064
0xb646d87963da1fb9d192ddba775f24f33e857128,0xe688b84b23f322a994a53dbf8e15fa82cdb71127,0.08696939542963697,2022-09-27T00:46:23+00:00,0x05824bdc229aa1b1c119f060c6187d90a80de525cfb7e51da3c8793e20d5685e
0xa7fdca7aa0b69927a34ec48ddcfe3d4c66ff0d94,0xe688b84b23f322a994a53dbf8e15fa82cdb71127,0.039873378645980985,2022-09-27T01:01:11+00:00,0x41f98f375c530fdb510715d752c750376200de7ad0494007d81014c7c3e56bf8
0xdafea492d9c6733ae3d56b7ed1adb60692c98bc5,0xe688b84b23f322a994a53dbf8e15fa82cdb71127,0.06591018157926735,2022-09-27T01:05:23+00:00,0x8bf91e3bbf731115a60e44a3c7fa842c503b4b5a167b0b57acdb2acae16ceac6
0x199d5ed7f45f4ee35960cf22eade2076e95b253f,0xe688b84b23f322a994a53dbf8e15fa82cdb71127,0.08700242695091769,2022-09-27T01:12:47+00:00,0x079f3ca4f9125f25b2aacb42665748cf60edd05bd1c7681427aa4d1ef764af3a
0xb646d87963da1fb9d192ddba775f24f33e857128,0xe688b84b23f322a994a53dbf8e15fa82cdb71127,0.07556443734082935,2022-09-27T01:20:23+00:00,0x8a28efd5a782b7a96449a1bc55c4cf6bdeb39eca37340d4fb34623b854fb90c6
0x199d5ed7f45f4ee35960cf22eade2076e95b253f,0xe688b84b23f322a994a53dbf8e15fa82cdb71127,0.5504658626672714,2022-09-27T01:31:59+00:00,0x1e80999f87b8960c97302da66a33ceecae57cac24bbaf2e2437395a531b378ab
0x199d5ed7f45f4ee35960cf22eade2076e95b253f,0xe688b84b23f322a994a53dbf8e15fa82cdb71127,0.21320615726782613,2022-09-27T01:45:23+00:00,0x2734b7fb119e4980514dfea75a6d1ab0162bafbd6ba05b976940a164c52665e4
0x199d5ed7f45f4ee35960cf22eade2076e95b253f,0xe688b84b23f322a994a53dbf8e15fa82cdb71127,0.0788518610695045,2022-09-27T01:45:47+00:00,0x5424c83f20eb7325f2de9c7158864e76e8f744e9f0cbc9147212f7d4950a2b0b
0x199d5ed7f45f4ee35960cf22eade2076e95b253f,0xe688b84b23f322a994a53dbf8e15fa82cdb71127,0.08626378967353908,2022-09-27T02:00:47+00:00,0x4ec8d79317d7beebaba8d2d1fbeb2a1440cee1ec86b95c775b3cb365fa5bb479
0x199d5ed7f45f4ee35960cf22eade2076e95b253f,0xe688b84b23f322a994a53dbf8e15fa82cdb71127,0.25822519719312365,2022-09-27T02:02:35+00:00,0xd409cda2af8db827f8670068758629cc2762f98d8d8ae24274e933a6547f469e
0xdafea492d9c6733ae3d56b7ed1adb60692c98bc5,0xe688b84b23f322a994a53dbf8e15fa82cdb71127,0.11496666368347687,2022-09-27T02:04:47+00:00,0x2d363056ef41598df7d3fd5425d29412bc4c215e53b1ecec29032ab2b633b9e1
0x199d5ed7f45f4ee35960cf22eade2076e95b253f,0xe688b84b23f322a994a53dbf8e15fa82cdb71127,0.036664681562971584,2022-09-27T02:09:35+00:00,0x184653d5c3dae5359567a67c29a898210b3a57e28c16b1c9b99d10f00fb12254
0x199d5ed7f45f4ee35960cf22eade2076e95b253f,0xe688b84b23f322a994a53dbf8e15fa82cdb71127,0.07351027562616161,2022-09-27T02:09:59+00:00,0x3b990ec3f4c2c8491dabc2b866810efc1810aa9555170264bd7b5b7e45bba565
0xdafea492d9c6733ae3d56b7ed1adb60692c98bc5,0xe688b84b23f322a994a53dbf8e15fa82cdb71127,4.0144166286218255,2022-09-27T02:14:35+00:00,0x5121d048ca4d6cb257759b18471502379365e98a28a78d3472469380b31d84dd
0x199d5ed7f45f4ee35960cf22eade2076e95b253f,0xe688b84b23f322a994a53dbf8e15fa82cdb71127,0.044310674849843454,2022-09-27T02:26:23+00:00,0x5ac19a043207f00d167aa8bb0fa45f9087635d100a618f78605d3e99ecb7f7f2
0xdafea492d9c6733ae3d56b7ed1adb60692c98bc5,0xe688b84b23f322a994a53dbf8e15fa82cdb71127,0.13605481264118574,2022-09-27T02:56:47+00:00,0x1411acc747ae0ed21957606c6b23511fd0729c5f6c2060428f9c37a4d1425f1b
0xf2f5c73fa04406b1995e397b55c24ab1f3ea726c,0xe688b84b23f322a994a53dbf8e15fa82cdb71127,1.5290196201225814,2022-09-27T03:44:35+00:00,0x8812e6dfb156cb6ab58a1ae5fdd65705f85d8e99a12c8ec53fc83d1c31587142
0xf2f5c73fa04406b1995e397b55c24ab1f3ea726c,0xe688b84b23f322a994a53dbf8e15fa82cdb71127,0.11139786995845452,2022-09-27T04:07:11+00:00,0x0b4b09f594df44165c26a1c6f0d224b58cc1548250615664789f5c632fa97331
0xdafea492d9c6733ae3d56b7ed1adb60692c98bc5,0xe688b84b23f322a994a53dbf8e15fa82cdb71127,0.036811122316803356,2022-09-27T04:16:11+00:00,0xd606fd5f8120254b0e5846144e3dfe386a5668e02e2b77624b71bc6acf04f994
0xdafea492d9c6733ae3d56b7ed1adb60692c98bc5,0xe688b84b23f322a994a53dbf8e15fa82cdb71127,0.026794584004574233,2022-09-27T04:29:47+00:00,0x8811f04adca1a2d673928ed9e45dbb7625ded8a70a4bf38b3f2f275fe968f796
0xdafea492d9c6733ae3d56b7ed1adb60692c98bc5,0xe688b84b23f322a994a53dbf8e15fa82cdb71127,0.037406109190662826,2022-09-27T04:34:35+00:00,0xa72dc17a94a3b323950aaec264520e6225c6478cd0db72c88527c4db705b2c87
0xdafea492d9c6733ae3d56b7ed1adb60692c98bc5,0xe688b84b23f322a994a53dbf8e15fa82cdb71127,0.041076360272932086,2022-09-27T04:40:59+00:00,0xf71bff2ac8cd3c5d79c849dcd70a5955c3825fa53b9a190cedc62e2a24d8f1d4
0xdafea492d9c6733ae3d56b7ed1adb60692c98bc5,0xe688b84b23f322a994a53dbf8e15fa82cdb71127,0.3178475609951607,2022-09-27T04:59:59+00:00,0xd514b090478c7415eb2aa53fa1a7a23a65e242746e2060eca99cf47d00666166
0xdafea492d9c6733ae3d56b7ed1adb60692c98bc5,0xe688b84b23f322a994a53dbf8e15fa82cdb71127,0.059667961218845364,2022-09-27T05:04:23+00:00,0x6b0a63ca76579baa3961102865e9cf929506038b060c1b1422875f5794a5d841
0xdafea492d9c6733ae3d56b7ed1adb60692c98bc5,0xe688b84b23f322a994a53dbf8e15fa82cdb71127,0.1321575331151517,2022-09-27T05:05:11+00:00,0x6d8b4e5655fc2c989429bc6b85fab5d668a52c531ecdda6c43d6b03e79a9b1ab
0xdafea492d9c6733ae3d56b7ed1adb60692c98bc5,0xe688b84b23f322a994a53dbf8e15fa82cdb71127,1.6564525067774198,2022-09-27T05:14:23+00:00,0xeb8c9a38b669dfa6a9a6cf40eb1c45a22f4d99d402e79cffcfcda4a22c8b329b
0xdafea492d9c6733ae3d56b7ed1adb60692c98bc5,0xe688b84b23f322a994a53dbf8e15fa82cdb71127,0.07823371987306117,2022-09-27T05:16:35+00:00,0xcb233709d00526ff2712bf66cdca47470697da47501e1eedf127891e07021537
0xdafea492d9c6733ae3d56b7ed1adb60692c98bc5,0xe688b84b23f322a994a53dbf8e15fa82cdb71127,0.06422121732765737,2022-09-27T05:23:23+00:00,0x374c87b38503b67ef2726c9bd976c68dc64dda33586507c81724471424e87048
0xdafea492d9c6733ae3d56b7ed1adb60692c98bc5,0xe688b84b23f322a994a53dbf8e15fa82cdb71127,0.06029044820393633,2022-09-27T05:41:35+00:00,0x32278d4c8d8b6e6277c2697f9e1c30941e45423ee5f1c8ba5524ce4e0c14eb8e
0xdafea492d9c6733ae3d56b7ed1adb60692c98bc5,0xe688b84b23f322a994a53dbf8e15fa82cdb71127,0.07699938185879955,2022-09-27T05:58:47+00:00,0x764f86fa7637a6725ca633984c473f51025680e358f8b3159daf2c06c4fb773e
0xb646d87963da1fb9d192ddba775f24f33e857128,0xe688b84b23f322a994a53dbf8e15fa82cdb71127,0.05474470720249841,2022-09-27T06:00:23+00:00,0xd403670a1b99c374bca39404dab4e4c26e8cc103ffa139f4cbc390e52995aaf3
0xdafea492d9c6733ae3d56b7ed1adb60692c98bc5,0xe688b84b23f322a994a53dbf8e15fa82cdb71127,0.0869688545062383,2022-09-27T06:02:59+00:00,0x3754dd8a2f7946c49395bb34d355dd38db9d91be3d094dabf959add705b074b2
0xdafea492d9c6733ae3d56b7ed1adb60692c98bc5,0xe688b84b23f322a994a53dbf8e15fa82cdb71127,0.052061499854766845,2022-09-27T06:11:11+00:00,0xa3846b894cc44f3130cc8a120719889c9b3554fcdaa5544e7b3a57150b874cb4
0xdafea492d9c6733ae3d56b7ed1adb60692c98bc5,0xe688b84b23f322a994a53dbf8e15fa82cdb71127,0.034881890463814395,2022-09-27T06:12:23+00:00,0xb86ca6eba79ed705417e261957894df2a16e99948066ea810b71fe14cfea9046
0x199d5ed7f45f4ee35960cf22eade2076e95b253f,0xe688b84b23f322a994a53dbf8e15fa82cdb71127,0.7767545124796414,2022-09-27T06:12:59+00:00,0x46630f5eef2e54c55e23f67199409c40624520ed0c43371d2654caad279fb3f1
0x25d88437df70730122b73ef35462435d187c466f,0xe688b84b23f322a994a53dbf8e15fa82cdb71127,0.07065710677463297,2022-09-27T06:15:11+00:00,0x2538d92b4a22ae72d389dd0be134b98f9846bbdf25133afa1b4ebb15a282fdad
0x199d5ed7f45f4ee35960cf22eade2076e95b253f,0xe688b84b23f322a994a53dbf8e15fa82cdb71127,1.7670834354513347,2022-09-27T06:18:59+00:00,0x9e933e3866eeb38a6f2ea0416e5fe29eb5356ee08a907b218b9ddf352b7049c9
0xb646d87963da1fb9d192ddba775f24f33e857128,0xe688b84b23f322a994a53dbf8e15fa82cdb71127,0.11844124102084463,2022-09-27T06:30:59+00:00,0x540f1eed47101fecef8839db14c926f3918b8b0ad68b32c57f4ee98dce0d6c5f
0x690b9a9e9aa1c9db991c7721a92d351db4fac990,0xe688b84b23f322a994a53dbf8e15fa82cdb71127,0.03297615447709872,2022-09-27T07:45:35+00:00,0x588ee06b1f065b5ffdb44f11e0e4933e7963dead3b4987adc9a893c2e48d5409
0xdafea492d9c6733ae3d56b7ed1adb60692c98bc5,0xe688b84b23f322a994a53dbf8e15fa82cdb71127,0.07931193539531324,2022-09-27T07:46:11+00:00,0xea31723fd9ce8bc684d70810cc5e329ca9fea1524b84bcdc7b5dcaf8c0cebdee
0xdafea492d9c6733ae3d56b7ed1adb60692c98bc5,0xe688b84b23f322a994a53dbf8e15fa82cdb71127,0.060110834877043606,2022-09-27T07:47:47+00:00,0x933a88cb262bcad4470f6e8abae2d7f1e4e2704d25d33d67e882ac21142ec76b
0xa7fdca7aa0b69927a34ec48ddcfe3d4c66ff0d94,0xe688b84b23f322a994a53dbf8e15fa82cdb71127,0.07380771281982988,2022-09-27T07:54:23+00:00,0xcc1c7a70cf0ed7cfbce0b6c3cb445b8460c3a92a9bc2862a399eb20d4bbf56b4
0xdafea492d9c6733ae3d56b7ed1adb60692c98bc5,0xe688b84b23f322a994a53dbf8e15fa82cdb71127,0.044094832794058327,2022-09-27T08:09:11+00:00,0xc1f2c7084102162e14908e73048e22d6f0b5ee2adf8fbc90e2694e958cd61348
0xdafea492d9c6733ae3d56b7ed1adb60692c98bc5,0xe688b84b23f322a994a53dbf8e15fa82cdb71127,0.04148874929565953,2022-09-27T08:17:47+00:00,0x8ff4bf1aa7018137526562aa5154add282af1c970cf8939fbca1b3b8f6c76602
0x25d88437df70730122b73ef35462435d187c466f,0xe688b84b23f322a994a53dbf8e15fa82cdb71127,0.03919337953575252,2022-09-27T08:23:11+00:00,0x6515c92d459d971dbd42389e8494af276cd717e407f42fa940f0914e0e99f106
0xdafea492d9c6733ae3d56b7ed1adb60692c98bc5,0xe688b84b23f322a994a53dbf8e15fa82cdb71127,0.14638682989207155,2022-09-27T08:27:59+00:00,0x1e810a5472eb700d678d0e723bd348f6d20c8761f27654b43c929b12b88df4ab
0x690b9a9e9aa1c9db991c7721a92d351db4fac990,0xe688b84b23f322a994a53dbf8e15fa82cdb71127,0.12702970676150252,2022-09-27T08:31:59+00:00,0x9274b8ebfbe7f28159e5c70577f99c1ed74693f443dae13a8975e7ad2ae5f3c8
0xdafea492d9c6733ae3d56b7ed1adb60692c98bc5,0xe688b84b23f322a994a53dbf8e15fa82cdb71127,0.11162627062911157,2022-09-27T08:32:47+00:00,0xc94b26c6ba047223fc994500a24634fee8e2fbfa8a81838eb7736b2ceaae0d58
0xdafea492d9c6733ae3d56b7ed1adb60692c98bc5,0xe688b84b23f322a994a53dbf8e15fa82cdb71127,0.03161140394527079,2022-09-27T08:32:59+00:00,0xecc14cc9c2589e172f5147de18f91ea3372a0f9c94be86a514e80fda9467d598
0xdafea492d9c6733ae3d56b7ed1adb60692c98bc5,0xe688b84b23f322a994a53dbf8e15fa82cdb71127,0.16276140813856857,2022-09-27T08:52:47+00:00,0x5bf4eaa2e349577e73ec13149d9b90fc7d1d9edc1cd0da85eea5e6d1d60fe7ba
0xf2f5c73fa04406b1995e397b55c24ab1f3ea726c,0xe688b84b23f322a994a53dbf8e15fa82cdb71127,0.06264727631099276,2022-09-27T09:21:35+00:00,0x4c808997b166eb8b46f9cf86acf0c6524cc6d4a45fc98384129d120f21ec8e09
0xdafea492d9c6733ae3d56b7ed1adb60692c98bc5,0xe688b84b23f322a994a53dbf8e15fa82cdb71127,0.02139055323252088,2022-09-27T09:57:35+00:00,0xad7297911c0efa5003a7de5882ced28311ecfeaa045f2774009cede005b9c66f
0xf2f5c73fa04406b1995e397b55c24ab1f3ea726c,0xe688b84b23f322a994a53dbf8e15fa82cdb71127,0.0711510387571979,2022-09-27T10:02:35+00:00,0x030d247c5dfc5ab26047e505084a6985d5c402c61025f9ba268378820aade65a
0xf2f5c73fa04406b1995e397b55c24ab1f3ea726c,0xe688b84b23f322a994a53dbf8e15fa82cdb71127,0.06636889980254654,2022-09-27T10:13:35+00:00,0xbcfd6b2a98059a537a9810a2617dce1d9c622567124035c6fc22be43804346d2
0xdafea492d9c6733ae3d56b7ed1adb60692c98bc5,0xe688b84b23f322a994a53dbf8e15fa82cdb71127,0.347964032585614,2022-09-27T10:17:23+00:00,0xfb2690eeb5a522b6258089667bd741501c7643b66436d4fc0f0914cbc9581382
0xdafea492d9c6733ae3d56b7ed1adb60692c98bc5,0xe688b84b23f322a994a53dbf8e15fa82cdb71127,0.25241955829131424,2022-09-27T10:33:35+00:00,0x4593721fc53adb93b1abd56895fd74efb961c91324203c6279ef3d5a6239567b
0xdafea492d9c6733ae3d56b7ed1adb60692c98bc5,0xe688b84b23f322a994a53dbf8e15fa82cdb71127,0.04863723934295305,2022-09-27T10:43:23+00:00,0x87e9d507d5066cd60797d765a98d9249f3fffd48b1253f5c20c37ba2bca57b18
0xdafea492d9c6733ae3d56b7ed1adb60692c98bc5,0xe688b84b23f322a994a53dbf8e15fa82cdb71127,0.04673847871374127,2022-09-27T10:47:11+00:00,0x772d88fbbcffac232ae5283a7eae112aa9ad9eda50df440d93b86d9d3258e62e
0xdafea492d9c6733ae3d56b7ed1adb60692c98bc5,0xe688b84b23f322a994a53dbf8e15fa82cdb71127,0.07737877999471084,2022-09-27T10:52:23+00:00,0x58ee26fc7da5382da389f9160436dfd453744101c49e8e2179d9d23c21b2db41
0xdafea492d9c6733ae3d56b7ed1adb60692c98bc5,0xe688b84b23f322a994a53dbf8e15fa82cdb71127,0.043740435736190894,2022-09-27T10:56:11+00:00,0x9f6aecf408b84c6ca132fce6847673220ac56bd136b6f87abed32e3859edba0c
0xb646d87963da1fb9d192ddba775f24f33e857128,0xe688b84b23f322a994a53dbf8e15fa82cdb71127,0.18261331581617668,2022-09-27T11:14:23+00:00,0xffb7cf2b2b49861de07788256d89facebbc3a9ca1c68eea06b3081369abe10b8
0xdafea492d9c6733ae3d56b7ed1adb60692c98bc5,0xe688b84b23f322a994a53dbf8e15fa82cdb71127,0.04874321735343762,2022-09-27T11:32:47+00:00,0x43a2cdf99b91260313f91fb34e9ab5f429c38ed071ae431ed45977fcd1badd12
0xdafea492d9c6733ae3d56b7ed1adb60692c98bc5,0xe688b84b23f322a994a53dbf8e15fa82cdb71127,0.16866037706045667,2022-09-27T11:54:35+00:00,0xddca8584bf0e8a7fbad2e68302ee53ad53ab08851fa3caaab96fd7395cd16670
0xdafea492d9c6733ae3d56b7ed1adb60692c98bc5,0xe688b84b23f322a994a53dbf8e15fa82cdb71127,0.15062077525552486,2022-09-27T12:03:47+00:00,0x919baaef7022db401bb720506ce77158a3bf640e0b66e34f25dd9ba4dc6a1907
0xdafea492d9c6733ae3d56b7ed1adb60692c98bc5,0xe688b84b23f322a994a53dbf8e15fa82cdb71127,0.07791652246828233,2022-09-27T12:37:35+00:00,0xec07ac6d83ecc30d15c29e757f31f51ad155ba31946b1a265d66d910a2095e26
0xf2f5c73fa04406b1995e397b55c24ab1f3ea726c,0xe688b84b23f322a994a53dbf8e15fa82cdb71127,0.08249294657390334,2022-09-27T12:48:23+00:00,0x9ef1856f68fff4ec31c99f0ec8946384d9b611def92129ed60d8ac372716ea55
0x25d88437df70730122b73ef35462435d187c466f,0xe688b84b23f322a994a53dbf8e15fa82cdb71127,0.04952361746961315,2022-09-27T13:15:59+00:00,0xe3b824c38a626d2e45f41d7889dd59add91e05118155ffbb83148d33fd736702
0xdafea492d9c6733ae3d56b7ed1adb60692c98bc5,0xe688b84b23f322a994a53dbf8e15fa82cdb71127,0.10114282249828416,2022-09-27T13:40:23+00:00,0xb5d0991be0dcf5ee2f56b5c414cf53a5844cd521bfe18c4d8233c36cbfe7e789
0xdafea492d9c6733ae3d56b7ed1adb60692c98bc5,0xe688b84b23f322a994a53dbf8e15fa82cdb71127,0.11051737247311157,2022-09-27T14:15:59+00:00,0xa0ad38a36fba71be0374b7167cb3da1117c0d52d75e54769f4e5f4ee71c5c2f8
0xdafea492d9c6733ae3d56b7ed1adb60692c98bc5,0xe688b84b23f322a994a53dbf8e15fa82cdb71127,0.1653443605392692,2022-09-27T14:22:59+00:00,0x2709a9d3f5fe07d9e6a3a60b7d8a1be27b6a5ff445efb3ff8f8bb98cb7f60be0
0x25d88437df70730122b73ef35462435d187c466f,0xe688b84b23f322a994a53dbf8e15fa82cdb71127,0.035241022881301876,2022-09-27T14:28:35+00:00,0x7ed28265e50a1bb0f20c64cab293e5f6644b971ef71f75bde72d76417a48cbd9
0xdafea492d9c6733ae3d56b7ed1adb60692c98bc5,0xe688b84b23f322a994a53dbf8e15fa82cdb71127,0.15994939088778445,2022-09-27T15:00:59+00:00,0x6293be51eaba8e7a755c37c2ac50781a2fd33e7877edf70876dcc60713e5fe0d
0xdafea492d9c6733ae3d56b7ed1adb60692c98bc5,0xe688b84b23f322a994a53dbf8e15fa82cdb71127,0.04630705319257802,2022-09-27T15:08:23+00:00,0x5d88b365a43cf6f0c07fc521083729d4d9e1857021842deb62c656f2862a959a
0xdafea492d9c6733ae3d56b7ed1adb60692c98bc5,0xe688b84b23f322a994a53dbf8e15fa82cdb71127,0.04200787954217871,2022-09-27T15:13:59+00:00,0xa6c2ceb4cf55c83c75e093ffc26365ab307ad978bf272ca2f070ef33b26d4c83
0xdafea492d9c6733ae3d56b7ed1adb60692c98bc5,0xe688b84b23f322a994a53dbf8e15fa82cdb71127,0.05291426450168569,2022-09-27T15:19:47+00:00,0x38c064207eba4795c09f6f2e4f5bea3eb50139c97704052aa2661b99a00d2a69
0x199d5ed7f45f4ee35960cf22eade2076e95b253f,0xe688b84b23f322a994a53dbf8e15fa82cdb71127,0.11464516532871784,2022-09-27T15:33:47+00:00,0x4b2b0ec48ad049fffdaf6b92ea94020dd0d5672bacabcbb36b26f429c9793911
0xdafea492d9c6733ae3d56b7ed1adb60692c98bc5,0xe688b84b23f322a994a53dbf8e15fa82cdb71127,0.05376017352201236,2022-09-27T15:44:47+00:00,0xede21a719b111a536a51b7d085946d435356713c8dbe7bdf7995e47464d3ca69
0xf2f5c73fa04406b1995e397b55c24ab1f3ea726c,0xe688b84b23f322a994a53dbf8e15fa82cdb71127,0.030067124218943735,2022-09-27T15:44:59+00:00,0x1c8cb97cc7c47a62b427cbc72138d06965adcc07f6789eda8f2252e1b98a521c
0x199d5ed7f45f4ee35960cf22eade2076e95b253f,0xe688b84b23f322a994a53dbf8e15fa82cdb71127,0.11204656265466838,2022-09-27T16:00:59+00:00,0x02f9b5052046e83bc0512823d2a89f4a826fb30506dfd329656cebc9bfd13cdf
0xdafea492d9c6733ae3d56b7ed1adb60692c98bc5,0xe688b84b23f322a994a53dbf8e15fa82cdb71127,0.21838236053884996,2022-09-27T16:16:35+00:00,0x28c4a957523243d4526a952658200c34e8ce8acc50b441c068a74682eaaee8f9
0xdafea492d9c6733ae3d56b7ed1adb60692c98bc5,0xe688b84b23f322a994a53dbf8e15fa82cdb71127,0.10036964734892369,2022-09-27T16:41:47+00:00,0x65d1f7a21cf49703c207dd4b520e6f42b574c932c1d763120a093ee5dd73ad32
0xb646d87963da1fb9d192ddba775f24f33e857128,0xe688b84b23f322a994a53dbf8e15fa82cdb71127,0.22677189747563667,2022-09-27T16:44:47+00:00,0xda419c30a7305b29f80cb57cc44b38e193d1c1df3b061ece1b90cb09a3daff7f
0xdafea492d9c6733ae3d56b7ed1adb60692c98bc5,0xe688b84b23f322a994a53dbf8e15fa82cdb71127,0.39453470460186135,2022-09-27T16:46:59+00:00,0xcfe794780a65bc5466f0ca0c95ea5e16a9a3c5f899adefc08a474de1652f059a
0xdafea492d9c6733ae3d56b7ed1adb60692c98bc5,0xe688b84b23f322a994a53dbf8e15fa82cdb71127,0.12259478400992581,2022-09-27T17:01:23+00:00,0x48eb0c4bc022b807394cb0cb3998306540c4c6113af8478c17b4d88324f7b8fb
0x199d5ed7f45f4ee35960cf22eade2076e95b253f,0xe688b84b23f322a994a53dbf8e15fa82cdb71127,0.05084493241867913,2022-09-27T17:03:35+00:00,0x971889b09a6988eaad8d8bec0e56a952be91bf55b668d8a7accd669888fb6f1d
0xf2f5c73fa04406b1995e397b55c24ab1f3ea726c,0xe688b84b23f322a994a53dbf8e15fa82cdb71127,0.05053803246704162,2022-09-27T17:06:23+00:00,0xd00c81b9061fca55f1be8b1a293c22c79dfa73a0d0d45e73a854b727a66b8515
0xdafea492d9c6733ae3d56b7ed1adb60692c98bc5,0xe688b84b23f322a994a53dbf8e15fa82cdb71127,0.05881287361263352,2022-09-27T17:30:23+00:00,0x2d869d2e4a3ec8f82dfd6fcd2cfb28c9662d2796c0f67e11aa7c94e02a3cbf67
0xdafea492d9c6733ae3d56b7ed1adb60692c98bc5,0xe688b84b23f322a994a53dbf8e15fa82cdb71127,0.03233092257530613,2022-09-27T17:51:35+00:00,0xfa3fe99f3dd66a45bfb46487c106c1ab8d74cb27ac0d250e007dcd55fa663466
0xf2f5c73fa04406b1995e397b55c24ab1f3ea726c,0xe688b84b23f322a994a53dbf8e15fa82cdb71127,0.03497893028141682,2022-09-27T18:22:59+00:00,0x67112a3481b24f419730e62c8be5f6df190e868c8e9399e2953c5c5757aa9413
0xdafea492d9c6733ae3d56b7ed1adb60692c98bc5,0xe688b84b23f322a994a53dbf8e15fa82cdb71127,0.02457393828708151,2022-09-27T18:43:11+00:00,0x05d6207493a423f1965f4011de25a055b1a3cebbf9fcad7a0ffe61616d298974
0xdafea492d9c6733ae3d56b7ed1adb60692c98bc5,0xe688b84b23f322a994a53dbf8e15fa82cdb71127,0.03758248526874449,2022-09-27T18:43:23+00:00,0xe9600c5137fded594931740fae2619a91723b536de5b34786485d15e67d14ca1
0xdafea492d9c6733ae3d56b7ed1adb60692c98bc5,0xe688b84b23f322a994a53dbf8e15fa82cdb71127,0.09409800646191202,2022-09-27T19:00:59+00:00,0xc2b12b77a16e04275aa6ebcc16250fc863a8dd779b8bd406422ded3b58a37ba3
0xdafea492d9c6733ae3d56b7ed1adb60692c98bc5,0xe688b84b23f322a994a53dbf8e15fa82cdb71127,0.17204924197102767,2022-09-27T19:02:23+00:00,0xf5e562d750d3abf73bbae6a18d20728804ad2224c7a8d555f7d0506cbadc90af
0xdafea492d9c6733ae3d56b7ed1adb60692c98bc5,0xe688b84b23f322a994a53dbf8e15fa82cdb71127,0.1661250022192241,2022-09-27T19:24:47+00:00,0x62e46d48cf1421a31350014a6cdcfa2986929c7d317845794ff36892f8ba18fc
0xdafea492d9c6733ae3d56b7ed1adb60692c98bc5,0xe688b84b23f322a994a53dbf8e15fa82cdb71127,0.11165705757428426,2022-09-27T19:27:11+00:00,0x709047a4d19a8c784623835eef1f75cfe812a1d1ebce5e5cfee82c7948cddc12
0xdafea492d9c6733ae3d56b7ed1adb60692c98bc5,0xe688b84b23f322a994a53dbf8e15fa82cdb71127,0.019954074672926182,2022-09-27T19:27:47+00:00,0xca8b74886991f6637f755e27f785a24551e4ae3b2128fc2f49c9be508a419942
0xdafea492d9c6733ae3d56b7ed1adb60692c98bc5,0xe688b84b23f322a994a53dbf8e15fa82cdb71127,0.0689901753702779,2022-09-27T19:28:59+00:00,0x645754c20cda64a0fce77b68a526d4c365cfa6750d904318efdae8c7b0f9a8ee
0xdafea492d9c6733ae3d56b7ed1adb60692c98bc5,0xe688b84b23f322a994a53dbf8e15fa82cdb71127,0.21595493100357982,2022-09-27T19:31:59+00:00,0xaeb2baf6d4048094cb193375450e5b3f91ffed7b8d5e547f1b5c866da7cccacd
