sender_address,recipient_address,amount,timestamp,metadata
0xe463f909e4aab91724d984bbc1490c7ad97453d4,0x196c00c1b00000000000007c00739ad9faa3ee77,0.05,2026-02-04T08:28:47+00:00,0xf5b6218e1dfbbba057b9bf66df58d5b0cf0900f58e9f382c035cd7e78eff0d61
0x196c00c1b00000000000007c00739ad9faa3ee77,0x0000c7000000003bb9aa5e907d7b000037a3debb,2.3e-17,2026-02-06T22:07:23+00:00,0xee59c5819cf8458ee4b8a91df977a31df0f64199951c3c1b0d8faacfbe34dffc
0x196c00c1b00000000000007c00739ad9faa3ee77,0x0000c7000000003bb9aa5e907d7b000037a3debb,1.4e-17,2026-02-07T00:40:11+00:00,0xf3eb255e3e43ed101c54ad44ded8f3ca9986cb7a01daa52d94e4a4363e881132
0x196c00c1b00000000000007c00739ad9faa3ee77,0x0000c7000000003bb9aa5e907d7b000037a3debb,2.08e-16,2026-02-07T03:53:23+00:00,0x1e2e59718600dc83092e1a15ed3e7dde4a20ece08dec771282970fd06d53c73c
0x196c00c1b00000000000007c00739ad9faa3ee77,0x0000c7000000003bb9aa5e907d7b000037a3debb,1.01e-16,2026-02-07T04:23:35+00:00,0x7dbe094a0ae83951807d1a82e3f95ebeabc4d1adc5fcabf98a7e2c0eeda18d36
0x196c00c1b00000000000007c00739ad9faa3ee77,0x0000c7000000003bb9aa5e907d7b000037a3debb,1.09e-16,2026-02-07T06:58:59+00:00,0x1f3dfeaddc356561ff23721d7fea69b21d72d10ae186b6545c154cca18e5deab
0x196c00c1b00000000000007c00739ad9faa3ee77,0x0000c7000000003bb9aa5e907d7b000037a3debb,2.8e-17,2026-02-07T07:34:23+00:00,0xbd1d6ca92072a8c04f4277ffc0e665cd26f5701383a99612c4a13b9c54a41610
0x196c00c1b00000000000007c00739ad9faa3ee77,0x0000c7000000003bb9aa5e907d7b000037a3debb,7.3e-17,2026-02-07T07:43:35+00:00,0x1680a7f011ff495e36cef03f7ecd66aa52dacd8c0452f08e123a5fe16c52e0a6
0x196c00c1b00000000000007c00739ad9faa3ee77,0x0000c7000000003bb9aa5e907d7b000037a3debb,8.1e-17,2026-02-07T07:45:11+00:00,0x8d49d9fbe8e4e9b65aa15e568b846624f8bc825e6f3a5dc4774b03f7010a9c0d
0x196c00c1b00000000000007c00739ad9faa3ee77,0x0000c7000000003bb9aa5e907d7b000037a3debb,9.5e-17,2026-02-07T07:47:59+00:00,0xefa2472fe6785cd252687f132f1f895f1132c37af67cdcad1a0024aea8678410
0x196c00c1b00000000000007c00739ad9faa3ee77,0x0000c7000000003bb9aa5e907d7b000037a3debb,1.1e-16,2026-02-07T09:34:23+00:00,0x79197a7ff99a449cb9d99ebaf030bc546002cd1a6d6427bf228cf77428419c9c
0x196c00c1b00000000000007c00739ad9faa3ee77,0x0000c7000000003bb9aa5e907d7b000037a3debb,1.66e-16,2026-02-07T09:45:35+00:00,0x8629a2b49d5ea7be9e50ef24e535416427476fb3bf89c6a2774301e3411a4c65
0x196c00c1b00000000000007c00739ad9faa3ee77,0x0000c7000000003bb9aa5e907d7b000037a3debb,1.5e-17,2026-02-07T10:06:35+00:00,0x33f8bb92b8e17af32c6d7e693626b4eea071973a25010b2a5acfe289ead5329f
0x196c00c1b00000000000007c00739ad9faa3ee77,0x0000c7000000003bb9aa5e907d7b000037a3debb,6.2e-17,2026-02-07T11:58:59+00:00,0x650e6c3ecd4a02e240bbc1506d48d4588e3ff7d14d59c811177628354bcdb9eb
0x196c00c1b00000000000007c00739ad9faa3ee77,0x0000c7000000003bb9aa5e907d7b000037a3debb,1e-16,2026-02-07T12:06:35+00:00,0xe2864cf49356c6cd067a91df28543f85385e7f127b51ad67f05fbe0b72c3e379
0x196c00c1b00000000000007c00739ad9faa3ee77,0x0000c7000000003bb9aa5e907d7b000037a3debb,1.54e-16,2026-02-07T12:17:35+00:00,0x63044a3f7b68674d75006c79c9190bde8d5521005cdfd70d03dc6003f6127d0c
0x196c00c1b00000000000007c00739ad9faa3ee77,0x0000c7000000003bb9aa5e907d7b000037a3debb,1.73e-16,2026-02-07T12:21:23+00:00,0x8d4f81458945699b55659027c9f5e096c5f264fca097689b6ed49553e0a4ed7f
0x196c00c1b00000000000007c00739ad9faa3ee77,0x0000c7000000003bb9aa5e907d7b000037a3debb,1.78e-16,2026-02-07T12:22:23+00:00,0xedc0fdf4ebedb8cafc667c01fd31230fcb13e675ab44dc34ba36d5efb9f1ad8d
0x196c00c1b00000000000007c00739ad9faa3ee77,0x0000c7000000003bb9aa5e907d7b000037a3debb,2.19e-16,2026-02-07T15:04:59+00:00,0x5965f362bde03fb40112136954c5dc6e0e2c5a2c8e0e7ed954ad76b33d02d249
0x196c00c1b00000000000007c00739ad9faa3ee77,0x0000c7000000003bb9aa5e907d7b000037a3debb,9.9e-17,2026-02-07T15:32:11+00:00,0x44ad22169a4580d0cdff1c2392caefb94a4b62202a958be0c15280b6eee30df8
0x196c00c1b00000000000007c00739ad9faa3ee77,0x0000c7000000003bb9aa5e907d7b000037a3debb,1.06e-16,2026-02-07T15:33:35+00:00,0xb1c975e90db8bc0b8e1d89b2971dc1620204eeec0340e58f55834cb93403a327
0x196c00c1b00000000000007c00739ad9faa3ee77,0x0000c7000000003bb9aa5e907d7b000037a3debb,1.14e-16,2026-02-07T15:35:11+00:00,0x147ad94912b1e81539d2e84b1628870ff715f33c74b3869e2bf6440b4306cc26
0x196c00c1b00000000000007c00739ad9faa3ee77,0x0000c7000000003bb9aa5e907d7b000037a3debb,1.15e-16,2026-02-07T15:35:23+00:00,0xba904d4b0286c6afe872601366f87c49631416c76432666d1326b28ebb0ba8e6
0x196c00c1b00000000000007c00739ad9faa3ee77,0x0000c7000000003bb9aa5e907d7b000037a3debb,8.5e-17,2026-02-07T16:20:47+00:00,0x88c8bf7a39f1c8fdd250f0abbf1bd34a96ccc5e32a8795f9b4544c8257570466
0x196c00c1b00000000000007c00739ad9faa3ee77,0x0000c7000000003bb9aa5e907d7b000037a3debb,9.1e-17,2026-02-07T16:21:59+00:00,0xcae2e4ec1da3def10a5c7e20df231f043da87ca41c41f98f8aa2d70ff7211821
0x196c00c1b00000000000007c00739ad9faa3ee77,0x0000c7000000003bb9aa5e907d7b000037a3debb,4.1e-17,2026-02-07T17:03:47+00:00,0x41f43091ced5570e68422533d05af97fde5cb9f7fc825f3e539098370551b676
0x196c00c1b00000000000007c00739ad9faa3ee77,0x0000c7000000003bb9aa5e907d7b000037a3debb,2.3e-16,2026-02-07T17:41:35+00:00,0x7b00c47a93338a0d46efed7ae75a42fbb7060b79048a838a33d251c56946d647
0x196c00c1b00000000000007c00739ad9faa3ee77,0x0000c7000000003bb9aa5e907d7b000037a3debb,1.86e-16,2026-02-07T18:24:11+00:00,0x6074b3925182ef8f0fe85b59579836c6e3bc6794283badb347a55c84cbbfb198
0x196c00c1b00000000000007c00739ad9faa3ee77,0x0000c7000000003bb9aa5e907d7b000037a3debb,2.34e-16,2026-02-07T18:33:47+00:00,0xcee9dcc7d721e626c0febd2e5ded4b585b48e73cac3e5179a11562b1f563ec6a
0x196c00c1b00000000000007c00739ad9faa3ee77,0x0000c7000000003bb9aa5e907d7b000037a3debb,2.44e-16,2026-02-07T18:35:47+00:00,0xb56ef4c58b0c0da690611923c9203d00763f4bf37e6893e13799fc90e1343356
0x196c00c1b00000000000007c00739ad9faa3ee77,0x0000c7000000003bb9aa5e907d7b000037a3debb,2.52e-16,2026-02-07T18:37:23+00:00,0x6f27e910b2f2eba9464be41e0fe7f841ca3c8883e8ff7a4c5c638df235545853
0x196c00c1b00000000000007c00739ad9faa3ee77,0x0000c7000000003bb9aa5e907d7b000037a3debb,8.9e-17,2026-02-07T20:38:23+00:00,0xb529029ec75ce4053feccca4841d12871a00c11283894913179692a5f1ce05c5
0x196c00c1b00000000000007c00739ad9faa3ee77,0x0000c7000000003bb9aa5e907d7b000037a3debb,2.6e-17,2026-02-07T21:16:59+00:00,0xf80d569cc051f6baab8c14e762878638ffaedf99bf63f3bf0cb152d1ab5b8ab2
0x196c00c1b00000000000007c00739ad9faa3ee77,0x0000c7000000003bb9aa5e907d7b000037a3debb,9.9e-17,2026-02-07T21:31:59+00:00,0x36924a777e78195240a2796f07b68eb471293b9cecbce34282a54329509f5524
0x196c00c1b00000000000007c00739ad9faa3ee77,0x0000c7000000003bb9aa5e907d7b000037a3debb,2.12e-16,2026-02-07T22:46:23+00:00,0x1f530a06eee9ba9a25359146e1a28c061d3ed45b3deab9f42b0ae3cbffbb11f4
0x196c00c1b00000000000007c00739ad9faa3ee77,0x0000c7000000003bb9aa5e907d7b000037a3debb,1.33e-16,2026-02-07T23:21:47+00:00,0x16dffecb0cee866ec1bf949f11fb9f75b40946c0db37265da26d44962e15612f
0x196c00c1b00000000000007c00739ad9faa3ee77,0x0000c7000000003bb9aa5e907d7b000037a3debb,0.0,2026-02-07T23:47:11+00:00,0x7b6f691098136848181a76de7943e98d731d12739782857bc280ec265e961b55
0x196c00c1b00000000000007c00739ad9faa3ee77,0x0000c7000000003bb9aa5e907d7b000037a3debb,2.6e-17,2026-02-07T23:52:23+00:00,0xc089c8a294abb6238c0ae7dcff61e3abe32befc081250fec9b981458b4500829
0x196c00c1b00000000000007c00739ad9faa3ee77,0x0000c7000000003bb9aa5e907d7b000037a3debb,6.2e-17,2026-02-08T02:37:11+00:00,0xcd26902ba54d037b76f0926ba3e49ee59b0f0586cd5151a2072ab9820e8afbf2
0x196c00c1b00000000000007c00739ad9faa3ee77,0x0000c7000000003bb9aa5e907d7b000037a3debb,1.98e-16,2026-02-08T03:04:35+00:00,0x35c163d6589412701a5e043817094a23a57d85313cb4da33be3f135cfa0b5d7d
0x196c00c1b00000000000007c00739ad9faa3ee77,0x0000c7000000003bb9aa5e907d7b000037a3debb,2.36e-16,2026-02-08T04:03:59+00:00,0xde108e5201ca1bd09cf0eabaf3624982bb241e966202fa89f3567d7cadc192a1
0x196c00c1b00000000000007c00739ad9faa3ee77,0x0000c7000000003bb9aa5e907d7b000037a3debb,2.7e-17,2026-02-08T04:13:47+00:00,0x6af0775c68f8bbcc01e711be3b95091f5b8f1e951156647bacd3ec34fbb90951
0x196c00c1b00000000000007c00739ad9faa3ee77,0x0000c7000000003bb9aa5e907d7b000037a3debb,3.8e-17,2026-02-08T04:15:59+00:00,0x10b6268616c623037dff4b0ab7a2f80cd370f477e0c9ebedc8598ce0f160c6d4
0x196c00c1b00000000000007c00739ad9faa3ee77,0x0000c7000000003bb9aa5e907d7b000037a3debb,4.5e-17,2026-02-08T04:17:23+00:00,0x0d677460712b0a7718d83218a53216f60aed99b12b2b45d65beff5d4831aef4d
0x196c00c1b00000000000007c00739ad9faa3ee77,0x0000c7000000003bb9aa5e907d7b000037a3debb,7.5e-17,2026-02-08T06:07:59+00:00,0x200592c6e540268ed242e404e1bda80e11f939344a37147a686fee284a4efaff
0x196c00c1b00000000000007c00739ad9faa3ee77,0x0000c7000000003bb9aa5e907d7b000037a3debb,1.34e-16,2026-02-08T07:11:35+00:00,0xf47f7b1d26c54ad615957216d168a0f2b83a9bd2e2aaabc66df790f8ebdec527
0x196c00c1b00000000000007c00739ad9faa3ee77,0x0000c7000000003bb9aa5e907d7b000037a3debb,1.43e-16,2026-02-08T07:13:23+00:00,0x44882074e93a52cc2335f99106a44a101a7ef9c55eef65b6fbb0c7ef8d23b327
0x196c00c1b00000000000007c00739ad9faa3ee77,0x0000c7000000003bb9aa5e907d7b000037a3debb,1.5e-16,2026-02-08T07:14:47+00:00,0xd396a1b8510c3fb2006c407805f469140f92552f0baae5095d8bb6414f1cc034
0x196c00c1b00000000000007c00739ad9faa3ee77,0x0000c7000000003bb9aa5e907d7b000037a3debb,1.42e-16,2026-02-08T08:04:47+00:00,0x6fb6c630c793096922797ac8338ef886c2c7b37359122e28d65563d02dafc7da
0x196c00c1b00000000000007c00739ad9faa3ee77,0x0000c7000000003bb9aa5e907d7b000037a3debb,1.48e-16,2026-02-08T08:05:59+00:00,0x889f209498a15a74f6a3b3f0778227e734267f3ccafcfa117ecfa0519ec78130
0x196c00c1b00000000000007c00739ad9faa3ee77,0x0000c7000000003bb9aa5e907d7b000037a3debb,2.36e-16,2026-02-08T08:23:35+00:00,0x49d6cdb3e2be0a655c31e6b28f21a4cf74b8052dd26a05d09084b4ba6f5a9faa
0x196c00c1b00000000000007c00739ad9faa3ee77,0x0000c7000000003bb9aa5e907d7b000037a3debb,2.44e-16,2026-02-08T08:25:11+00:00,0xe5c93996fca36d314fd8bb54f85857ac3a901fdbd10556f273b1e7aefc1f755a
0x196c00c1b00000000000007c00739ad9faa3ee77,0x0000c7000000003bb9aa5e907d7b000037a3debb,2.45e-16,2026-02-08T08:25:23+00:00,0x346851953c9e00591e117d2e638f2e34ca2bd612841af6e7443500cda83d99e4
0x196c00c1b00000000000007c00739ad9faa3ee77,0x0000c7000000003bb9aa5e907d7b000037a3debb,2.5e-16,2026-02-08T08:26:23+00:00,0xfbe4149754ee4e332162b864d2a02f679185d7fe9edd4c11d9a3b3efe63539bd
0x196c00c1b00000000000007c00739ad9faa3ee77,0x0000c7000000003bb9aa5e907d7b000037a3debb,2.53e-16,2026-02-08T08:26:59+00:00,0x07537df06b26405a2177c750a8f46651824a1cfbd70fb5b5ab7bed977f5f0ef5
0x196c00c1b00000000000007c00739ad9faa3ee77,0x0000c7000000003bb9aa5e907d7b000037a3debb,1.2e-17,2026-02-08T08:29:59+00:00,0xb96b1d4ac603acac6fee51eb484bb4ec2e0055a762af0dd8ecbf4278ecfadb31
0x196c00c1b00000000000007c00739ad9faa3ee77,0x0000c7000000003bb9aa5e907d7b000037a3debb,4.6e-17,2026-02-08T08:36:59+00:00,0xf820b0191aa6c5746e6ac8f047ff5db8dbd369ad598270c90b604de3dc320bd0
0x196c00c1b00000000000007c00739ad9faa3ee77,0x0000c7000000003bb9aa5e907d7b000037a3debb,8.1e-17,2026-02-08T08:44:11+00:00,0xcc315d168f0dd137ec6dca6150565efe6a32d88bcc210c2850fdf70f03403050
0x196c00c1b00000000000007c00739ad9faa3ee77,0x0000c7000000003bb9aa5e907d7b000037a3debb,1.13e-16,2026-02-08T08:50:35+00:00,0x87d1d84b85fb89c7a4c8b0c1363723f655dbdf8a93e9ad3e2c7b5ec5ea31c4ca
0x196c00c1b00000000000007c00739ad9faa3ee77,0x0000c7000000003bb9aa5e907d7b000037a3debb,2.01e-16,2026-02-08T09:08:35+00:00,0xc14a1f8db9d83494914307e2d1488618312650a06f854924f8af13c857dc6b30
0x196c00c1b00000000000007c00739ad9faa3ee77,0x0000c7000000003bb9aa5e907d7b000037a3debb,8.3e-17,2026-02-08T09:36:35+00:00,0xb111d9f019b7ac555d05b36ac51938f70e7243aa8ed634d0a4e261c13f165aff
0x196c00c1b00000000000007c00739ad9faa3ee77,0x0000c7000000003bb9aa5e907d7b000037a3debb,3e-17,2026-02-08T11:09:35+00:00,0x2b7e40bc71e5836769609c467978c4167fa0173d3b3b6ac675974c6eaaf68a28
0x196c00c1b00000000000007c00739ad9faa3ee77,0x0000c7000000003bb9aa5e907d7b000037a3debb,7.6e-17,2026-02-08T11:18:47+00:00,0xb312c9c256051edee996c771e797eae9feb67a51cd6731c083c274012187a5cc
0x196c00c1b00000000000007c00739ad9faa3ee77,0x0000c7000000003bb9aa5e907d7b000037a3debb,7.8e-17,2026-02-08T11:19:11+00:00,0x3b110b2accf9563b027cb7468f54a3398ea7e7a07d3bbb420ef8072b9c48fcda
0x196c00c1b00000000000007c00739ad9faa3ee77,0x0000c7000000003bb9aa5e907d7b000037a3debb,1.44e-16,2026-02-08T11:32:35+00:00,0x0d9981b50903c609efc526811d04536e3e7e44f312d2c0e5026d8b63bfa06acd
0x196c00c1b00000000000007c00739ad9faa3ee77,0x0000c7000000003bb9aa5e907d7b000037a3debb,2.46e-16,2026-02-08T11:53:23+00:00,0x41a6d1afaa6de20fa96a2aa6ab8ea8ceca48921b62a6ad5f62b609734852aa9f
0x196c00c1b00000000000007c00739ad9faa3ee77,0x0000c7000000003bb9aa5e907d7b000037a3debb,2.5e-16,2026-02-08T11:54:11+00:00,0x6c308449d0ec5cd28bed35dca16e6a70db9133d0b96992de1a0474f024d9fa32
0x196c00c1b00000000000007c00739ad9faa3ee77,0x0000c7000000003bb9aa5e907d7b000037a3debb,2.13e-16,2026-02-08T12:38:47+00:00,0x2147c3e1ec271485805c34004cd19ed396e81bba8a0e57fceb889ae166582ec3
0x196c00c1b00000000000007c00739ad9faa3ee77,0x0000c7000000003bb9aa5e907d7b000037a3debb,2.14e-16,2026-02-08T12:38:59+00:00,0x7585ccb09570c93a6ad04bf4a6141659abf83499ba8ed4aafddba07f1bb14a4d
0x196c00c1b00000000000007c00739ad9faa3ee77,0x0000c7000000003bb9aa5e907d7b000037a3debb,2.24e-16,2026-02-08T12:40:59+00:00,0xe4814c00024af58f2a894e735cb860f3eda55a0d1d1ef444b35ec53966414032
0x196c00c1b00000000000007c00739ad9faa3ee77,0x0000c7000000003bb9aa5e907d7b000037a3debb,2.8e-17,2026-02-08T12:53:11+00:00,0xfdf9a16204084b788b864670ebfc3d5a5745c20211bb4255526d93a1ac39909b
0x196c00c1b00000000000007c00739ad9faa3ee77,0x0000c7000000003bb9aa5e907d7b000037a3debb,2.2e-16,2026-02-08T14:24:11+00:00,0xd0c841a9bbf37a8f186cb76f3bebaaca2fc920bd687319a4a20bdcb7dda0565e
0x196c00c1b00000000000007c00739ad9faa3ee77,0x0000c7000000003bb9aa5e907d7b000037a3debb,7.9e-17,2026-02-08T14:47:23+00:00,0xb0176d8846f0fc6bc0d88cee4790307f047840bff4995b995095f5d23fcbe0c3
0x196c00c1b00000000000007c00739ad9faa3ee77,0x0000c7000000003bb9aa5e907d7b000037a3debb,1.52e-16,2026-02-08T15:54:23+00:00,0x8e3102f638aeb79ac7ca7ac714d949a011649cc7dfd079f310c5615ac09b3dc6
0x196c00c1b00000000000007c00739ad9faa3ee77,0x0000c7000000003bb9aa5e907d7b000037a3debb,1.64e-16,2026-02-08T15:56:47+00:00,0xf1e81b8983e81697457f8ed0cfdda97ff70c830559c55057a20625255533a898
0x196c00c1b00000000000007c00739ad9faa3ee77,0x0000c7000000003bb9aa5e907d7b000037a3debb,1.42e-16,2026-02-08T16:43:47+00:00,0xd2a571f5b1e70eb96ac11e5c3d3c573c1728da76b3df58f265adae3588a3b192
0x196c00c1b00000000000007c00739ad9faa3ee77,0x0000c7000000003bb9aa5e907d7b000037a3debb,1.71e-16,2026-02-08T16:49:35+00:00,0x6c973a1c2cd2a285eff3b58fd83c0b5377dc6e4bc66b8d50c6ac609ee85d9a0f
0x196c00c1b00000000000007c00739ad9faa3ee77,0x0000c7000000003bb9aa5e907d7b000037a3debb,1.8e-16,2026-02-08T16:51:23+00:00,0x7edc8d0fc01536b0393058e80c4209416c42395cde468d779a22ac85689de318
0x196c00c1b00000000000007c00739ad9faa3ee77,0x0000c7000000003bb9aa5e907d7b000037a3debb,1.1e-16,2026-02-08T17:28:59+00:00,0x4d6248ea19b279fa67282c303ae866a6a54560d45b0f4300d57f1c6a218f30ff
0x196c00c1b00000000000007c00739ad9faa3ee77,0x0000c7000000003bb9aa5e907d7b000037a3debb,1.17e-16,2026-02-08T17:30:23+00:00,0xbeaa8dbe78a39e3d2b72a835ac4ab37164631eca7404fdac58afc6917e2ae421
0x196c00c1b00000000000007c00739ad9faa3ee77,0x0000c7000000003bb9aa5e907d7b000037a3debb,1.71e-16,2026-02-08T18:32:23+00:00,0x6d563276c49323e84da1e7b1fb833d95aa0b5cf98b9ece2498fd632072e3dfad
0x196c00c1b00000000000007c00739ad9faa3ee77,0x0000c7000000003bb9aa5e907d7b000037a3debb,1.92e-16,2026-02-08T18:36:47+00:00,0x63a557191204ba612f536a0f062796115660cd21d5e33a44f17840d3160f8ea5
0x196c00c1b00000000000007c00739ad9faa3ee77,0x0000c7000000003bb9aa5e907d7b000037a3debb,2.04e-16,2026-02-08T18:39:11+00:00,0x01971ec86cc503a8d27ef40fd32155ff5ed27b1487709aadc2143d3ad49fd58f
0x196c00c1b00000000000007c00739ad9faa3ee77,0x0000c7000000003bb9aa5e907d7b000037a3debb,2.34e-16,2026-02-08T18:45:23+00:00,0x112ed2e5cb60ddfe4a662a3b66b40747bbd005da841ad9338186f0136799f136
0x196c00c1b00000000000007c00739ad9faa3ee77,0x0000c7000000003bb9aa5e907d7b000037a3debb,4.6e-17,2026-02-08T19:50:47+00:00,0xf29867bb7a4aae0c10f609ae6cd71ffbbdfcf2cc7b68eb626fe6f356132199d4
0x196c00c1b00000000000007c00739ad9faa3ee77,0x0000c7000000003bb9aa5e907d7b000037a3debb,4.7e-17,2026-02-08T19:50:59+00:00,0x4c1070f007bc92057e6da8401400ac198aa6f4fa15ebaff28e408d78490d7b04
0x196c00c1b00000000000007c00739ad9faa3ee77,0x0000c7000000003bb9aa5e907d7b000037a3debb,7.3e-17,2026-02-08T21:38:59+00:00,0x08bc1c0e440ccd25a94f1f4a4ce5514e12949c01d1afcd2ee01fb959c06e291a
0x196c00c1b00000000000007c00739ad9faa3ee77,0x0000c7000000003bb9aa5e907d7b000037a3debb,1.33e-16,2026-02-08T21:51:11+00:00,0xc5273eddabbd87c26dddb318c67ea865f468bd6dc346688a615067589cac18f4
0x196c00c1b00000000000007c00739ad9faa3ee77,0x0000c7000000003bb9aa5e907d7b000037a3debb,2.33e-16,2026-02-08T23:02:47+00:00,0x9849423585f55af3bb98023eb59819e0746d4ea33026c894d0e4210798a1d627
0x196c00c1b00000000000007c00739ad9faa3ee77,0x0000c7000000003bb9aa5e907d7b000037a3debb,2.42e-16,2026-02-08T23:04:35+00:00,0xd70d0e39f45cfe75b83731f03386527371ad596a4fd85ffb2d92f5b00798ef35
0x196c00c1b00000000000007c00739ad9faa3ee77,0x0000c7000000003bb9aa5e907d7b000037a3debb,8.5e-17,2026-02-08T23:24:35+00:00,0x44ffac32fa3845417b497fb1e7a5dbadb79520ad1bcc7b2a581658d275101bfd
0x196c00c1b00000000000007c00739ad9faa3ee77,0x0000c7000000003bb9aa5e907d7b000037a3debb,9.7e-17,2026-02-08T23:26:59+00:00,0xe158c5fdd9398118b1b2a5283480ebc36f870ee83f51b528ffe0a1f4cf631fae
0x196c00c1b00000000000007c00739ad9faa3ee77,0x0000c7000000003bb9aa5e907d7b000037a3debb,1.45e-16,2026-02-08T23:36:35+00:00,0xaf381431068d493c64bb131331614a9ee08d488a6053dbc93557494a7f087cbd
0x196c00c1b00000000000007c00739ad9faa3ee77,0x0000c7000000003bb9aa5e907d7b000037a3debb,2.16e-16,2026-02-08T23:50:47+00:00,0x4850c0e461c36ac563898e3e45ebde71a6287a456b5207aebdc35e0bad3c5b55
0x196c00c1b00000000000007c00739ad9faa3ee77,0x0000c7000000003bb9aa5e907d7b000037a3debb,9.2e-17,2026-02-09T00:17:35+00:00,0x0f215c7017b1c39b13c2699ca9a3d7833c442bcb67d8f2362211a0f9f7073020
0x196c00c1b00000000000007c00739ad9faa3ee77,0x0000c7000000003bb9aa5e907d7b000037a3debb,1.53e-16,2026-02-09T00:29:59+00:00,0x6a5eb92f7db5ba34f6c1cdc8a80b1d9ced310402a77e2364307bb95b6eddfabd
0x196c00c1b00000000000007c00739ad9faa3ee77,0x0000c7000000003bb9aa5e907d7b000037a3debb,1.62e-16,2026-02-09T00:31:47+00:00,0xcb9c1e0868efd17dad4c5112fe0ee46f7ded188b72c690a97d97787415d799ca
0x196c00c1b00000000000007c00739ad9faa3ee77,0x0000c7000000003bb9aa5e907d7b000037a3debb,1.8e-16,2026-02-09T01:26:59+00:00,0x2823e056a537d6851355277e6c57fdd69af4438c2bd8c729a4fd2bf0c4cb82cc
0x196c00c1b00000000000007c00739ad9faa3ee77,0x0000c7000000003bb9aa5e907d7b000037a3debb,2.51e-16,2026-02-09T01:41:11+00:00,0x15dead3b13651e72c68b736980bbc755a66d30ec583fb4b570bff54919659175
0x196c00c1b00000000000007c00739ad9faa3ee77,0x0000c7000000003bb9aa5e907d7b000037a3debb,1.1e-17,2026-02-09T01:44:23+00:00,0x20d73b8e5a37b5ba9ef644c689155c95df39cb622129c76fa4527ecac3131afa
0x196c00c1b00000000000007c00739ad9faa3ee77,0x0000c7000000003bb9aa5e907d7b000037a3debb,1.2e-17,2026-02-09T01:44:35+00:00,0x088c4f3e04c561cda1af9553967482f65b595a0075b3c2a705dfbc3e7ba85ee7
0x196c00c1b00000000000007c00739ad9faa3ee77,0x0000c7000000003bb9aa5e907d7b000037a3debb,1.4e-17,2026-02-09T01:44:59+00:00,0xdb30d27164681a44d374d528a12a16c7df9806c064259db5f585182ead4dede4
0x196c00c1b00000000000007c00739ad9faa3ee77,0x0000c7000000003bb9aa5e907d7b000037a3debb,1.5e-17,2026-02-09T01:45:11+00:00,0x19605df9f9af931ecd79d6a0a92af01f998f40e3f0c422874a72197d51748937
0x196c00c1b00000000000007c00739ad9faa3ee77,0x0000c7000000003bb9aa5e907d7b000037a3debb,4e-17,2026-02-09T01:50:11+00:00,0x6aea6d19a9e2d0c235bb5c0933f589316043696527e7cd100505c505651e2cf9
0x196c00c1b00000000000007c00739ad9faa3ee77,0x0000c7000000003bb9aa5e907d7b000037a3debb,1.04e-16,2026-02-09T02:03:11+00:00,0x737f97aa9fba1ba0c8e9b107b8b33b727c57686b18e13bc8214ca34f2d17cc22
0x196c00c1b00000000000007c00739ad9faa3ee77,0x0000c7000000003bb9aa5e907d7b000037a3debb,1.59e-16,2026-02-09T03:06:11+00:00,0xa733e8962a9999d5855da3069ed5354024ecc728567dc8f689d2df508985dc41
0x196c00c1b00000000000007c00739ad9faa3ee77,0x0000c7000000003bb9aa5e907d7b000037a3debb,4.5e-17,2026-02-09T03:34:47+00:00,0x54b88673227f934ea0d5ee5bbefa13e0d987c9ca1564ba10fa17c81c5b732958
0x196c00c1b00000000000007c00739ad9faa3ee77,0x0000c7000000003bb9aa5e907d7b000037a3debb,1.37e-16,2026-02-09T03:53:23+00:00,0x2fab0aa09ee5cb9fa45c331e2baa92651860941acac5cc02115d86b075ada9b0
0x196c00c1b00000000000007c00739ad9faa3ee77,0x0000c7000000003bb9aa5e907d7b000037a3debb,1.54e-16,2026-02-09T03:56:47+00:00,0x12587146fc9b0c5608ddc401d82a9e5953d9728804f01c5691cbd439fe291dd8
0x196c00c1b00000000000007c00739ad9faa3ee77,0x0000c7000000003bb9aa5e907d7b000037a3debb,1.55e-16,2026-02-09T03:56:59+00:00,0x3a577f3e2b0898ccd96534a392456b2d059737a52a2255ba74b7d5be79f5d070
0x196c00c1b00000000000007c00739ad9faa3ee77,0x0000c7000000003bb9aa5e907d7b000037a3debb,8.8e-17,2026-02-09T05:26:35+00:00,0x933846aa6c0a08c40225ff7e6dc08c85c57c9d598235314ae3dc0a61f0d63ef2
0x196c00c1b00000000000007c00739ad9faa3ee77,0x0000c7000000003bb9aa5e907d7b000037a3debb,1.06e-16,2026-02-09T06:21:35+00:00,0x745968459fa5a008efff8f720b9321f71a5b44ad72b60db29ac684c1c0f39818
0x196c00c1b00000000000007c00739ad9faa3ee77,0x0000c7000000003bb9aa5e907d7b000037a3debb,1.24e-16,2026-02-09T06:25:11+00:00,0x55aabcf9eca59bf3ec708caf301f91b9b2742f964580cb51cb9276dfa0eebfbb
0x196c00c1b00000000000007c00739ad9faa3ee77,0x0000c7000000003bb9aa5e907d7b000037a3debb,1.36e-16,2026-02-09T06:27:35+00:00,0xad8853fe8a932d74c3ef4ab9e62d94153eec932325ae13328cd0a555b1aa37e9
0x196c00c1b00000000000007c00739ad9faa3ee77,0x0000c7000000003bb9aa5e907d7b000037a3debb,1.67e-16,2026-02-09T06:33:47+00:00,0x70c01f389f3209ba4e0c809dd8ca9981cf15256f7907e7bb0aeeba6686f29e2f
0x196c00c1b00000000000007c00739ad9faa3ee77,0x0000c7000000003bb9aa5e907d7b000037a3debb,3.8e-17,2026-02-09T06:59:23+00:00,0xbb560f469ae17eb5e125bf31645a34c8c7ce9c920cc2e46bf988574a0f0c0fcd
0x196c00c1b00000000000007c00739ad9faa3ee77,0x0000c7000000003bb9aa5e907d7b000037a3debb,2.38e-16,2026-02-09T07:39:47+00:00,0xb0f93cee91bd71a42f9748e307843f657580744cea257ab94f6437074c3cbe2d
0x196c00c1b00000000000007c00739ad9faa3ee77,0x0000c7000000003bb9aa5e907d7b000037a3debb,2.11e-16,2026-02-09T08:25:47+00:00,0xa397f2fbbfff27846141b0f4f9fc6437275ea2a3ecb30e13e9be7098965de559
0x196c00c1b00000000000007c00739ad9faa3ee77,0x0000c7000000003bb9aa5e907d7b000037a3debb,2.2e-16,2026-02-09T08:27:35+00:00,0xa102950ea184dff479b3fd456acd263720bdc209b3aea4a3c1718b2be2596083
0x196c00c1b00000000000007c00739ad9faa3ee77,0x0000c7000000003bb9aa5e907d7b000037a3debb,1e-18,2026-02-09T08:34:59+00:00,0xa7b527ce9e26c126337d0099b688254796719f8e03933af88fc1bc3c6de36acc
0x196c00c1b00000000000007c00739ad9faa3ee77,0x0000c7000000003bb9aa5e907d7b000037a3debb,6e-18,2026-02-09T08:35:59+00:00,0x4ac5aaa5dc1863b9284b006dcccdbe8bb54e555def5f769494a3f0eb2a17cda3
0x196c00c1b00000000000007c00739ad9faa3ee77,0x0000c7000000003bb9aa5e907d7b000037a3debb,1.5e-17,2026-02-09T08:37:47+00:00,0xb9a119878c874516c3b2ebd828b1071e433b45ace4e72027be6e69037fc76847
0x196c00c1b00000000000007c00739ad9faa3ee77,0x0000c7000000003bb9aa5e907d7b000037a3debb,1.07e-16,2026-02-09T08:56:11+00:00,0x6bbd21aafb550cb95b31ed0b1f22401df81d3cc4db15c5a125a5f183a707345e
0x196c00c1b00000000000007c00739ad9faa3ee77,0x0000c7000000003bb9aa5e907d7b000037a3debb,2.12e-16,2026-02-09T09:17:11+00:00,0x76de3747f22b8eb10316cd077a4de262175e264c0ec0c6b29c32242c1101bac7
0x196c00c1b00000000000007c00739ad9faa3ee77,0x0000c7000000003bb9aa5e907d7b000037a3debb,6.3e-17,2026-02-09T09:39:11+00:00,0x966dd5e8a4516a2b44e35ec41a618a3a223f81453f9634a2a00334ee616d777c
0x196c00c1b00000000000007c00739ad9faa3ee77,0x0000c7000000003bb9aa5e907d7b000037a3debb,1.51e-16,2026-02-09T09:56:59+00:00,0x571b68523046e200c4e6b7e88b3f59cf5bc68c61c1e59c5a47eee4935a4d24aa
0x196c00c1b00000000000007c00739ad9faa3ee77,0x0000c7000000003bb9aa5e907d7b000037a3debb,2.15e-16,2026-02-09T10:09:47+00:00,0x1bd74d535e05d7722bb97686c0b8d7b367f634661d0fb39cd243aede7f4f45eb
0x196c00c1b00000000000007c00739ad9faa3ee77,0x0000c7000000003bb9aa5e907d7b000037a3debb,3.7e-17,2026-02-09T10:25:47+00:00,0xcf27eac14f08cbc9f67057c9f0b1bf9d55f2dc2a8fc42efd104dea40868381bb
0x196c00c1b00000000000007c00739ad9faa3ee77,0x0000c7000000003bb9aa5e907d7b000037a3debb,6.8e-17,2026-02-09T10:31:59+00:00,0x09b8e91f6be8aa0040a4a536c1f9c29b33e9af10f9df2fd2df572c01cfac1d24
0x196c00c1b00000000000007c00739ad9faa3ee77,0x0000c7000000003bb9aa5e907d7b000037a3debb,7.9e-17,2026-02-09T10:34:23+00:00,0x32ad168ca230e47b56c95e70b2f1d085706cd85404791fe857a598f3c3e99eb2
0x196c00c1b00000000000007c00739ad9faa3ee77,0x0000c7000000003bb9aa5e907d7b000037a3debb,1.58e-16,2026-02-09T10:50:11+00:00,0xaa203b784775be92a4e48d6e1c8ed477ee270bb7ae1b51034d787d123715f2ad
0x196c00c1b00000000000007c00739ad9faa3ee77,0x0000c7000000003bb9aa5e907d7b000037a3debb,2.16e-16,2026-02-09T11:02:11+00:00,0xcff5c72bfa43297174b17a72a989a5933bb096d550b1e3a6bd03c110e00c534e
0x196c00c1b00000000000007c00739ad9faa3ee77,0x0000c7000000003bb9aa5e907d7b000037a3debb,2.27e-16,2026-02-09T11:04:23+00:00,0x54095e12a6153384d410e9302b2d5c7ff929c32e82e75fd8474e66cec93c315c
0x196c00c1b00000000000007c00739ad9faa3ee77,0x0000c7000000003bb9aa5e907d7b000037a3debb,2.5e-17,2026-02-09T11:15:11+00:00,0xb25ff232bcad9ae8ab3c770e17cdf9feb1effe45e264ca5948bec7467bbb1a7b
0x196c00c1b00000000000007c00739ad9faa3ee77,0x0000c7000000003bb9aa5e907d7b000037a3debb,3.4e-17,2026-02-09T11:16:59+00:00,0x985f45e9d4ba7573589a5f9c59b359cdd664cf495825edb1a299a4ca46749f46
0x196c00c1b00000000000007c00739ad9faa3ee77,0x0000c7000000003bb9aa5e907d7b000037a3debb,4.4e-17,2026-02-09T11:18:59+00:00,0xcca1d724948782c9fbda2062b616ae9460e8b7fbec1adfdf0c2ccdc8c2af2e64
0x196c00c1b00000000000007c00739ad9faa3ee77,0x0000c7000000003bb9aa5e907d7b000037a3debb,2.14e-16,2026-02-09T11:52:59+00:00,0x3ea705a4432bc38fc7dcded10da73768c93e7a981d87bfb6ad3b8ccd2e2c9e49
0x196c00c1b00000000000007c00739ad9faa3ee77,0x0000c7000000003bb9aa5e907d7b000037a3debb,5e-17,2026-02-09T12:11:23+00:00,0x7cb79e9aca249cafb2ce156f91d2ec9b25def6bba71609940d7542bcfc001247
0x196c00c1b00000000000007c00739ad9faa3ee77,0x0000c7000000003bb9aa5e907d7b000037a3debb,7.6e-17,2026-02-09T12:16:35+00:00,0x0e41d746c74b981d354f4dacc5c605c6987755df379b7af2fc20be5eb382adff
0x196c00c1b00000000000007c00739ad9faa3ee77,0x0000c7000000003bb9aa5e907d7b000037a3debb,1.27e-16,2026-02-09T12:26:47+00:00,0xccb84aeebee0515e629af4e4e2608e8e8ec5a57aa7c9c820f171a69565579a5a
0x196c00c1b00000000000007c00739ad9faa3ee77,0x0000c7000000003bb9aa5e907d7b000037a3debb,8.7e-17,2026-02-09T13:09:59+00:00,0x604d0aea3930a5011ebf76a62fc788ecb0ea85643543aab5686d0666ae2c5801
0x196c00c1b00000000000007c00739ad9faa3ee77,0x0000c7000000003bb9aa5e907d7b000037a3debb,1.03e-16,2026-02-09T13:13:11+00:00,0x424d28d53850fed28bfe4d968282386859478dccf7d93e466ca365c086a85ed7
0x196c00c1b00000000000007c00739ad9faa3ee77,0x0000c7000000003bb9aa5e907d7b000037a3debb,1.06e-16,2026-02-09T13:13:47+00:00,0xafcc41db7c907f924d4de24f6b29cdc15ce8f3f352bb61e5fbe2f6cb82e94682
0x196c00c1b00000000000007c00739ad9faa3ee77,0x0000c7000000003bb9aa5e907d7b000037a3debb,1.64e-16,2026-02-09T13:25:23+00:00,0xb720a948ce71b5b1a5c841b44220c9053f55aba40e32954793f93692b81ece58
0x196c00c1b00000000000007c00739ad9faa3ee77,0x0000c7000000003bb9aa5e907d7b000037a3debb,3.7e-17,2026-02-09T13:51:23+00:00,0xffaf4cf85fb6f4f5021024ae849cb849cb475501bddc78553caddbb05acf93cb
0x196c00c1b00000000000007c00739ad9faa3ee77,0x0000c7000000003bb9aa5e907d7b000037a3debb,7.6e-17,2026-02-09T13:59:23+00:00,0x6c6c5c1ce10f45d8d0ce046000a1be68f1fc79c7dd83b679645ead2d9fc53b32
0x196c00c1b00000000000007c00739ad9faa3ee77,0x0000c7000000003bb9aa5e907d7b000037a3debb,1.5e-16,2026-02-09T14:14:11+00:00,0x019a722b23202f8d1ff5c153a2eb375eca5d2b4963f4f2d3ce1e9e369718ba6b
0x196c00c1b00000000000007c00739ad9faa3ee77,0x0000c7000000003bb9aa5e907d7b000037a3debb,1.78e-16,2026-02-09T14:19:47+00:00,0xe56ca8f7c20012916faf144176f73b6099f6f1641db1251485bbff9d597e5a26
0x196c00c1b00000000000007c00739ad9faa3ee77,0x0000c7000000003bb9aa5e907d7b000037a3debb,1.5e-17,2026-02-09T14:38:23+00:00,0xb64fd80767d54635ebadec8a8f2119c3f33fb1c12080e380069d310ecf25c254
0x196c00c1b00000000000007c00739ad9faa3ee77,0x0000c7000000003bb9aa5e907d7b000037a3debb,1.7e-17,2026-02-09T14:38:47+00:00,0xb7a8e450119f3fef524b3fd9fb277264ef089ce64b82888a253d3a90f85c8987
0x196c00c1b00000000000007c00739ad9faa3ee77,0x0000c7000000003bb9aa5e907d7b000037a3debb,1.53e-16,2026-02-09T15:06:11+00:00,0xb803ead8d6c43a24b712bfb556ce1aa455f232309d9238c32db0e6374107fbd3
0x196c00c1b00000000000007c00739ad9faa3ee77,0x0000c7000000003bb9aa5e907d7b000037a3debb,2.46e-16,2026-02-09T15:24:47+00:00,0x9be3158396e63d19d353f9b13611c933859fb2ff1aa793cf8d455a29ac7d3dd2
0x196c00c1b00000000000007c00739ad9faa3ee77,0x0000c7000000003bb9aa5e907d7b000037a3debb,1.29e-16,2026-02-09T15:52:35+00:00,0xb89a2df2ed87d42fc37aea627c6a58480c969771b7d6b01598c47fb2c7bffc45
0x196c00c1b00000000000007c00739ad9faa3ee77,0x0000c7000000003bb9aa5e907d7b000037a3debb,1.59e-16,2026-02-09T15:58:35+00:00,0xa6abca4b831311d1ba3105d2ae3ed209cedbd82ead0e2854ed993e8018e5238d
0x196c00c1b00000000000007c00739ad9faa3ee77,0x0000c7000000003bb9aa5e907d7b000037a3debb,2e-16,2026-02-09T16:06:47+00:00,0x950bc65cf0345a8ccad816c2e134568a2eb95b8f83185d7fe1fbd979560ff206
0x196c00c1b00000000000007c00739ad9faa3ee77,0x0000c7000000003bb9aa5e907d7b000037a3debb,1.25e-16,2026-02-09T16:42:59+00:00,0x9bf15007fda6f227ff724e0031af47336bf22c7d18f56ceef75e08c08bb72256
0x196c00c1b00000000000007c00739ad9faa3ee77,0x0000c7000000003bb9aa5e907d7b000037a3debb,1.27e-16,2026-02-09T16:43:23+00:00,0x1c85782c3b8143498652274cfdad62a50dc28e433f9ef75a0a63d2380c80a396
0x196c00c1b00000000000007c00739ad9faa3ee77,0x0000c7000000003bb9aa5e907d7b000037a3debb,1.28e-16,2026-02-09T16:43:35+00:00,0x2f5cea7a4e3d6fc63a0feecd19f12f015587b6a039bdec438da2d4bb5cf769d3
0x196c00c1b00000000000007c00739ad9faa3ee77,0x0000c7000000003bb9aa5e907d7b000037a3debb,1.09e-16,2026-02-09T17:31:23+00:00,0x968e0f0462d3b251600a76a63a8a0ac239c9fdd33f20f7063ab2151a7f96fe04
0x196c00c1b00000000000007c00739ad9faa3ee77,0x0000c7000000003bb9aa5e907d7b000037a3debb,1.19e-16,2026-02-09T17:33:23+00:00,0x0c2827c53828202e28cabb5a9378af66bca1ec98f06c2789d38f10d5ffc8b8e1
0x196c00c1b00000000000007c00739ad9faa3ee77,0x0000c7000000003bb9aa5e907d7b000037a3debb,1.39e-16,2026-02-09T17:37:23+00:00,0x7aff962aef9092956ff4ef44e3e6c1be5a5839b285d18167b7bb1039ae0d63ca
0x196c00c1b00000000000007c00739ad9faa3ee77,0x0000c7000000003bb9aa5e907d7b000037a3debb,1.75e-16,2026-02-09T17:44:35+00:00,0xc5a7e728a210c130324ec9ab56bcd4b55dd42a12c98764f79516459a1af1c22b
0x196c00c1b00000000000007c00739ad9faa3ee77,0x0000c7000000003bb9aa5e907d7b000037a3debb,1.92e-16,2026-02-09T17:47:59+00:00,0xf341816b091e261e6bff676ef41fdb29f1ad52b78521a759d4188c66ea10cc4d
0x196c00c1b00000000000007c00739ad9faa3ee77,0x0000c7000000003bb9aa5e907d7b000037a3debb,2.08e-16,2026-02-09T17:51:11+00:00,0xef3dc0b0383ae75071f6cf9658ffd7bd46df6e90f6fe930e3c523125f9c453af
0x196c00c1b00000000000007c00739ad9faa3ee77,0x0000c7000000003bb9aa5e907d7b000037a3debb,2.13e-16,2026-02-09T17:52:11+00:00,0x4a357e1a735fbf24ec012cd6322615238dc91715c7beda8990e5da808461130a
0x196c00c1b00000000000007c00739ad9faa3ee77,0x0000c7000000003bb9aa5e907d7b000037a3debb,2.22e-16,2026-02-09T17:53:59+00:00,0x7d4199eaf9f033ce4d8b01a9babc615f9696e16d30d733818e2f5696818b6066
0x196c00c1b00000000000007c00739ad9faa3ee77,0x0000c7000000003bb9aa5e907d7b000037a3debb,2e-17,2026-02-09T18:04:47+00:00,0x4cebbfe284b07a670ce04bba367d5aa481768e9ad380a7f897acbc026cdebcc6
0x196c00c1b00000000000007c00739ad9faa3ee77,0x0000c7000000003bb9aa5e907d7b000037a3debb,2.4e-16,2026-02-09T18:48:47+00:00,0x6ca6703e343aea73f3420c705b5c5149a23d25a1783a09c8f73e67d55fe69a2c
0x196c00c1b00000000000007c00739ad9faa3ee77,0x0000c7000000003bb9aa5e907d7b000037a3debb,1.21e-16,2026-02-09T19:16:35+00:00,0xd44a5d46d236a911850a94c665a70fd77699392302547235224f851662e595b7
0x196c00c1b00000000000007c00739ad9faa3ee77,0x0000c7000000003bb9aa5e907d7b000037a3debb,1.08e-16,2026-02-09T20:05:23+00:00,0x4ba07e8c59169928a6fb42d98b76f0be189ec0bad65af0b2c10ed4307ce84eec
0x196c00c1b00000000000007c00739ad9faa3ee77,0x0000c7000000003bb9aa5e907d7b000037a3debb,1.12e-16,2026-02-09T20:06:11+00:00,0x00b30a2b5d63f69399b30db088b172e7e6258cc3e7e8f9b970617781a1cef8ea
0x196c00c1b00000000000007c00739ad9faa3ee77,0x0000c7000000003bb9aa5e907d7b000037a3debb,2.7e-17,2026-02-09T20:40:23+00:00,0xe33eb8e4fa58b09e978af5c5836c053646373b3413f9211a7ee10edc1cc60450
0x196c00c1b00000000000007c00739ad9faa3ee77,0x0000c7000000003bb9aa5e907d7b000037a3debb,2.9e-17,2026-02-09T20:40:47+00:00,0x67d2fbb13d711b387c081bef60b4a0100077369caf124fa628a407b2c163ec71
0x196c00c1b00000000000007c00739ad9faa3ee77,0x0000c7000000003bb9aa5e907d7b000037a3debb,3.8e-17,2026-02-09T21:34:35+00:00,0x2110330167004e2e5c8783e1861d497edea2e854927f27eca087cab696309b45
0x196c00c1b00000000000007c00739ad9faa3ee77,0x0000c7000000003bb9aa5e907d7b000037a3debb,9.9e-17,2026-02-09T21:46:47+00:00,0x83a8fe6d0fae6ce74942863af51c963c9532583f24d1250e5961cdafea263920
0x196c00c1b00000000000007c00739ad9faa3ee77,0x0000c7000000003bb9aa5e907d7b000037a3debb,1.01e-16,2026-02-09T21:47:11+00:00,0xf256d0335fb112147093363e0216cdb266b802cb122873ce03b0159c0577cd98
0x196c00c1b00000000000007c00739ad9faa3ee77,0x0000c7000000003bb9aa5e907d7b000037a3debb,1.09e-16,2026-02-09T21:48:47+00:00,0x78004d14ed0c6ffa81d316dca8fee88929b9d067a1bc496c47393b713f85eb1a
0x196c00c1b00000000000007c00739ad9faa3ee77,0x0000c7000000003bb9aa5e907d7b000037a3debb,1.06e-16,2026-02-09T22:39:23+00:00,0x42c2a2ed72c02829bdb5799e2064515d435023d89cc26813379096cf4b5d8009
0x196c00c1b00000000000007c00739ad9faa3ee77,0x0000c7000000003bb9aa5e907d7b000037a3debb,1.2e-17,2026-02-09T23:11:47+00:00,0x99cf8253ccca32eec6098c95e2f9acabba8e541cec20f9401ba1094bd58300e1
0x196c00c1b00000000000007c00739ad9faa3ee77,0x0000c7000000003bb9aa5e907d7b000037a3debb,1.3e-17,2026-02-09T23:11:59+00:00,0x5cf9022806e865ba075e910dee92259a5c499aff5530bbe6e37a391992dd0bec
0x196c00c1b00000000000007c00739ad9faa3ee77,0x0000c7000000003bb9aa5e907d7b000037a3debb,1.59e-16,2026-02-09T23:41:11+00:00,0xd858d981d9fa78cec0aabb8f2ca59af777910e2d50cddc7abe2447465d4809c0
0x196c00c1b00000000000007c00739ad9faa3ee77,0x0000c7000000003bb9aa5e907d7b000037a3debb,1.6e-17,2026-02-10T00:03:47+00:00,0x773cb35a470b710be9e33affc562adc83ba6721a814f760f3c700ed7756fcb50
0x196c00c1b00000000000007c00739ad9faa3ee77,0x0000c7000000003bb9aa5e907d7b000037a3debb,9.2e-17,2026-02-10T01:10:11+00:00,0x0013f2ccf2984b0f5150b18a0beb5df2259ffbe98779db327c574b16d2f0b5ea
0x196c00c1b00000000000007c00739ad9faa3ee77,0x0000c7000000003bb9aa5e907d7b000037a3debb,1.11e-16,2026-02-10T01:13:59+00:00,0xa710de0e4e5922c66f344f40134dc6e5be4eb4458a49e711908d71b60f74a79c
0x196c00c1b00000000000007c00739ad9faa3ee77,0x0000c7000000003bb9aa5e907d7b000037a3debb,1.48e-16,2026-02-10T01:21:23+00:00,0xfd22429e970704d8cbdfd352fe7934e62457810884f64e85e5394988d6dff9cd
0x196c00c1b00000000000007c00739ad9faa3ee77,0x0000c7000000003bb9aa5e907d7b000037a3debb,1.62e-16,2026-02-10T01:24:23+00:00,0x861f5441f98b90cafde2740e92f9b7cce9b6ab05ce8ca090c12b61750206b4fb
0x196c00c1b00000000000007c00739ad9faa3ee77,0x0000c7000000003bb9aa5e907d7b000037a3debb,1.73e-16,2026-02-10T01:26:35+00:00,0x326746faa59a7f8beeb41502da0d30e0939ba098cb8d6f80f7fdedfdfac95232
0x196c00c1b00000000000007c00739ad9faa3ee77,0x0000c7000000003bb9aa5e907d7b000037a3debb,1.97e-16,2026-02-10T01:31:35+00:00,0x19a290814091f3c6a272b4ca65fb2686dcfada1a1bbc6ee2aed21b48d286d73d
0x196c00c1b00000000000007c00739ad9faa3ee77,0x0000c7000000003bb9aa5e907d7b000037a3debb,2.39e-16,2026-02-10T01:40:23+00:00,0x0098c5acb5caf248e52df41d60cf735bea58dc4018e5b8022aae7dacb370c784
0x196c00c1b00000000000007c00739ad9faa3ee77,0x0000c7000000003bb9aa5e907d7b000037a3debb,1.5e-17,2026-02-10T01:46:47+00:00,0xa242a816a7e60561202a80ac544603589d2cb6d7c4ce9298e3decc2db64d510b
0x196c00c1b00000000000007c00739ad9faa3ee77,0x0000c7000000003bb9aa5e907d7b000037a3debb,2e-17,2026-02-10T01:47:47+00:00,0x1db4ac5e6a3f0b551783c16013e7b4f93f6c901a3af198448c7beda7b32ba36f
0x196c00c1b00000000000007c00739ad9faa3ee77,0x0000c7000000003bb9aa5e907d7b000037a3debb,6e-17,2026-02-10T02:47:47+00:00,0xa039f6f55a8c16053e3c3c080b5f5fec324ddb20129e23e733e21905f1de0d3f
0x196c00c1b00000000000007c00739ad9faa3ee77,0x0000c7000000003bb9aa5e907d7b000037a3debb,2e-18,2026-02-10T03:27:23+00:00,0x2358dcdda2b6554fe08e4070fe23b4e1ec4afce8c8b9605918fa2e04e1845080
0x196c00c1b00000000000007c00739ad9faa3ee77,0x0000c7000000003bb9aa5e907d7b000037a3debb,7.9e-17,2026-02-10T03:42:47+00:00,0x871e8584d36d384953e3df08e7ac31a05ca3565cc27402968acbd2eec2754e3a
0x196c00c1b00000000000007c00739ad9faa3ee77,0x0000c7000000003bb9aa5e907d7b000037a3debb,2.13e-16,2026-02-10T04:09:35+00:00,0x9b46daee038b2637859e8bafc72ebc45a591a98e2383bf74036b7ac8e277482b
0x196c00c1b00000000000007c00739ad9faa3ee77,0x0000c7000000003bb9aa5e907d7b000037a3debb,2.25e-16,2026-02-10T04:11:59+00:00,0x47dbc44fef17b9ce41573c063115ac3546026550689cd5d691a0cfa0df2747d0
0x196c00c1b00000000000007c00739ad9faa3ee77,0x0000c7000000003bb9aa5e907d7b000037a3debb,4e-17,2026-02-10T04:26:11+00:00,0x284466cb049110f056bde536c2a25b9fae7f63ad6a8210ae8106f11f76790506
0x196c00c1b00000000000007c00739ad9faa3ee77,0x0000c7000000003bb9aa5e907d7b000037a3debb,6.4e-17,2026-02-10T04:30:59+00:00,0x21a7e4c694f5cf138418a6227300470941e458e4330cb01b80ddc63b7d036e6f
0x196c00c1b00000000000007c00739ad9faa3ee77,0x0000c7000000003bb9aa5e907d7b000037a3debb,5.9e-17,2026-02-10T05:21:23+00:00,0xf6404a6a6642ae73d960496da6bcc89202d1b0acb4c2076d0fece2c3eaf19ae8
0x196c00c1b00000000000007c00739ad9faa3ee77,0x0000c7000000003bb9aa5e907d7b000037a3debb,1e-16,2026-02-10T05:29:35+00:00,0xfdf5b2ed76223ea5580ae1bad43d64c9164d9a83599d1c7d5cee27afa79f2a07
0x196c00c1b00000000000007c00739ad9faa3ee77,0x0000c7000000003bb9aa5e907d7b000037a3debb,1.07e-16,2026-02-10T05:30:59+00:00,0x682ef7aa6860cf3e0b1085ba5bd99941afd28a8d7b8bcea07bbbd8fa3e4de930
0x196c00c1b00000000000007c00739ad9faa3ee77,0x0000c7000000003bb9aa5e907d7b000037a3debb,1.08e-16,2026-02-10T05:31:11+00:00,0xae59ccb012e6c3562af2d3d0006861b42cb1bb9c0e74e802e5712912d3e2df15
0x196c00c1b00000000000007c00739ad9faa3ee77,0x0000c7000000003bb9aa5e907d7b000037a3debb,1.1e-16,2026-02-10T05:31:35+00:00,0x71a407cf0ebd36f50e81375efc1df72bb050980a5859b8a481e698d3adcd6bc1
0x196c00c1b00000000000007c00739ad9faa3ee77,0x0000c7000000003bb9aa5e907d7b000037a3debb,1.11e-16,2026-02-10T05:31:47+00:00,0x4fde587e39f84a39c80de3c2a271b43b7386a5e556b1d2817a6d65af0fab1f66
0x196c00c1b00000000000007c00739ad9faa3ee77,0x0000c7000000003bb9aa5e907d7b000037a3debb,1.44e-16,2026-02-10T05:38:35+00:00,0x6a24e2283b42e608ae57a8f0bbe206c7163cc5bb33959963f6502becebe98656
0x196c00c1b00000000000007c00739ad9faa3ee77,0x0000c7000000003bb9aa5e907d7b000037a3debb,1.73e-16,2026-02-10T05:44:23+00:00,0xa8d691635c30c3e3148730c26b50d9d64fa8bbdb05fffb0e24121762ca29b684
0x196c00c1b00000000000007c00739ad9faa3ee77,0x0000c7000000003bb9aa5e907d7b000037a3debb,1.06e-16,2026-02-10T06:22:23+00:00,0x2cce14e7af0adc737a28d4eee761a1787b5f90ec992683b55c8dfd22bf01276d
0x196c00c1b00000000000007c00739ad9faa3ee77,0x0000c7000000003bb9aa5e907d7b000037a3debb,1.07e-16,2026-02-10T06:22:35+00:00,0xa444bbae5e57b9779f983380de9d8a7ae118f924f316ed1d5af585fdf2583f28
0x196c00c1b00000000000007c00739ad9faa3ee77,0x0000c7000000003bb9aa5e907d7b000037a3debb,1.11e-16,2026-02-10T06:23:23+00:00,0xb4b5ef41211315db44fd5d7bda979a160b59eb26a841097a70abc1f8e32bf304
0x196c00c1b00000000000007c00739ad9faa3ee77,0x0000c7000000003bb9aa5e907d7b000037a3debb,1.15e-16,2026-02-10T06:24:35+00:00,0x44874038307d59de2b2c039232554e63c6e6cd04c4ba6a5d0eeefcaafaa20b49
0x196c00c1b00000000000007c00739ad9faa3ee77,0x0000c7000000003bb9aa5e907d7b000037a3debb,2e-16,2026-02-10T06:41:35+00:00,0x0b3bd2ab8e6489a8e5133c52758d5e05b61a845d4d3e68a12630f602ff0f7222
0x196c00c1b00000000000007c00739ad9faa3ee77,0x0000c7000000003bb9aa5e907d7b000037a3debb,2.06e-16,2026-02-10T06:42:47+00:00,0xf69a43764a3fc93f1c021aec00d35146bcc4950521a542912e1ae0e9886ba239
0x196c00c1b00000000000007c00739ad9faa3ee77,0x0000c7000000003bb9aa5e907d7b000037a3debb,2.43e-16,2026-02-10T06:50:23+00:00,0xf6c3405aaede8131a3b8b345ed7083d87a145b7579b87012ad33770c2864f801
0x196c00c1b00000000000007c00739ad9faa3ee77,0x0000c7000000003bb9aa5e907d7b000037a3debb,2.47e-16,2026-02-10T06:51:11+00:00,0x4d6b9566dbff84c59bef255a7dacd9c6721a641d7b575da2deac168351bc6a61
0x196c00c1b00000000000007c00739ad9faa3ee77,0x0000c7000000003bb9aa5e907d7b000037a3debb,2.5e-16,2026-02-10T06:51:47+00:00,0xdd62e58451f3b6afbd060107236fa02e88804951da24e83c0c7f41f2dbb2ecf3
0x196c00c1b00000000000007c00739ad9faa3ee77,0x0000c7000000003bb9aa5e907d7b000037a3debb,2.51e-16,2026-02-10T06:51:59+00:00,0x61199afb4e351c39a1dbd5f78487978a0ce8cf07fbc700a07b21d711d76579c6
0x196c00c1b00000000000007c00739ad9faa3ee77,0x0000c7000000003bb9aa5e907d7b000037a3debb,7.8e-17,2026-02-10T07:08:35+00:00,0xb2bde80d0992fa9a233545f8ef57552ac04ddad1689fdac3735eefb4824b67d9
0x196c00c1b00000000000007c00739ad9faa3ee77,0x0000c7000000003bb9aa5e907d7b000037a3debb,1.86e-16,2026-02-10T07:30:11+00:00,0xb2d141d406abe086649afd60b29ddb47ed26288e69ef7eca57c381e1a9f4aff6
0x196c00c1b00000000000007c00739ad9faa3ee77,0x0000c7000000003bb9aa5e907d7b000037a3debb,1.99e-16,2026-02-10T08:24:11+00:00,0x284de46a8250249b791b7bc7487f114690a3b8d5fef012cf57469f80ea36d251
0x196c00c1b00000000000007c00739ad9faa3ee77,0x0000c7000000003bb9aa5e907d7b000037a3debb,2.31e-16,2026-02-10T08:30:35+00:00,0xbc21d04115b739dae9ac2bde9aaa3309a9b4b344318ba368b50a53ed2d525459
0x196c00c1b00000000000007c00739ad9faa3ee77,0x0000c7000000003bb9aa5e907d7b000037a3debb,6.3e-17,2026-02-10T08:48:23+00:00,0xa0271fa969c8ff71046d8de693359c9ddc99501746824becd0e23ffbf78763b1
0x196c00c1b00000000000007c00739ad9faa3ee77,0x0000c7000000003bb9aa5e907d7b000037a3debb,6.9e-17,2026-02-10T08:49:35+00:00,0x3867f9965fbd651c7a9c4c890c0e55dee8f4980cabbe438ecd9f1d1af870c28d
0x196c00c1b00000000000007c00739ad9faa3ee77,0x0000c7000000003bb9aa5e907d7b000037a3debb,1.33e-16,2026-02-10T09:02:23+00:00,0x5e69cd487b701608b637a75a7f25eed90e8b9226466a23ad7cfcc3fc592eaa69
0x196c00c1b00000000000007c00739ad9faa3ee77,0x0000c7000000003bb9aa5e907d7b000037a3debb,1.64e-16,2026-02-10T09:08:35+00:00,0x13527b28342ed598f38090824c9d2fdfabf333cddd16f2ff37c0120a05f30c7d
0x196c00c1b00000000000007c00739ad9faa3ee77,0x0000c7000000003bb9aa5e907d7b000037a3debb,2.16e-16,2026-02-10T09:18:59+00:00,0x3ccebb3149f49e4f8a49a3cb25ee4451a4387e5af538711207cf052bf0a675c4
0x196c00c1b00000000000007c00739ad9faa3ee77,0x0000c7000000003bb9aa5e907d7b000037a3debb,1.21e-16,2026-02-10T09:51:23+00:00,0x1ff6504e0b803dc34d1ab93e3cb92efadfcfba02f1c7ba1f86f95bea27a78d60
0x196c00c1b00000000000007c00739ad9faa3ee77,0x0000c7000000003bb9aa5e907d7b000037a3debb,2.11e-16,2026-02-10T10:09:47+00:00,0xbfa793f030f82aecf06a7b6179244944459bd1b8efd05fb7c537ce00fc2b157e
0x196c00c1b00000000000007c00739ad9faa3ee77,0x0000c7000000003bb9aa5e907d7b000037a3debb,2.29e-16,2026-02-10T10:13:23+00:00,0x85911fe2a79f0c5d26a63b795aaf4bac7f4e4348897a345a8768029a778a0152
0x196c00c1b00000000000007c00739ad9faa3ee77,0x0000c7000000003bb9aa5e907d7b000037a3debb,2.7e-17,2026-02-10T10:24:11+00:00,0xcbefb54e0c3976b9e06dc239862a28b385d415ba7c1a4bc928818943181c8e1f
0x196c00c1b00000000000007c00739ad9faa3ee77,0x0000c7000000003bb9aa5e907d7b000037a3debb,3.9e-17,2026-02-10T10:26:35+00:00,0xd47fa3693a11e3b76ec5d125241e6f2c1dee16789ed3cf7ac9e3b6fe123040e5
0x196c00c1b00000000000007c00739ad9faa3ee77,0x0000c7000000003bb9aa5e907d7b000037a3debb,6.5e-17,2026-02-10T11:22:59+00:00,0x349039fb817431ea98aeaff51b7c8c316e36070c9e6bf8b0a29902f2db8aa7db
0x196c00c1b00000000000007c00739ad9faa3ee77,0x0000c7000000003bb9aa5e907d7b000037a3debb,8.1e-17,2026-02-10T11:26:11+00:00,0xd98c880628120cc1a71ce89054ba0a4c3443ece314d1410d4209845a0eb720b1
0x196c00c1b00000000000007c00739ad9faa3ee77,0x0000c7000000003bb9aa5e907d7b000037a3debb,1.68e-16,2026-02-10T11:43:35+00:00,0x018544fa30c333140a07578d67503366939858724a2e2bbadbd0864ae121608b
0x196c00c1b00000000000007c00739ad9faa3ee77,0x0000c7000000003bb9aa5e907d7b000037a3debb,1.76e-16,2026-02-10T11:45:11+00:00,0x40a1267c369101ed720744c95acaa35f449835b5b58d42b7caa24c80f5318778
0x196c00c1b00000000000007c00739ad9faa3ee77,0x0000c7000000003bb9aa5e907d7b000037a3debb,1.78e-16,2026-02-10T11:45:35+00:00,0x97474968f5102feddefe573d6738f916ce384bd13417c40a18fb0e6a38bd17a0
0x196c00c1b00000000000007c00739ad9faa3ee77,0x0000c7000000003bb9aa5e907d7b000037a3debb,1.91e-16,2026-02-10T11:48:11+00:00,0x731e854f99d3f856b5498fa82ccd313bffbf4b3b162e7e59d5f3a29dfd82498e
0x196c00c1b00000000000007c00739ad9faa3ee77,0x0000c7000000003bb9aa5e907d7b000037a3debb,1.99e-16,2026-02-10T11:49:47+00:00,0x946b64aca337f617b035fee2324d8582a99458e0ebbfcfb70d2d2802ffe9ac45
0x196c00c1b00000000000007c00739ad9faa3ee77,0x0000c7000000003bb9aa5e907d7b000037a3debb,1.42e-16,2026-02-10T12:29:59+00:00,0x59c6d7c596c7fdd146c60f9be393a63135a4a99b876bf263b80e5a2d6de8a54d
0x196c00c1b00000000000007c00739ad9faa3ee77,0x0000c7000000003bb9aa5e907d7b000037a3debb,1.54e-16,2026-02-10T12:32:23+00:00,0x6eddd745c69cad31c31ea81d40f7057f47159ea9e13420342ae2351fda30daa6
0x196c00c1b00000000000007c00739ad9faa3ee77,0x0000c7000000003bb9aa5e907d7b000037a3debb,1.68e-16,2026-02-10T12:35:11+00:00,0x0de366ba22882d2b8350644f9e5eac94848cd5f451690d33d61c44edd12d1101
0x196c00c1b00000000000007c00739ad9faa3ee77,0x0000c7000000003bb9aa5e907d7b000037a3debb,1.75e-16,2026-02-10T12:36:35+00:00,0x5a1ed957ac1930905642d67537b6e7122438974a6981fad804e6de8c727b2260
0x196c00c1b00000000000007c00739ad9faa3ee77,0x0000c7000000003bb9aa5e907d7b000037a3debb,1.88e-16,2026-02-10T12:39:11+00:00,0x41b39a615dda92922958ee3a9790d5258e807d6d8da6ac47bcd878e9de857dd8
0x196c00c1b00000000000007c00739ad9faa3ee77,0x0000c7000000003bb9aa5e907d7b000037a3debb,1e-17,2026-02-10T12:54:59+00:00,0x98e64c8ee180b810757b863e3fc6164d8dfc08c0241b5304049f9559eaa3bc91
0x196c00c1b00000000000007c00739ad9faa3ee77,0x0000c7000000003bb9aa5e907d7b000037a3debb,4.5e-17,2026-02-10T13:01:59+00:00,0x5a47ad3b27812ce28203eb570061af7eac126acc9a0d6e8974e8bd530cd5e5ee
0x196c00c1b00000000000007c00739ad9faa3ee77,0x0000c7000000003bb9aa5e907d7b000037a3debb,5.3e-17,2026-02-10T13:03:35+00:00,0xd6afb24fc2296d39ae1fdbf03eacf196646247d3654f32ff87e1500497c31173
0x196c00c1b00000000000007c00739ad9faa3ee77,0x0000c7000000003bb9aa5e907d7b000037a3debb,6.6e-17,2026-02-10T13:06:23+00:00,0x5e9bf7565d71078065287f3f98148105b757bf8bc35ea9e111d4e588f30a6a27
0x196c00c1b00000000000007c00739ad9faa3ee77,0x0000c7000000003bb9aa5e907d7b000037a3debb,8.7e-17,2026-02-10T13:10:35+00:00,0x5f9b701ebfbf183c761413278e574426df618011214a69d08787fbfb83e59f97
0x196c00c1b00000000000007c00739ad9faa3ee77,0x0000c7000000003bb9aa5e907d7b000037a3debb,1.8e-16,2026-02-10T13:29:11+00:00,0x6390e1043ef298e7ef9c3363be82691323ada1cce082605782d4e9d34a529b97
0x196c00c1b00000000000007c00739ad9faa3ee77,0x0000c7000000003bb9aa5e907d7b000037a3debb,2.12e-16,2026-02-10T13:35:35+00:00,0xc8569f95da3638d4cd9812bef466e327f8271d8f661b2886c4896d386a109f04
0x196c00c1b00000000000007c00739ad9faa3ee77,0x0000c7000000003bb9aa5e907d7b000037a3debb,2.36e-16,2026-02-10T13:40:23+00:00,0xc625ea19c31f5c6d9b411f96d34296ab9049af153dcc6ad4b8509c4d78ca2a00
0x196c00c1b00000000000007c00739ad9faa3ee77,0x0000c7000000003bb9aa5e907d7b000037a3debb,3.9e-17,2026-02-10T13:52:11+00:00,0xf5ec3a45b954d87927c82b37713e5af8bac11b2d7d0e57b2b45629eb9e1b6f36
0x196c00c1b00000000000007c00739ad9faa3ee77,0x0000c7000000003bb9aa5e907d7b000037a3debb,4e-17,2026-02-10T13:52:23+00:00,0xcbbfbe00e250287291fae431018a701b21fa0b8f7c80c908c5933ab34a3466be
0x196c00c1b00000000000007c00739ad9faa3ee77,0x0000c7000000003bb9aa5e907d7b000037a3debb,4.2e-17,2026-02-10T13:52:47+00:00,0x1f46018b715dcfb1bcf1c375ffd04478557d570ae881ff9da1419e611bd0108a
0x196c00c1b00000000000007c00739ad9faa3ee77,0x0000c7000000003bb9aa5e907d7b000037a3debb,4.8e-17,2026-02-10T13:53:59+00:00,0xed7839e76dc5a60ece6bf2e094a30f2f17741e3e4fe4a10973ca1308eef008ba
0x196c00c1b00000000000007c00739ad9faa3ee77,0x0000c7000000003bb9aa5e907d7b000037a3debb,5e-17,2026-02-10T13:54:23+00:00,0x22df9a9f9951d3f0792688569746b0c3be9a8e7d20a56a05d075c9b75e039e4d
0x196c00c1b00000000000007c00739ad9faa3ee77,0x0000c7000000003bb9aa5e907d7b000037a3debb,5.3e-17,2026-02-10T13:54:59+00:00,0x53589c7fc151343b48bb85776d13e1073dbc77e16b856c332b68b1615696a8c7
0x196c00c1b00000000000007c00739ad9faa3ee77,0x0000c7000000003bb9aa5e907d7b000037a3debb,5.5e-17,2026-02-10T13:55:23+00:00,0xa167d27032cda3182e1154e26547d99f5fb24918dbcdfe3f9a86a1b81663dee7
0x196c00c1b00000000000007c00739ad9faa3ee77,0x0000c7000000003bb9aa5e907d7b000037a3debb,5.8e-17,2026-02-10T13:55:59+00:00,0xe09af1352a7cf0d97c74aa974e7a1a616835668bb771d7649eeffcd8476aa58a
0x196c00c1b00000000000007c00739ad9faa3ee77,0x0000c7000000003bb9aa5e907d7b000037a3debb,6.5e-17,2026-02-10T13:57:23+00:00,0xc732c4c98747d57d1d46b88d163a994fa364e5e8a98b8d408a859be51e4c16f9
0x196c00c1b00000000000007c00739ad9faa3ee77,0x0000c7000000003bb9aa5e907d7b000037a3debb,6.6e-17,2026-02-10T13:57:35+00:00,0xab6d7e70d90420af08dcbea757ec50f53c0f559bbbbc35923b5f727fbb61fa28
0x196c00c1b00000000000007c00739ad9faa3ee77,0x0000c7000000003bb9aa5e907d7b000037a3debb,7.1e-17,2026-02-10T13:58:35+00:00,0xf67f0602fdbe005a7ea1662ca60893faf0b24a4827032ebab627e90232246224
0x196c00c1b00000000000007c00739ad9faa3ee77,0x0000c7000000003bb9aa5e907d7b000037a3debb,7.3e-17,2026-02-10T13:58:59+00:00,0xde1a4dead1b9731f35c80ef1f9cfa581655b1617e306acf430917bbe43a1553d
0x196c00c1b00000000000007c00739ad9faa3ee77,0x0000c7000000003bb9aa5e907d7b000037a3debb,7.6e-17,2026-02-10T13:59:35+00:00,0xf33402339881c34866252aabda4718a9acb8d7db3960ae7e70a3d2b4eddb8952
0x196c00c1b00000000000007c00739ad9faa3ee77,0x0000c7000000003bb9aa5e907d7b000037a3debb,1.68e-16,2026-02-10T14:18:11+00:00,0xc84a1a83489d6299a3bba544ab7c1725aa929cd85ccfff35f36a48f433b95c6d
0x196c00c1b00000000000007c00739ad9faa3ee77,0x0000c7000000003bb9aa5e907d7b000037a3debb,1.69e-16,2026-02-10T14:18:23+00:00,0x60525a89bcccd969d2e62249e925119991d5b049710c753c2611d47ce1de1eb6
0x196c00c1b00000000000007c00739ad9faa3ee77,0x0000c7000000003bb9aa5e907d7b000037a3debb,2.17e-16,2026-02-10T14:27:59+00:00,0x3ed95ce9279aabf9149957f52577406af22c4fc3646bb0af8e8674d82e948861
0x196c00c1b00000000000007c00739ad9faa3ee77,0x0000c7000000003bb9aa5e907d7b000037a3debb,2.44e-16,2026-02-10T14:33:23+00:00,0x76fbba458fb289daf3efcffdcab105df5fec4afd38cf4f3bc600d2be1e7f6e20
0x196c00c1b00000000000007c00739ad9faa3ee77,0x0000c7000000003bb9aa5e907d7b000037a3debb,7.7e-17,2026-02-10T14:51:11+00:00,0x661d9411c3a84cbcb55f79196e70db37977503eadc05272b2e975afd8e59274f
0x196c00c1b00000000000007c00739ad9faa3ee77,0x0000c7000000003bb9aa5e907d7b000037a3debb,1.32e-16,2026-02-10T15:02:11+00:00,0x687c9f179b1993d6a2a45d4db8173045d8a1d33f1e79fca69bee839b9d0d8871
0x196c00c1b00000000000007c00739ad9faa3ee77,0x0000c7000000003bb9aa5e907d7b000037a3debb,1.56e-16,2026-02-10T15:06:59+00:00,0x44a8466ff105c4bb0838d45e29d724b4adb1fcf654abc38766f75cd279f6f961
0x196c00c1b00000000000007c00739ad9faa3ee77,0x0000c7000000003bb9aa5e907d7b000037a3debb,2.42e-16,2026-02-10T15:24:11+00:00,0x4ee19b3d38b53e95574c5cec7794773a4400998d34bfbb3c0146ed68f7f024d6
0x196c00c1b00000000000007c00739ad9faa3ee77,0x0000c7000000003bb9aa5e907d7b000037a3debb,2.54e-16,2026-02-10T15:26:47+00:00,0x43e49ecd9c6e3e624edb4c3399d22eb2b3fb3063e3fac6a91fb07a72c44b8d35
0x196c00c1b00000000000007c00739ad9faa3ee77,0x0000c7000000003bb9aa5e907d7b000037a3debb,7e-18,2026-02-10T15:28:35+00:00,0x59ab5d73beea7cd9bb774d6de7fddea7052e028c7120cbbc2ca4eba7b32e8add
0x196c00c1b00000000000007c00739ad9faa3ee77,0x0000c7000000003bb9aa5e907d7b000037a3debb,2.46e-16,2026-02-10T16:16:35+00:00,0x07f5beb266dfa746aa1504ecf7e9f7c03d922187927df2a2b22b5361f7b6135d
0x196c00c1b00000000000007c00739ad9faa3ee77,0x0000c7000000003bb9aa5e907d7b000037a3debb,2.51e-16,2026-02-10T16:17:35+00:00,0x7dadbf04cdb379c367f9c7823491d05db25e2123e4b700512a9f6a8b20a2fd78
0x196c00c1b00000000000007c00739ad9faa3ee77,0x0000c7000000003bb9aa5e907d7b000037a3debb,2.5e-17,2026-02-10T16:23:35+00:00,0xb624278c38771f70e18a24715aab0f35e4113b4fa11d84c08cceecd1873cea80
0x196c00c1b00000000000007c00739ad9faa3ee77,0x0000c7000000003bb9aa5e907d7b000037a3debb,9.7e-17,2026-02-10T16:38:11+00:00,0x19c695a60916386d96a27a6ca7087e884e32f9566dfc2b4133a329a419dd7651
0x196c00c1b00000000000007c00739ad9faa3ee77,0x0000c7000000003bb9aa5e907d7b000037a3debb,1.7e-16,2026-02-10T16:52:47+00:00,0xc0ea784729420a39b9b85ec7847e8b2f882406aa96e880a365849d57512d2387
0x196c00c1b00000000000007c00739ad9faa3ee77,0x0000c7000000003bb9aa5e907d7b000037a3debb,2.38e-16,2026-02-10T17:06:59+00:00,0xc7c90f58937ae80a976c1a9ef7ae25c154939fa03c17d84e7ac1d03113a9d422
0x196c00c1b00000000000007c00739ad9faa3ee77,0x0000c7000000003bb9aa5e907d7b000037a3debb,1.1e-17,2026-02-10T17:12:59+00:00,0x07fdccd6d4099f01dded2a38a3bad934bd2ac9afff148c5db3f007f98ccc1378
0x196c00c1b00000000000007c00739ad9faa3ee77,0x0000c7000000003bb9aa5e907d7b000037a3debb,1.44e-16,2026-02-10T17:39:35+00:00,0xe869dab2efa400bb08c562579b8c5b66b5f2c04803522398aac92ffe7a9e425a
0x196c00c1b00000000000007c00739ad9faa3ee77,0x0000c7000000003bb9aa5e907d7b000037a3debb,1.51e-16,2026-02-10T17:40:59+00:00,0x1ffe9e302cb46ca8fb91bab9f7aead6bd019f1f669a2bbd5aa6a84021ba639b6
0x196c00c1b00000000000007c00739ad9faa3ee77,0x0000c7000000003bb9aa5e907d7b000037a3debb,1.57e-16,2026-02-10T17:42:11+00:00,0xae53af7e00559d717f32e2a99df912a831a026584a306d60689df74a36a84321
0x196c00c1b00000000000007c00739ad9faa3ee77,0x0000c7000000003bb9aa5e907d7b000037a3debb,1.59e-16,2026-02-10T17:42:35+00:00,0xc8802b9ee41553e3b82bbafd0abb442e56409ef7ed6639646477bfbbb55da8cb
0x196c00c1b00000000000007c00739ad9faa3ee77,0x0000c7000000003bb9aa5e907d7b000037a3debb,1.72e-16,2026-02-10T17:45:11+00:00,0x2801cd4c06fd478a91dead8b198618e0c0fece4422fb5cafb77582746fda02b1
0x196c00c1b00000000000007c00739ad9faa3ee77,0x0000c7000000003bb9aa5e907d7b000037a3debb,1.77e-16,2026-02-10T17:46:11+00:00,0xa2268d08127b9536e0941697cb47dc20a1b37581973fc1999699650fca6d3f8c
0x196c00c1b00000000000007c00739ad9faa3ee77,0x0000c7000000003bb9aa5e907d7b000037a3debb,2.09e-16,2026-02-10T17:52:47+00:00,0x0c6138a28f57229c9f25d4c08385b3a53c4db692d61d79e1e11b81b904de310a
0x196c00c1b00000000000007c00739ad9faa3ee77,0x0000c7000000003bb9aa5e907d7b000037a3debb,2.42e-16,2026-02-10T17:59:23+00:00,0x4a441685d0cd3f47cdf6d89131672efe52063e55ecdd24138d9370ea86751119
0x196c00c1b00000000000007c00739ad9faa3ee77,0x0000c7000000003bb9aa5e907d7b000037a3debb,2.46e-16,2026-02-10T18:00:11+00:00,0x268f52c74be0d8446ff87cefe56d15b7f9ea837cf9858630fe0b9a2cd1bb2899
0x196c00c1b00000000000007c00739ad9faa3ee77,0x0000c7000000003bb9aa5e907d7b000037a3debb,1.5e-17,2026-02-10T18:05:11+00:00,0x98a3a1d77789b9cd8472710b2d217337b5576487e214ac81847a745141ec3d28
0x196c00c1b00000000000007c00739ad9faa3ee77,0x0000c7000000003bb9aa5e907d7b000037a3debb,2.3e-17,2026-02-10T18:06:47+00:00,0x92af301cfbbe2809ccc400c6488a556bb427c527d377b958a320a61e95f131d6
0x196c00c1b00000000000007c00739ad9faa3ee77,0x0000c7000000003bb9aa5e907d7b000037a3debb,6.9e-17,2026-02-10T18:16:11+00:00,0xdea3574028b478ac7c7a4f55be1d1194b846bba771fd3b1e5e41dadaa858c5a6
0x196c00c1b00000000000007c00739ad9faa3ee77,0x0000c7000000003bb9aa5e907d7b000037a3debb,8.3e-17,2026-02-10T18:18:59+00:00,0xdad1f6ff81444db8fbd74d746bc8e496e95d10c7ce40df2d6b73f5313f76c3e6
0x196c00c1b00000000000007c00739ad9faa3ee77,0x0000c7000000003bb9aa5e907d7b000037a3debb,1.01e-16,2026-02-10T18:22:35+00:00,0x80f1e098b5fcdc43615d594019df77ffbee2f492e80922c5415d55cdb63c4f96
0x196c00c1b00000000000007c00739ad9faa3ee77,0x0000c7000000003bb9aa5e907d7b000037a3debb,1.23e-16,2026-02-10T18:26:59+00:00,0xd41c88011286651f8d24ac4671d49dd3dcabffd206cbcca41c83f846c11d9055
0x196c00c1b00000000000007c00739ad9faa3ee77,0x0000c7000000003bb9aa5e907d7b000037a3debb,1.4e-16,2026-02-10T18:30:23+00:00,0xe3e173f0e07ae6a8d4331c0ff7fb0417ed3b1d061504e56cb408df4f4f0c5ba7
0x196c00c1b00000000000007c00739ad9faa3ee77,0x0000c7000000003bb9aa5e907d7b000037a3debb,1.86e-16,2026-02-10T18:39:35+00:00,0x89ce48eb14d43d2123e15d24fcb7563f3abc8bd80b6d43a4eb7c6e424059c1a8
0x196c00c1b00000000000007c00739ad9faa3ee77,0x0000c7000000003bb9aa5e907d7b000037a3debb,1.88e-16,2026-02-10T18:39:59+00:00,0x8eec88dfe617c646d18ef66175203321b865b10152e6eb93d3380de9a1e24faf
0x196c00c1b00000000000007c00739ad9faa3ee77,0x0000c7000000003bb9aa5e907d7b000037a3debb,1.98e-16,2026-02-10T18:41:59+00:00,0x64f78d5f9714eaf2ebce02b3b926f256134be04fe071eada22ab29f7f686ac8f
0x196c00c1b00000000000007c00739ad9faa3ee77,0x0000c7000000003bb9aa5e907d7b000037a3debb,2.31e-16,2026-02-10T18:48:35+00:00,0xec5d5853a810b229e76ab91e27da1084e912e241bde629b0941acceaab8bd738
0x196c00c1b00000000000007c00739ad9faa3ee77,0x0000c7000000003bb9aa5e907d7b000037a3debb,2.36e-16,2026-02-10T18:49:35+00:00,0x60ad5ffb59797cf32479fa972cd677ea5d2f5f41d662c8a6d45178323abbf43d
0x196c00c1b00000000000007c00739ad9faa3ee77,0x0000c7000000003bb9aa5e907d7b000037a3debb,2.37e-16,2026-02-10T18:49:47+00:00,0xe40a0bf07f49735f19557d43e4593babaf82d92b3abb3cda32d07d2cedffbe36
0x196c00c1b00000000000007c00739ad9faa3ee77,0x0000c7000000003bb9aa5e907d7b000037a3debb,2.48e-16,2026-02-10T18:51:59+00:00,0xcc2be7c68227df122018427a43f6914d993aca848fe98c6b7d35a8e96a89f344
0x196c00c1b00000000000007c00739ad9faa3ee77,0x0000c7000000003bb9aa5e907d7b000037a3debb,2.54e-16,2026-02-10T18:53:11+00:00,0x1a4cb4a581e908bc2269e9d0b51074d837557e6aa1ffc31380a73e1db97954e0
0x196c00c1b00000000000007c00739ad9faa3ee77,0x0000c7000000003bb9aa5e907d7b000037a3debb,3e-18,2026-02-10T18:54:11+00:00,0xc68cab6fdbaff03339317e12626aab9cd8bbd530c1ee22981116a306e806a546
0x196c00c1b00000000000007c00739ad9faa3ee77,0x0000c7000000003bb9aa5e907d7b000037a3debb,5e-18,2026-02-10T18:54:35+00:00,0x642dbff998ac103e9f06bd41d118e85fd7de049669a94a219b90f15171b5cc55
0x196c00c1b00000000000007c00739ad9faa3ee77,0x0000c7000000003bb9aa5e907d7b000037a3debb,8e-18,2026-02-10T18:55:11+00:00,0x3c7b4c3f4574b41a8e1dd959cecc82bd8f03b9b9e0c68b47cd8c5ce368833f9d
0x196c00c1b00000000000007c00739ad9faa3ee77,0x0000c7000000003bb9aa5e907d7b000037a3debb,1e-17,2026-02-10T18:55:35+00:00,0x2a9649d7f481d743266d78a911ab0150bb7f4335ce2d17ba3d241f22acecdec0
0x196c00c1b00000000000007c00739ad9faa3ee77,0x0000c7000000003bb9aa5e907d7b000037a3debb,1.3e-17,2026-02-10T18:56:11+00:00,0x7db5f1e5413eac0f457bf9e162ab6879b536f62ada60f52c5c4f7bd30017b403
0x196c00c1b00000000000007c00739ad9faa3ee77,0x0000c7000000003bb9aa5e907d7b000037a3debb,1.6e-17,2026-02-10T18:56:47+00:00,0x54a58736b59b26b90ea4a154ec222d12c37870d06d1efa1cf562e9a2c879562b
0x196c00c1b00000000000007c00739ad9faa3ee77,0x0000c7000000003bb9aa5e907d7b000037a3debb,1.7e-17,2026-02-10T18:56:59+00:00,0x71cf8af83a26c2ad6a7811c556ed3abf43924e24f3c6d296e460d5bf2ca9e3b5
0x196c00c1b00000000000007c00739ad9faa3ee77,0x0000c7000000003bb9aa5e907d7b000037a3debb,1.8e-17,2026-02-10T18:57:11+00:00,0xb1861fff7ad9a9c1e78652bcd44c89edcd8c75927088c6c373e44a94e5172c1d
0x196c00c1b00000000000007c00739ad9faa3ee77,0x0000c7000000003bb9aa5e907d7b000037a3debb,3e-17,2026-02-10T18:59:35+00:00,0xc0fd2503e281014b6a64c033de6f1f041e3a07442f5b0d06f79aec46b1451b9c
0x196c00c1b00000000000007c00739ad9faa3ee77,0x0000c7000000003bb9aa5e907d7b000037a3debb,3.6e-17,2026-02-10T19:00:47+00:00,0x94ba2cacda890e6e65c7a5c2bc1ce4716abc5384d986b199291720bc02985244
0x196c00c1b00000000000007c00739ad9faa3ee77,0x0000c7000000003bb9aa5e907d7b000037a3debb,3.8e-17,2026-02-10T19:01:11+00:00,0x334be5fd4bb9df4392680ea307610365ac1d2f1186eecf18d38a361924b5d52f
0x196c00c1b00000000000007c00739ad9faa3ee77,0x0000c7000000003bb9aa5e907d7b000037a3debb,4e-17,2026-02-10T19:01:35+00:00,0x6d1b9e59985ebb4293c7177b47a75988d15244345f948fb742da3bd9fb07e359
0x196c00c1b00000000000007c00739ad9faa3ee77,0x0000c7000000003bb9aa5e907d7b000037a3debb,4.3e-17,2026-02-10T19:02:11+00:00,0x86fde5584d8f3f96c7eca5f3b9120213de343b41bdea80415d5c81c44c0a24dc
0x196c00c1b00000000000007c00739ad9faa3ee77,0x0000c7000000003bb9aa5e907d7b000037a3debb,4.7e-17,2026-02-10T19:02:59+00:00,0x6b17702efe4af8c48e66a2623173604fa27f2658cabe6972512f8864849100a3
0x196c00c1b00000000000007c00739ad9faa3ee77,0x0000c7000000003bb9aa5e907d7b000037a3debb,6.1e-17,2026-02-10T19:05:47+00:00,0xb54b5dadf5dbcdc26d8a0760de8a84399ba918d7ab70c276676e8db59a1d9567
0x196c00c1b00000000000007c00739ad9faa3ee77,0x0000c7000000003bb9aa5e907d7b000037a3debb,1.19e-16,2026-02-10T19:17:35+00:00,0x1ab8e5c82a44d920d92735dbc5be6e62e7d81e49b470a92768c0269df335cd7c
0x196c00c1b00000000000007c00739ad9faa3ee77,0x0000c7000000003bb9aa5e907d7b000037a3debb,1.49e-16,2026-02-10T19:23:47+00:00,0x13bbe6ee0931a2cdad6ecd1c9cb8c22bae8f7de4d79235f132e6f98b1aaaa9e0
0x196c00c1b00000000000007c00739ad9faa3ee77,0x0000c7000000003bb9aa5e907d7b000037a3debb,2.43e-16,2026-02-10T19:42:35+00:00,0xa696862ab1ead72d07f58659d67b2fef0ec30c3f7253c855f28b8a7aeeb74349
0x196c00c1b00000000000007c00739ad9faa3ee77,0x0000c7000000003bb9aa5e907d7b000037a3debb,1.07e-16,2026-02-10T20:06:47+00:00,0x534d43e261fe2df1be55e8991a3084005507db53a6de543644d6aba10dc40c1a
0x196c00c1b00000000000007c00739ad9faa3ee77,0x0000c7000000003bb9aa5e907d7b000037a3debb,1.09e-16,2026-02-10T20:07:11+00:00,0x993ac01808845c2b0e9df457a0946313a56f27f4c83fffcd2918eb563532ed77
0x196c00c1b00000000000007c00739ad9faa3ee77,0x0000c7000000003bb9aa5e907d7b000037a3debb,1.3e-16,2026-02-10T20:11:23+00:00,0x44565a7e9be704bbf1814f2a31cbc2bfe9901f29697e4857e0d712ddfc3ad2c3
0x196c00c1b00000000000007c00739ad9faa3ee77,0x0000c7000000003bb9aa5e907d7b000037a3debb,2.23e-16,2026-02-10T20:30:23+00:00,0xeb67f9b4267a0404da8c14c8a2d4a263ad7e8db2979af58a483522cf9f258687
0x196c00c1b00000000000007c00739ad9faa3ee77,0x0000c7000000003bb9aa5e907d7b000037a3debb,2.45e-16,2026-02-10T20:34:59+00:00,0x8d9dc615d5ac47ea79a711eb597f59f4b625f3294ed7f7ba5e116feb3dca3e08
0x196c00c1b00000000000007c00739ad9faa3ee77,0x0000c7000000003bb9aa5e907d7b000037a3debb,1.5e-17,2026-02-10T20:40:11+00:00,0x535e8ccca20c871d4ebb5a8a6cacd114ea937ef096ac1f9c4573e2cd3d73fe7b
0x196c00c1b00000000000007c00739ad9faa3ee77,0x0000c7000000003bb9aa5e907d7b000037a3debb,6.8e-17,2026-02-10T20:50:59+00:00,0x2efd12d84c916add17c3739833e0450d3ec2b278a76ae6777e7f3bd0801cecbe
0x196c00c1b00000000000007c00739ad9faa3ee77,0x0000c7000000003bb9aa5e907d7b000037a3debb,1.05e-16,2026-02-10T20:58:23+00:00,0xc6579a6307795dd5171b381c2cc94c10034813aad35210874164c319d490e958
0x196c00c1b00000000000007c00739ad9faa3ee77,0x0000c7000000003bb9aa5e907d7b000037a3debb,1.12e-16,2026-02-10T20:59:47+00:00,0x7e9e13fc412a011cb6a51c4bd2ff2204396dc4e36aa996b8ab5a3b84ef5b6ec7
0x196c00c1b00000000000007c00739ad9faa3ee77,0x0000c7000000003bb9aa5e907d7b000037a3debb,1.4e-16,2026-02-10T21:05:35+00:00,0xe57e3754abbee88e2ea1ab3efdf5be876e1a369f8782c924a3655b5cfaa61834
0x196c00c1b00000000000007c00739ad9faa3ee77,0x0000c7000000003bb9aa5e907d7b000037a3debb,1.94e-16,2026-02-10T21:16:23+00:00,0xe609250c9e47aba5af15e0e94396321323565f5df20554a79d46bd40a297684b
0x196c00c1b00000000000007c00739ad9faa3ee77,0x0000c7000000003bb9aa5e907d7b000037a3debb,2.25e-16,2026-02-10T21:22:35+00:00,0xb035106c777ef38af4c62386148d165be8848a56a34d02d8ebe61653442c4c76
0x196c00c1b00000000000007c00739ad9faa3ee77,0x0000c7000000003bb9aa5e907d7b000037a3debb,2.4e-16,2026-02-10T21:25:35+00:00,0x2ff80340015d36d65bbe5ede181b51662bf9ae93baf22c007c6e3b6c47a20637
0x196c00c1b00000000000007c00739ad9faa3ee77,0x0000c7000000003bb9aa5e907d7b000037a3debb,2.47e-16,2026-02-10T21:26:59+00:00,0x9124670c6fc91fabdcf46f91a04a01f8147577b5ad44ad3aae96abb6a32e19d9
0x196c00c1b00000000000007c00739ad9faa3ee77,0x0000c7000000003bb9aa5e907d7b000037a3debb,2.51e-16,2026-02-10T21:27:47+00:00,0xf5cda6aead80532398c998e8a67254e68a1944d400f4425feefc8ded6a7f405d
0x196c00c1b00000000000007c00739ad9faa3ee77,0x0000c7000000003bb9aa5e907d7b000037a3debb,2.52e-16,2026-02-10T21:27:59+00:00,0x32561bed3d443955368faa6821bc4f0d654752baeb57418243cc29cd7c3f72f9
0x196c00c1b00000000000007c00739ad9faa3ee77,0x0000c7000000003bb9aa5e907d7b000037a3debb,2e-18,2026-02-10T21:29:11+00:00,0x63c23f1098e4fbfd7e19b19e0f00dd04330117675cf7559b94ff9073add14384
0x196c00c1b00000000000007c00739ad9faa3ee77,0x0000c7000000003bb9aa5e907d7b000037a3debb,2.5e-17,2026-02-10T21:33:47+00:00,0x9e03becfc2b1970a490cf6fdbcd4036059c4665bcbe6a5cce495f16960ff60cc
0x196c00c1b00000000000007c00739ad9faa3ee77,0x0000c7000000003bb9aa5e907d7b000037a3debb,3.2e-17,2026-02-10T21:35:11+00:00,0x7ad2496d951aca700d09b3fdf5f1793eaae131a00951ac71dc38de5648a06513
0x196c00c1b00000000000007c00739ad9faa3ee77,0x0000c7000000003bb9aa5e907d7b000037a3debb,3.3e-17,2026-02-10T21:35:23+00:00,0x48d00aecf99d3e7923442fe973e622c9b742010037e14151b0a2b7edff1119de
0x196c00c1b00000000000007c00739ad9faa3ee77,0x0000c7000000003bb9aa5e907d7b000037a3debb,8.3e-17,2026-02-10T21:45:23+00:00,0x7af0b3a23d6fd6a41572b135df9d3316c90551ed3e8070a39545569b65227ac0
0x196c00c1b00000000000007c00739ad9faa3ee77,0x0000c7000000003bb9aa5e907d7b000037a3debb,1.03e-16,2026-02-10T21:49:23+00:00,0xeeb8c02d4effb1f939970baf5a0c15566fbd7369c54e47597db29e2bb0bae40b
0x196c00c1b00000000000007c00739ad9faa3ee77,0x0000c7000000003bb9aa5e907d7b000037a3debb,1.51e-16,2026-02-10T21:59:11+00:00,0xd59a3b4ff1ac1fea6ec7894f890db0804e5b856698708ea64b5ad012e5287946
0x196c00c1b00000000000007c00739ad9faa3ee77,0x0000c7000000003bb9aa5e907d7b000037a3debb,1.54e-16,2026-02-10T21:59:47+00:00,0xe2360bc67df4bc01542b509a7a89604354b6653a95c954851d30b246f125a135
0x196c00c1b00000000000007c00739ad9faa3ee77,0x0000c7000000003bb9aa5e907d7b000037a3debb,1.59e-16,2026-02-10T22:00:47+00:00,0xaceb499572bedf7b0e707633e60d278f85f0bd3c80e94ea1ae5937b3b8cd9b72
0x196c00c1b00000000000007c00739ad9faa3ee77,0x0000c7000000003bb9aa5e907d7b000037a3debb,1.88e-16,2026-02-10T22:06:35+00:00,0x297c2dfb8cdc5a633f5a1e8707bb0524bd313b7e9e6df874dcf53b66d81bf52b
0x196c00c1b00000000000007c00739ad9faa3ee77,0x0000c7000000003bb9aa5e907d7b000037a3debb,1.94e-16,2026-02-10T22:07:47+00:00,0x4a1946be2e8f813f0084efb83c12b13f3f3df3aca58c24a2fc584f30aeb8ca43
0x196c00c1b00000000000007c00739ad9faa3ee77,0x0000c7000000003bb9aa5e907d7b000037a3debb,2.03e-16,2026-02-10T22:09:47+00:00,0x5f557a71b1ef70d31e0d87867df3c95061ddcde7b6d299fc55336b4c4c2dc14e
0x196c00c1b00000000000007c00739ad9faa3ee77,0x0000c7000000003bb9aa5e907d7b000037a3debb,1e-17,2026-02-10T22:22:23+00:00,0x903097cd16863120b6b84b12d418a12f3545b1d77a775aa3805fb28d04af32aa
0x196c00c1b00000000000007c00739ad9faa3ee77,0x0000c7000000003bb9aa5e907d7b000037a3debb,2.9e-17,2026-02-10T22:26:11+00:00,0x54e4a2b77116ac846248156b235b7f4cd1a4a96d16df2490e0b0dc513c9bcfb9
0x196c00c1b00000000000007c00739ad9faa3ee77,0x0000c7000000003bb9aa5e907d7b000037a3debb,5.4e-17,2026-02-10T22:31:11+00:00,0xf3361c829378a01162cccda8d7b01fd6c086d4ec221ab80ac07e21fcc8e8c72a
0x196c00c1b00000000000007c00739ad9faa3ee77,0x0000c7000000003bb9aa5e907d7b000037a3debb,5.8e-17,2026-02-10T22:31:59+00:00,0x0b1623ebd2a5c2069f217277f1a32111e3f6efd9aac248ce0d2caeefc033a888
0x196c00c1b00000000000007c00739ad9faa3ee77,0x0000c7000000003bb9aa5e907d7b000037a3debb,6e-17,2026-02-10T22:32:23+00:00,0xdf71514ed4cb8be95a1458e6dd7a68ab82ea704d83ec06b73b112a48d168a051
0x196c00c1b00000000000007c00739ad9faa3ee77,0x0000c7000000003bb9aa5e907d7b000037a3debb,6.4e-17,2026-02-10T22:33:11+00:00,0x4685a407f86bf10866fcc7c680cbb8ece1ef0386eb5acab8991775160df49b66
0x196c00c1b00000000000007c00739ad9faa3ee77,0x0000c7000000003bb9aa5e907d7b000037a3debb,8.6e-17,2026-02-10T22:37:35+00:00,0x219663ea7755d1a56d853f677589256937a4cba0d7f5a5ad203a1541592b113e
0x196c00c1b00000000000007c00739ad9faa3ee77,0x0000c7000000003bb9aa5e907d7b000037a3debb,8.7e-17,2026-02-10T22:37:47+00:00,0x818d706038a87b8469ff0923fa832ed616282a3ee809d6184d46b72491f725ca
0x196c00c1b00000000000007c00739ad9faa3ee77,0x0000c7000000003bb9aa5e907d7b000037a3debb,1.14e-16,2026-02-10T22:43:11+00:00,0xbdea678ec35cd96375397dca8952a4c4f731bbd98a2f87968033826140d0fd23
0x196c00c1b00000000000007c00739ad9faa3ee77,0x0000c7000000003bb9aa5e907d7b000037a3debb,1.22e-16,2026-02-10T22:44:47+00:00,0x7d0886b312f74e8b005841100e7f8107c97a545bdfbba9ddbf0f40c79e5f4a74
0x196c00c1b00000000000007c00739ad9faa3ee77,0x0000c7000000003bb9aa5e907d7b000037a3debb,1.24e-16,2026-02-10T22:45:11+00:00,0x07107d004fe8e2dee8fe3b3179214718458852bb70dc5b6e041428d6fc13c055
0x196c00c1b00000000000007c00739ad9faa3ee77,0x0000c7000000003bb9aa5e907d7b000037a3debb,1.61e-16,2026-02-10T22:52:35+00:00,0x55710e7d425f8119d443771bbcdc196b526018a8b59bc47c763638c78d45f927
0x196c00c1b00000000000007c00739ad9faa3ee77,0x0000c7000000003bb9aa5e907d7b000037a3debb,1.63e-16,2026-02-10T22:52:59+00:00,0xfbedb7c5fef4f42459e63b25a83b37309d23c83b4f8844123682a859ec9ca425
0x196c00c1b00000000000007c00739ad9faa3ee77,0x0000c7000000003bb9aa5e907d7b000037a3debb,1.64e-16,2026-02-10T22:53:11+00:00,0xcf9ec8b255542479dadf4c3ce53ec6261b3a2da024b1c1037b2cee3dfeff97fe
0x196c00c1b00000000000007c00739ad9faa3ee77,0x0000c7000000003bb9aa5e907d7b000037a3debb,1.72e-16,2026-02-10T22:54:47+00:00,0x1d7011765db3ac81e09836314d51cc6dfbbf9359ce1d9fb168d6c5fdade94144
0x196c00c1b00000000000007c00739ad9faa3ee77,0x0000c7000000003bb9aa5e907d7b000037a3debb,1.8e-16,2026-02-10T22:56:23+00:00,0x3676a5ebbaf4e897c0f37c2603341b7eb54906a795c61e42ba69b102becb90d4
0x196c00c1b00000000000007c00739ad9faa3ee77,0x0000c7000000003bb9aa5e907d7b000037a3debb,1.89e-16,2026-02-10T22:58:11+00:00,0x86386efa048c5c39e946ea53aed1c50ea2afba9899b9b03a06c241eafd43fa79
0x196c00c1b00000000000007c00739ad9faa3ee77,0x0000c7000000003bb9aa5e907d7b000037a3debb,2.02e-16,2026-02-10T23:00:47+00:00,0xf6812d555b5158062529742f63ef74a145679b3a84250305297d1a84a6111f36
0x196c00c1b00000000000007c00739ad9faa3ee77,0x0000c7000000003bb9aa5e907d7b000037a3debb,3.8e-17,2026-02-10T23:19:11+00:00,0xc48c89617a1b6b1479c010c08c8b8bf9bfc1bc0b0047da89640326d5435aa48a
0x196c00c1b00000000000007c00739ad9faa3ee77,0x0000c7000000003bb9aa5e907d7b000037a3debb,5.5e-17,2026-02-10T23:22:35+00:00,0x9bf3d78ffe6b89e20b3ab5b07c974afcbfbe3b362bd014e8ed9dc05af1b7f8dc
0x196c00c1b00000000000007c00739ad9faa3ee77,0x0000c7000000003bb9aa5e907d7b000037a3debb,6.4e-17,2026-02-10T23:24:23+00:00,0xb6158d233e9852c8a7a382121a7fde63a810f299dca89985e37ca4ca592e5cbd
0x196c00c1b00000000000007c00739ad9faa3ee77,0x0000c7000000003bb9aa5e907d7b000037a3debb,7.6e-17,2026-02-10T23:26:59+00:00,0x87d5be5f67900cc40945dafe0db6f6d96235a6d9c97d4fa8ee10d51a14b02e48
0x196c00c1b00000000000007c00739ad9faa3ee77,0x0000c7000000003bb9aa5e907d7b000037a3debb,8.5e-17,2026-02-10T23:28:47+00:00,0xde6bfec2460a6ecef54d9c123da72007279d49a39ac3cc97f51197e2ec785355
0x196c00c1b00000000000007c00739ad9faa3ee77,0x0000c7000000003bb9aa5e907d7b000037a3debb,9.1e-17,2026-02-10T23:29:59+00:00,0xfa97018bb5e460794f0edbcf75f1b2f0a87655d1b20523737abab0ebc8587d1a
0x196c00c1b00000000000007c00739ad9faa3ee77,0x0000c7000000003bb9aa5e907d7b000037a3debb,1.31e-16,2026-02-10T23:37:59+00:00,0x0547111f44a34396f07628d32b202790769eae4a885ce3ff7b0bad7af26a5c73
0x196c00c1b00000000000007c00739ad9faa3ee77,0x0000c7000000003bb9aa5e907d7b000037a3debb,1.33e-16,2026-02-10T23:38:23+00:00,0x0ad7204f7e4d664d0f3e8e3b6a92a560d5d18918d3957a61333d0ce8cb5cfe5b
0x196c00c1b00000000000007c00739ad9faa3ee77,0x0000c7000000003bb9aa5e907d7b000037a3debb,1.34e-16,2026-02-10T23:38:35+00:00,0xe12ff0e887c7684daf212ca67cbde0cc751d9079a6b218b0da3c41a0d365b020
0x196c00c1b00000000000007c00739ad9faa3ee77,0x0000c7000000003bb9aa5e907d7b000037a3debb,1.37e-16,2026-02-10T23:39:11+00:00,0x88dcada82302e439c5292fdefe64352d1d3ddae3f62f12cf89f97e7e988a0ac0
0x196c00c1b00000000000007c00739ad9faa3ee77,0x0000c7000000003bb9aa5e907d7b000037a3debb,1.41e-16,2026-02-10T23:39:59+00:00,0x0aafbca60c7a825d2bd94259d599726288d3b5758abfa4061288d4002e5542b1
0x196c00c1b00000000000007c00739ad9faa3ee77,0x0000c7000000003bb9aa5e907d7b000037a3debb,1.42e-16,2026-02-10T23:40:11+00:00,0xea0d1dacbb1f007aa9af7615c949f4a47c3759ee01b32d385a8344471b8f2d8e
0x196c00c1b00000000000007c00739ad9faa3ee77,0x0000c7000000003bb9aa5e907d7b000037a3debb,1.49e-16,2026-02-10T23:41:35+00:00,0x0f4fbd412eb5aa74fb4d2d9f9d29c1fcbddba244c04da6ae18c862df442cf86d
0x196c00c1b00000000000007c00739ad9faa3ee77,0x0000c7000000003bb9aa5e907d7b000037a3debb,1.6e-16,2026-02-10T23:43:47+00:00,0xd4bcd3396d8ef2dc9ed7a0d5ec161c1040cb8fe97592c232a027279c109caac1
0x196c00c1b00000000000007c00739ad9faa3ee77,0x0000c7000000003bb9aa5e907d7b000037a3debb,1.73e-16,2026-02-10T23:46:23+00:00,0x65b24468939d2efa9bd02de9eb32f7ec6df8311cc4d70aaed7e8ede4de945fc6
0x196c00c1b00000000000007c00739ad9faa3ee77,0x0000c7000000003bb9aa5e907d7b000037a3debb,1.93e-16,2026-02-10T23:50:23+00:00,0xd2c65a07d87c8b37c049fac93346975a59c40fe2693a35167b3095331fb85dc5
0x196c00c1b00000000000007c00739ad9faa3ee77,0x0000c7000000003bb9aa5e907d7b000037a3debb,2.26e-16,2026-02-10T23:56:59+00:00,0x32617f350bba61a82a75489a7c05e32897bd5011588dbfa19089ccbf616a6b0a
0x196c00c1b00000000000007c00739ad9faa3ee77,0x0000c7000000003bb9aa5e907d7b000037a3debb,2.28e-16,2026-02-10T23:57:23+00:00,0x1fa3b7d0cbf4e58c8af58bca262df80a0890c702a5a0756b71362b49c9d81658
0x196c00c1b00000000000007c00739ad9faa3ee77,0x0000c7000000003bb9aa5e907d7b000037a3debb,2.38e-16,2026-02-10T23:59:23+00:00,0x2fe7601ec1bdadae7bdcba995a5934994123c5142fcf413cc6089b3d1dcc16da
0x196c00c1b00000000000007c00739ad9faa3ee77,0x0000c7000000003bb9aa5e907d7b000037a3debb,2.4e-16,2026-02-10T23:59:47+00:00,0x0966d5d116c595cc33c1082ebd35f1d1914c2a4acf49af65dee53d30c2840530
0x196c00c1b00000000000007c00739ad9faa3ee77,0x0000c7000000003bb9aa5e907d7b000037a3debb,2.55e-16,2026-02-11T00:02:47+00:00,0x251db3a65f20b3c7440699c907251605b8194f2c13f0e3c8e6c2058fb61c8e47
0x196c00c1b00000000000007c00739ad9faa3ee77,0x0000c7000000003bb9aa5e907d7b000037a3debb,5e-18,2026-02-11T00:04:11+00:00,0xb8131b9452cceb8b30820f079741b1c2c7b1ea644339bfb48d8225cd75b13f0c
0x196c00c1b00000000000007c00739ad9faa3ee77,0x0000c7000000003bb9aa5e907d7b000037a3debb,7e-18,2026-02-11T00:04:35+00:00,0xce28f989aa943adea4b553f1ab0ca1f6f91385bf2819957f07d28b35212daa9b
0x196c00c1b00000000000007c00739ad9faa3ee77,0x0000c7000000003bb9aa5e907d7b000037a3debb,2.6e-17,2026-02-11T00:08:23+00:00,0x9ad6e5a5ad7c7e2aabafe6e97e5b04aa8e7d82cabcdc25ff7d992e9b045bbe0a
0x196c00c1b00000000000007c00739ad9faa3ee77,0x0000c7000000003bb9aa5e907d7b000037a3debb,2.8e-17,2026-02-11T00:08:47+00:00,0x6a3f76692292c5a42e904550b42e5da65982282013ec3192aa546a7a116c2044
0x196c00c1b00000000000007c00739ad9faa3ee77,0x0000c7000000003bb9aa5e907d7b000037a3debb,4.5e-17,2026-02-11T00:12:11+00:00,0x741ace0df907481e240f416fe396cee046fc83aa4b9a00c0d706b1ce4fe75a5b
0x196c00c1b00000000000007c00739ad9faa3ee77,0x0000c7000000003bb9aa5e907d7b000037a3debb,5.6e-17,2026-02-11T00:14:23+00:00,0x885972557724e4655a73d7ff1c86b6a61fc8ce9a26af822fa7deb72c1fa98bfe
0x196c00c1b00000000000007c00739ad9faa3ee77,0x0000c7000000003bb9aa5e907d7b000037a3debb,7.7e-17,2026-02-11T00:18:47+00:00,0xc4f24ea38ba0fc13100f9fbfb1c89d318bc8fe1df46717dfffcff0e312c6433f
0x196c00c1b00000000000007c00739ad9faa3ee77,0x0000c7000000003bb9aa5e907d7b000037a3debb,9e-17,2026-02-11T00:21:35+00:00,0x8cc81d24826e3f41726dbfd8a10ec873c7ad2039815ac71bca1174ab6d6de7a6
0x196c00c1b00000000000007c00739ad9faa3ee77,0x0000c7000000003bb9aa5e907d7b000037a3debb,1.08e-16,2026-02-11T00:25:23+00:00,0x2a7df105d42aebf1ef759578147f6a8c6443d728f4e0f61086c6dd31f9234baa
0x196c00c1b00000000000007c00739ad9faa3ee77,0x0000c7000000003bb9aa5e907d7b000037a3debb,1.09e-16,2026-02-11T00:25:35+00:00,0x77d97d7285dc6a8eff66b995b1d54632774865bc5ab4463bdddf3d6fcd8d403b
0x196c00c1b00000000000007c00739ad9faa3ee77,0x0000c7000000003bb9aa5e907d7b000037a3debb,1.86e-16,2026-02-11T00:41:11+00:00,0x9d1e7e0eba81151f8182bb64f907e39cfe47d4e16a6b7b9c5ec01327bcc56b41
0x196c00c1b00000000000007c00739ad9faa3ee77,0x0000c7000000003bb9aa5e907d7b000037a3debb,2.08e-16,2026-02-11T00:45:35+00:00,0x51382e8f2015f026a4689eb9d36480c9a5de1f1b10435874a579b41e16e8fa41
0x196c00c1b00000000000007c00739ad9faa3ee77,0x0000c7000000003bb9aa5e907d7b000037a3debb,2.1e-16,2026-02-11T00:45:59+00:00,0xb5451508812342f0af1d062e7048daaff860ba7f5ac7de924c0b293c3e1edb0c
0x196c00c1b00000000000007c00739ad9faa3ee77,0x0000c7000000003bb9aa5e907d7b000037a3debb,2.14e-16,2026-02-11T00:46:47+00:00,0x9043b30353213df048554cd45180c35de282088da9e1f6d275c97bfe92ef7346
0x196c00c1b00000000000007c00739ad9faa3ee77,0x0000c7000000003bb9aa5e907d7b000037a3debb,2.18e-16,2026-02-11T00:47:35+00:00,0x2bf28231ea365d333af38bc8a570c4c21dac76681fd5a80017e23a645c7bf200
0x196c00c1b00000000000007c00739ad9faa3ee77,0x0000c7000000003bb9aa5e907d7b000037a3debb,2.2e-16,2026-02-11T00:47:59+00:00,0x23bbe9590b4bd7e5a039891e9a42c6b488fc2ab40830179cc18febb46673c495
0x196c00c1b00000000000007c00739ad9faa3ee77,0x0000c7000000003bb9aa5e907d7b000037a3debb,2.25e-16,2026-02-11T00:48:59+00:00,0x35faefbfa1214392b96d529a81365031d754ea2e2cd6ff1a358ceb644a0759f9
0x196c00c1b00000000000007c00739ad9faa3ee77,0x0000c7000000003bb9aa5e907d7b000037a3debb,2.27e-16,2026-02-11T00:49:23+00:00,0x52ed10ac7a77737522f46f89c2dd83521a30adc9b27e40f3a3b83919523c53c5
0x196c00c1b00000000000007c00739ad9faa3ee77,0x0000c7000000003bb9aa5e907d7b000037a3debb,2.31e-16,2026-02-11T00:50:11+00:00,0xcd643369c330a3e7e66c5ab43efb848282d105cb66c567c2b0136d1582e791cb
0x196c00c1b00000000000007c00739ad9faa3ee77,0x0000c7000000003bb9aa5e907d7b000037a3debb,2.32e-16,2026-02-11T00:50:23+00:00,0x9e56c701b9e0d8477277aec68fe50b994c31e72c224feddbf8f4a78bc3c36d7a
0x196c00c1b00000000000007c00739ad9faa3ee77,0x0000c7000000003bb9aa5e907d7b000037a3debb,2.33e-16,2026-02-11T00:50:47+00:00,0x6348b8f894592aad2a3f3a78ca0a58464510380ea333874d80d224c3fe32a76c
0x196c00c1b00000000000007c00739ad9faa3ee77,0x0000c7000000003bb9aa5e907d7b000037a3debb,2.35e-16,2026-02-11T00:51:11+00:00,0x953647fdf249e14b7c51a1d3fe73647f75b462fecb05064730efd60f3381cde2
0x196c00c1b00000000000007c00739ad9faa3ee77,0x0000c7000000003bb9aa5e907d7b000037a3debb,2.38e-16,2026-02-11T00:51:47+00:00,0xeb68e841d282292728bc01714440f5ff835357246ec3d7dac24ba2b0284d851f
0x196c00c1b00000000000007c00739ad9faa3ee77,0x0000c7000000003bb9aa5e907d7b000037a3debb,2.42e-16,2026-02-11T00:52:35+00:00,0x041facb2a10a97f63322ad78c28b1438a5b91cda6d339d720d3fc9c59a229288
0x196c00c1b00000000000007c00739ad9faa3ee77,0x0000c7000000003bb9aa5e907d7b000037a3debb,2.45e-16,2026-02-11T00:53:11+00:00,0xdad522883b6276879d3c1cc9eef350b2917842ed206a23de5a5ce50b1a223505
0x196c00c1b00000000000007c00739ad9faa3ee77,0x0000c7000000003bb9aa5e907d7b000037a3debb,2.46e-16,2026-02-11T00:53:23+00:00,0x7fb8cd7daaa2ec33ec2feae0fea2fec10de5216d26b3bfd6d0a8706ef8d3aa46
0x196c00c1b00000000000007c00739ad9faa3ee77,0x0000c7000000003bb9aa5e907d7b000037a3debb,2.48e-16,2026-02-11T00:53:47+00:00,0xc9c4dc58f39b75d685d8b178cc2bdc932810132c093f69f8b294b3cc7815514a
0x196c00c1b00000000000007c00739ad9faa3ee77,0x0000c7000000003bb9aa5e907d7b000037a3debb,2.51e-16,2026-02-11T00:54:23+00:00,0x96b027a2bcd26b9defa3bae5e7ae305ea7bd788fede0299d530ab3bbeff6d391
0x196c00c1b00000000000007c00739ad9faa3ee77,0x0000c7000000003bb9aa5e907d7b000037a3debb,2.53e-16,2026-02-11T00:54:47+00:00,0x52e9c0da02b060443de9b283fd4c6f796a67226e325678590f67badf76c164f5
0x196c00c1b00000000000007c00739ad9faa3ee77,0x0000c7000000003bb9aa5e907d7b000037a3debb,2.55e-16,2026-02-11T00:55:11+00:00,0xa01c887bbce837c59efd95b9e59853cb46bcc146bbf7c3b6065b78d2a0f9e134
0x196c00c1b00000000000007c00739ad9faa3ee77,0x0000c7000000003bb9aa5e907d7b000037a3debb,0.0,2026-02-11T00:55:23+00:00,0x88f3229f0c3c84a668c5f71b2909f39d4581f57e8b47f28364715655d3041b67
0x196c00c1b00000000000007c00739ad9faa3ee77,0x0000c7000000003bb9aa5e907d7b000037a3debb,2e-18,2026-02-11T00:55:47+00:00,0x1f737738c1555b7acc7e282b5a258f34bf0d8988c94f75d7addda63ad49c082b
0x196c00c1b00000000000007c00739ad9faa3ee77,0x0000c7000000003bb9aa5e907d7b000037a3debb,3e-18,2026-02-11T00:55:59+00:00,0xc08d075a631f2fe333865d5074f8b52d106db6a4f4b29056ad894a595467e7cc
0x196c00c1b00000000000007c00739ad9faa3ee77,0x0000c7000000003bb9aa5e907d7b000037a3debb,5e-18,2026-02-11T00:56:23+00:00,0xf1d109c98563e8c7f31bebf840caad6e2be84110ccb7517a18792afc8d408ed3
0x196c00c1b00000000000007c00739ad9faa3ee77,0x0000c7000000003bb9aa5e907d7b000037a3debb,1e-17,2026-02-11T00:57:23+00:00,0x226a71ed23878f130556321471a71f7909813c425691a77df32676d88a4dd10e
0x196c00c1b00000000000007c00739ad9faa3ee77,0x0000c7000000003bb9aa5e907d7b000037a3debb,1.4e-17,2026-02-11T00:58:11+00:00,0x591012a53c805c8ef7a03e41b2edaa4463d50d3bc00f081222c7876f76d97086
0x196c00c1b00000000000007c00739ad9faa3ee77,0x0000c7000000003bb9aa5e907d7b000037a3debb,1.6e-17,2026-02-11T00:58:35+00:00,0xe40f8be0823efbf2aa3003b211ea0ec4c52f5f0495299618c902320cb33a0268
0x196c00c1b00000000000007c00739ad9faa3ee77,0x0000c7000000003bb9aa5e907d7b000037a3debb,1.7e-17,2026-02-11T00:58:47+00:00,0x69b2a6d02f3698f6d71c587f6aa44cc64dcee4024fd9fd0acaa6a8923622006f
0x196c00c1b00000000000007c00739ad9faa3ee77,0x0000c7000000003bb9aa5e907d7b000037a3debb,1.8e-17,2026-02-11T00:58:59+00:00,0xaef9f29f35ab470a8938ea3f6f4cef7c4afd7a2f67aec0f3326e10c167dea0da
0x196c00c1b00000000000007c00739ad9faa3ee77,0x0000c7000000003bb9aa5e907d7b000037a3debb,2e-17,2026-02-11T00:59:23+00:00,0x1b3f68220fcc220880b1cba0c897e6b043a7a785e187c931e3583c5b2bb0fd30
0x196c00c1b00000000000007c00739ad9faa3ee77,0x0000c7000000003bb9aa5e907d7b000037a3debb,2.3e-17,2026-02-11T00:59:59+00:00,0x3cdf1cf843f5e78a04e3c03e23360feab228030442718874e8e5ce1813238121
0x196c00c1b00000000000007c00739ad9faa3ee77,0x0000c7000000003bb9aa5e907d7b000037a3debb,2.4e-17,2026-02-11T01:00:11+00:00,0x6963097efffc15a5528d9e98066205c08994d9980bb2894e6fbfe241e9f15163
0x196c00c1b00000000000007c00739ad9faa3ee77,0x0000c7000000003bb9aa5e907d7b000037a3debb,2.6e-17,2026-02-11T01:00:35+00:00,0x594e18de988007838d069d91aa08819ea0fc11f7fe720c0254df6daa3581f253
0x196c00c1b00000000000007c00739ad9faa3ee77,0x0000c7000000003bb9aa5e907d7b000037a3debb,2.8e-17,2026-02-11T01:00:59+00:00,0x712fab4c91b1e92766813cd7002a0d3702a1c81163c45169da364c3c19e92962
0x196c00c1b00000000000007c00739ad9faa3ee77,0x0000c7000000003bb9aa5e907d7b000037a3debb,2.9e-17,2026-02-11T01:01:11+00:00,0x916f77f3aec84386568c61ce92981c12e555bc7c1e6ca7976fa85826e0724c21
0x196c00c1b00000000000007c00739ad9faa3ee77,0x0000c7000000003bb9aa5e907d7b000037a3debb,3.1e-17,2026-02-11T01:01:35+00:00,0x4c93457248854941c2feb74a0422c869bfa6d9878a4c9ff1b483985369a5ef04
0x196c00c1b00000000000007c00739ad9faa3ee77,0x0000c7000000003bb9aa5e907d7b000037a3debb,3.2e-17,2026-02-11T01:01:47+00:00,0xd37925fcbab5351a235e55d17009940a11fbf816a44b3cd0d565bb9b830fcaf1
0x196c00c1b00000000000007c00739ad9faa3ee77,0x0000c7000000003bb9aa5e907d7b000037a3debb,3.4e-17,2026-02-11T01:02:11+00:00,0x2a6769faf4fcf5197da796174f48f3e23ecee5801dd4512a284e7427cbdb61e9
0x196c00c1b00000000000007c00739ad9faa3ee77,0x0000c7000000003bb9aa5e907d7b000037a3debb,3.6e-17,2026-02-11T01:02:35+00:00,0x872515c752507bec72609e553fd982bf90091a261213fad5f3885cc15f85be3f
0x196c00c1b00000000000007c00739ad9faa3ee77,0x0000c7000000003bb9aa5e907d7b000037a3debb,4e-17,2026-02-11T01:03:23+00:00,0xb3d19248bd0d066e53ff9b65c971c2c2a6642ef119e1364ba19e09dd163dff27
0x196c00c1b00000000000007c00739ad9faa3ee77,0x0000c7000000003bb9aa5e907d7b000037a3debb,4.7e-17,2026-02-11T01:04:47+00:00,0x6f10b64466f5b9ae68685ffc693a7b5134c7e53603be99b8cb0c005cc0cfccfc
0x196c00c1b00000000000007c00739ad9faa3ee77,0x0000c7000000003bb9aa5e907d7b000037a3debb,4.9e-17,2026-02-11T01:05:11+00:00,0xed5127e2dfb61467ff915380c37e623cce4ab4d9f6aabca6cec2bc623ec68fcd
0x196c00c1b00000000000007c00739ad9faa3ee77,0x0000c7000000003bb9aa5e907d7b000037a3debb,5.1e-17,2026-02-11T01:05:35+00:00,0x7fdcbba316b44adc73e1d8d188c994668d5bcc1419d1ba1cccd5708725b1bf67
0x196c00c1b00000000000007c00739ad9faa3ee77,0x0000c7000000003bb9aa5e907d7b000037a3debb,5.3e-17,2026-02-11T01:05:59+00:00,0x2031d7083c9abd5a7e0a7bc00bc96070020ad35b309302d95bc35fe80e563cba
0x196c00c1b00000000000007c00739ad9faa3ee77,0x0000c7000000003bb9aa5e907d7b000037a3debb,5.6e-17,2026-02-11T01:06:35+00:00,0x643235677d2334c51db82c167ffa42a2492a0082487617c32d0a36574012e9af
0x196c00c1b00000000000007c00739ad9faa3ee77,0x0000c7000000003bb9aa5e907d7b000037a3debb,5.9e-17,2026-02-11T01:07:11+00:00,0xd93f077c8e403a55fb2eee223eeccab533083c04ab19be64ea3c516b1b0c6d3f
0x196c00c1b00000000000007c00739ad9faa3ee77,0x0000c7000000003bb9aa5e907d7b000037a3debb,6.2e-17,2026-02-11T01:07:59+00:00,0x946347562b90f85fed45d34075e3dc7ac959c16747322d3889f83a1f36726ea1
0x196c00c1b00000000000007c00739ad9faa3ee77,0x0000c7000000003bb9aa5e907d7b000037a3debb,6.3e-17,2026-02-11T01:08:11+00:00,0xcbbf870c642899c70f23060631b9b26184afb4ee6f60e0d90f90a02a527761d9
0x196c00c1b00000000000007c00739ad9faa3ee77,0x0000c7000000003bb9aa5e907d7b000037a3debb,6.5e-17,2026-02-11T01:08:35+00:00,0x201eaf231c32ebff1a358c566f8ac4ba1262b3444278f5362f4a8b670d6d92cb
0x196c00c1b00000000000007c00739ad9faa3ee77,0x0000c7000000003bb9aa5e907d7b000037a3debb,6.7e-17,2026-02-11T01:08:59+00:00,0x9130b24a2895d035b878454ad39d0839aa3f7052a21fd2e37cb94a7cd10b217d
0x196c00c1b00000000000007c00739ad9faa3ee77,0x0000c7000000003bb9aa5e907d7b000037a3debb,7.7e-17,2026-02-11T01:10:59+00:00,0x85e3bda2ab2b850bbd078a581af3965063d624dd111e6f16484b7d3c8f692256
0x196c00c1b00000000000007c00739ad9faa3ee77,0x0000c7000000003bb9aa5e907d7b000037a3debb,7.9e-17,2026-02-11T01:11:23+00:00,0x6e52d3e812167e63e99fcb1fd25b737f494ded6e2662feba1e4edb5b02c1a39a
0x196c00c1b00000000000007c00739ad9faa3ee77,0x0000c7000000003bb9aa5e907d7b000037a3debb,8.3e-17,2026-02-11T01:12:11+00:00,0x9d4e6ef35faf8ae4ea229de415d2ddebf22983d179f80e37db911e0941c5a386
0x196c00c1b00000000000007c00739ad9faa3ee77,0x0000c7000000003bb9aa5e907d7b000037a3debb,8.5e-17,2026-02-11T01:12:35+00:00,0x3e9e2e72eb61814d6931b027be2e8fdf579ff424187e722d28959de4c0352a70
0x196c00c1b00000000000007c00739ad9faa3ee77,0x0000c7000000003bb9aa5e907d7b000037a3debb,8.8e-17,2026-02-11T01:13:11+00:00,0xc971113e150a333d35c3ccb62d8c7a4179c789a6cefd2348b0b1b7ea50446a36
0x196c00c1b00000000000007c00739ad9faa3ee77,0x0000c7000000003bb9aa5e907d7b000037a3debb,9.3e-17,2026-02-11T01:14:11+00:00,0x74034ad30b49f40c3616b3ee876ee711ca55a207efa73c2a6958b4cd66351e17
0x196c00c1b00000000000007c00739ad9faa3ee77,0x0000c7000000003bb9aa5e907d7b000037a3debb,9.5e-17,2026-02-11T01:14:35+00:00,0xaf1036aa37fcb2a74f96b2e01ab72affcbd90e03dc0292ebd6ea39edb3f275d0
0x196c00c1b00000000000007c00739ad9faa3ee77,0x0000c7000000003bb9aa5e907d7b000037a3debb,1.03e-16,2026-02-11T01:16:11+00:00,0xbec0887d84e9f6f4256152fef1ec1d9ef70be1eae9b948764ccafef153447959
0x196c00c1b00000000000007c00739ad9faa3ee77,0x0000c7000000003bb9aa5e907d7b000037a3debb,1.04e-16,2026-02-11T01:16:23+00:00,0x77d2feb047933db2d89cdc184e1043fee37cc12bda2cabd4bb339a4244b5e270
0x196c00c1b00000000000007c00739ad9faa3ee77,0x0000c7000000003bb9aa5e907d7b000037a3debb,1.39e-16,2026-02-11T01:23:23+00:00,0x7a1864f6e26159d57ab12481d156e6e3f48a633dd361e6a05df4ade1384b20fb
0x196c00c1b00000000000007c00739ad9faa3ee77,0x0000c7000000003bb9aa5e907d7b000037a3debb,1.44e-16,2026-02-11T01:24:23+00:00,0x25215a76cfa4a727295c1e5aa377960e855b5d208ef225ec47b586111220a21a
0x196c00c1b00000000000007c00739ad9faa3ee77,0x0000c7000000003bb9aa5e907d7b000037a3debb,1.6e-16,2026-02-11T01:27:35+00:00,0x7f747234ab934e0bb295cc593e5488058dd8034e5391fdeb14fd0acb545aed91
0x196c00c1b00000000000007c00739ad9faa3ee77,0x0000c7000000003bb9aa5e907d7b000037a3debb,1.9e-16,2026-02-11T01:33:35+00:00,0xdbb537cc78ffabac4e629bb7e140c2fc0cc8107ec9880bcafb76fc253616cccd
0x196c00c1b00000000000007c00739ad9faa3ee77,0x0000c7000000003bb9aa5e907d7b000037a3debb,2.08e-16,2026-02-11T01:37:11+00:00,0x0e1e802cedcd0c6ae177ba94958646e2be119374cc0b9a66121b7bfd9001a85a
0x196c00c1b00000000000007c00739ad9faa3ee77,0x0000c7000000003bb9aa5e907d7b000037a3debb,2.33e-16,2026-02-11T01:42:11+00:00,0x0f6de2baf0af3a5709df656ff065f5f6674c3365bcfaff6bfa6505c7d95ff95b
0x196c00c1b00000000000007c00739ad9faa3ee77,0x0000c7000000003bb9aa5e907d7b000037a3debb,2.45e-16,2026-02-11T01:44:35+00:00,0x90c0ee2fbdc206a7a4e6419a40a188147f7bb443a397a601b9a98ea9c54f7743
0x196c00c1b00000000000007c00739ad9faa3ee77,0x0000c7000000003bb9aa5e907d7b000037a3debb,2.46e-16,2026-02-11T01:44:47+00:00,0xf1c16520b8748a226aecdc59a14309eacdd62a137b56d19c2c1d77449eca5358
0x196c00c1b00000000000007c00739ad9faa3ee77,0x0000c7000000003bb9aa5e907d7b000037a3debb,2e-18,2026-02-11T01:47:23+00:00,0xda2ca97843564e42f4b75d0f5d1daad6fff60e003e8469b83b1eea4a0e9f4ab9
0x196c00c1b00000000000007c00739ad9faa3ee77,0x0000c7000000003bb9aa5e907d7b000037a3debb,5.1e-17,2026-02-11T01:57:11+00:00,0xd191bbdf60b68323ff77bfcad228137ad0ddb7131dcfd88f22707d88a5cc8b21
0x196c00c1b00000000000007c00739ad9faa3ee77,0x0000c7000000003bb9aa5e907d7b000037a3debb,7.5e-17,2026-02-11T02:01:59+00:00,0x74139dfc33e0ad086e9d0d8397ae1c18fd43a8f8399b16c6709fc0792d2defa0
0x196c00c1b00000000000007c00739ad9faa3ee77,0x0000c7000000003bb9aa5e907d7b000037a3debb,8.5e-17,2026-02-11T02:03:59+00:00,0xd2290aee47af0e8bf7a5a38b9f82abab9f96be9d655962caa9a91c7938695116
0x196c00c1b00000000000007c00739ad9faa3ee77,0x0000c7000000003bb9aa5e907d7b000037a3debb,1.72e-16,2026-02-11T02:21:23+00:00,0xbeac2eac6fa1d9dfa90039ef470e83fb7168c7a2cf0500d04c8751d4050a820b
0x196c00c1b00000000000007c00739ad9faa3ee77,0x0000c7000000003bb9aa5e907d7b000037a3debb,2.4e-17,2026-02-11T02:42:59+00:00,0x104689aed53147b42ce36f2d4f73ea117bc47ac0057af1ae4e0ec39722bc28a7
0x196c00c1b00000000000007c00739ad9faa3ee77,0x0000c7000000003bb9aa5e907d7b000037a3debb,4.8e-17,2026-02-11T02:47:47+00:00,0x697a2bb3fe26d8e6aa46ca008a5f0222efd6493a261389adae005f459b36e3c2
0x196c00c1b00000000000007c00739ad9faa3ee77,0x0000c7000000003bb9aa5e907d7b000037a3debb,5.6e-17,2026-02-11T02:49:23+00:00,0xcfd9249efa011b262d63b7f5deeb1b868b8cba97a04b5ac57d85dcfc89b56f30
0x196c00c1b00000000000007c00739ad9faa3ee77,0x0000c7000000003bb9aa5e907d7b000037a3debb,1.33e-16,2026-02-11T03:04:47+00:00,0x2d3a51a6430bbfaaca3cc4b34a95f81766d49a555f995cc771de77254d39de8b
0x196c00c1b00000000000007c00739ad9faa3ee77,0x0000c7000000003bb9aa5e907d7b000037a3debb,1.95e-16,2026-02-11T03:17:11+00:00,0xbb5e1d0ea1574b1a815c94aac09d5dab53c4731b76391a305eb1d8d9ee114480
0x196c00c1b00000000000007c00739ad9faa3ee77,0x0000c7000000003bb9aa5e907d7b000037a3debb,2.23e-16,2026-02-11T03:22:47+00:00,0xe033f74d4b51c9f70120f91016cfc3750780dc1c141c63e7b2da92a28e584440
0x196c00c1b00000000000007c00739ad9faa3ee77,0x0000c7000000003bb9aa5e907d7b000037a3debb,2.33e-16,2026-02-11T03:24:47+00:00,0xe1f0b8d55a2fc970e073a002d24861ce25e8284f87dea25b8089c8d7f0858127
0x196c00c1b00000000000007c00739ad9faa3ee77,0x0000c7000000003bb9aa5e907d7b000037a3debb,2.49e-16,2026-02-11T03:27:59+00:00,0xb09c45c85d2abafa7da81bde4d7d6f6d68b9578bf09518e4bd212f269ca17010
0x196c00c1b00000000000007c00739ad9faa3ee77,0x0000c7000000003bb9aa5e907d7b000037a3debb,4e-18,2026-02-11T03:30:11+00:00,0x6e753a49aefb61244a2e6a6fecb2ad708326c2979e83c88864ee227761cb2074
0x196c00c1b00000000000007c00739ad9faa3ee77,0x0000c7000000003bb9aa5e907d7b000037a3debb,7e-18,2026-02-11T03:30:47+00:00,0x1b1dfdf0c141dba19edd3e5adee99630b686f88fac82e3d298ab3c6b10dd1534
0x196c00c1b00000000000007c00739ad9faa3ee77,0x0000c7000000003bb9aa5e907d7b000037a3debb,8e-18,2026-02-11T03:30:59+00:00,0x1af6945fe7708870a84bad96f52e7ef0fe84e3bd9ee5e94be87fcdaaff2ec29a
0x196c00c1b00000000000007c00739ad9faa3ee77,0x0000c7000000003bb9aa5e907d7b000037a3debb,9e-18,2026-02-11T03:31:11+00:00,0x68ec1db9e228a13c2a7c1e067987ba7180ebc7424163a558d29e9aa9214d9369
0x196c00c1b00000000000007c00739ad9faa3ee77,0x0000c7000000003bb9aa5e907d7b000037a3debb,1.6e-17,2026-02-11T03:32:35+00:00,0xa7b1361e7a8e9c966764d2067b3c0f76ae69f8daa7d838518ebc96e2c6d33d3c
0x196c00c1b00000000000007c00739ad9faa3ee77,0x0000c7000000003bb9aa5e907d7b000037a3debb,4.2e-17,2026-02-11T03:37:59+00:00,0xcc0f14f863177a90fbadcbffa00e2eb64f8cbd04e3e9db7e8909f00dec4d1ca2
0x196c00c1b00000000000007c00739ad9faa3ee77,0x0000c7000000003bb9aa5e907d7b000037a3debb,1.07e-16,2026-02-11T03:50:59+00:00,0xe87a1d7d3c983c6dc3d9fb07b771301ed4c62b20b8d56d182113a0bd332210d1
0x196c00c1b00000000000007c00739ad9faa3ee77,0x0000c7000000003bb9aa5e907d7b000037a3debb,1.54e-16,2026-02-11T04:00:23+00:00,0x43b5b48cb61d8508c1ba04b99e2e862d5e9fcc8839c0d239ea0c968fc5ed2cd0
0x196c00c1b00000000000007c00739ad9faa3ee77,0x0000c7000000003bb9aa5e907d7b000037a3debb,1.67e-16,2026-02-11T04:02:59+00:00,0xb5c02c37b5d3af9f64e31fe7212315e82bedab5c73f2504fc388e671c70143cd
0x196c00c1b00000000000007c00739ad9faa3ee77,0x0000c7000000003bb9aa5e907d7b000037a3debb,1.74e-16,2026-02-11T04:04:23+00:00,0xcd329cf30b1bb10eb0cc09d6d4a3a4fee1d3a7ea6f11dcbd630a0ded5babe421
0x196c00c1b00000000000007c00739ad9faa3ee77,0x0000c7000000003bb9aa5e907d7b000037a3debb,1.77e-16,2026-02-11T04:04:59+00:00,0x2701cfa8ab32b08c65ebb248e2d5cb31f97d2b66e3ceeb6e35c6df8d82434256
0x196c00c1b00000000000007c00739ad9faa3ee77,0x0000c7000000003bb9aa5e907d7b000037a3debb,1.89e-16,2026-02-11T04:07:23+00:00,0xf1c93dddccdbea01ffc7db4b96ab06e6a9e2e0d4b41340a9a10da1b99384268f
0x196c00c1b00000000000007c00739ad9faa3ee77,0x0000c7000000003bb9aa5e907d7b000037a3debb,2.08e-16,2026-02-11T04:11:11+00:00,0x5fcb70115409b05fd18e1498b1fa4227ea1bff57354147e791280b2b2e6778b8
0x196c00c1b00000000000007c00739ad9faa3ee77,0x0000c7000000003bb9aa5e907d7b000037a3debb,2.16e-16,2026-02-11T04:12:59+00:00,0xae62646ffd53d2087f0fed5da342c3fea7fdaddf8742ae58fc75b86ea990184f
0x196c00c1b00000000000007c00739ad9faa3ee77,0x0000c7000000003bb9aa5e907d7b000037a3debb,2.22e-16,2026-02-11T04:14:11+00:00,0xe3bdaf5abafaf639a7d891c471ad46c06cdf99dfd6c13c21048e94174a5036d6
0x196c00c1b00000000000007c00739ad9faa3ee77,0x0000c7000000003bb9aa5e907d7b000037a3debb,2.25e-16,2026-02-11T04:14:47+00:00,0x1916bec7a819b0f2d271804cf7b31d65a6a6ec5161d222cd5e5a99e0ffcce88b
0x196c00c1b00000000000007c00739ad9faa3ee77,0x0000c7000000003bb9aa5e907d7b000037a3debb,2.31e-16,2026-02-11T04:15:59+00:00,0xea366a850ebe340b32f876e7cc72d6b59190615232820a378d39f12b4b982d8f
0x196c00c1b00000000000007c00739ad9faa3ee77,0x0000c7000000003bb9aa5e907d7b000037a3debb,8e-18,2026-02-11T04:22:35+00:00,0x16e8ca01781e469548c441de50e32e0d6c8cd1ff377a65c6fdc14bf7a04c2a81
0x196c00c1b00000000000007c00739ad9faa3ee77,0x0000c7000000003bb9aa5e907d7b000037a3debb,2.3e-17,2026-02-11T04:25:35+00:00,0x33b92c45896254bce218a5c0ff54daa9c927996fd54696cc4b21ba3dab554be8
0x196c00c1b00000000000007c00739ad9faa3ee77,0x0000c7000000003bb9aa5e907d7b000037a3debb,2.5e-17,2026-02-11T04:25:59+00:00,0x022437acefeb38a08742edba5f03443e1c5e7869e4277cc29f22487de4161664
0x196c00c1b00000000000007c00739ad9faa3ee77,0x0000c7000000003bb9aa5e907d7b000037a3debb,3.1e-17,2026-02-11T04:27:11+00:00,0x4dfa356a3f84638aa191239911896c7d221a7d818a08196bbaa42dd89dd8fb67
0x196c00c1b00000000000007c00739ad9faa3ee77,0x0000c7000000003bb9aa5e907d7b000037a3debb,3.6e-17,2026-02-11T04:28:11+00:00,0x7ba039efcfdeb2c2abd6ff49a630d0cf6abcd4354da66ec492578b4c15543be8
0x196c00c1b00000000000007c00739ad9faa3ee77,0x0000c7000000003bb9aa5e907d7b000037a3debb,3.7e-17,2026-02-11T04:28:23+00:00,0xa61638b44fd34a1a99678ac48a1c1260c8f8bab2a2490e6da1952376dc558311
0x196c00c1b00000000000007c00739ad9faa3ee77,0x0000c7000000003bb9aa5e907d7b000037a3debb,5.5e-17,2026-02-11T04:31:59+00:00,0xcb14d3e40742f37ca934bb9a19e5ce8632851413caf93798d802d97466c5962d
0x196c00c1b00000000000007c00739ad9faa3ee77,0x0000c7000000003bb9aa5e907d7b000037a3debb,6.2e-17,2026-02-11T04:33:23+00:00,0xf7454fc0e42aa260f57c9f9722f043939fbf9845c702c976dffccfb3e05ffe27
0x196c00c1b00000000000007c00739ad9faa3ee77,0x0000c7000000003bb9aa5e907d7b000037a3debb,7.4e-17,2026-02-11T04:35:47+00:00,0x90b049ae46a1ae54cc8e322749f6f39a6c978e43e151de3962f9b222325a2fdf
0x196c00c1b00000000000007c00739ad9faa3ee77,0x0000c7000000003bb9aa5e907d7b000037a3debb,7.9e-17,2026-02-11T04:36:47+00:00,0x9cdbf680a779394ca043f8e2ccb5f8cf6a8330413b6708d4885207966364282e
0x196c00c1b00000000000007c00739ad9faa3ee77,0x0000c7000000003bb9aa5e907d7b000037a3debb,8e-17,2026-02-11T04:36:59+00:00,0xed767bd98be1a25975884d8391b010acbe70f342bbb3e9aedc6fcfc79bb2890c
0x196c00c1b00000000000007c00739ad9faa3ee77,0x0000c7000000003bb9aa5e907d7b000037a3debb,1e-16,2026-02-11T04:41:11+00:00,0x236b2eaf267a6dc8468fbb4179acd7665a7db7d8862e1758bbecfab5771ca06c
0x196c00c1b00000000000007c00739ad9faa3ee77,0x0000c7000000003bb9aa5e907d7b000037a3debb,1.04e-16,2026-02-11T04:41:59+00:00,0x43dd5cd2e60564033e911e5844652a5c396b6c8b2c0e8c2ea8e1451b0d4c8c2f
0x196c00c1b00000000000007c00739ad9faa3ee77,0x0000c7000000003bb9aa5e907d7b000037a3debb,1.08e-16,2026-02-11T04:42:47+00:00,0x8d38330c4f7d22581deee87f3d349b30d5c5fd3880446bb0464ce7afc51c4754
0x196c00c1b00000000000007c00739ad9faa3ee77,0x0000c7000000003bb9aa5e907d7b000037a3debb,1.13e-16,2026-02-11T04:43:47+00:00,0xca3008e356aa136255eac195e2295fa4629d369a6f3a22dec24d197163f9ec1f
0x196c00c1b00000000000007c00739ad9faa3ee77,0x0000c7000000003bb9aa5e907d7b000037a3debb,1.23e-16,2026-02-11T04:45:47+00:00,0x97694d686647b582cc7b23c25ea2ef2d3c307c03d77b8921aee0e4484f27d2f5
0x196c00c1b00000000000007c00739ad9faa3ee77,0x0000c7000000003bb9aa5e907d7b000037a3debb,1.24e-16,2026-02-11T04:45:59+00:00,0x4723c6289c7815a5d45ed6ebe374889f37afef32b8f984f0611c667647e47bb9
0x196c00c1b00000000000007c00739ad9faa3ee77,0x0000c7000000003bb9aa5e907d7b000037a3debb,1.53e-16,2026-02-11T04:51:59+00:00,0x91e321068be527308a81fe66b9c0776c2d3ebc9b1d88dbf6dbab98ac8f699d8c
0x196c00c1b00000000000007c00739ad9faa3ee77,0x0000c7000000003bb9aa5e907d7b000037a3debb,1.57e-16,2026-02-11T04:52:47+00:00,0xe7ab8a69dfa3a19a35b09b9735a3ca35c5546935f2ccb38eab2fc6104d1ff657
0x196c00c1b00000000000007c00739ad9faa3ee77,0x0000c7000000003bb9aa5e907d7b000037a3debb,1.76e-16,2026-02-11T04:56:35+00:00,0x0ce2ea9a8f9bb41975a8ebc7517f956cbd9adc429a3981ef2ec6d7af519c3261
0x196c00c1b00000000000007c00739ad9faa3ee77,0x0000c7000000003bb9aa5e907d7b000037a3debb,1.87e-16,2026-02-11T04:58:47+00:00,0x7096cb4f7641185353e62c722215dca672ec07684787cda6b13ce57ad299755e
0x196c00c1b00000000000007c00739ad9faa3ee77,0x0000c7000000003bb9aa5e907d7b000037a3debb,2.16e-16,2026-02-11T05:04:35+00:00,0x9cf0d37026ab7ebd7225fd889a427e23848c61eceb997c749bfce9a02d51dc06
0x196c00c1b00000000000007c00739ad9faa3ee77,0x0000c7000000003bb9aa5e907d7b000037a3debb,2.21e-16,2026-02-11T05:05:35+00:00,0x0be446c9bd538ffa6d482e4962281900dabc77b9e0feb986c1fdd09a9c665a29
0x196c00c1b00000000000007c00739ad9faa3ee77,0x0000c7000000003bb9aa5e907d7b000037a3debb,2.26e-16,2026-02-11T05:06:35+00:00,0xcb1ce29396b917e6f815ad13ebc0fcc54f817f4d1f0e34ff526e6bd16370d53c
0x196c00c1b00000000000007c00739ad9faa3ee77,0x0000c7000000003bb9aa5e907d7b000037a3debb,2.51e-16,2026-02-11T05:11:35+00:00,0x30175d045231fd51da37f215efe5e653b12c176b2c88fd4f233b0fa0d8d5e851
0x196c00c1b00000000000007c00739ad9faa3ee77,0x0000c7000000003bb9aa5e907d7b000037a3debb,5.3e-17,2026-02-11T05:23:23+00:00,0x44ac15aa76b452e20752676631f2b2b3140a433baa08f77efc10e02526c9c7e8
0x196c00c1b00000000000007c00739ad9faa3ee77,0x0000c7000000003bb9aa5e907d7b000037a3debb,8.5e-17,2026-02-11T05:29:47+00:00,0x971fb080a23838dfff20b3ec444f2e36807e1fefbf499b16d6a03fbe90bd3b56
0x196c00c1b00000000000007c00739ad9faa3ee77,0x0000c7000000003bb9aa5e907d7b000037a3debb,1.04e-16,2026-02-11T05:33:35+00:00,0x8937afe5d33d3b750de7d7e18c31ce753966f8cead04dbe3d60eb488a0f4df69
0x196c00c1b00000000000007c00739ad9faa3ee77,0x0000c7000000003bb9aa5e907d7b000037a3debb,1.05e-16,2026-02-11T05:33:47+00:00,0x0133eb832872ebf0f7fc8ee05fa83c0290ae71a7dd49e8f6d64d8f4d5bc99cea
0x196c00c1b00000000000007c00739ad9faa3ee77,0x0000c7000000003bb9aa5e907d7b000037a3debb,1.11e-16,2026-02-11T05:34:59+00:00,0xb0ac5bb02b9f01a4cfac97e2be6b171c0badf57ae9c09eabe2ff974057f9a963
0x196c00c1b00000000000007c00739ad9faa3ee77,0x0000c7000000003bb9aa5e907d7b000037a3debb,1.12e-16,2026-02-11T05:35:11+00:00,0x90020127d0b78ec21ec4eb1d914eda7461360c68f9ff6b926e192a040101a88e
0x196c00c1b00000000000007c00739ad9faa3ee77,0x0000c7000000003bb9aa5e907d7b000037a3debb,1.13e-16,2026-02-11T05:35:23+00:00,0x395a441dc392d817ca64228fdc9f3c5cc40d2cf98cdb484e0c993ae1dfa22c95
0x196c00c1b00000000000007c00739ad9faa3ee77,0x0000c7000000003bb9aa5e907d7b000037a3debb,1.21e-16,2026-02-11T05:36:59+00:00,0x01c9d0273cd9ddcac5616f8ad5f2c90381448197c949358a2fd44c005db07e09
0x196c00c1b00000000000007c00739ad9faa3ee77,0x0000c7000000003bb9aa5e907d7b000037a3debb,6.5e-17,2026-02-11T06:16:59+00:00,0xf11751632874a3be1b79f9e11401a8293cf43a3411a4fd13926033e58b19b695
0x196c00c1b00000000000007c00739ad9faa3ee77,0x0000c7000000003bb9aa5e907d7b000037a3debb,9e-17,2026-02-11T06:21:59+00:00,0x452ec23b762756693dd160ae63b3cfb8b5d83de19ff5b0a46e042e9f09cee350
0x196c00c1b00000000000007c00739ad9faa3ee77,0x0000c7000000003bb9aa5e907d7b000037a3debb,9.1e-17,2026-02-11T06:22:11+00:00,0x8103ff9759101d1a41201048bdd0dea81c70f9566dee750456aa3e5a9d7d3f01
0x196c00c1b00000000000007c00739ad9faa3ee77,0x0000c7000000003bb9aa5e907d7b000037a3debb,9.3e-17,2026-02-11T06:22:35+00:00,0xaf4c40ab89788c990796d86419442eb981b1bbd223b740f04b9e4389bd22b741
0x196c00c1b00000000000007c00739ad9faa3ee77,0x0000c7000000003bb9aa5e907d7b000037a3debb,9.7e-17,2026-02-11T06:23:23+00:00,0x4384aa2a4442381042c422a7dc89e986c853e314f4da30de3e0b6aeee7f26a35
0x196c00c1b00000000000007c00739ad9faa3ee77,0x0000c7000000003bb9aa5e907d7b000037a3debb,1.9e-16,2026-02-11T06:41:59+00:00,0x5a20771d19c1ff164fdbbf95b587bd4e07563af5624270f88ea5f76c434586e1
0x196c00c1b00000000000007c00739ad9faa3ee77,0x0000c7000000003bb9aa5e907d7b000037a3debb,1.94e-16,2026-02-11T06:42:47+00:00,0x488c3cbd6e8eacd27356bb4c61b5584e99fbe61f376ea3b41da150ba9687c9a4
0x196c00c1b00000000000007c00739ad9faa3ee77,0x0000c7000000003bb9aa5e907d7b000037a3debb,2.03e-16,2026-02-11T06:44:35+00:00,0x26c8419219b6ba376949c88ebd20b2bf1f705cd464fec11c812cabbe8d2948fc
0x196c00c1b00000000000007c00739ad9faa3ee77,0x0000c7000000003bb9aa5e907d7b000037a3debb,2.04e-16,2026-02-11T06:44:47+00:00,0x99e1f0b894dea210fa34d4e17537d42e9ff3fa360ab1c4c46a7b36b42eb634cc
0x196c00c1b00000000000007c00739ad9faa3ee77,0x0000c7000000003bb9aa5e907d7b000037a3debb,2.08e-16,2026-02-11T06:45:35+00:00,0x494e690adc70cd82de0df1864b4b1706e95c13736945a28d8f1ddc64b7e4c74d
0x196c00c1b00000000000007c00739ad9faa3ee77,0x0000c7000000003bb9aa5e907d7b000037a3debb,2.09e-16,2026-02-11T06:45:47+00:00,0x1c46e6845f84b598bc9a8d7f1cb556b60ebd0578d43659dd3216d2c42d1d8342
0x196c00c1b00000000000007c00739ad9faa3ee77,0x0000c7000000003bb9aa5e907d7b000037a3debb,2.11e-16,2026-02-11T06:46:11+00:00,0x3a7809f9e4a8696b4059d72e296ddeeeb8e94cec5e62787644f958d068450ed1
0x196c00c1b00000000000007c00739ad9faa3ee77,0x0000c7000000003bb9aa5e907d7b000037a3debb,2.19e-16,2026-02-11T06:47:47+00:00,0x017ffcfb2e179c11345a836403ac6c78d6e902e8cbb8b18692b7ed371af0b78a
0x196c00c1b00000000000007c00739ad9faa3ee77,0x0000c7000000003bb9aa5e907d7b000037a3debb,2.21e-16,2026-02-11T06:48:11+00:00,0xc0354f0360926a84881c2f5220828e2f971c31582a1c66034575715e21ae140b
0x196c00c1b00000000000007c00739ad9faa3ee77,0x0000c7000000003bb9aa5e907d7b000037a3debb,2.31e-16,2026-02-11T06:50:11+00:00,0xa39be350d595888e671116fb6bea77f08d5f6786bd7d38b9ca0a8a874d8d4e93
0x196c00c1b00000000000007c00739ad9faa3ee77,0x0000c7000000003bb9aa5e907d7b000037a3debb,2.42e-16,2026-02-11T06:52:23+00:00,0xb0efd67a7830d032c8e9ab281719862cb175eca9c18b9a00d6b02649692f5be0
0x196c00c1b00000000000007c00739ad9faa3ee77,0x0000c7000000003bb9aa5e907d7b000037a3debb,2.47e-16,2026-02-11T06:53:23+00:00,0x8ec32ce2891cdc32d583cd4edb6349b8ee922c8b50a460fcfe9e80dcdbc4cbe0
0x196c00c1b00000000000007c00739ad9faa3ee77,0x0000c7000000003bb9aa5e907d7b000037a3debb,2.55e-16,2026-02-11T06:54:59+00:00,0x87e680d4bdad4f70ff273e40ae7552b9a7defa17b5ff7e6b19ec0f6c87a467eb
0x196c00c1b00000000000007c00739ad9faa3ee77,0x0000c7000000003bb9aa5e907d7b000037a3debb,1.3e-17,2026-02-11T06:57:47+00:00,0x53d5eea42a1c64677bba5a4b0222a3762b5a2503fcf1ca14f27e8a10da3c62c2
0x196c00c1b00000000000007c00739ad9faa3ee77,0x0000c7000000003bb9aa5e907d7b000037a3debb,8.7e-17,2026-02-11T07:12:35+00:00,0xb13bce297c18b5a31c7003eb2a5a6b9acece1d7cecd42d91b338ecc5ac8e03b5
0x196c00c1b00000000000007c00739ad9faa3ee77,0x0000c7000000003bb9aa5e907d7b000037a3debb,8.9e-17,2026-02-11T07:12:59+00:00,0xc9e4890cca77cb6aa181c708ce9c0e180e10d0fbf5b8f4b567bc29984cb011b1
0x196c00c1b00000000000007c00739ad9faa3ee77,0x0000c7000000003bb9aa5e907d7b000037a3debb,1.04e-16,2026-02-11T07:15:59+00:00,0x7e439593583fe04496912d461e09c1327fcba3e0c5621539ec84c92572c33730
0x196c00c1b00000000000007c00739ad9faa3ee77,0x0000c7000000003bb9aa5e907d7b000037a3debb,1.97e-16,2026-02-11T07:34:47+00:00,0x14717c8f3392b77ed647ce77348fdfd311b75d421f4b0db61768f4df53f3353b
0x196c00c1b00000000000007c00739ad9faa3ee77,0x0000c7000000003bb9aa5e907d7b000037a3debb,2.5e-17,2026-02-11T07:51:59+00:00,0x1cc6e5e28c8b51e6ce9b398e09f81872be64db3e7b8b5e8f50e0f59449b2e9af
0x196c00c1b00000000000007c00739ad9faa3ee77,0x0000c7000000003bb9aa5e907d7b000037a3debb,4.5e-17,2026-02-11T07:55:59+00:00,0xe22e87228da316ae7728d930f4719a2fc63a07f71a41c5ae3788d8266cb59977
0x196c00c1b00000000000007c00739ad9faa3ee77,0x0000c7000000003bb9aa5e907d7b000037a3debb,6.8e-17,2026-02-11T08:00:35+00:00,0xa3538b573c1c20e151bd135608fdd93e9047aed91766c180be5317062f28f67a
0x196c00c1b00000000000007c00739ad9faa3ee77,0x0000c7000000003bb9aa5e907d7b000037a3debb,1.1e-16,2026-02-11T08:08:59+00:00,0xbd87b1e224d740159c8257c7ca77e126a4739ca023b555847ebc3d23410b922f
0x196c00c1b00000000000007c00739ad9faa3ee77,0x0000c7000000003bb9aa5e907d7b000037a3debb,1.84e-16,2026-02-11T08:23:47+00:00,0xc56afcb5a87ae7077a04fe98f8f308671a50607c5656b3e8bd2f607ca3fc7a9b
0x196c00c1b00000000000007c00739ad9faa3ee77,0x0000c7000000003bb9aa5e907d7b000037a3debb,2.11e-16,2026-02-11T08:29:11+00:00,0x7235a477e3b99ab8eed8c04da8e0bc67015ecdc8881edb0b7cf6748d7486c4ac
0x196c00c1b00000000000007c00739ad9faa3ee77,0x0000c7000000003bb9aa5e907d7b000037a3debb,2.46e-16,2026-02-11T08:36:11+00:00,0xafca8874601afacc5ceb52a1cc51fb210da0f387a5c8eb447102f660ee65f35e
0x196c00c1b00000000000007c00739ad9faa3ee77,0x0000c7000000003bb9aa5e907d7b000037a3debb,4.9e-17,2026-02-11T08:47:59+00:00,0x40694c5a159ddcb28b3635c2fbedaf91d6580450c8034bd34df60db20a16ab76
0x196c00c1b00000000000007c00739ad9faa3ee77,0x0000c7000000003bb9aa5e907d7b000037a3debb,1e-16,2026-02-11T08:58:11+00:00,0x3128bb23c2b9f8e52120c7f57034df8de4422346901f5a64c4abeae2a368324a
0x196c00c1b00000000000007c00739ad9faa3ee77,0x0000c7000000003bb9aa5e907d7b000037a3debb,2.43e-16,2026-02-11T09:26:59+00:00,0x2ba04e12c96731afd6dd2fb560b169a41ba6b630a936d96ed3e5673fad604927
0x196c00c1b00000000000007c00739ad9faa3ee77,0x0000c7000000003bb9aa5e907d7b000037a3debb,3.9e-17,2026-02-11T09:37:23+00:00,0x17e837b14f824e7891ca8085463fcc9a04be0bf624fb7fb5d2ad9c7541202f1d
0x196c00c1b00000000000007c00739ad9faa3ee77,0x0000c7000000003bb9aa5e907d7b000037a3debb,4.3e-17,2026-02-11T09:38:11+00:00,0x806c295ce7f71564b1c9160c9387971993287e5291885966ab92091c9923fb82
0x196c00c1b00000000000007c00739ad9faa3ee77,0x0000c7000000003bb9aa5e907d7b000037a3debb,1.59e-16,2026-02-11T10:01:35+00:00,0x4bcc932fe87da83dbcd6bacfa8168d6d72ad5b935a339bffd5bfde5bf7244efa
0x196c00c1b00000000000007c00739ad9faa3ee77,0x0000c7000000003bb9aa5e907d7b000037a3debb,2.14e-16,2026-02-11T10:12:35+00:00,0xb0f6271db36ff2a0cf9a890022f9637a3c72c7ec2a28d3f3bb1112554d18b0c4
0x196c00c1b00000000000007c00739ad9faa3ee77,0x0000c7000000003bb9aa5e907d7b000037a3debb,2.16e-16,2026-02-11T10:12:59+00:00,0x99b066d9e5fd7d628aae64e158262bd7a84255d7e9915074132eaa01b210793d
0x196c00c1b00000000000007c00739ad9faa3ee77,0x0000c7000000003bb9aa5e907d7b000037a3debb,2.19e-16,2026-02-11T10:13:35+00:00,0x37d83c6993a2a313512112852e5fe1431008e2fbf7ab41ff67faebabbaa60712
0x196c00c1b00000000000007c00739ad9faa3ee77,0x0000c7000000003bb9aa5e907d7b000037a3debb,2.2e-16,2026-02-11T10:13:47+00:00,0x7a81366eebbb235d0e96346d4b3a66b320e7b6ae9c2d189849170e962d7c4693
0x196c00c1b00000000000007c00739ad9faa3ee77,0x0000c7000000003bb9aa5e907d7b000037a3debb,7.4e-17,2026-02-11T10:35:47+00:00,0xd5436247723d77025608b3a92164149803acdc6ecae49cfbc9a41e2c377e4d64
0x196c00c1b00000000000007c00739ad9faa3ee77,0x0000c7000000003bb9aa5e907d7b000037a3debb,1.49e-16,2026-02-11T10:50:59+00:00,0xe3cc4844fda7012d52c498a60af2e1b36538b417f42e8ad1637cbb88a7c84926
0x196c00c1b00000000000007c00739ad9faa3ee77,0x0000c7000000003bb9aa5e907d7b000037a3debb,1.53e-16,2026-02-11T10:51:47+00:00,0x4d02e051f753a6c73d120f35a1780f67251ded018b3b5045bdbd860077864b5d
0x196c00c1b00000000000007c00739ad9faa3ee77,0x0000c7000000003bb9aa5e907d7b000037a3debb,1.68e-16,2026-02-11T10:54:47+00:00,0x0fa07309b1aaf4f975b6daf1a6da19c0f66bc90535b112ddf2a61920ba88e2d3
0x196c00c1b00000000000007c00739ad9faa3ee77,0x0000c7000000003bb9aa5e907d7b000037a3debb,1.85e-16,2026-02-11T10:58:11+00:00,0x185a15509c9d902cadc9397721dcf2f6839eb5ec96bc4b4a6de2481fdfeca96b
0x196c00c1b00000000000007c00739ad9faa3ee77,0x0000c7000000003bb9aa5e907d7b000037a3debb,1.99e-16,2026-02-11T11:00:59+00:00,0x37ebfa37655fab688d2fc0b14af200e71057005b56984116df105a88856c82f2
0x196c00c1b00000000000007c00739ad9faa3ee77,0x0000c7000000003bb9aa5e907d7b000037a3debb,2.03e-16,2026-02-11T11:01:47+00:00,0x82a712bc118ad594c3314a300c4877733f2f391a20fa0ad1b5eca2ba8d041f2d
0x196c00c1b00000000000007c00739ad9faa3ee77,0x0000c7000000003bb9aa5e907d7b000037a3debb,2.18e-16,2026-02-11T11:04:47+00:00,0xf404e379add7efe192adc22e7a1fb4deada627bad8264a5f999e860e19627607
0x196c00c1b00000000000007c00739ad9faa3ee77,0x0000c7000000003bb9aa5e907d7b000037a3debb,2.53e-16,2026-02-11T11:11:59+00:00,0xfa15d6ca05522e58e283e77ac4600c85ae46ef7ed023a75678a55170dd5bb83e
0x196c00c1b00000000000007c00739ad9faa3ee77,0x0000c7000000003bb9aa5e907d7b000037a3debb,1e-17,2026-02-11T11:14:35+00:00,0x2cd1b2c632ef1156663656824859ba0659bb115ef266004ecbc83eb7ae8d8bb4
0x196c00c1b00000000000007c00739ad9faa3ee77,0x0000c7000000003bb9aa5e907d7b000037a3debb,3.4e-17,2026-02-11T11:19:23+00:00,0x440be44d1071bf11f4f057b0a641cabc80918f1a8a3317f49aa8c850d25b3738
0x196c00c1b00000000000007c00739ad9faa3ee77,0x0000c7000000003bb9aa5e907d7b000037a3debb,4.2e-17,2026-02-11T11:20:59+00:00,0x952bdd8648af10756f70b0f7f52c55726346c2d75001ca107eb607b3e7c0d9f4
0x196c00c1b00000000000007c00739ad9faa3ee77,0x0000c7000000003bb9aa5e907d7b000037a3debb,4.4e-17,2026-02-11T11:21:23+00:00,0xb0090fd6adfb5ccb3213cf42dcf1d3d1f54e43a467e983dad2d37159d47bc8c6
0x196c00c1b00000000000007c00739ad9faa3ee77,0x0000c7000000003bb9aa5e907d7b000037a3debb,5.5e-17,2026-02-11T11:23:35+00:00,0x584a5a96dff575815a88e6fe8f51113b515f1eb6cb862c42ddfaac146d41c53c
0x196c00c1b00000000000007c00739ad9faa3ee77,0x0000c7000000003bb9aa5e907d7b000037a3debb,7.3e-17,2026-02-11T11:27:11+00:00,0x4468cd79b9800acb329847d509db1d9d78144cf580c321ac06797171b32a18ab
0x196c00c1b00000000000007c00739ad9faa3ee77,0x0000c7000000003bb9aa5e907d7b000037a3debb,8.7e-17,2026-02-11T11:29:59+00:00,0xac707366a768c90fe5466561c0ba17707e8512643cbf4eed07d88e7ff6ba3028
0x196c00c1b00000000000007c00739ad9faa3ee77,0x0000c7000000003bb9aa5e907d7b000037a3debb,8.8e-17,2026-02-11T11:30:11+00:00,0xcbb8a38d6b9950728dc068d25ed63d6b50c4490ab9515778735cfc9716e6d7b2
0x196c00c1b00000000000007c00739ad9faa3ee77,0x0000c7000000003bb9aa5e907d7b000037a3debb,1.88e-16,2026-02-11T11:50:11+00:00,0xc0bf5d708cb71df71d7d8ee106a3ae7ccf3280e8d008184f43fe5bd13db4b176
0x196c00c1b00000000000007c00739ad9faa3ee77,0x0000c7000000003bb9aa5e907d7b000037a3debb,2.04e-16,2026-02-11T11:53:23+00:00,0xbebbc218f8608a315c745ede87d7777ac8373b0f63ce10660611b9e83726b358
0x196c00c1b00000000000007c00739ad9faa3ee77,0x0000c7000000003bb9aa5e907d7b000037a3debb,2.7e-17,2026-02-11T12:09:23+00:00,0x127d908523b82e1c9b95c036b57356d66da0d9f648a569d3c1c2524416275bbe
0x196c00c1b00000000000007c00739ad9faa3ee77,0x0000c7000000003bb9aa5e907d7b000037a3debb,4.2e-17,2026-02-11T12:12:23+00:00,0x5fcf3fc20403b19f23979ca1fadd95cedbe6fcec3f046b153ee4d179990377bd
0x196c00c1b00000000000007c00739ad9faa3ee77,0x0000c7000000003bb9aa5e907d7b000037a3debb,7e-17,2026-02-11T12:17:59+00:00,0x56ed1f0b324969c3110822ee0ac36fa56b40fd3fb6dc1f7b84fd5571ea1a33db
0x196c00c1b00000000000007c00739ad9faa3ee77,0x0000c7000000003bb9aa5e907d7b000037a3debb,7.4e-17,2026-02-11T12:18:47+00:00,0x285ce5b3dc34a760927737c9f018f45db9c46faaa40b90218ed44c789b6bc033
0x196c00c1b00000000000007c00739ad9faa3ee77,0x0000c7000000003bb9aa5e907d7b000037a3debb,9.2e-17,2026-02-11T12:22:23+00:00,0xdd5d31f14d1ce5ec25bbfd6f40dfdb8854e6635febd50b88d9bb26c19d82cfb4
0x196c00c1b00000000000007c00739ad9faa3ee77,0x0000c7000000003bb9aa5e907d7b000037a3debb,2.54e-16,2026-02-11T12:54:47+00:00,0xfa53a8055586591ba7c75318cc39d1ef4a8082e512fc85e2f38e477f67b2b321
0x196c00c1b00000000000007c00739ad9faa3ee77,0x0000c7000000003bb9aa5e907d7b000037a3debb,5.7e-17,2026-02-11T13:06:35+00:00,0x256f28d88103b209dcbaef054171aed87b75c753270fdb358915a9adc36ff734
0x196c00c1b00000000000007c00739ad9faa3ee77,0x0000c7000000003bb9aa5e907d7b000037a3debb,1.43e-16,2026-02-11T13:24:11+00:00,0xc97092a35cfdf500eff4672b6078a933328ec87fa57eb293245a1e833368d646
0x196c00c1b00000000000007c00739ad9faa3ee77,0x0000c7000000003bb9aa5e907d7b000037a3debb,1.52e-16,2026-02-11T13:25:59+00:00,0xca2ca4d0ccfbece717b9e2ed5729cd36a0a6def499e15828dab9d90c5094b479
0x196c00c1b00000000000007c00739ad9faa3ee77,0x0000c7000000003bb9aa5e907d7b000037a3debb,1.59e-16,2026-02-11T13:27:23+00:00,0xc4289e8e28049248a0661a6523cccaf381dbc2c83166ddf47ce0adaf688dd1f8
0x196c00c1b00000000000007c00739ad9faa3ee77,0x0000c7000000003bb9aa5e907d7b000037a3debb,1.98e-16,2026-02-11T13:35:11+00:00,0x3111005a505a46bfe2e303d9c0a6264c1e44347906448bf5354ac495f5c825cd
0x196c00c1b00000000000007c00739ad9faa3ee77,0x0000c7000000003bb9aa5e907d7b000037a3debb,5.8e-17,2026-02-11T13:58:23+00:00,0xb9318acf5d775244475714fe572f6e6138ba846dd68081375ec0927dda3a20f1
0x196c00c1b00000000000007c00739ad9faa3ee77,0x0000c7000000003bb9aa5e907d7b000037a3debb,1.14e-16,2026-02-11T14:09:47+00:00,0x0cbf8e5ae80221182d1ddac5559cdc224d72ca33d471844403ec27e9ee61da6c
0x196c00c1b00000000000007c00739ad9faa3ee77,0x0000c7000000003bb9aa5e907d7b000037a3debb,1.29e-16,2026-02-11T14:12:47+00:00,0xfae15fd0e714afb13a176ea346586e718eabb19e187c599e60edcb0ad06f65b0
0x196c00c1b00000000000007c00739ad9faa3ee77,0x0000c7000000003bb9aa5e907d7b000037a3debb,1.32e-16,2026-02-11T14:13:23+00:00,0x0573c40fcb1d6aed517d9d374f4b8001a6bca42288a61884c109678cf8fb7051
0x196c00c1b00000000000007c00739ad9faa3ee77,0x0000c7000000003bb9aa5e907d7b000037a3debb,3.6e-17,2026-02-11T14:45:35+00:00,0x1a7d1129a1c7e22991060f819fa23cc89a1f4f16ffca54571abc33ff6e1e67bf
0x196c00c1b00000000000007c00739ad9faa3ee77,0x0000c7000000003bb9aa5e907d7b000037a3debb,1e-16,2026-02-11T14:58:23+00:00,0xd19ae279d36a9c2ce0c4c2fd49cb04c51a95f9782d7042c9986261f337526c72
0x196c00c1b00000000000007c00739ad9faa3ee77,0x0000c7000000003bb9aa5e907d7b000037a3debb,1.07e-16,2026-02-11T14:59:47+00:00,0xc2a39b1f99657a3d11f2b8f03bc1056707d6a6161bb77870bbc607cb5b8ca4db
0x196c00c1b00000000000007c00739ad9faa3ee77,0x0000c7000000003bb9aa5e907d7b000037a3debb,1.34e-16,2026-02-11T15:05:11+00:00,0x6fbbd3f5643f1fd3543caa3235b1bf0bd9ec4fb44d38dbdbaaf1e59841933d9f
0x196c00c1b00000000000007c00739ad9faa3ee77,0x0000c7000000003bb9aa5e907d7b000037a3debb,1.38e-16,2026-02-11T15:05:59+00:00,0xcffaffe444573917cff39904ee619a6927f8b9f3def7507a39ad8dd36e4d99fb
0x196c00c1b00000000000007c00739ad9faa3ee77,0x0000c7000000003bb9aa5e907d7b000037a3debb,1.42e-16,2026-02-11T15:06:47+00:00,0x1f7dd4556cef2d9ca56adb24eb88d9458236ffd0137b050b20de4c5074930315
0x196c00c1b00000000000007c00739ad9faa3ee77,0x0000c7000000003bb9aa5e907d7b000037a3debb,1.66e-16,2026-02-11T15:11:35+00:00,0x84ccbf5967c6d1cd6a7b55d6e5e25443c33725d80bd2006611fdfe399073cf1a
0x196c00c1b00000000000007c00739ad9faa3ee77,0x0000c7000000003bb9aa5e907d7b000037a3debb,1.73e-16,2026-02-11T15:12:59+00:00,0x702662f6aca13d549bbbe50d8ba70383a18b973491e47179a884d8672081afa8
0x196c00c1b00000000000007c00739ad9faa3ee77,0x0000c7000000003bb9aa5e907d7b000037a3debb,1.15e-16,2026-02-11T15:52:35+00:00,0x7d76b721fe179a9418de55a5f14d8f8ea81152e756f7d3a45373d2700a0da903
0x196c00c1b00000000000007c00739ad9faa3ee77,0x0000c7000000003bb9aa5e907d7b000037a3debb,1.59e-16,2026-02-11T16:01:23+00:00,0x99caa0dfc3aa4bf0e7bf2d60ff4b9c382ec81e9689714e21b27414ed4dfe5012
0x196c00c1b00000000000007c00739ad9faa3ee77,0x0000c7000000003bb9aa5e907d7b000037a3debb,1.94e-16,2026-02-11T16:08:35+00:00,0x5664c69399abb97730df95de2aa2a25b5cbda8921d6383ab0530042db3ba2f8c
0x196c00c1b00000000000007c00739ad9faa3ee77,0x0000c7000000003bb9aa5e907d7b000037a3debb,2.13e-16,2026-02-11T16:12:23+00:00,0x4a6dc49cafdb3265b7a32a327d80db0297c774058184cd86acaa1a96760c5837
0x196c00c1b00000000000007c00739ad9faa3ee77,0x0000c7000000003bb9aa5e907d7b000037a3debb,5.1e-17,2026-02-11T16:31:11+00:00,0x69a4b0ddc76a2ef5a7ff650a754689a5e87a3ae533b59d8e1dd0bab8e80b9819
0x196c00c1b00000000000007c00739ad9faa3ee77,0x0000c7000000003bb9aa5e907d7b000037a3debb,7.5e-17,2026-02-11T16:36:11+00:00,0x6287b7763acb7176da37d958dc96bb2f4c42e7fcb4e699582fd03c608af1d731
0x196c00c1b00000000000007c00739ad9faa3ee77,0x0000c7000000003bb9aa5e907d7b000037a3debb,1.11e-16,2026-02-11T16:43:35+00:00,0xaa8a51635e2ef7df6886bd565d3d31f1f361fa93f341b4d8e3777b865b3b7a58
0x196c00c1b00000000000007c00739ad9faa3ee77,0x0000c7000000003bb9aa5e907d7b000037a3debb,1.16e-16,2026-02-11T16:44:35+00:00,0xe07bebc514b901ed1df9bf855fe7970e1de21b426914dcd4d78fc1c77ac66dff
0x196c00c1b00000000000007c00739ad9faa3ee77,0x0000c7000000003bb9aa5e907d7b000037a3debb,1.17e-16,2026-02-11T16:44:47+00:00,0xd5087ef70a4650ce6bc6e9477f628088d5128b32e574870139f3b9e0ba9dd5b7
0x196c00c1b00000000000007c00739ad9faa3ee77,0x0000c7000000003bb9aa5e907d7b000037a3debb,2.09e-16,2026-02-11T17:03:11+00:00,0x1c5cd06c602684949d032b47c61d41de1053679c26263d27911ce56433b500c5
0x196c00c1b00000000000007c00739ad9faa3ee77,0x0000c7000000003bb9aa5e907d7b000037a3debb,2.23e-16,2026-02-11T17:05:59+00:00,0xa1725b8312295e0365f112e39aca44a64001f4c3781e5120a77853a751e119fd
0x196c00c1b00000000000007c00739ad9faa3ee77,0x0000c7000000003bb9aa5e907d7b000037a3debb,2.25e-16,2026-02-11T17:06:23+00:00,0x372cbd17af53f2ade3cacefee92180836d38d07d8995612037b897ed4580d345
0x196c00c1b00000000000007c00739ad9faa3ee77,0x0000c7000000003bb9aa5e907d7b000037a3debb,8.4e-17,2026-02-11T17:29:23+00:00,0x25b6d1a2120947c12838fdfe8ff3c836db8f99f7484466d6e08bb9644e2dacf2
0x196c00c1b00000000000007c00739ad9faa3ee77,0x0000c7000000003bb9aa5e907d7b000037a3debb,1.99e-16,2026-02-11T17:52:47+00:00,0xb507c568bfdd61e621caa82ea7bbf746d7b82a1a44b948b40be87705485822c1
0x196c00c1b00000000000007c00739ad9faa3ee77,0x0000c7000000003bb9aa5e907d7b000037a3debb,2.09e-16,2026-02-11T17:54:47+00:00,0xb0a06147406930267967991d6cc227f0db1de0f84785374628a55c8c6ff6402e
0x196c00c1b00000000000007c00739ad9faa3ee77,0x0000c7000000003bb9aa5e907d7b000037a3debb,2.23e-16,2026-02-11T17:57:35+00:00,0xa55cad2e5c29eba699cfb88944e97cd57352bf2a5296de0771f5a98fe8cff55e
0x196c00c1b00000000000007c00739ad9faa3ee77,0x0000c7000000003bb9aa5e907d7b000037a3debb,2.34e-16,2026-02-11T17:59:47+00:00,0x53531b8658148230008e98a9f97498025eb233a7185a34e6b52ef9e2178238da
0x196c00c1b00000000000007c00739ad9faa3ee77,0x0000c7000000003bb9aa5e907d7b000037a3debb,2.5e-16,2026-02-11T18:02:59+00:00,0xc7d00342c0fd9b1f15f1529b9b9301a3826b2dd060e01e31a779f247d9e07f8b
0x196c00c1b00000000000007c00739ad9faa3ee77,0x0000c7000000003bb9aa5e907d7b000037a3debb,3.9e-17,2026-02-11T18:11:59+00:00,0x8daf05157d5d6bbec552af9cdf4ddfb4213f9a0a3ba9f28684fa33a7dcb39580
0x196c00c1b00000000000007c00739ad9faa3ee77,0x0000c7000000003bb9aa5e907d7b000037a3debb,1.12e-16,2026-02-11T18:26:47+00:00,0x8faa567e05d80e30264d1bb3421032c8e7906b5cb8bd0b6689b2ae746067dc53
0x196c00c1b00000000000007c00739ad9faa3ee77,0x0000c7000000003bb9aa5e907d7b000037a3debb,1.54e-16,2026-02-11T18:35:11+00:00,0xbfbea822deecd7ef0da6b306cca4f066b6a49af0abf5f408886668abc42ad9c5
0x196c00c1b00000000000007c00739ad9faa3ee77,0x0000c7000000003bb9aa5e907d7b000037a3debb,1.63e-16,2026-02-11T18:36:59+00:00,0xf93bb04e94f542d2b84693c681d5a7f1ffd413008cef687b9d7d86b7919640d2
0x196c00c1b00000000000007c00739ad9faa3ee77,0x0000c7000000003bb9aa5e907d7b000037a3debb,2.41e-16,2026-02-11T18:52:47+00:00,0x119ae490853fa116e0c1d4cdb932d3411ced0e70eb5718c03939ecc8fe68bcbe
0x196c00c1b00000000000007c00739ad9faa3ee77,0x0000c7000000003bb9aa5e907d7b000037a3debb,2.48e-16,2026-02-11T18:54:11+00:00,0xb205fb4a6cd44bfdaeb773d6a8f6832ed7707f156105fc0c28d8ae0f029c3807
0x196c00c1b00000000000007c00739ad9faa3ee77,0x0000c7000000003bb9aa5e907d7b000037a3debb,1.18e-16,2026-02-11T19:19:23+00:00,0xd2ce477ff3ed166b72333f76658f8ab10dcc134021aa8ff928955364c59b8d87
0x196c00c1b00000000000007c00739ad9faa3ee77,0x0000c7000000003bb9aa5e907d7b000037a3debb,1.42e-16,2026-02-11T19:24:11+00:00,0x505f4107eaeb04f77b7524ddac3de279cd6f06df7496f5bacfa2937b62166fb1
0x196c00c1b00000000000007c00739ad9faa3ee77,0x0000c7000000003bb9aa5e907d7b000037a3debb,1.62e-16,2026-02-11T19:28:11+00:00,0xd5173b64a8172f6dd0aba24596aa65fe1257c5a50e8b54825cc53ea55054098a
0x196c00c1b00000000000007c00739ad9faa3ee77,0x0000c7000000003bb9aa5e907d7b000037a3debb,2.37e-16,2026-02-11T19:43:11+00:00,0xd3e74ea37d377f12c9031a378786b81c92a83156f6cfc80fdeaec2c39716b1d8
0x196c00c1b00000000000007c00739ad9faa3ee77,0x0000c7000000003bb9aa5e907d7b000037a3debb,9e-18,2026-02-11T19:48:47+00:00,0x214bfd7198ddf985b74b3e55e058c368b831aed14e1774465b4237e72005961b
0x196c00c1b00000000000007c00739ad9faa3ee77,0x0000c7000000003bb9aa5e907d7b000037a3debb,1e-17,2026-02-11T19:48:59+00:00,0x4ff11b2bfb1a108fc89637ceefeffad571f511e26833f977959c6fe34270c850
0x196c00c1b00000000000007c00739ad9faa3ee77,0x0000c7000000003bb9aa5e907d7b000037a3debb,4.5e-17,2026-02-11T19:55:59+00:00,0xe92762b32151b5720d17b9f759cb2032557be5e69ceb00e2ea530b1d0e9b8941
0x196c00c1b00000000000007c00739ad9faa3ee77,0x0000c7000000003bb9aa5e907d7b000037a3debb,5.3e-17,2026-02-11T19:57:35+00:00,0x0bb3f9c38f25c7e53b1de835fad8fc72956bf143f984b1a6cac3069fb1ab0314
0x196c00c1b00000000000007c00739ad9faa3ee77,0x0000c7000000003bb9aa5e907d7b000037a3debb,7e-17,2026-02-11T20:00:59+00:00,0x2850cdfd8472c1bea22fe6c57c61bd017afba0581a718bde50562b4b9cbfddc9
0x196c00c1b00000000000007c00739ad9faa3ee77,0x0000c7000000003bb9aa5e907d7b000037a3debb,9.7e-17,2026-02-11T20:06:23+00:00,0x120d71f54b0bdb9d6b461000d83e262874dc3c92c87d724e1b310ba080457872
0x196c00c1b00000000000007c00739ad9faa3ee77,0x0000c7000000003bb9aa5e907d7b000037a3debb,1.17e-16,2026-02-11T20:10:23+00:00,0x2f2be73c57def192e653d997b559cf8829fa92dc9ddea1a254552a8b348bd441
0x196c00c1b00000000000007c00739ad9faa3ee77,0x0000c7000000003bb9aa5e907d7b000037a3debb,2.2e-16,2026-02-11T20:30:59+00:00,0x4a21df1ac1503ee683f4e79943fb4a2c8699a8f68c9e769749189f46e0ec96e2
0x196c00c1b00000000000007c00739ad9faa3ee77,0x0000c7000000003bb9aa5e907d7b000037a3debb,7e-18,2026-02-11T20:39:47+00:00,0x66404f95aa9fce69a1f035908722017a1441edc84b1cd783914ef79aa1b8fb27
0x196c00c1b00000000000007c00739ad9faa3ee77,0x0000c7000000003bb9aa5e907d7b000037a3debb,2.8e-17,2026-02-11T20:43:59+00:00,0xf8e0029168253201866a11e1d3d2a14fdaba19491d5e436989ceedc31a6a2dfe
0x196c00c1b00000000000007c00739ad9faa3ee77,0x0000c7000000003bb9aa5e907d7b000037a3debb,3.3e-17,2026-02-11T20:44:59+00:00,0xc12b1db02c725af5cbe163a3ca16ba86328acdb30e9cda98af3a87220d0523d1
0x196c00c1b00000000000007c00739ad9faa3ee77,0x0000c7000000003bb9aa5e907d7b000037a3debb,5.5e-17,2026-02-11T20:49:23+00:00,0xf004c32c96c4b80762fab17cce4be68e70f9d157c4940552c7be318706aad8c7
0x196c00c1b00000000000007c00739ad9faa3ee77,0x0000c7000000003bb9aa5e907d7b000037a3debb,1.41e-16,2026-02-11T21:06:35+00:00,0x1ac52d6a7252f3ed8b13531775019c9b2401877df94f2d6bc4276b7352a08ddc
0x196c00c1b00000000000007c00739ad9faa3ee77,0x0000c7000000003bb9aa5e907d7b000037a3debb,1.86e-16,2026-02-11T21:15:35+00:00,0xd154ce18962a42bd45e5c1349a44658a2624d2879d93d8e1e0bb555b14056d07
0x196c00c1b00000000000007c00739ad9faa3ee77,0x0000c7000000003bb9aa5e907d7b000037a3debb,1.89e-16,2026-02-11T21:16:11+00:00,0x98a798678240b68e2dd26f6595955816c3a798e7eafb027bd48e3cfa1aae4971
0x196c00c1b00000000000007c00739ad9faa3ee77,0x0000c7000000003bb9aa5e907d7b000037a3debb,1.98e-16,2026-02-11T21:17:59+00:00,0xce872c5c89521f99b2861e32422e5e6e4fe0228f57677a983bedc5078ace28fc
0x196c00c1b00000000000007c00739ad9faa3ee77,0x0000c7000000003bb9aa5e907d7b000037a3debb,2.08e-16,2026-02-11T21:19:59+00:00,0xbfadc4db0574075e1919ba491373c7c0b9d5936f99e0edec0bea62055a29f35c
0x196c00c1b00000000000007c00739ad9faa3ee77,0x0000c7000000003bb9aa5e907d7b000037a3debb,2.24e-16,2026-02-11T21:23:11+00:00,0xa1c75803eae53d31abf47013090d3051d0391ca3dce93e75fd56b6d4963771f3
0x196c00c1b00000000000007c00739ad9faa3ee77,0x0000c7000000003bb9aa5e907d7b000037a3debb,2.26e-16,2026-02-11T21:23:35+00:00,0x34fd56b9f7b62d4917e40acdd2066c9ae0600ab479c419e086986d8af667e147
0x196c00c1b00000000000007c00739ad9faa3ee77,0x0000c7000000003bb9aa5e907d7b000037a3debb,2.42e-16,2026-02-11T21:26:47+00:00,0x4a9fe3a4b744ad4f80a12468838d6ca82293fdbaf3de5a903c6a166aef3183b4
0x196c00c1b00000000000007c00739ad9faa3ee77,0x0000c7000000003bb9aa5e907d7b000037a3debb,2.43e-16,2026-02-11T21:26:59+00:00,0x254a6b6af4c9eae9b33fa9a8c9cc7e00402041e2560e154a9b2d062bde020a1e
0x196c00c1b00000000000007c00739ad9faa3ee77,0x0000c7000000003bb9aa5e907d7b000037a3debb,2.54e-16,2026-02-11T21:29:11+00:00,0x82398ff3b3113a12c6ed38e32bf3933289682e6316d524a6ae0ff7fd6a282d3e
0x196c00c1b00000000000007c00739ad9faa3ee77,0x0000c7000000003bb9aa5e907d7b000037a3debb,2.1e-17,2026-02-11T21:33:47+00:00,0xab3e1d5ef6a78c9597de150de8845a6c865b46967fbe117ebdc8f9d34c274864
0x196c00c1b00000000000007c00739ad9faa3ee77,0x0000c7000000003bb9aa5e907d7b000037a3debb,4.4e-17,2026-02-11T21:38:23+00:00,0x7ac615012ecb19c46ffb47ec9268b4b9cbfecee4e9cf88bc4cc4b38520c7e1ea
0x196c00c1b00000000000007c00739ad9faa3ee77,0x0000c7000000003bb9aa5e907d7b000037a3debb,8e-17,2026-02-11T21:45:47+00:00,0x227129b422126061746e24c0f6a7e82493fbdbb072d305e78a51c9aa58efbd31
0x196c00c1b00000000000007c00739ad9faa3ee77,0x0000c7000000003bb9aa5e907d7b000037a3debb,9.8e-17,2026-02-11T21:49:23+00:00,0xbb2343dca14e368a6e51eacf94b2c569dd034f39c5bfaa8b2e4261d99adc383a
0x196c00c1b00000000000007c00739ad9faa3ee77,0x0000c7000000003bb9aa5e907d7b000037a3debb,1.03e-16,2026-02-11T21:50:23+00:00,0xd951ba2b045a3e8e384acd80ca9bd26ec0517d3555f73d07f8e1253286bf8ebc
0x196c00c1b00000000000007c00739ad9faa3ee77,0x0000c7000000003bb9aa5e907d7b000037a3debb,1.06e-16,2026-02-11T21:50:59+00:00,0x70d714de999d40b11dac9c646d7adcff2393291fa2d334b31b3cee1e61eff39f
0x196c00c1b00000000000007c00739ad9faa3ee77,0x0000c7000000003bb9aa5e907d7b000037a3debb,1.11e-16,2026-02-11T21:51:59+00:00,0x2e8df77705cc45f8b11b314f846f3ae426c7eb3efc175a6087c826e3169ddd1c
0x196c00c1b00000000000007c00739ad9faa3ee77,0x0000c7000000003bb9aa5e907d7b000037a3debb,1.21e-16,2026-02-11T21:53:59+00:00,0xd68d7944b7ab8f2a0b3a38c9d1777a4e26fb251351ff66efa798f5dd0fb228b6
0x196c00c1b00000000000007c00739ad9faa3ee77,0x0000c7000000003bb9aa5e907d7b000037a3debb,1.33e-16,2026-02-11T21:56:35+00:00,0x508618f32c21576916c8c8652ea2b84b9598fc73115970e416fb69893e440781
0x196c00c1b00000000000007c00739ad9faa3ee77,0x0000c7000000003bb9aa5e907d7b000037a3debb,1.41e-16,2026-02-11T21:58:11+00:00,0x611b9ce18ae5faf59b47622071e19fce8be45f71d0a7ce172eb8d7c3f6f6e14d
0x196c00c1b00000000000007c00739ad9faa3ee77,0x0000c7000000003bb9aa5e907d7b000037a3debb,1.43e-16,2026-02-11T21:58:35+00:00,0x5bdedff263889d79d8aefc9404f5129755f7254d2822176e6a1b546751dcfd1d
0x196c00c1b00000000000007c00739ad9faa3ee77,0x0000c7000000003bb9aa5e907d7b000037a3debb,1.9e-16,2026-02-11T22:07:59+00:00,0x8a8e2cdb6465178908ac92550d8057c9e0c8c17b2f7bc7f35001534c97194908
0x196c00c1b00000000000007c00739ad9faa3ee77,0x0000c7000000003bb9aa5e907d7b000037a3debb,2.14e-16,2026-02-11T22:12:47+00:00,0xad64d8eaedb492df924bf0921d2152779fb6650cc85f506898f9b28097dac6af
0x196c00c1b00000000000007c00739ad9faa3ee77,0x0000c7000000003bb9aa5e907d7b000037a3debb,2.42e-16,2026-02-11T22:18:23+00:00,0x1610ce90f17ddf572e24f4705e4086ec8a11b3f9867625440c81cf9c3e571c2d
0x196c00c1b00000000000007c00739ad9faa3ee77,0x0000c7000000003bb9aa5e907d7b000037a3debb,2.44e-16,2026-02-11T22:18:47+00:00,0x0475bdb2279a1d287df1d474016320f4e44b0f982f246d7338dfa8768b3ce085
0x196c00c1b00000000000007c00739ad9faa3ee77,0x0000c7000000003bb9aa5e907d7b000037a3debb,1e-18,2026-02-11T22:21:23+00:00,0xb6b38131fe259e11383d8f16b487148368a9781e1b6fd42cc31ca6c86f89f6ab
0x196c00c1b00000000000007c00739ad9faa3ee77,0x0000c7000000003bb9aa5e907d7b000037a3debb,5.8e-17,2026-02-11T22:32:59+00:00,0x9a70d3ed5a2a1316423a6283a9e5cecdc8618c590258905468750d62608c1f4d
0x196c00c1b00000000000007c00739ad9faa3ee77,0x0000c7000000003bb9aa5e907d7b000037a3debb,5.9e-17,2026-02-11T22:33:11+00:00,0xd8f1abefbc5c8d682abc5fd7d75d80c07073c8d16aa85e6a56ac88944e035b8c
0x196c00c1b00000000000007c00739ad9faa3ee77,0x0000c7000000003bb9aa5e907d7b000037a3debb,6.8e-17,2026-02-11T22:34:59+00:00,0x5ca6b22d172550a9d1daed1225ff80b6e1759151e334a4eab91d07b21423ce5e
0x196c00c1b00000000000007c00739ad9faa3ee77,0x0000c7000000003bb9aa5e907d7b000037a3debb,7.2e-17,2026-02-11T22:35:47+00:00,0x37e21797f040dd09ab5f1df696fa2f6c82c883cb7ca6085e1330db4307459db4
0x196c00c1b00000000000007c00739ad9faa3ee77,0x0000c7000000003bb9aa5e907d7b000037a3debb,8e-17,2026-02-11T22:37:23+00:00,0x2b5994a772c4af35f0d2af9197802bf077745f88d6ff629cc8d770625e1cd9ca
0x196c00c1b00000000000007c00739ad9faa3ee77,0x0000c7000000003bb9aa5e907d7b000037a3debb,1.17e-16,2026-02-11T22:44:47+00:00,0x489912ae87b57e2995c87cf48191f512ec3e055ba7d8166eb1e9bdd66152be57
0x196c00c1b00000000000007c00739ad9faa3ee77,0x0000c7000000003bb9aa5e907d7b000037a3debb,1.28e-16,2026-02-11T22:46:59+00:00,0x51417df4eb02b7132ece83664054ca67258b9ca637dc4bb6f5550ab1f7bb186b
0x196c00c1b00000000000007c00739ad9faa3ee77,0x0000c7000000003bb9aa5e907d7b000037a3debb,1.29e-16,2026-02-11T22:47:11+00:00,0x92915eb0aae5914a6aa4e70f638638274e2f7e74b4d7f1621a633cdc5155a7e5
0x196c00c1b00000000000007c00739ad9faa3ee77,0x0000c7000000003bb9aa5e907d7b000037a3debb,1.31e-16,2026-02-11T22:47:35+00:00,0xd4f5f9de4848fafa4d0b3eab89045122f4bd8321687d7a57d5faa1cb2b89cbc4
0x196c00c1b00000000000007c00739ad9faa3ee77,0x0000c7000000003bb9aa5e907d7b000037a3debb,1.33e-16,2026-02-11T22:47:59+00:00,0xcbf9e9e70e0a5d346bb7074f80bd0e7018df8c12003081b499376e72777d6027
0x196c00c1b00000000000007c00739ad9faa3ee77,0x0000c7000000003bb9aa5e907d7b000037a3debb,1.56e-16,2026-02-11T22:52:47+00:00,0xcc5adc2c1a637d3dc1f9b53710b76b48cbb8d869def7d1f0260244158933bcfc
0x196c00c1b00000000000007c00739ad9faa3ee77,0x0000c7000000003bb9aa5e907d7b000037a3debb,1.63e-16,2026-02-11T22:54:11+00:00,0x888530b0d1c4dcd10ceb02d37f96548012c68ae716dea5b6318158dd065d7df5
0x196c00c1b00000000000007c00739ad9faa3ee77,0x0000c7000000003bb9aa5e907d7b000037a3debb,1.85e-16,2026-02-11T22:58:35+00:00,0xcfbffbc7262d755e2bec3a527f54a71375f9c31098025d9605f78f52bb8d6b78
0x196c00c1b00000000000007c00739ad9faa3ee77,0x0000c7000000003bb9aa5e907d7b000037a3debb,2.12e-16,2026-02-11T23:03:59+00:00,0x0eb732564741a00689ea32a175ddc1745177971d1d5f4ba3d5e2b2827d40c385
0x196c00c1b00000000000007c00739ad9faa3ee77,0x0000c7000000003bb9aa5e907d7b000037a3debb,2.21e-16,2026-02-11T23:05:47+00:00,0xf33152fba94150e12f5e0a1aa658c9e9c5559fa0379d49d4703abfe5d5898ef4
0x196c00c1b00000000000007c00739ad9faa3ee77,0x0000c7000000003bb9aa5e907d7b000037a3debb,2.38e-16,2026-02-11T23:09:11+00:00,0xad137014aae297fa8d8d2ee909c8a65abbfbe088029f3bd5a6ea993dd869a33e
0x196c00c1b00000000000007c00739ad9faa3ee77,0x0000c7000000003bb9aa5e907d7b000037a3debb,2.4e-16,2026-02-11T23:09:35+00:00,0x3f768fd0ac818dda30741b086ce1e569e3d7e95288708645e4ccfef17a3de22e
0x196c00c1b00000000000007c00739ad9faa3ee77,0x0000c7000000003bb9aa5e907d7b000037a3debb,2.41e-16,2026-02-11T23:09:47+00:00,0xed263ac5d5a58da23c3d5e5a3751dd5ab5c3c332d82d278d0af8891c8c689d39
0x196c00c1b00000000000007c00739ad9faa3ee77,0x0000c7000000003bb9aa5e907d7b000037a3debb,2.48e-16,2026-02-11T23:11:11+00:00,0x03d744f9bf40916953b764325f9ccb75ca9f979297b0b32097bb67df9a5ada7b
0x196c00c1b00000000000007c00739ad9faa3ee77,0x0000c7000000003bb9aa5e907d7b000037a3debb,1e-18,2026-02-11T23:12:59+00:00,0x5e2b8857bd09056e56cb1600477e24aa147c832bedd231fd11eecf5a6289c582
0x196c00c1b00000000000007c00739ad9faa3ee77,0x0000c7000000003bb9aa5e907d7b000037a3debb,4.9e-17,2026-02-11T23:22:47+00:00,0x684d811d8f893eab598997267a39fd9265213bb93addb15ce535f4fc7a4f4977
0x196c00c1b00000000000007c00739ad9faa3ee77,0x0000c7000000003bb9aa5e907d7b000037a3debb,5e-17,2026-02-11T23:22:59+00:00,0xe2edb7d4f13555c17201bc37b68a93a316fa9d18607228e0aa231ea57e11aa1d
0x196c00c1b00000000000007c00739ad9faa3ee77,0x0000c7000000003bb9aa5e907d7b000037a3debb,6.8e-17,2026-02-11T23:26:35+00:00,0xe2ad0fbe389e9b8d97c22f39e595d81a955abc97b0deaf1435b0727e666c9d63
0x196c00c1b00000000000007c00739ad9faa3ee77,0x0000c7000000003bb9aa5e907d7b000037a3debb,7e-17,2026-02-11T23:26:59+00:00,0x84ef4fb31c5cec162e3aa1c090c2f3f7ad5f0ad1aa75f2e5f2e4014768459f9e
0x196c00c1b00000000000007c00739ad9faa3ee77,0x0000c7000000003bb9aa5e907d7b000037a3debb,7.4e-17,2026-02-11T23:27:47+00:00,0x5df2227949b5343867c628b109591851e8f04f7f97355bf6cbef8ae22cf7a4ef
0x196c00c1b00000000000007c00739ad9faa3ee77,0x0000c7000000003bb9aa5e907d7b000037a3debb,9.2e-17,2026-02-11T23:31:23+00:00,0x52b1f0a5ce96a701f452f6212d513c311c3e32e67917e7803ee1cbbc27aaa29e
0x196c00c1b00000000000007c00739ad9faa3ee77,0x0000c7000000003bb9aa5e907d7b000037a3debb,1.36e-16,2026-02-11T23:40:11+00:00,0x0462be4dfb3fe657795b21b4e3c8521ae2bff0236da1c0f6150464bc8f19f52f
0x196c00c1b00000000000007c00739ad9faa3ee77,0x0000c7000000003bb9aa5e907d7b000037a3debb,1.54e-16,2026-02-11T23:43:47+00:00,0x9f8bf036c6621fa4ad3459ad58f679408ab613f7ba0df59681bf65fda9135a62
0x196c00c1b00000000000007c00739ad9faa3ee77,0x0000c7000000003bb9aa5e907d7b000037a3debb,1.6e-16,2026-02-11T23:44:59+00:00,0xfd0b8584dd48395b3304358e111e7bf30a0e8b154544c2b95c49aa53134e4725
0x196c00c1b00000000000007c00739ad9faa3ee77,0x0000c7000000003bb9aa5e907d7b000037a3debb,1.68e-16,2026-02-11T23:46:35+00:00,0x4c44cb14b86fdbde627a3fe4b1f0f2e55be3f8ae25ebf002a079bd7a75edc250
0x196c00c1b00000000000007c00739ad9faa3ee77,0x0000c7000000003bb9aa5e907d7b000037a3debb,1.94e-16,2026-02-11T23:51:47+00:00,0x4a42b280f0ba7968a6284a8a2c00bd6a29eade9ebb66271feee89549434a6c34
0x196c00c1b00000000000007c00739ad9faa3ee77,0x0000c7000000003bb9aa5e907d7b000037a3debb,1.96e-16,2026-02-11T23:52:11+00:00,0x8a718dab1b41ecd8b90efc983eea956f8ca5ccf530c75d0d3db877a21eba07a9
0x196c00c1b00000000000007c00739ad9faa3ee77,0x0000c7000000003bb9aa5e907d7b000037a3debb,2.37e-16,2026-02-12T00:00:23+00:00,0x7a8c449756df47474432b4d22703288530c0c0efe460fed44ab255595b93a393
0x196c00c1b00000000000007c00739ad9faa3ee77,0x0000c7000000003bb9aa5e907d7b000037a3debb,1e-17,2026-02-12T00:06:11+00:00,0xcea3ec56ecc3fefb22e63e61c445ab14c872f85905e702fe955b808797d49971
0x196c00c1b00000000000007c00739ad9faa3ee77,0x0000c7000000003bb9aa5e907d7b000037a3debb,1.5e-17,2026-02-12T00:07:11+00:00,0x0fa2f96eee8d86453d8101728bd3e807796a15095dfa03288b9a88c99b150021
0x196c00c1b00000000000007c00739ad9faa3ee77,0x0000c7000000003bb9aa5e907d7b000037a3debb,1.7e-17,2026-02-12T00:07:35+00:00,0x2a91832ef7fd3d4b5f871a1472e97cefd5a0a81762da855cc212a28101b03599
0x196c00c1b00000000000007c00739ad9faa3ee77,0x0000c7000000003bb9aa5e907d7b000037a3debb,2.5e-17,2026-02-12T00:09:11+00:00,0x38cafc1f5769c3d3cfd62d61e16fc631be3f41ad06566e95e2f468d2d6fe3013
0x196c00c1b00000000000007c00739ad9faa3ee77,0x0000c7000000003bb9aa5e907d7b000037a3debb,2.9e-17,2026-02-12T00:09:59+00:00,0x28feb03ac32576cbf6940e18bcb4bb5c2444d1cdb5111bfeafba5182112a751b
0x196c00c1b00000000000007c00739ad9faa3ee77,0x0000c7000000003bb9aa5e907d7b000037a3debb,6.9e-17,2026-02-12T00:17:59+00:00,0x5b89fb9742b495a2ef5cc110fc42724d7e4dba23f90b2f72630472f777c257c9
0x196c00c1b00000000000007c00739ad9faa3ee77,0x0000c7000000003bb9aa5e907d7b000037a3debb,7.7e-17,2026-02-12T00:19:35+00:00,0x756f3eb00603f94fd610d3ca4ed27af68161dc9f6bbcf1bf75601d4f20140922
0x196c00c1b00000000000007c00739ad9faa3ee77,0x0000c7000000003bb9aa5e907d7b000037a3debb,7.9e-17,2026-02-12T00:19:59+00:00,0x8beb00f0d52fd3b7d67d1684e69a426aed50cbcf3035b5e817dbbba3ad971a2e
0x196c00c1b00000000000007c00739ad9faa3ee77,0x0000c7000000003bb9aa5e907d7b000037a3debb,8.2e-17,2026-02-12T00:20:35+00:00,0x9150a2cd12139e5c04de82eefde1c6a35dccc20251df5c41475a1764fe22d1d0
0x196c00c1b00000000000007c00739ad9faa3ee77,0x0000c7000000003bb9aa5e907d7b000037a3debb,9.5e-17,2026-02-12T00:23:11+00:00,0x7171f5439afa2c7387a9c4dd2eeed713dc1a3b890ce696295d4fcd8c519f453c
0x196c00c1b00000000000007c00739ad9faa3ee77,0x0000c7000000003bb9aa5e907d7b000037a3debb,9.7e-17,2026-02-12T00:23:35+00:00,0xa6b457134d7e78d6a736f18f038b1a5bdfab88b57db76a1c701baf27e964ce8b
0x196c00c1b00000000000007c00739ad9faa3ee77,0x0000c7000000003bb9aa5e907d7b000037a3debb,9.8e-17,2026-02-12T00:23:47+00:00,0xdd4845fcf03efc6109c73b01a42dcbf9b6294dbb6b26666b9fab013eac99655d
0x196c00c1b00000000000007c00739ad9faa3ee77,0x0000c7000000003bb9aa5e907d7b000037a3debb,1.05e-16,2026-02-12T00:25:11+00:00,0xede8b441e4b7f73ba54a94e809b821b0c49155d5c8bac2d39a5541e55224fe1b
0x196c00c1b00000000000007c00739ad9faa3ee77,0x0000c7000000003bb9aa5e907d7b000037a3debb,1.08e-16,2026-02-12T00:25:47+00:00,0x431635cc5e5ea32e16a639cfff69a4fdae73ce9f69927670facc6bc3ab733199
0x196c00c1b00000000000007c00739ad9faa3ee77,0x0000c7000000003bb9aa5e907d7b000037a3debb,1.47e-16,2026-02-12T00:33:35+00:00,0x4f49be5f102a5d86300a003025b588c70c946accbbe50c37a1fc647ba7ae4a83
0xe463f909e4aab91724d984bbc1490c7ad97453d4,0x196c00c1b00000000000007c00739ad9faa3ee77,1.0,2026-02-12T00:34:35+00:00,0x36a22950fdaf6012d04029aee3fca4d28aaf6bd4dd0b65e964628ff135ff9259
0x196c00c1b00000000000007c00739ad9faa3ee77,0x0000c7000000003bb9aa5e907d7b000037a3debb,1.7e-16,2026-02-12T00:38:11+00:00,0x6047ffcf5ba8d71d51978fb0c4a4ed3fac3dc2fcce856568c61e461de7e1b06f
0x196c00c1b00000000000007c00739ad9faa3ee77,0x0000c7000000003bb9aa5e907d7b000037a3debb,2.1e-16,2026-02-12T00:46:11+00:00,0x7ca1d6fb30f2247dbf006504291039944ce5a69cdc550f5a02f23a6216668592
0x196c00c1b00000000000007c00739ad9faa3ee77,0x0000c7000000003bb9aa5e907d7b000037a3debb,2.13e-16,2026-02-12T00:46:47+00:00,0x4a798075961894036eb3afbe5befbec024ccac798569598efe6e24a2fff47b06
0x196c00c1b00000000000007c00739ad9faa3ee77,0x0000c7000000003bb9aa5e907d7b000037a3debb,2.21e-16,2026-02-12T00:48:23+00:00,0x049ae26bb13b22f441f007055707c883eab1c2ec272e1e016f01d397d297274c
0x196c00c1b00000000000007c00739ad9faa3ee77,0x0000c7000000003bb9aa5e907d7b000037a3debb,2.38e-16,2026-02-12T00:51:47+00:00,0x0d235f6e65bce68d91d7adaf82f539f31fb28a6c531090389c72ccf1e01dd694
0x196c00c1b00000000000007c00739ad9faa3ee77,0x0000c7000000003bb9aa5e907d7b000037a3debb,1e-17,2026-02-12T00:57:23+00:00,0x7e27308b444079d75cc43c0254adce8f26959ecab63a024f6999880ad1c6e675
0x196c00c1b00000000000007c00739ad9faa3ee77,0x0000c7000000003bb9aa5e907d7b000037a3debb,1.1e-17,2026-02-12T00:57:35+00:00,0x31c011fd12621ca7502c22ac5a4aa9ab05650292c3928e04405fcaf07174ea1b
0x196c00c1b00000000000007c00739ad9faa3ee77,0x0000c7000000003bb9aa5e907d7b000037a3debb,4e-17,2026-02-12T01:03:23+00:00,0xd39faefe759f8151ea65c1a4ed178fed753ea8478dbfe43bf68ab250e9977fec
0x196c00c1b00000000000007c00739ad9faa3ee77,0x0000c7000000003bb9aa5e907d7b000037a3debb,4.8e-17,2026-02-12T01:04:59+00:00,0x5c401cded353f641c0e4eef482cb31e9593ba72c8ba7f9005525cbe1702a9ade
0x196c00c1b00000000000007c00739ad9faa3ee77,0x0000c7000000003bb9aa5e907d7b000037a3debb,6.1e-17,2026-02-12T01:07:35+00:00,0x3ef41db3155ec5597b67f4305f9b0143c36e49933421dde9ea11afaa8e7531d1
0x196c00c1b00000000000007c00739ad9faa3ee77,0x0000c7000000003bb9aa5e907d7b000037a3debb,6.8e-17,2026-02-12T01:08:59+00:00,0xac03ddb62790e4c5c840bf750b59e43680396e3cd0e40a01453c1b28b3aa7779
0x196c00c1b00000000000007c00739ad9faa3ee77,0x0000c7000000003bb9aa5e907d7b000037a3debb,6.9e-17,2026-02-12T01:09:11+00:00,0x0191c16f0d486c6af32d166b6113d09a6d0f115d32179d7fd5c1fd2f5dec9771
0x196c00c1b00000000000007c00739ad9faa3ee77,0x0000c7000000003bb9aa5e907d7b000037a3debb,9.2e-17,2026-02-12T01:13:47+00:00,0xce65ea2ed27bd46f7db225e6f5fe290476507bdbc73d8c4667e17a80d27b2e65
0x196c00c1b00000000000007c00739ad9faa3ee77,0x0000c7000000003bb9aa5e907d7b000037a3debb,1.43e-16,2026-02-12T01:24:11+00:00,0xeb5de575818f6cda379e685f10c779c7aca87c9389b67a9e87d0836db845f4c2
0x196c00c1b00000000000007c00739ad9faa3ee77,0x0000c7000000003bb9aa5e907d7b000037a3debb,1.45e-16,2026-02-12T01:24:35+00:00,0x6fda1a606715883fab8923e9213bfbe0d258f59e609cd9b23b3e66c170b57225
0x196c00c1b00000000000007c00739ad9faa3ee77,0x0000c7000000003bb9aa5e907d7b000037a3debb,1.54e-16,2026-02-12T01:26:23+00:00,0x95e13112af083b31c2c5d33d97c32c2f080ed9b989c11922024d729846ecd738
0x196c00c1b00000000000007c00739ad9faa3ee77,0x0000c7000000003bb9aa5e907d7b000037a3debb,2.08e-16,2026-02-12T01:37:11+00:00,0xb20e02927bca63d0433139a396aa7adb118fc8b9baf338ceae6658297bbe68e6
0x196c00c1b00000000000007c00739ad9faa3ee77,0x0000c7000000003bb9aa5e907d7b000037a3debb,2.12e-16,2026-02-12T01:37:59+00:00,0x5a3a3176d5e6c03273b7e35e25ae5c6c3bfb02bd2c6e7992c4537b6fb2caca0b
0x196c00c1b00000000000007c00739ad9faa3ee77,0x0000c7000000003bb9aa5e907d7b000037a3debb,2.15e-16,2026-02-12T01:38:35+00:00,0xe301a05ac5d9bedeb6e38a5b90a13ce185632b68875410eb6f486072869cb0d8
0x196c00c1b00000000000007c00739ad9faa3ee77,0x0000c7000000003bb9aa5e907d7b000037a3debb,2.55e-16,2026-02-12T01:46:35+00:00,0xb1da49e5dce05d574c6cd60d447e498359a13c81ffe1c734944873972b0b05d8
0x196c00c1b00000000000007c00739ad9faa3ee77,0x0000c7000000003bb9aa5e907d7b000037a3debb,1e-18,2026-02-12T01:46:59+00:00,0x708051d0e6edba2cf788d002cedef11aa59468804c354d660c2058b16c713f41
0x196c00c1b00000000000007c00739ad9faa3ee77,0x0000c7000000003bb9aa5e907d7b000037a3debb,1.6e-17,2026-02-12T01:49:59+00:00,0x7c31c41e01b2fc2fda0916fcb4af375c13a68982814c937f38384cadcae16447
0x196c00c1b00000000000007c00739ad9faa3ee77,0x0000c7000000003bb9aa5e907d7b000037a3debb,1.7e-17,2026-02-12T01:50:11+00:00,0x296e1d1f3388b21e9502cfed1aba2f65a55ee2d867004f9bd6c82f5e740a3231
0x196c00c1b00000000000007c00739ad9faa3ee77,0x0000c7000000003bb9aa5e907d7b000037a3debb,4.5e-17,2026-02-12T01:55:47+00:00,0x8ca7affa9d48bd41026af43fcb25c4ad07e9ce237c7f42256152c6fd74535500
0x196c00c1b00000000000007c00739ad9faa3ee77,0x0000c7000000003bb9aa5e907d7b000037a3debb,5.1e-17,2026-02-12T01:56:59+00:00,0x282fc42ced09976bfba54175e8450f23e26217299b24b58c393e2dc7a63546ae
0x196c00c1b00000000000007c00739ad9faa3ee77,0x0000c7000000003bb9aa5e907d7b000037a3debb,5.3e-17,2026-02-12T01:57:23+00:00,0x6c65a1e2043a7b92574dad0e552b0f51e0b0e7da50b74ec0a906785924234eff
0x196c00c1b00000000000007c00739ad9faa3ee77,0x0000c7000000003bb9aa5e907d7b000037a3debb,1.06e-16,2026-02-12T02:07:59+00:00,0xe3187d8afd8b483b8e35048ddb8e514ea915a46efbbbfaeb71a32360a573811d
0x196c00c1b00000000000007c00739ad9faa3ee77,0x0000c7000000003bb9aa5e907d7b000037a3debb,1.64e-16,2026-02-12T02:19:35+00:00,0xc7f8d88f4f9b4d9477b1b6e689e83656ef4d037358b30f1495378e17a2a7bac3
0x196c00c1b00000000000007c00739ad9faa3ee77,0x0000c7000000003bb9aa5e907d7b000037a3debb,1.86e-16,2026-02-12T02:23:59+00:00,0xfa1feb4e63720224b451944726ede6aa60e132d4984ed6b4fc93f1f983c72623
0x196c00c1b00000000000007c00739ad9faa3ee77,0x0000c7000000003bb9aa5e907d7b000037a3debb,1.3e-17,2026-02-12T02:40:47+00:00,0xaef368def2c5f3152159da863b24a3ba4a1bddb9a5330330446834985de1993d
0x196c00c1b00000000000007c00739ad9faa3ee77,0x0000c7000000003bb9aa5e907d7b000037a3debb,2.2e-17,2026-02-12T02:42:35+00:00,0x99bc278d60ed4319154fc1bd319b2df09d71d574c59ae77e0cde10be64bcacee
0x196c00c1b00000000000007c00739ad9faa3ee77,0x0000c7000000003bb9aa5e907d7b000037a3debb,5.1e-17,2026-02-12T02:48:23+00:00,0x550128da70a549e16808406077523fa705fd89707e5895dbf386ebd9738905e0
0x196c00c1b00000000000007c00739ad9faa3ee77,0x0000c7000000003bb9aa5e907d7b000037a3debb,1e-16,2026-02-12T02:58:11+00:00,0xc64e0f752046edff27432fd8e0eac79a54d6940128348f9c8018476effb93241
0x196c00c1b00000000000007c00739ad9faa3ee77,0x0000c7000000003bb9aa5e907d7b000037a3debb,1.6e-16,2026-02-12T03:10:11+00:00,0x99978ef694fca53ecd385f8463a2e4aac03b86244d79fd9e35bd5a8df32e3e35
0x196c00c1b00000000000007c00739ad9faa3ee77,0x0000c7000000003bb9aa5e907d7b000037a3debb,1.67e-16,2026-02-12T03:11:35+00:00,0xc5d2a4fad6913a3e6258edc38ea4b7580eab010339693b6e3280f7f27c5d58b5
0x196c00c1b00000000000007c00739ad9faa3ee77,0x0000c7000000003bb9aa5e907d7b000037a3debb,2.08e-16,2026-02-12T03:20:11+00:00,0x1ea61dcdf786db909da66c7a37f03945105891a2b50ea74b96bbfc670b67f822
0x196c00c1b00000000000007c00739ad9faa3ee77,0x0000c7000000003bb9aa5e907d7b000037a3debb,2.11e-16,2026-02-12T03:20:47+00:00,0x381699453f3bb54776185f1b8953a4584977e9dcaf73b72acba31289fc0ee963
0x196c00c1b00000000000007c00739ad9faa3ee77,0x0000c7000000003bb9aa5e907d7b000037a3debb,8.3e-17,2026-02-12T03:46:23+00:00,0xaa18fdb357cd5bc26d0dd3c7fab7f74a67395e4613b95505b1a11d57607b5fd4
0x196c00c1b00000000000007c00739ad9faa3ee77,0x0000c7000000003bb9aa5e907d7b000037a3debb,1.61e-16,2026-02-12T04:02:11+00:00,0x85c1db05b77869edcf48d9d5c606c3c201e0964988257712dff3564be77386f4
0x196c00c1b00000000000007c00739ad9faa3ee77,0x0000c7000000003bb9aa5e907d7b000037a3debb,1.97e-16,2026-02-12T04:09:23+00:00,0xbc920be462f5e09a1a088a3ee77ba5d007f9d6ff5397ea01a637fec9993996c3
0x196c00c1b00000000000007c00739ad9faa3ee77,0x0000c7000000003bb9aa5e907d7b000037a3debb,1.98e-16,2026-02-12T04:09:35+00:00,0x071468ad4d2dc6f77d0302590627e8c739748915b227b8a97d4ec8e8792671ce
0x196c00c1b00000000000007c00739ad9faa3ee77,0x0000c7000000003bb9aa5e907d7b000037a3debb,2.45e-16,2026-02-12T04:18:59+00:00,0x07649ca84f06863dbeba70926be3e24a15e0a3fb65ee51d58489004b9a10e79b
0x196c00c1b00000000000007c00739ad9faa3ee77,0x0000c7000000003bb9aa5e907d7b000037a3debb,2.46e-16,2026-02-12T04:19:11+00:00,0x05e7fade9b9aaf04e3534ac440b795099f3aceff465795fc03c6c6f5bc0f5fb9
0x196c00c1b00000000000007c00739ad9faa3ee77,0x0000c7000000003bb9aa5e907d7b000037a3debb,2.47e-16,2026-02-12T04:19:23+00:00,0x7e797152a0d9639e7fe7be61e58933ec70161d28a92f7263a20e3b3fcb9fd2ee
0x196c00c1b00000000000007c00739ad9faa3ee77,0x0000c7000000003bb9aa5e907d7b000037a3debb,2.54e-16,2026-02-12T04:20:47+00:00,0x21afb1e156400f468fdbed1613b20bab845757da7b7c378c64140f580061eadd
0x196c00c1b00000000000007c00739ad9faa3ee77,0x0000c7000000003bb9aa5e907d7b000037a3debb,0.0,2026-02-12T04:21:11+00:00,0x9ba2bff975dd93abd51a78d4e7b42934507688f0063b2afb1bd34375e56cf7ed
0x196c00c1b00000000000007c00739ad9faa3ee77,0x0000c7000000003bb9aa5e907d7b000037a3debb,4.8e-17,2026-02-12T04:30:47+00:00,0xe9ffed8b1107accd8942f42f536dbc719df59a240617beb8684767bb83fccdd6
0x196c00c1b00000000000007c00739ad9faa3ee77,0x0000c7000000003bb9aa5e907d7b000037a3debb,8.1e-17,2026-02-12T04:37:23+00:00,0x0c20701a3339bcd1e59c68f21209a462da2b880cae20ed09b5172ac7b659fd52
0x196c00c1b00000000000007c00739ad9faa3ee77,0x0000c7000000003bb9aa5e907d7b000037a3debb,8.5e-17,2026-02-12T04:38:11+00:00,0xb185d5abb2b44fd5f44cdf1e2da161fbdd8dc6ba4d5382975e59f17b21c6f404
0x196c00c1b00000000000007c00739ad9faa3ee77,0x0000c7000000003bb9aa5e907d7b000037a3debb,1.05e-16,2026-02-12T04:42:11+00:00,0x8522000b6d0301e11e8dedb328920fdc4c55bb151c9615c115dcd0f5688bbd91
0x196c00c1b00000000000007c00739ad9faa3ee77,0x0000c7000000003bb9aa5e907d7b000037a3debb,1.07e-16,2026-02-12T04:42:35+00:00,0xc4cfe6640ee5c79909bd8b5c252452f074cc211aea02d4b7a89b4dfb7595aed5
0x196c00c1b00000000000007c00739ad9faa3ee77,0x0000c7000000003bb9aa5e907d7b000037a3debb,1.56e-16,2026-02-12T04:52:23+00:00,0x5e7042c4c302c39ca2aa68a95e6c872a98d0aacc2f93b07e72d38c67350a0fe5
0x196c00c1b00000000000007c00739ad9faa3ee77,0x0000c7000000003bb9aa5e907d7b000037a3debb,1.64e-16,2026-02-12T04:53:59+00:00,0x81d63a19ff604dc5b467143ffdfbc9c4620b50a4c72596152cae50f5dcdb4f00
0x196c00c1b00000000000007c00739ad9faa3ee77,0x0000c7000000003bb9aa5e907d7b000037a3debb,1.66e-16,2026-02-12T04:54:23+00:00,0x0e4dafef70943d9eb370c543f95f9cd8e837abb8b35a40628f20db9bea709c92
0x196c00c1b00000000000007c00739ad9faa3ee77,0x0000c7000000003bb9aa5e907d7b000037a3debb,2.26e-16,2026-02-12T05:06:23+00:00,0xee709f068f4fd944f49b9635f308bdf2fc6515ae5bd2d13746611d6c15465145
0x196c00c1b00000000000007c00739ad9faa3ee77,0x0000c7000000003bb9aa5e907d7b000037a3debb,2.33e-16,2026-02-12T05:07:47+00:00,0xa6541986bace37d0b245b07c34d6396d44e9d15367b277fcbd769e485b38a84e
0x196c00c1b00000000000007c00739ad9faa3ee77,0x0000c7000000003bb9aa5e907d7b000037a3debb,2.54e-16,2026-02-12T05:11:59+00:00,0x2bbd7ee4cc4b8fb1df27736555aef43dec4c1d369c9dfd52d7d8403147dfcadd
0x196c00c1b00000000000007c00739ad9faa3ee77,0x0000c7000000003bb9aa5e907d7b000037a3debb,2e-18,2026-02-12T05:12:59+00:00,0x31eb7b45b7d8ea58806db02628411e0ed5c110e57b304b340078b505ce740498
0x196c00c1b00000000000007c00739ad9faa3ee77,0x0000c7000000003bb9aa5e907d7b000037a3debb,2.1e-17,2026-02-12T05:16:47+00:00,0xdc08025a5d82ae8abc05325ed26ac9eaa2ffa9e72d25a9a4288ec8600c3070d0
0x196c00c1b00000000000007c00739ad9faa3ee77,0x0000c7000000003bb9aa5e907d7b000037a3debb,2.8e-17,2026-02-12T05:18:11+00:00,0xc3ac9a1feeb46f42bffbcbb90c0a418131923da4b1809827f06013a2c4de0c0e
0x196c00c1b00000000000007c00739ad9faa3ee77,0x0000c7000000003bb9aa5e907d7b000037a3debb,3.6e-17,2026-02-12T05:19:47+00:00,0xb9907e572c57ebdc72ac9301582a6c777abc2ba2de78cdea95d1bec53e477236
0x196c00c1b00000000000007c00739ad9faa3ee77,0x0000c7000000003bb9aa5e907d7b000037a3debb,5.7e-17,2026-02-12T05:23:59+00:00,0xaebe872bec176230c635bf223d49fbc61524a021c3b3e790d0d23974cedabf89
0x196c00c1b00000000000007c00739ad9faa3ee77,0x0000c7000000003bb9aa5e907d7b000037a3debb,6.7e-17,2026-02-12T05:25:59+00:00,0xdac20f0c53eb3733a04597fdd423c2530cb528eae5a495051d67cd0e0a5b99ac
0x196c00c1b00000000000007c00739ad9faa3ee77,0x0000c7000000003bb9aa5e907d7b000037a3debb,8.4e-17,2026-02-12T05:29:23+00:00,0x33ef33b43bb366ce74c1da3cf3c4a6b7d2207a389b6e0c3a85a596ab1f47424f
0x196c00c1b00000000000007c00739ad9faa3ee77,0x0000c7000000003bb9aa5e907d7b000037a3debb,8.6e-17,2026-02-12T05:29:47+00:00,0x0c6e9784bde1f65b661b6e107dac9f96c2587fc6ced464859a3ce19d25bdb2ba
0x196c00c1b00000000000007c00739ad9faa3ee77,0x0000c7000000003bb9aa5e907d7b000037a3debb,8.9e-17,2026-02-12T05:30:23+00:00,0xfd89dec5cd12d2c523a51f99d66f1fd99055fe4f51218605156150f3075e3896
0x196c00c1b00000000000007c00739ad9faa3ee77,0x0000c7000000003bb9aa5e907d7b000037a3debb,1.01e-16,2026-02-12T05:32:59+00:00,0x8c430c1e730b41c698d73ddcd66337d00b28dddaeba0e22cef0d5e872bdbf13d
0x196c00c1b00000000000007c00739ad9faa3ee77,0x0000c7000000003bb9aa5e907d7b000037a3debb,1.07e-16,2026-02-12T05:34:11+00:00,0xbaabcf80b19a8832e92bf9ac4087f3336a75ac200651537342e2a4522e07a06f
0x196c00c1b00000000000007c00739ad9faa3ee77,0x0000c7000000003bb9aa5e907d7b000037a3debb,1.09e-16,2026-02-12T05:34:35+00:00,0x5a17068b85426aedae66324ba89e72ab1ab98e47bfd07b863661943b03d9c840
0x196c00c1b00000000000007c00739ad9faa3ee77,0x0000c7000000003bb9aa5e907d7b000037a3debb,1.24e-16,2026-02-12T05:37:35+00:00,0x26f86befc7a1a2d2ef8c192208fc54c8d3ff9ee1d77b8307209b5b3ed15da67d
0x196c00c1b00000000000007c00739ad9faa3ee77,0x0000c7000000003bb9aa5e907d7b000037a3debb,1.54e-16,2026-02-12T05:43:35+00:00,0x4aaa4796e1bf7acf93a3cc41acbac822fb9f0f51f1223e2341adaf21e18a319b
0x196c00c1b00000000000007c00739ad9faa3ee77,0x0000c7000000003bb9aa5e907d7b000037a3debb,1.6e-17,2026-02-12T06:07:23+00:00,0x62c0a62c5a23a2b55fcf97724375e838f6d28c847bc83ff0db5f8036bbd6d9dd
0x196c00c1b00000000000007c00739ad9faa3ee77,0x0000c7000000003bb9aa5e907d7b000037a3debb,3e-17,2026-02-12T06:10:11+00:00,0xdec55a7c53e2bbfa456d90fbea547e0587c8e798f2881cb908a60d1a3fd71457
0x196c00c1b00000000000007c00739ad9faa3ee77,0x0000c7000000003bb9aa5e907d7b000037a3debb,3.2e-17,2026-02-12T06:10:35+00:00,0x508a94d3e8e5e415427a5d62139f52adc42236eeb1d17f27d20a302d8f1d491b
0x196c00c1b00000000000007c00739ad9faa3ee77,0x0000c7000000003bb9aa5e907d7b000037a3debb,5.4e-17,2026-02-12T06:14:59+00:00,0x3cb87bcc276a9b74a375b22096393a1b791b53e7e780bf21e16d1657108d42e5
0x196c00c1b00000000000007c00739ad9faa3ee77,0x0000c7000000003bb9aa5e907d7b000037a3debb,5.8e-17,2026-02-12T06:15:47+00:00,0xa5204be5171c374c6c29f13abad5dc6d5c8ecec91b6814ea2c628e398728a095
0x196c00c1b00000000000007c00739ad9faa3ee77,0x0000c7000000003bb9aa5e907d7b000037a3debb,5.9e-17,2026-02-12T06:15:59+00:00,0x41eb5c44ee46640c722bd8d41249a1a4748270bb4ac096bbf157b86ddc7bfa6f
0x196c00c1b00000000000007c00739ad9faa3ee77,0x0000c7000000003bb9aa5e907d7b000037a3debb,7.2e-17,2026-02-12T06:18:35+00:00,0x020e845b9c3f7376ac14890a474e9a022a3856cbc6230200bbcee9b906f093b8
0x196c00c1b00000000000007c00739ad9faa3ee77,0x0000c7000000003bb9aa5e907d7b000037a3debb,7.4e-17,2026-02-12T06:18:59+00:00,0x368525a79fedff7501c20ca951cdf848e610afea7dd1f933cf77a29e0517f2c9
0x196c00c1b00000000000007c00739ad9faa3ee77,0x0000c7000000003bb9aa5e907d7b000037a3debb,7.8e-17,2026-02-12T06:19:47+00:00,0xa80f49e16dfe226f833a1273be4d8584068ac2a1b8b4afac5a488f495c67788b
0x196c00c1b00000000000007c00739ad9faa3ee77,0x0000c7000000003bb9aa5e907d7b000037a3debb,8.3e-17,2026-02-12T06:20:47+00:00,0x3ff1a92ccc1c4cb9c0443638366ad35936258b2710de94f034f1e33c8e5153a7
0x196c00c1b00000000000007c00739ad9faa3ee77,0x0000c7000000003bb9aa5e907d7b000037a3debb,8.4e-17,2026-02-12T06:20:59+00:00,0x7b6ab02b36c86d89193233a7af3c589b9fafd895e81ecb79e6f43761cab10117
0x196c00c1b00000000000007c00739ad9faa3ee77,0x0000c7000000003bb9aa5e907d7b000037a3debb,8.8e-17,2026-02-12T06:21:47+00:00,0x3ce0e9daed695070082b5546adb26d103010e368832e71c416635fed38c27ae9
0x196c00c1b00000000000007c00739ad9faa3ee77,0x0000c7000000003bb9aa5e907d7b000037a3debb,9.1e-17,2026-02-12T06:22:23+00:00,0x8ee8662b35650fbf755902be9d0b21e49219dcb8b623c11cc5cdb62eea52a0fe
0x196c00c1b00000000000007c00739ad9faa3ee77,0x0000c7000000003bb9aa5e907d7b000037a3debb,9.5e-17,2026-02-12T06:23:11+00:00,0x423980c21634566417b26de161bb89f4a08463048299a849f94810e49ed5aaea
0x196c00c1b00000000000007c00739ad9faa3ee77,0x0000c7000000003bb9aa5e907d7b000037a3debb,1.11e-16,2026-02-12T06:26:23+00:00,0x1d06341de0ead01cd9070b209bd0bafb2e3ff0c1b9aa928b78d973706809d91f
0x196c00c1b00000000000007c00739ad9faa3ee77,0x0000c7000000003bb9aa5e907d7b000037a3debb,1.12e-16,2026-02-12T06:26:35+00:00,0x3b0af1b1836f5bf5267d8626e2e28e7814adad2842b69b3decff83ba3e9d4e71
0x196c00c1b00000000000007c00739ad9faa3ee77,0x0000c7000000003bb9aa5e907d7b000037a3debb,1.25e-16,2026-02-12T06:29:11+00:00,0xf8b19a261323b8063024570cbbd33b16d2cbe6a447dabd4afe08c649bb37765d
0x196c00c1b00000000000007c00739ad9faa3ee77,0x0000c7000000003bb9aa5e907d7b000037a3debb,1.34e-16,2026-02-12T06:30:59+00:00,0x74b0cc4c5b037073152e55ec35b34dd35ec0bfa5f4e657202581c5ff9a1810e9
0x196c00c1b00000000000007c00739ad9faa3ee77,0x0000c7000000003bb9aa5e907d7b000037a3debb,1.35e-16,2026-02-12T06:31:11+00:00,0x0fff5f5930c9f6179566924559e7eb5d8bfe656b44dd991569669bde09504f0d
0x196c00c1b00000000000007c00739ad9faa3ee77,0x0000c7000000003bb9aa5e907d7b000037a3debb,1.39e-16,2026-02-12T06:31:59+00:00,0xe772aa7c8ced6d78f122d79513969ea47587cb4626e735704c1f56bcc6c8ebd4
0x196c00c1b00000000000007c00739ad9faa3ee77,0x0000c7000000003bb9aa5e907d7b000037a3debb,1.68e-16,2026-02-12T06:37:47+00:00,0x9c14859ac5a1758c371476aeb0b5e380b1e0201b0f53a46cd355c575f53667c6
0x196c00c1b00000000000007c00739ad9faa3ee77,0x0000c7000000003bb9aa5e907d7b000037a3debb,1.69e-16,2026-02-12T06:37:59+00:00,0x1a0acb7be89b6ea9f6cecf96fa353cd724780e6276623ce72136d5dbfe8547b2
0x196c00c1b00000000000007c00739ad9faa3ee77,0x0000c7000000003bb9aa5e907d7b000037a3debb,1.8e-16,2026-02-12T06:40:11+00:00,0xe40849b4b6c755b21da648b24fadb88b4c56f4cdf4858da997471841d75dc083
0x196c00c1b00000000000007c00739ad9faa3ee77,0x0000c7000000003bb9aa5e907d7b000037a3debb,1.82e-16,2026-02-12T06:40:35+00:00,0x896e91dd14a5c7cd3ecfd3a297f32c98cdc015b7ee865e5b09260aa5fda42d81
0x196c00c1b00000000000007c00739ad9faa3ee77,0x0000c7000000003bb9aa5e907d7b000037a3debb,1.83e-16,2026-02-12T06:40:47+00:00,0x933c9747ff6e61b4795e24f77b5f5df32da8e55f9bead3a4f771bb4debc1c0ab
0x196c00c1b00000000000007c00739ad9faa3ee77,0x0000c7000000003bb9aa5e907d7b000037a3debb,1.89e-16,2026-02-12T06:41:59+00:00,0xe994fd7f90c33f2841aaf5e5714c8291b535a1b0e41fc62674271f69edb1a844
0x196c00c1b00000000000007c00739ad9faa3ee77,0x0000c7000000003bb9aa5e907d7b000037a3debb,1.96e-16,2026-02-12T06:43:23+00:00,0x554729b8ac1787cc4baf09e3703dc21648509427c553dc8e526a52214dab9f7c
0x196c00c1b00000000000007c00739ad9faa3ee77,0x0000c7000000003bb9aa5e907d7b000037a3debb,1.97e-16,2026-02-12T06:43:35+00:00,0xce25701adc16e71061fefd175c5fb8c3af1f59f8acf86f30e8f57d8f261d4598
0x196c00c1b00000000000007c00739ad9faa3ee77,0x0000c7000000003bb9aa5e907d7b000037a3debb,4.6e-17,2026-02-12T07:04:35+00:00,0x24982a1f328b4c849ea2bfab0b5571809b46e25b40db85a6846ca237bdd43020
0x196c00c1b00000000000007c00739ad9faa3ee77,0x0000c7000000003bb9aa5e907d7b000037a3debb,4.7e-17,2026-02-12T07:04:47+00:00,0xb6349575d2e395cf18f518c6e577e485183f625ca7ab26f0f70292242e60a102
0x196c00c1b00000000000007c00739ad9faa3ee77,0x0000c7000000003bb9aa5e907d7b000037a3debb,4.8e-17,2026-02-12T07:04:59+00:00,0x6021fcab060392dab50b1eb9600aee2a43cfb208ac62ee084b6d5b3d68e6ff91
0x196c00c1b00000000000007c00739ad9faa3ee77,0x0000c7000000003bb9aa5e907d7b000037a3debb,5e-17,2026-02-12T07:05:23+00:00,0x13803f04fe85aa2fefa4a05fa8a6b624cbd185622b2d56b4e06b71db94c2019f
0x196c00c1b00000000000007c00739ad9faa3ee77,0x0000c7000000003bb9aa5e907d7b000037a3debb,7.7e-17,2026-02-12T07:10:59+00:00,0xa37b879a26d332db9807b6412deeb47129b1891f3c1e1c0c56f027b247ee852a
0x196c00c1b00000000000007c00739ad9faa3ee77,0x0000c7000000003bb9aa5e907d7b000037a3debb,7.8e-17,2026-02-12T07:11:11+00:00,0x819a7e0d1fe9224ecb802dd38b00c320c3ab3355bd08bbe9ba7a52211baf07d4
0x196c00c1b00000000000007c00739ad9faa3ee77,0x0000c7000000003bb9aa5e907d7b000037a3debb,8.6e-17,2026-02-12T07:12:47+00:00,0x12802345f5368a536dcbb0220bde186df76e9aa3acecd7b8ce9b4029d7d84a0c
0x196c00c1b00000000000007c00739ad9faa3ee77,0x0000c7000000003bb9aa5e907d7b000037a3debb,8.7e-17,2026-02-12T07:12:59+00:00,0x4d7d1e3ed473ac081041071ad0245b69f7df4f7ac080c38a15692aabbd852e8c
0x196c00c1b00000000000007c00739ad9faa3ee77,0x0000c7000000003bb9aa5e907d7b000037a3debb,1.12e-16,2026-02-12T07:17:59+00:00,0xa21f2b9e0d1d9e69c66f8aa0f1080b9562e427634aeb344c9b0bcd4de2c525df
0x196c00c1b00000000000007c00739ad9faa3ee77,0x0000c7000000003bb9aa5e907d7b000037a3debb,1.18e-16,2026-02-12T07:19:11+00:00,0xba9303f0b043a4446231a88dbd4fbda90c1f462fb42d9f262e986291d6981b2d
0x196c00c1b00000000000007c00739ad9faa3ee77,0x0000c7000000003bb9aa5e907d7b000037a3debb,1.34e-16,2026-02-12T07:22:23+00:00,0x5841d1d1316583528e26eaa1fb5849935b25983a0f1f46638edf3741cc0346c2
0x196c00c1b00000000000007c00739ad9faa3ee77,0x0000c7000000003bb9aa5e907d7b000037a3debb,1.54e-16,2026-02-12T07:26:23+00:00,0xc93c871c1de748f73d2ba5de3cb793e0021c38acd52822565581126dedbce454
0x196c00c1b00000000000007c00739ad9faa3ee77,0x0000c7000000003bb9aa5e907d7b000037a3debb,2.03e-16,2026-02-12T07:36:11+00:00,0xc460317d78b1ebc1d8ba33f59f623fde1d0c89bf377f8cb7cd1d1e89b39b7ed5
0x196c00c1b00000000000007c00739ad9faa3ee77,0x0000c7000000003bb9aa5e907d7b000037a3debb,2.04e-16,2026-02-12T07:36:23+00:00,0x4aa762f7c2e1ceb76d49fa60f42d269b5c1f8d45544e020899f35edebed74812
0x196c00c1b00000000000007c00739ad9faa3ee77,0x0000c7000000003bb9aa5e907d7b000037a3debb,2.29e-16,2026-02-12T07:41:23+00:00,0x9ef35a199093cfff8b3d7e3ff14405c54ec35f6f74cc468e01f8679c31ab843b
0x196c00c1b00000000000007c00739ad9faa3ee77,0x0000c7000000003bb9aa5e907d7b000037a3debb,2.51e-16,2026-02-12T07:45:47+00:00,0x1b0ece014b317d7430f83a893027b02ba1549d07001cd885295d33fa972cc12e
0x196c00c1b00000000000007c00739ad9faa3ee77,0x0000c7000000003bb9aa5e907d7b000037a3debb,5.5e-17,2026-02-12T07:57:59+00:00,0x070d4749040b72742875c1f11a14825b5720a780d58d43084b02c41ee2b51936
0x196c00c1b00000000000007c00739ad9faa3ee77,0x0000c7000000003bb9aa5e907d7b000037a3debb,8.8e-17,2026-02-12T08:04:35+00:00,0xe033f90374fa89d86ba643929fda834582dfcca68184794f5d0ff599f5fe516e
0x196c00c1b00000000000007c00739ad9faa3ee77,0x0000c7000000003bb9aa5e907d7b000037a3debb,1.28e-16,2026-02-12T08:12:35+00:00,0x5af3c1ae8d32b406695da93f7c683b4c0c2ab240b01e9631348d5aa49c990254
0x196c00c1b00000000000007c00739ad9faa3ee77,0x0000c7000000003bb9aa5e907d7b000037a3debb,1.4e-16,2026-02-12T08:14:59+00:00,0xdcbfc66eb79a0094a82556c7d34a7167f8fa5551f7f06fdb7ab7613e0586490d
0x196c00c1b00000000000007c00739ad9faa3ee77,0x0000c7000000003bb9aa5e907d7b000037a3debb,1.46e-16,2026-02-12T08:16:11+00:00,0x64b397c82b8f12e3918864ec09493ec1641bcef577be4c090c0d8e2413f367c8
0x196c00c1b00000000000007c00739ad9faa3ee77,0x0000c7000000003bb9aa5e907d7b000037a3debb,1.61e-16,2026-02-12T08:19:11+00:00,0x058bbf94d41eaffb0b008e1ea599f533392d70c1024baf74085b8a4032c540bc
0x196c00c1b00000000000007c00739ad9faa3ee77,0x0000c7000000003bb9aa5e907d7b000037a3debb,1.72e-16,2026-02-12T08:21:23+00:00,0xc4de66522ac3fbf23da1ff5ead06ea85db8c5bdd2e2295e3c1bcd545c3835648
0x196c00c1b00000000000007c00739ad9faa3ee77,0x0000c7000000003bb9aa5e907d7b000037a3debb,1.75e-16,2026-02-12T08:21:59+00:00,0x44ccbd15e4fd40621abad308a478000e77bdfb8337351912bc8c69a0720afccb
0x196c00c1b00000000000007c00739ad9faa3ee77,0x0000c7000000003bb9aa5e907d7b000037a3debb,2.14e-16,2026-02-12T08:29:47+00:00,0xe2dc6ec3de2906659a8867ee34d75ed2194a2a2c56002f6d1fa863c7ec805b71
0x196c00c1b00000000000007c00739ad9faa3ee77,0x0000c7000000003bb9aa5e907d7b000037a3debb,2.17e-16,2026-02-12T08:30:23+00:00,0x26a5dc23ab07dbb6d27b87f062e7430dc3e45c196ccadcadd7c847165040f1bc
0x196c00c1b00000000000007c00739ad9faa3ee77,0x0000c7000000003bb9aa5e907d7b000037a3debb,2.3e-16,2026-02-12T08:32:59+00:00,0x77cee41c496e7798ef962491571c6db2d0f4a49168a5c9c7b2e5b2d5a501bb24
0x196c00c1b00000000000007c00739ad9faa3ee77,0x0000c7000000003bb9aa5e907d7b000037a3debb,2.31e-16,2026-02-12T08:33:23+00:00,0xe593beec62dd8caf03610caf8b70601cef9aa3010540603674c2081b2a0dc1d0
0x196c00c1b00000000000007c00739ad9faa3ee77,0x0000c7000000003bb9aa5e907d7b000037a3debb,2.36e-16,2026-02-12T08:34:23+00:00,0xbb640b9ed4deb4275bcdc508e581f544508aba9d0e49c15eb33412d212ae5a2f
0x196c00c1b00000000000007c00739ad9faa3ee77,0x0000c7000000003bb9aa5e907d7b000037a3debb,2.37e-16,2026-02-12T08:34:35+00:00,0xbcd5404e009670cd05578c3fd26176a23d302ab0faf54b893ebdf46f70d1025f
0x196c00c1b00000000000007c00739ad9faa3ee77,0x0000c7000000003bb9aa5e907d7b000037a3debb,2.52e-16,2026-02-12T08:37:35+00:00,0x066a25164e0142da71284c48f80f6c147d3942e6e268da0034d5f19d4432a1e2
0x196c00c1b00000000000007c00739ad9faa3ee77,0x0000c7000000003bb9aa5e907d7b000037a3debb,2.55e-16,2026-02-12T08:38:11+00:00,0xa7bcd3c81f701ec7ff6adc0e7595f5d082e232b4305142a299e94c041bca9c92
0x196c00c1b00000000000007c00739ad9faa3ee77,0x0000c7000000003bb9aa5e907d7b000037a3debb,0.0,2026-02-12T08:38:23+00:00,0x8e1bd7d59f1e9b71b15ed8d6302c1aabe9f778daed748d6131ed93dacac0aa87
0x196c00c1b00000000000007c00739ad9faa3ee77,0x0000c7000000003bb9aa5e907d7b000037a3debb,1e-18,2026-02-12T08:38:35+00:00,0x93bcb92d24d5a101fc51c997535229f872ef0d97fcc9b7ebbc282a1ff63792c2
0x196c00c1b00000000000007c00739ad9faa3ee77,0x0000c7000000003bb9aa5e907d7b000037a3debb,6e-18,2026-02-12T08:39:35+00:00,0x444d06f26e14c107b64a65080c10a24eae5e61ae119763dd8ee54031fdf3a175
0x196c00c1b00000000000007c00739ad9faa3ee77,0x0000c7000000003bb9aa5e907d7b000037a3debb,7e-18,2026-02-12T08:39:47+00:00,0x04b4191f3e820278f76b508afdd7e7f8d17e858e92bffdbe9f4984151b2aa450
0x196c00c1b00000000000007c00739ad9faa3ee77,0x0000c7000000003bb9aa5e907d7b000037a3debb,1.7e-17,2026-02-12T08:41:47+00:00,0x6426233dd587c584fedd9a2e60a23a053088afbd896661eb17fc5fbaa8e7e43c
0x196c00c1b00000000000007c00739ad9faa3ee77,0x0000c7000000003bb9aa5e907d7b000037a3debb,4.2e-17,2026-02-12T08:46:47+00:00,0xdf4b81ee8a97440ce93aa5b9bf1d35c8568c9ead0823f0cc85322b7ccd9143ea
0x196c00c1b00000000000007c00739ad9faa3ee77,0x0000c7000000003bb9aa5e907d7b000037a3debb,6.2e-17,2026-02-12T08:50:47+00:00,0xaf48b4858549abe9ecadbf9f33e390b4ea90a946253e745c9624785e4beb466f
0x196c00c1b00000000000007c00739ad9faa3ee77,0x0000c7000000003bb9aa5e907d7b000037a3debb,6.5e-17,2026-02-12T08:51:23+00:00,0xb14e44769f7d3377b072bdc168a7a30e868bcd58ef75065611a2c13fa8d2ffc5
0x196c00c1b00000000000007c00739ad9faa3ee77,0x0000c7000000003bb9aa5e907d7b000037a3debb,7e-17,2026-02-12T08:52:23+00:00,0x0e3afdd5508f3f046c24c06f407d6f03f49291bc2ba78e1f92f711762642d9bf
0x196c00c1b00000000000007c00739ad9faa3ee77,0x0000c7000000003bb9aa5e907d7b000037a3debb,7.1e-17,2026-02-12T08:52:35+00:00,0xee09a1072399fdd16a7c48cc621e1b151c08e1c072f4c26dadee2a8dee8aa126
0x196c00c1b00000000000007c00739ad9faa3ee77,0x0000c7000000003bb9aa5e907d7b000037a3debb,7.5e-17,2026-02-12T08:53:23+00:00,0x3b7cc826aaf11c4818e8de6707faa6ba3794545e742be2300c2d4316af751ed9
0x196c00c1b00000000000007c00739ad9faa3ee77,0x0000c7000000003bb9aa5e907d7b000037a3debb,7.7e-17,2026-02-12T08:53:47+00:00,0x497d0ecace626474b034edfc192c5ae26fc546189973503f786262023f84d313
0x196c00c1b00000000000007c00739ad9faa3ee77,0x0000c7000000003bb9aa5e907d7b000037a3debb,8.2e-17,2026-02-12T08:54:47+00:00,0x370aface689aee26612a07d761ed4198490f9b0efd30be1d09523fe9c46dab15
0x196c00c1b00000000000007c00739ad9faa3ee77,0x0000c7000000003bb9aa5e907d7b000037a3debb,8.4e-17,2026-02-12T08:55:11+00:00,0x7a91ea12bc2c6360291274a09f10d1d3c797c25f49c165171551bc4d505600bc
0x196c00c1b00000000000007c00739ad9faa3ee77,0x0000c7000000003bb9aa5e907d7b000037a3debb,8.9e-17,2026-02-12T08:56:11+00:00,0x7f84c92d155ce16361b14362d9dcb2208bd77b3c6ec223146b1a5ed39ed28099
0x196c00c1b00000000000007c00739ad9faa3ee77,0x0000c7000000003bb9aa5e907d7b000037a3debb,9.1e-17,2026-02-12T08:56:35+00:00,0x95daf379e8998a0efda506b611816b542770156f1988c0288e568d4fb7704e52
0x196c00c1b00000000000007c00739ad9faa3ee77,0x0000c7000000003bb9aa5e907d7b000037a3debb,9.5e-17,2026-02-12T08:57:23+00:00,0xf4078c5a9b28d5b9cb472135c78d9ff8ce47190183796961776ae79c62a036aa
0x196c00c1b00000000000007c00739ad9faa3ee77,0x0000c7000000003bb9aa5e907d7b000037a3debb,9.6e-17,2026-02-12T08:57:35+00:00,0x7f6e0efb5e400b603bcb792d4fa02d9fa89b49db98e0368ff50717f12fce06b5
0x196c00c1b00000000000007c00739ad9faa3ee77,0x0000c7000000003bb9aa5e907d7b000037a3debb,9.7e-17,2026-02-12T08:57:47+00:00,0xacbadf4b6db43092e3ddd66ecae6668a167abdade902713e995917b0c542227b
0x196c00c1b00000000000007c00739ad9faa3ee77,0x0000c7000000003bb9aa5e907d7b000037a3debb,1.15e-16,2026-02-12T09:01:23+00:00,0xfcbb3e6edc99103b5bfddc498e4ad094e873f6bf0b4f2ca38b683f5fb0c9061f
0x196c00c1b00000000000007c00739ad9faa3ee77,0x0000c7000000003bb9aa5e907d7b000037a3debb,1.2e-16,2026-02-12T09:02:23+00:00,0xf8dc90a41f62a0d078fc5813bb4b38bc0f670733366ed992d62909adf8573f70
0x196c00c1b00000000000007c00739ad9faa3ee77,0x0000c7000000003bb9aa5e907d7b000037a3debb,1.26e-16,2026-02-12T09:03:35+00:00,0x010a095ee3153309082cb59e4e4691d4600232ab994dc812e52e6c060d2700e3
0x196c00c1b00000000000007c00739ad9faa3ee77,0x0000c7000000003bb9aa5e907d7b000037a3debb,1.27e-16,2026-02-12T09:03:47+00:00,0x50e37f0cef80a064e62abe3a5710fde9bb043d552198011ce445060839d8b56f
0x196c00c1b00000000000007c00739ad9faa3ee77,0x0000c7000000003bb9aa5e907d7b000037a3debb,1.28e-16,2026-02-12T09:03:59+00:00,0xa95f561c74c11fbe326bff6888bdfc64061269657914098c96a83ca8c6243bb9
0x196c00c1b00000000000007c00739ad9faa3ee77,0x0000c7000000003bb9aa5e907d7b000037a3debb,1.31e-16,2026-02-12T09:04:35+00:00,0xc9408c44d3d888c38b50cb177e7615732b5404e5e055acf4ddff7a650771d9b2
0x196c00c1b00000000000007c00739ad9faa3ee77,0x0000c7000000003bb9aa5e907d7b000037a3debb,1.33e-16,2026-02-12T09:04:59+00:00,0x31d11a9e3c8980378492ce75a5d57a94dcecff208177ef7cecabe6cd6e6b7b34
0x196c00c1b00000000000007c00739ad9faa3ee77,0x0000c7000000003bb9aa5e907d7b000037a3debb,1.34e-16,2026-02-12T09:05:11+00:00,0x5d84b8c5c3e1ba4bd6de798464b4e62d6a3e0b588084f6e7768d80a80491bd0a
0x196c00c1b00000000000007c00739ad9faa3ee77,0x0000c7000000003bb9aa5e907d7b000037a3debb,1.48e-16,2026-02-12T09:07:59+00:00,0x2f59f6358a26fd5a2bba2ca09c91916263d95fd77c3e8544f397544d1a12d222
0x196c00c1b00000000000007c00739ad9faa3ee77,0x0000c7000000003bb9aa5e907d7b000037a3debb,1.51e-16,2026-02-12T09:08:35+00:00,0x41c2d8cda0b3170cec47da03f8ce4d3743601d0965b2f4cbd58509f5f6c4280d
0x196c00c1b00000000000007c00739ad9faa3ee77,0x0000c7000000003bb9aa5e907d7b000037a3debb,1.56e-16,2026-02-12T09:09:35+00:00,0x08ff33a31bcc84b6e64a30738135419d5adbb8fb27a1c58d02e8efd692372548
0x196c00c1b00000000000007c00739ad9faa3ee77,0x0000c7000000003bb9aa5e907d7b000037a3debb,1.62e-16,2026-02-12T09:10:47+00:00,0xc1509c85e570282125ae7e2f0b59d83363200a91cc2a4844cea1e15dfa4101e3
0x196c00c1b00000000000007c00739ad9faa3ee77,0x0000c7000000003bb9aa5e907d7b000037a3debb,1.63e-16,2026-02-12T09:10:59+00:00,0x41caa4232f762d67fe271c831bd684a95e8c99d2986415d5a017658499a8e358
0x196c00c1b00000000000007c00739ad9faa3ee77,0x0000c7000000003bb9aa5e907d7b000037a3debb,1.71e-16,2026-02-12T09:12:35+00:00,0xf90b03a193560402a2872c640433db61e69677c0fefdf0a4a58990e0855c6d19
0x196c00c1b00000000000007c00739ad9faa3ee77,0x0000c7000000003bb9aa5e907d7b000037a3debb,1.73e-16,2026-02-12T09:12:59+00:00,0x77135cb784a12181b519e3e26105a9623a15d3624a23bd91f57186b1cf0c975b
0x196c00c1b00000000000007c00739ad9faa3ee77,0x0000c7000000003bb9aa5e907d7b000037a3debb,1.75e-16,2026-02-12T09:13:23+00:00,0x917b049bd68df4d640b549dc3544da992991791bf54848c8deeccf7470c82590
0x196c00c1b00000000000007c00739ad9faa3ee77,0x0000c7000000003bb9aa5e907d7b000037a3debb,1.81e-16,2026-02-12T09:14:35+00:00,0x18e95ed35bec608fb14a42bd3b6337c25865422289698a75a89c3cf3a4d3ad8a
0x196c00c1b00000000000007c00739ad9faa3ee77,0x0000c7000000003bb9aa5e907d7b000037a3debb,1.83e-16,2026-02-12T09:14:59+00:00,0x79405871786ecb3576a710d62418949ecafde7cd4cd557b11b98b6143fb15225
0x196c00c1b00000000000007c00739ad9faa3ee77,0x0000c7000000003bb9aa5e907d7b000037a3debb,2.02e-16,2026-02-12T09:18:47+00:00,0x1e035702814668186753dc669f8acedf3c82ac389e4f76ccff560078471e6ba8
0x196c00c1b00000000000007c00739ad9faa3ee77,0x0000c7000000003bb9aa5e907d7b000037a3debb,2.09e-16,2026-02-12T09:20:11+00:00,0x92354a74a732886aae5d32d3236de037dbcf006a4a35276a061e3ca91579328f
0x196c00c1b00000000000007c00739ad9faa3ee77,0x0000c7000000003bb9aa5e907d7b000037a3debb,2.13e-16,2026-02-12T09:21:11+00:00,0xdf48279d4c0b533f3dc78e0c4b153da9ca407a6462d46be4878774e9b72e5e13
0x196c00c1b00000000000007c00739ad9faa3ee77,0x0000c7000000003bb9aa5e907d7b000037a3debb,2.22e-16,2026-02-12T09:22:59+00:00,0xc10e5079e5937e2b5d80ebe9db4730795a01485a294b455bc219e807c1301209
0x196c00c1b00000000000007c00739ad9faa3ee77,0x0000c7000000003bb9aa5e907d7b000037a3debb,2.23e-16,2026-02-12T09:23:11+00:00,0x54bd2fb5ac3adfd40094d460c31949f53391f999f2c861e03cab117b1225e4d1
0x196c00c1b00000000000007c00739ad9faa3ee77,0x0000c7000000003bb9aa5e907d7b000037a3debb,2.27e-16,2026-02-12T09:23:59+00:00,0x32e6209818e7e65e92b0ed8e55fe77f9c0507884553329506e7796943e37050e
0x196c00c1b00000000000007c00739ad9faa3ee77,0x0000c7000000003bb9aa5e907d7b000037a3debb,2.5e-16,2026-02-12T09:28:35+00:00,0x496d15445eeff768092ba4c91cf7e8128cabffd4f8a5e14ace6c5a9cc8348ae6
0x196c00c1b00000000000007c00739ad9faa3ee77,0x0000c7000000003bb9aa5e907d7b000037a3debb,2.54e-16,2026-02-12T09:29:23+00:00,0xe8ff0118d1bca73e86156b8341c482c2b5215138422f338086031d7e8e6ed61c
0x196c00c1b00000000000007c00739ad9faa3ee77,0x0000c7000000003bb9aa5e907d7b000037a3debb,1.9e-17,2026-02-12T09:33:35+00:00,0x6141d7972f3446cb1047ced938228d2fc19e621d12fd5eb214a920113231422b
0x196c00c1b00000000000007c00739ad9faa3ee77,0x0000c7000000003bb9aa5e907d7b000037a3debb,2e-17,2026-02-12T09:33:47+00:00,0xcf5433d426b16551445f46319ea1f49e766028154f8e5135b708a3f753cf9289
0x196c00c1b00000000000007c00739ad9faa3ee77,0x0000c7000000003bb9aa5e907d7b000037a3debb,2.6e-17,2026-02-12T09:34:59+00:00,0xf4a7eb0b56d20161402c3dd30c759137edda91e752e72a84f7d581577fb9e80e
0x196c00c1b00000000000007c00739ad9faa3ee77,0x0000c7000000003bb9aa5e907d7b000037a3debb,2.7e-17,2026-02-12T09:35:11+00:00,0x454a89f81ce9364741782155a0683f18e6a4b42ada5176170d19f504cb7f9bc9
0x196c00c1b00000000000007c00739ad9faa3ee77,0x0000c7000000003bb9aa5e907d7b000037a3debb,3.1e-17,2026-02-12T09:35:59+00:00,0xe25b731b0bb2dcc6cb342a46f4c502334056e73ca1cd4a1232fac40ecce04f84
0x196c00c1b00000000000007c00739ad9faa3ee77,0x0000c7000000003bb9aa5e907d7b000037a3debb,1.12e-16,2026-02-12T09:52:11+00:00,0x34ba1c0e60d37d088eba64d187885636a22823f5f3a8b9480924465983900637
0x196c00c1b00000000000007c00739ad9faa3ee77,0x0000c7000000003bb9aa5e907d7b000037a3debb,1.61e-16,2026-02-12T10:01:59+00:00,0xbb598eb1a6537f167d06939e426b536313f98253e345c70316c0a819e2b872d4
0x196c00c1b00000000000007c00739ad9faa3ee77,0x0000c7000000003bb9aa5e907d7b000037a3debb,1.77e-16,2026-02-12T10:05:11+00:00,0xa1ca6edf7a161d7fa84400b6da5bafff233325534e505f43eda9c3d513b4f98c
0x196c00c1b00000000000007c00739ad9faa3ee77,0x0000c7000000003bb9aa5e907d7b000037a3debb,1.87e-16,2026-02-12T10:07:11+00:00,0x36c189212212fe99b8f78af3049cbfda13fd04ca3953c0b8ddaca0ff13ae3632
0x196c00c1b00000000000007c00739ad9faa3ee77,0x0000c7000000003bb9aa5e907d7b000037a3debb,5e-18,2026-02-12T10:21:59+00:00,0x877288f8badebd714253ab7c2c27d6f1a8bd9f022ce4a13ca838b1aeeec245a7
0x196c00c1b00000000000007c00739ad9faa3ee77,0x0000c7000000003bb9aa5e907d7b000037a3debb,1e-17,2026-02-12T10:22:59+00:00,0x120798f71e458e21c9533fd9f16d2ee671c90b200819ac3c9e732b67cee26032
0x196c00c1b00000000000007c00739ad9faa3ee77,0x0000c7000000003bb9aa5e907d7b000037a3debb,4e-17,2026-02-12T10:28:59+00:00,0xe9119a5b3eb450bc487a66d278560266a5d2c8e68a657dc4e0c01b8b736cd476
0x196c00c1b00000000000007c00739ad9faa3ee77,0x0000c7000000003bb9aa5e907d7b000037a3debb,9.6e-17,2026-02-12T10:40:11+00:00,0x1e095387c69097eba3d2fe3b07d5ab24237e9bd24aa556e6773f01eb5e63d4ce
0x196c00c1b00000000000007c00739ad9faa3ee77,0x0000c7000000003bb9aa5e907d7b000037a3debb,1.12e-16,2026-02-12T10:43:35+00:00,0x5828ad7f826d5f50fe91afabcbf3fedd1078c4dc423bc6e41bc6855e03dbdc90
0x196c00c1b00000000000007c00739ad9faa3ee77,0x0000c7000000003bb9aa5e907d7b000037a3debb,1.32e-16,2026-02-12T10:47:35+00:00,0x9e3c9485f97b08d46afc03d965cf4e8caa56ca63b55ca6e646724ae86d0953e4
0x196c00c1b00000000000007c00739ad9faa3ee77,0x0000c7000000003bb9aa5e907d7b000037a3debb,1.35e-16,2026-02-12T10:48:11+00:00,0xf3ec1a8ca064654f208380a7f1d401efb775a4315dcb7f8e5f13139fcd144da2
0x196c00c1b00000000000007c00739ad9faa3ee77,0x0000c7000000003bb9aa5e907d7b000037a3debb,1.61e-16,2026-02-12T10:53:23+00:00,0x4df04bde5dd178749f9c95e6a4477e9228b5d8310ae834b3f883e9d39b4e6e39
0x196c00c1b00000000000007c00739ad9faa3ee77,0x0000c7000000003bb9aa5e907d7b000037a3debb,1.7e-16,2026-02-12T10:55:11+00:00,0x2999bf68f4289917de7cfcd58a033b180363a77e4a75b2d9d4833a24c09bd828
0x196c00c1b00000000000007c00739ad9faa3ee77,0x0000c7000000003bb9aa5e907d7b000037a3debb,1.87e-16,2026-02-12T10:58:35+00:00,0xe41c801f543ab4c6ba6ee957776ebcd07d56da201b151958e1744fb4ac19a362
0x196c00c1b00000000000007c00739ad9faa3ee77,0x0000c7000000003bb9aa5e907d7b000037a3debb,2.03e-16,2026-02-12T11:01:47+00:00,0xbb3d92e1d99c961a53c8040d067ad351ed68038e0907460616386c1967cf5368
0x196c00c1b00000000000007c00739ad9faa3ee77,0x0000c7000000003bb9aa5e907d7b000037a3debb,2.24e-16,2026-02-12T11:05:59+00:00,0xb7c4705d65808f22ca3ed91759e37fb77bdb009dadfde3129c5f0b32993fc5c7
0x196c00c1b00000000000007c00739ad9faa3ee77,0x0000c7000000003bb9aa5e907d7b000037a3debb,2.52e-16,2026-02-12T11:11:35+00:00,0x64989fe9c500fb2dde2da3b25a827226c52e9c7e19f39c01133af14cece84f5a
0x196c00c1b00000000000007c00739ad9faa3ee77,0x0000c7000000003bb9aa5e907d7b000037a3debb,1e-17,2026-02-12T11:14:23+00:00,0x2c704b551bd353b6166c00deb48b5fe18e304c7b97e979d1ec4ba17c54c0563e
0x196c00c1b00000000000007c00739ad9faa3ee77,0x0000c7000000003bb9aa5e907d7b000037a3debb,1.1e-17,2026-02-12T11:14:35+00:00,0x291c15946529fb93026c961b89bff3b6d2849f04f5dad4d8d937ac7a57d63cc7
0x196c00c1b00000000000007c00739ad9faa3ee77,0x0000c7000000003bb9aa5e907d7b000037a3debb,2.1e-17,2026-02-12T11:16:35+00:00,0xfc590bf247961c180d1a90142e6e471367f227ea72795fa9da33c673acaee40b
0x196c00c1b00000000000007c00739ad9faa3ee77,0x0000c7000000003bb9aa5e907d7b000037a3debb,3.1e-17,2026-02-12T11:18:35+00:00,0x66da491003827eb8a226f48cbec04b022ad15d388023739ea4dbc3ad90f9ae2c
0x196c00c1b00000000000007c00739ad9faa3ee77,0x0000c7000000003bb9aa5e907d7b000037a3debb,3.6e-17,2026-02-12T11:19:35+00:00,0x7756714e0016596b89cf16c5648260d5b0d7da6d6a14b78fa7b2c1456c773297
0x196c00c1b00000000000007c00739ad9faa3ee77,0x0000c7000000003bb9aa5e907d7b000037a3debb,5.6e-17,2026-02-12T11:23:35+00:00,0x08c2586fe8266fe4930b01329c1c8d3d80bf961508a5bd5ee64cddd1dfc794b9
0x196c00c1b00000000000007c00739ad9faa3ee77,0x0000c7000000003bb9aa5e907d7b000037a3debb,8.1e-17,2026-02-12T11:28:35+00:00,0x312e437eca4b8dc80abb3be8872b90a244c20d01ca3bb19ee560ec6f35940c40
0x196c00c1b00000000000007c00739ad9faa3ee77,0x0000c7000000003bb9aa5e907d7b000037a3debb,8.9e-17,2026-02-12T11:30:11+00:00,0x08484f60896e88020053f8503cb85da3fdb5910cdc81133d1b7d73a34c7d9886
0x196c00c1b00000000000007c00739ad9faa3ee77,0x0000c7000000003bb9aa5e907d7b000037a3debb,9.6e-17,2026-02-12T11:31:35+00:00,0x21be469ba077ea08ca27b2a94644b7c7fe08b0fdcef9c44f6e307c957887aed2
0x196c00c1b00000000000007c00739ad9faa3ee77,0x0000c7000000003bb9aa5e907d7b000037a3debb,9.8e-17,2026-02-12T11:31:59+00:00,0x4e9e972432e001ae3636e24a79229368c1a2bee0ec7339590815fd85c8679edc
0x196c00c1b00000000000007c00739ad9faa3ee77,0x0000c7000000003bb9aa5e907d7b000037a3debb,1.06e-16,2026-02-12T11:33:35+00:00,0xed34d14598979240e68a9e0414acfb4bb5098fe4ccf8fa48627b551cad647e64
0x196c00c1b00000000000007c00739ad9faa3ee77,0x0000c7000000003bb9aa5e907d7b000037a3debb,1.21e-16,2026-02-12T11:36:35+00:00,0x8bd9c3a918e2c9a4ff85a8ac32827efd6b9f0583e7b6b1447d4520b4c9022152
0x196c00c1b00000000000007c00739ad9faa3ee77,0x0000c7000000003bb9aa5e907d7b000037a3debb,1.49e-16,2026-02-12T11:42:11+00:00,0xe1f8535ec1b403466194a8b00d8cda073f917f2e3c6f52870375bb0991aea162
0x196c00c1b00000000000007c00739ad9faa3ee77,0x0000c7000000003bb9aa5e907d7b000037a3debb,1.94e-16,2026-02-12T11:51:11+00:00,0x51a2d8ee52462924028f498aa3f202e8e4fa223db3c8698344588d3dd1d24de9
0x196c00c1b00000000000007c00739ad9faa3ee77,0x0000c7000000003bb9aa5e907d7b000037a3debb,1.96e-16,2026-02-12T11:51:35+00:00,0x0e4531943ebb6e3218b4744a3d2cf24dc0d6469d5d1542849e24577d8f580edb
0x196c00c1b00000000000007c00739ad9faa3ee77,0x0000c7000000003bb9aa5e907d7b000037a3debb,1.99e-16,2026-02-12T11:52:11+00:00,0x75b6dd5aef42b5a6492e9fe516b82e8edb2748cacd439070167eb4a90809911f
0x196c00c1b00000000000007c00739ad9faa3ee77,0x0000c7000000003bb9aa5e907d7b000037a3debb,2.01e-16,2026-02-12T11:52:35+00:00,0x50803f9a464cf4fbeefdce57178cd90375d17e82576d8021a14f83922037c0f8
0x196c00c1b00000000000007c00739ad9faa3ee77,0x0000c7000000003bb9aa5e907d7b000037a3debb,2.09e-16,2026-02-12T11:54:23+00:00,0x2619fd0f9ea7bea2638c9c64ba6aff1e80b7277346e68a5510fdccb656d7dd19
0x196c00c1b00000000000007c00739ad9faa3ee77,0x0000c7000000003bb9aa5e907d7b000037a3debb,2.21e-16,2026-02-12T11:56:47+00:00,0x0258930a08fb1d4e886d10f1d834c5223b75a1d340734e47b359dda2a1fa1c59
0x196c00c1b00000000000007c00739ad9faa3ee77,0x0000c7000000003bb9aa5e907d7b000037a3debb,2.25e-16,2026-02-12T11:57:35+00:00,0xaf05cf6df02df15f40cd076afb067f0ef9cdcffcb11ef902743d465723de1883
0x196c00c1b00000000000007c00739ad9faa3ee77,0x0000c7000000003bb9aa5e907d7b000037a3debb,2.54e-16,2026-02-12T12:03:23+00:00,0x2ddca064f5c37c90605eae33134ff56ba055c0b3d2408bbf9332d810129cc4b0
0x196c00c1b00000000000007c00739ad9faa3ee77,0x0000c7000000003bb9aa5e907d7b000037a3debb,3e-18,2026-02-12T12:04:23+00:00,0x8e68fe6e484456437e99b2eb37e05f607f48ac1e0580601cedc91701aee75632
0x196c00c1b00000000000007c00739ad9faa3ee77,0x0000c7000000003bb9aa5e907d7b000037a3debb,2.2e-17,2026-02-12T12:08:11+00:00,0x9971cfcf13019d9cbf6d3773b0aee55b95dbf9839a5b800317f9e8879727be84
0x196c00c1b00000000000007c00739ad9faa3ee77,0x0000c7000000003bb9aa5e907d7b000037a3debb,3.3e-17,2026-02-12T12:10:23+00:00,0x5f8c74c304cdf0a578be88e68da32ab5055e0f7ff351e7f55a041c49574908a2
0x196c00c1b00000000000007c00739ad9faa3ee77,0x0000c7000000003bb9aa5e907d7b000037a3debb,4.2e-17,2026-02-12T12:12:11+00:00,0xe2c461534d9f1325740d12eb27a30ebf3ca158d38bdb182c81830a465b3e4006
0x196c00c1b00000000000007c00739ad9faa3ee77,0x0000c7000000003bb9aa5e907d7b000037a3debb,1.65e-16,2026-02-12T12:37:11+00:00,0x6e5731fb839616080830c915c60440aac40fd99719bd1f4d1d5f8ac003bc8aa1
0x196c00c1b00000000000007c00739ad9faa3ee77,0x0000c7000000003bb9aa5e907d7b000037a3debb,8.2e-17,2026-02-12T14:03:11+00:00,0xaebad5f3566a217199d971c0e934d008baa9bcae7e744c7fbd4982998f775935
0x196c00c1b00000000000007c00739ad9faa3ee77,0x0000c7000000003bb9aa5e907d7b000037a3debb,9e-17,2026-02-12T14:04:47+00:00,0xd45cbeffda8ca6b88369570c0ff9a30014c7c1c6085037fd7f80beba8158ecd0
0x196c00c1b00000000000007c00739ad9faa3ee77,0x0000c7000000003bb9aa5e907d7b000037a3debb,2.15e-16,2026-02-12T14:29:59+00:00,0x077c4033111a413cd1ffdd3b2488a07de3b96cf485fd12829b5258fb72c2154b
0x196c00c1b00000000000007c00739ad9faa3ee77,0x0000c7000000003bb9aa5e907d7b000037a3debb,2.25e-16,2026-02-12T14:31:59+00:00,0x3dbce738182ff538c9d7be43ca1c676f166c1177593a504db0d18a133920e971
0x196c00c1b00000000000007c00739ad9faa3ee77,0x0000c7000000003bb9aa5e907d7b000037a3debb,7.6e-17,2026-02-12T14:53:47+00:00,0xd06479b9a9e79edbd117a3ec4b25b29423309736babf1cde1c8691d29afd585c
0x196c00c1b00000000000007c00739ad9faa3ee77,0x0000c7000000003bb9aa5e907d7b000037a3debb,1.44e-16,2026-02-12T15:07:23+00:00,0x9d0d17ebc30d9b144d25d8ed538b762ca22e43443bafcba1c5cfa35df097c45a
0x196c00c1b00000000000007c00739ad9faa3ee77,0x0000c7000000003bb9aa5e907d7b000037a3debb,1.56e-16,2026-02-12T15:09:47+00:00,0x4df3e16ecd4ff8805bdb1ae0f8f302a9ac9d81205ff32b6e0f2a68f610185ac4
0x196c00c1b00000000000007c00739ad9faa3ee77,0x0000c7000000003bb9aa5e907d7b000037a3debb,1.69e-16,2026-02-12T15:12:23+00:00,0x8bd041dd7d0ccc054cfd75e3f288d7ab4618414a2dfc21d2728f8f6a5e9063c1
0x196c00c1b00000000000007c00739ad9faa3ee77,0x0000c7000000003bb9aa5e907d7b000037a3debb,1.95e-16,2026-02-12T15:17:47+00:00,0xf6103cd9f01204e28f4e95bd61d9bf6a573b689cc92bf1e8e8bd39b6a5a2322e
0x196c00c1b00000000000007c00739ad9faa3ee77,0x0000c7000000003bb9aa5e907d7b000037a3debb,2.5e-16,2026-02-12T15:28:47+00:00,0x57624d338e9dce6fb888bacc055a0bab0a8192d82acf7277fe15df93cc588c15
0x196c00c1b00000000000007c00739ad9faa3ee77,0x0000c7000000003bb9aa5e907d7b000037a3debb,1.3e-17,2026-02-12T15:32:35+00:00,0x716ed3f313aaef5f3f94258b9d51f6f2ebcb4f7e5c251cd1cc11f06b1c89f5d1
0x196c00c1b00000000000007c00739ad9faa3ee77,0x0000c7000000003bb9aa5e907d7b000037a3debb,1.22e-16,2026-02-12T15:54:23+00:00,0x55622ff3785f2e713c913fd22423660ee00b4f011c7cf142b6d302f10ee90879
0x196c00c1b00000000000007c00739ad9faa3ee77,0x0000c7000000003bb9aa5e907d7b000037a3debb,1.86e-16,2026-02-12T16:07:11+00:00,0xb86064d89cdcb9e2f7882c98c0fee2d53ec235ea4bbd594ed95469550b181419
0x196c00c1b00000000000007c00739ad9faa3ee77,0x0000c7000000003bb9aa5e907d7b000037a3debb,2.2e-16,2026-02-12T16:14:11+00:00,0xc38cef10dff2840275de8b07fa1ff9dd6e04a162fd73826afe62b03882eba9b5
0x196c00c1b00000000000007c00739ad9faa3ee77,0x0000c7000000003bb9aa5e907d7b000037a3debb,2.44e-16,2026-02-12T16:18:59+00:00,0xb5c658b9640209accc62d984114de24029c804b2af7039e5b5db4a0df11e61b4
0x196c00c1b00000000000007c00739ad9faa3ee77,0x0000c7000000003bb9aa5e907d7b000037a3debb,3e-18,2026-02-12T16:21:59+00:00,0x896a9187ce105138fdeaf54ca87f156c28a7a7e36e0cc193492256a8d8579390
0x196c00c1b00000000000007c00739ad9faa3ee77,0x0000c7000000003bb9aa5e907d7b000037a3debb,5e-17,2026-02-12T16:31:35+00:00,0xd6d3c0fa5094263fddc2812209284bc6a39673a7758f0ab48866c68893200fa7
0x196c00c1b00000000000007c00739ad9faa3ee77,0x0000c7000000003bb9aa5e907d7b000037a3debb,7e-17,2026-02-12T16:35:35+00:00,0xee83c98f582a35d8a16459da730c3523d6b27b8889f7a94a39957867101f9186
0x196c00c1b00000000000007c00739ad9faa3ee77,0x0000c7000000003bb9aa5e907d7b000037a3debb,2.17e-16,2026-02-12T17:04:59+00:00,0xa6fc457f8c6b0ab26ef48230d7d1408b069ccd8e387073f57d2d41dea4f733bb
0x196c00c1b00000000000007c00739ad9faa3ee77,0x0000c7000000003bb9aa5e907d7b000037a3debb,8e-17,2026-02-12T17:29:35+00:00,0x0f7b1e7cef334d2ac02e619c77d9d548602fecb702f0d0b542d9ae8fbe34348d
0x196c00c1b00000000000007c00739ad9faa3ee77,0x0000c7000000003bb9aa5e907d7b000037a3debb,8.6e-17,2026-02-12T17:30:47+00:00,0x2e04693c783466f82fd547da6c6f5b0f76b1a3d83ac10f6724cdd4257dcb27aa
0x196c00c1b00000000000007c00739ad9faa3ee77,0x0000c7000000003bb9aa5e907d7b000037a3debb,1.09e-16,2026-02-12T17:35:23+00:00,0x1476f15bde814183c204cb649a35da728eea3608b8684ac47e1e0da709802781
0x196c00c1b00000000000007c00739ad9faa3ee77,0x0000c7000000003bb9aa5e907d7b000037a3debb,1.1e-16,2026-02-12T17:35:35+00:00,0xc1f46899cfcd1d4598769805fdbc8a7bccaa46a64a97d70afdd2ab9411eef576
0x196c00c1b00000000000007c00739ad9faa3ee77,0x0000c7000000003bb9aa5e907d7b000037a3debb,1.25e-16,2026-02-12T17:38:47+00:00,0x5e6424133edfb3bd36556c774f12d51393b1de632d5d633be04e027cc9d78304
0x196c00c1b00000000000007c00739ad9faa3ee77,0x0000c7000000003bb9aa5e907d7b000037a3debb,1.36e-16,2026-02-12T17:40:59+00:00,0xbaca5169a3605f5ce1f363f9018a7e0eccd18d48329389fc098148c5e3c8517a
0x196c00c1b00000000000007c00739ad9faa3ee77,0x0000c7000000003bb9aa5e907d7b000037a3debb,1.47e-16,2026-02-12T17:43:11+00:00,0x65e102f686e70bbefb9174a57f73e3ed1e899da22f124d79525b8286267ea193
0x196c00c1b00000000000007c00739ad9faa3ee77,0x0000c7000000003bb9aa5e907d7b000037a3debb,1.52e-16,2026-02-12T17:44:11+00:00,0x36f52eb21a51908c8845a7109ffb0c8f67007e013b56699a86de42015261e0d9
0x196c00c1b00000000000007c00739ad9faa3ee77,0x0000c7000000003bb9aa5e907d7b000037a3debb,1.6e-16,2026-02-12T17:45:47+00:00,0x068416c7d0e3354c603bfc20ab09dcbb4abddabe43bb955eba529b9ef65b4fa0
0x196c00c1b00000000000007c00739ad9faa3ee77,0x0000c7000000003bb9aa5e907d7b000037a3debb,1.62e-16,2026-02-12T17:46:23+00:00,0x0b574a68fc5fb8bc8ad3c4a96b0138dc1d8a07b189eb62ff3a02fc3b20904a93
0x196c00c1b00000000000007c00739ad9faa3ee77,0x0000c7000000003bb9aa5e907d7b000037a3debb,1.63e-16,2026-02-12T17:46:35+00:00,0xfceb8abdf26875edbdc6d80d9dbe9b908070e4ac657bb797ec4144c26e66b16d
0x196c00c1b00000000000007c00739ad9faa3ee77,0x0000c7000000003bb9aa5e907d7b000037a3debb,1.67e-16,2026-02-12T17:47:23+00:00,0xfaa931be3230d6e9bfb6bccc0c38aea02342952187245c1fda69ad7587b28b18
0x196c00c1b00000000000007c00739ad9faa3ee77,0x0000c7000000003bb9aa5e907d7b000037a3debb,1.75e-16,2026-02-12T17:48:59+00:00,0x647a387e9620aa39dd64061a059247e4e64ce7a63b5ac08e133d8265fbd355f6
0x196c00c1b00000000000007c00739ad9faa3ee77,0x0000c7000000003bb9aa5e907d7b000037a3debb,2.02e-16,2026-02-12T17:54:23+00:00,0xbeb52553c088c2b71219a58b5b893976f776d8a081de5d508b8f31401a2515f5
0x196c00c1b00000000000007c00739ad9faa3ee77,0x0000c7000000003bb9aa5e907d7b000037a3debb,2.1e-16,2026-02-12T17:55:59+00:00,0x711286b2294dec13998c7b59b058d11f746846a8bf37728be8291752db9b4ded
0x196c00c1b00000000000007c00739ad9faa3ee77,0x0000c7000000003bb9aa5e907d7b000037a3debb,2.14e-16,2026-02-12T17:56:47+00:00,0xf3d668045a90235415252eb0509b381584a24027611c61412b5869597ba3e990
0x196c00c1b00000000000007c00739ad9faa3ee77,0x0000c7000000003bb9aa5e907d7b000037a3debb,1.3e-17,2026-02-12T18:07:59+00:00,0x5465d9309ba0542c7c06233a5ed2ce01bf9fffdaf0e9c3336e435141a27db1ab
0x196c00c1b00000000000007c00739ad9faa3ee77,0x0000c7000000003bb9aa5e907d7b000037a3debb,1.4e-17,2026-02-12T18:08:11+00:00,0xe06287f70eb78980375b8abb9c631f9db38e7a0053ac70afb6c8227352b2b8b8
0x196c00c1b00000000000007c00739ad9faa3ee77,0x0000c7000000003bb9aa5e907d7b000037a3debb,1.9e-17,2026-02-12T18:09:11+00:00,0x60941c008191f418e6b8993060e7a5ab36b7f313a683be1c37e932666ab83ce0
0x196c00c1b00000000000007c00739ad9faa3ee77,0x0000c7000000003bb9aa5e907d7b000037a3debb,2.5e-17,2026-02-12T18:10:23+00:00,0x6301795b42ed65288932ef08c86ce9417688760d920ea198c77712a0049e1644
0x196c00c1b00000000000007c00739ad9faa3ee77,0x0000c7000000003bb9aa5e907d7b000037a3debb,4.1e-17,2026-02-12T18:13:35+00:00,0x7e1d61d3fcda08a44320a03f4f44b944288f1e01330985dd447a182f7527ed4f
0x196c00c1b00000000000007c00739ad9faa3ee77,0x0000c7000000003bb9aa5e907d7b000037a3debb,4.2e-17,2026-02-12T18:13:47+00:00,0x2215b92f2de3422b0890507cceaf47f9d8abea871e349c0ce8b82fe372f9255a
0x196c00c1b00000000000007c00739ad9faa3ee77,0x0000c7000000003bb9aa5e907d7b000037a3debb,4.6e-17,2026-02-12T18:14:35+00:00,0x650f9f98291af06b3f4db1560510b2fa7789fd391225b3adbaa5d6c146089d5a
0x196c00c1b00000000000007c00739ad9faa3ee77,0x0000c7000000003bb9aa5e907d7b000037a3debb,8.3e-17,2026-02-12T18:21:59+00:00,0x61fa89292e960c01651a23bb2719772a979eeb1b95e53f7e0dd4f83b587d380a
0x196c00c1b00000000000007c00739ad9faa3ee77,0x0000c7000000003bb9aa5e907d7b000037a3debb,8.8e-17,2026-02-12T18:22:59+00:00,0xebb4b2934c09cd21314550811c3e08e9d0164f296499c5b603e39c43f44aee0a
0x196c00c1b00000000000007c00739ad9faa3ee77,0x0000c7000000003bb9aa5e907d7b000037a3debb,9.5e-17,2026-02-12T18:24:23+00:00,0x3f8ab2d07b9a66c2fd4c9786d01454e9e6c995aefa7a2221693c73b419699df4
0x196c00c1b00000000000007c00739ad9faa3ee77,0x0000c7000000003bb9aa5e907d7b000037a3debb,1.12e-16,2026-02-12T18:27:59+00:00,0x8c0b1c68ff325e38fab99045bfc829bde1a223a1855faab0461e958d28a41ec7
0x196c00c1b00000000000007c00739ad9faa3ee77,0x0000c7000000003bb9aa5e907d7b000037a3debb,1.19e-16,2026-02-12T18:29:23+00:00,0x94ce088de147400fcf90b3ab0039a4615c2b297173a3c4389fd7d3a1a1e56d13
0x196c00c1b00000000000007c00739ad9faa3ee77,0x0000c7000000003bb9aa5e907d7b000037a3debb,1.3e-16,2026-02-12T18:31:35+00:00,0x48b79a597a9e314971af8b4b2b7aa8253c7e61228c3389f79ddadc1eec73e714
0x196c00c1b00000000000007c00739ad9faa3ee77,0x0000c7000000003bb9aa5e907d7b000037a3debb,1.51e-16,2026-02-12T18:35:47+00:00,0xdfe7598814790ad83061dfb0d72c0d12f49ef7714852866d3789f0f36ff22984
