sender_address,recipient_address,amount,timestamp,metadata
0x9696f59e4d72e237be84ffd425dcad154bf96976,0x782ad740c44eebd3a915a3df66572f238ace7fa5,0.9998,2025-12-16T15:48:35+00:00,0x2b05a5d9fe51eaa599d508ec38e92a6af1a81535745fe3826140baed2269662e
0x782ad740c44eebd3a915a3df66572f238ace7fa5,0x95fe5961368664c3da8879d7542149ddf0738d82,0.9,2025-12-16T15:51:47+00:00,0xe640aaf001d3d6257a7bd4180da8227590172bb48619f70d6f7d1125e1f84ecf
0x782ad740c44eebd3a915a3df66572f238ace7fa5,0x5026f006b85729a8b14553fae6af249ad16c9aab,0.0,2025-12-16T15:51:59+00:00,0x04ffa710c99b8c2e39ea5fdc372a46ee85ddbe97ee638ee640e82176fae49089
0x782ad740c44eebd3a915a3df66572f238ace7fa5,0x95fe5961368664c3da8879d7542149ddf0738d82,0.0,2025-12-17T19:13:35+00:00,0xe7dabe8cbb368d0b444e34a5e2d0ae917a747dfa1db4952a34fe60ebe570f70e
0x782ad740c44eebd3a915a3df66572f238ace7fa5,0x95fe5961368664c3da8879d7542149ddf0738d82,0.8,2025-12-17T19:14:11+00:00,0x43a988a6cb9b623dafcd07430df4e077faa40064d41335835ee2edc2da762660
0x782ad740c44eebd3a915a3df66572f238ace7fa5,0xd1f17b7a6bff962659ed608bcd6d318bb5fbb249,0.0,2025-12-17T19:14:23+00:00,0xc5e653a8f2a37d79b4ac36d487d0d42154940d2ebf633765ccbdd1788cace13b
0x782ad740c44eebd3a915a3df66572f238ace7fa5,0x95fe5961368664c3da8879d7542149ddf0738d82,0.1,2025-12-20T13:44:47+00:00,0x04e0702f43540772c759c17f01dc8a77a462c13543ae7caedc24dec09c23fd90
0x782ad740c44eebd3a915a3df66572f238ace7fa5,0x8cb61bdc183910c72358bd0664f7c4f639cac01f,0.0,2025-12-20T13:44:59+00:00,0x6cd9d02d4b139132dfc713324c3a2ff5b47cc9d9564959879fd04aa6ff6cd4c5
0x782ad740c44eebd3a915a3df66572f238ace7fa5,0x95fe5961368664c3da8879d7542149ddf0738d82,0.05,2025-12-20T14:01:47+00:00,0xa230085c2125c9be8d352ad8ece8d110dc3eaea0304cad4dca6e3a98892bacd0
0x782ad740c44eebd3a915a3df66572f238ace7fa5,0xeec4ce6e4356fc14e4b940f2a0785991b402c30c,0.0,2025-12-20T14:01:59+00:00,0xc8ed11a2966682a2ceb917dea4d2db5e7fe61a4daec245b18bfc61cc50c3ad30
0x782ad740c44eebd3a915a3df66572f238ace7fa5,0x95fe5961368664c3da8879d7542149ddf0738d82,0.0,2025-12-20T16:26:11+00:00,0x6769bb96c8bb47be92efd3290667ecfc46a63c17078eddd09603e0a4ad842b01
0x782ad740c44eebd3a915a3df66572f238ace7fa5,0x95fe5961368664c3da8879d7542149ddf0738d82,0.0,2025-12-20T16:26:23+00:00,0x09388c7d43aae2604a76cbea359c044739ab61ff1a8c2b5e40d42e121335c065
0x782ad740c44eebd3a915a3df66572f238ace7fa5,0x95fe5961368664c3da8879d7542149ddf0738d82,0.05,2025-12-21T15:09:47+00:00,0x98f0081320ea594da64ee4225fe7193e5b89d411b755b65ea44483243c40b083
0x782ad740c44eebd3a915a3df66572f238ace7fa5,0x6a6cacbc76cdb95c45c90627dcd3d3c59f49710a,0.0,2025-12-21T15:09:59+00:00,0xf9f5a79a0758e42e0fe19a09aae8ed91ab0e55c292afdfff0fabe9b707e2038e
0x782ad740c44eebd3a915a3df66572f238ace7fa5,0x95fe5961368664c3da8879d7542149ddf0738d82,0.07,2025-12-21T15:10:35+00:00,0x0892c29a8a8570a687eea555edf37954faccbd229efcec1cad82363a446822b0
0x782ad740c44eebd3a915a3df66572f238ace7fa5,0xc3e691246f84c6fde053f6053f9e2001006595e2,0.0,2025-12-21T15:10:47+00:00,0xe8cb59003cecf4993f11be6f1ca0ea33938bfa60d4d44b2ef3dca88e843982b1
0x782ad740c44eebd3a915a3df66572f238ace7fa5,0x95fe5961368664c3da8879d7542149ddf0738d82,0.066,2025-12-21T15:11:47+00:00,0xe6162ba7ee15616d289753712edd2316c020dcaced4b84bee2e9898d9375f08d
0x782ad740c44eebd3a915a3df66572f238ace7fa5,0x4448726b23483927c492f09c1dbfdffd3967b452,0.0,2025-12-21T15:11:59+00:00,0xf76db2d5d04186c6901abaa098bdfa5c26f49226081708e9d111993f1d7e15f5
0x782ad740c44eebd3a915a3df66572f238ace7fa5,0x95fe5961368664c3da8879d7542149ddf0738d82,0.0,2025-12-22T15:12:35+00:00,0x49a090a9da5d1ee8cf5beee58f088d679009a7f87b126b686a0eaa602f883193
0x782ad740c44eebd3a915a3df66572f238ace7fa5,0x95fe5961368664c3da8879d7542149ddf0738d82,0.0,2025-12-22T15:12:59+00:00,0x5382b2229ee81cd070aa5219ca7dbdf3da75cf865fbdc3b78210c2b1aa22be8d
0x782ad740c44eebd3a915a3df66572f238ace7fa5,0x95fe5961368664c3da8879d7542149ddf0738d82,0.05,2025-12-22T15:13:35+00:00,0xcfff5133deb585870e89fb02b190bbc6925233b3ac140df7536786c38a40b3e8
0x782ad740c44eebd3a915a3df66572f238ace7fa5,0xc3f42ca0dcdfc9390a4ef881cb25116f5682def1,0.0,2025-12-22T15:13:47+00:00,0x08a43ae06db9a49f3d08c5240b59e34a5a1fa42c2bd1c5aec5b52fe7e120c28e
0x782ad740c44eebd3a915a3df66572f238ace7fa5,0x95fe5961368664c3da8879d7542149ddf0738d82,0.0,2025-12-22T16:35:23+00:00,0x28e70cc5dea03b0bb4f94176096a168701aeb4f46beedd32761e697bf0264123
0x782ad740c44eebd3a915a3df66572f238ace7fa5,0x95fe5961368664c3da8879d7542149ddf0738d82,0.0,2025-12-22T16:47:47+00:00,0x3f980450e8458193f1e6ffb52a507c64404ce4bd47ca40b43d63ddee6294be73
0x782ad740c44eebd3a915a3df66572f238ace7fa5,0x95fe5961368664c3da8879d7542149ddf0738d82,0.05,2025-12-22T17:17:23+00:00,0x72fcd9fb35e0010983a174952af4322ac66396cfbe0250604fc83f0cc5175087
0x782ad740c44eebd3a915a3df66572f238ace7fa5,0x95fe5961368664c3da8879d7542149ddf0738d82,0.1,2025-12-22T17:17:59+00:00,0x1cb22be9c41a7c36beccee691725bfa3328ce67db687545522021d6ad8aa92f5
0x782ad740c44eebd3a915a3df66572f238ace7fa5,0x95fe5961368664c3da8879d7542149ddf0738d82,0.0,2025-12-23T13:33:47+00:00,0x9893897a6167b66eaf8a83a5a7c26c433fae85f4c961ea758a471020556da6c0
0x782ad740c44eebd3a915a3df66572f238ace7fa5,0x95fe5961368664c3da8879d7542149ddf0738d82,0.5,2025-12-23T13:33:59+00:00,0x2f71c78b2f4f2890319babb6c2da6487efc63a9696e471dc9139217627c4e26d
0x782ad740c44eebd3a915a3df66572f238ace7fa5,0x95fe5961368664c3da8879d7542149ddf0738d82,0.1,2025-12-23T18:41:35+00:00,0x6169ce3f1a1fe43f52f1453a540c262c99f0f470beeabe9ebb35731d46f2a0e0
0x782ad740c44eebd3a915a3df66572f238ace7fa5,0xd663ce0c9f55968b42837954348eafeb5b9e5d82,0.0,2025-12-23T18:41:47+00:00,0x3b8a89566f28e3e95d4b80b7ce3e6ce48978a7ec575757b022c533e1df460cb8
0x782ad740c44eebd3a915a3df66572f238ace7fa5,0x95fe5961368664c3da8879d7542149ddf0738d82,0.1,2025-12-23T18:42:23+00:00,0x66bb0af32bf584bf1894e6d04982822149872b468cbb3a5882c5daef8c27165a
0x782ad740c44eebd3a915a3df66572f238ace7fa5,0x724f6188058697f9b4ba37280be0a91de169f5f0,0.0,2025-12-23T20:19:47+00:00,0xd3cef067bc37a9b52ebb95f11481e1551207604490912911b2a1eab37a97702f
0x782ad740c44eebd3a915a3df66572f238ace7fa5,0x95fe5961368664c3da8879d7542149ddf0738d82,0.0,2025-12-23T20:19:59+00:00,0x0670cf6f4ec5c5c91a92b3163719417ec1fa57f7f99c8b2b5b58810ed3ae7bfe
0x782ad740c44eebd3a915a3df66572f238ace7fa5,0x95fe5961368664c3da8879d7542149ddf0738d82,0.05,2025-12-24T13:15:23+00:00,0x1aa5da7e065d41d115048a0dbb39bde436c1d06f99b6a2ccafa206dfc971db5d
0x782ad740c44eebd3a915a3df66572f238ace7fa5,0x223342e18166118169bf13dff82ac93d4e00783f,0.0,2025-12-24T13:15:35+00:00,0xed173c44f86f6da0013f8e8a3a8bbbf069985ead3c63296ff85cdab3e5c31f02
0x782ad740c44eebd3a915a3df66572f238ace7fa5,0x95fe5961368664c3da8879d7542149ddf0738d82,0.1,2025-12-24T13:16:11+00:00,0x3fae30392316e2a3bb77531da281b55707f8c1226d2e5fb800170257ee46ed91
0x782ad740c44eebd3a915a3df66572f238ace7fa5,0xbf2b7abd91c93aec565e2eb2c9bb852b00edf7cc,0.0,2025-12-24T13:16:23+00:00,0x077863e484cf2ec9751ad17d180c868f8041523c58c4278326722c58779e3720
0x782ad740c44eebd3a915a3df66572f238ace7fa5,0x95fe5961368664c3da8879d7542149ddf0738d82,0.05,2025-12-24T13:31:11+00:00,0x8834ec4e794d8ddb426db0612e75b2dc112131c6855fac9ed10577f922b35d46
0x782ad740c44eebd3a915a3df66572f238ace7fa5,0x2e99eb39ac38e1213e83ee85c53531c5b046eccc,0.0,2025-12-24T13:31:23+00:00,0x6a654e70f1135a888e25765130c92f2481736a0718aeb72c90538c15457e2495
0x782ad740c44eebd3a915a3df66572f238ace7fa5,0x12970e6868f88f6557b76120662c1b3e50a646bf,0.0,2025-12-24T13:32:11+00:00,0x23651277693d0d53897857c57200310b37a65b35458dd67581a47268d3f9fcdf
0x782ad740c44eebd3a915a3df66572f238ace7fa5,0x95fe5961368664c3da8879d7542149ddf0738d82,0.0,2025-12-24T13:32:23+00:00,0x95a6aabfbd43e11801d57bb519767b4499034a27f03739799e59eb7004241771
0x782ad740c44eebd3a915a3df66572f238ace7fa5,0x95fe5961368664c3da8879d7542149ddf0738d82,0.05,2025-12-24T13:36:11+00:00,0x6fe079b55924e0e8adff71f9a7e4be9bc7db39fc4592f438cf44e4072651efb3
0x782ad740c44eebd3a915a3df66572f238ace7fa5,0x44de1c3ed0119e1b13f7a06befbf746af47ecea6,0.0,2025-12-24T13:36:23+00:00,0x2ebbd718504f0549b2f26e5f2cb00414d16f105a9452243b5407ef1258814a7b
0x782ad740c44eebd3a915a3df66572f238ace7fa5,0x95fe5961368664c3da8879d7542149ddf0738d82,0.05,2025-12-24T13:37:35+00:00,0x3a1b0082350272299c629944d66ca85eada7a027b981afd99e2be956f104c96b
0x782ad740c44eebd3a915a3df66572f238ace7fa5,0x44010973375d320be6ec899d1ff5f99871bb1a19,0.0,2025-12-24T13:37:47+00:00,0xdd052e92192019dd1f6729e910de37ec58b2d7f47073b7104fbb5763b6e94e37
0x782ad740c44eebd3a915a3df66572f238ace7fa5,0x95fe5961368664c3da8879d7542149ddf0738d82,0.05,2025-12-24T13:42:23+00:00,0x93d06beb581d6912cd448345399c1c17048d0b168209eaece5bc4b040b774cc5
0x782ad740c44eebd3a915a3df66572f238ace7fa5,0xc8e92440815ef4b6358a9f3abe85dc9e9ca8e8fb,0.0,2025-12-24T13:42:35+00:00,0x3900d0184edfb61cfe896f24383d94cd7a141e1076a211be7a532cdd3ac00bbc
0x782ad740c44eebd3a915a3df66572f238ace7fa5,0x95fe5961368664c3da8879d7542149ddf0738d82,0.03,2025-12-24T13:44:47+00:00,0x274219a078517269b691acfffdfc2993704ed228fd0287b066e0e6157abf5a51
0x782ad740c44eebd3a915a3df66572f238ace7fa5,0x783709dc72486e2cf74ee3ee3766a3e4db082e26,0.0,2025-12-24T13:44:59+00:00,0xb9da3eb1d3856b32012744cec42f7c32025a4fd461db550fd2b0fe89b84c3b3f
0x782ad740c44eebd3a915a3df66572f238ace7fa5,0x95fe5961368664c3da8879d7542149ddf0738d82,0.05,2025-12-24T13:45:11+00:00,0xd84e3dc974399d9dd9d05b339946e05578ba45680b2d92629b3141700b3f2579
0x782ad740c44eebd3a915a3df66572f238ace7fa5,0xb3c22eb9a7675fce555d826bff06544c2c4f1ded,0.0,2025-12-24T13:45:23+00:00,0x9a6991e1e43e9700c72ac2ab4df22fe69b3a2d1ba03722ad74c5c026cb1e3001
0x782ad740c44eebd3a915a3df66572f238ace7fa5,0x95fe5961368664c3da8879d7542149ddf0738d82,0.1,2025-12-24T13:46:11+00:00,0x4d4a9c1d2b704dfe8fe233086063322c400b9ce0945e9a30f29bf00b293451e5
0x782ad740c44eebd3a915a3df66572f238ace7fa5,0x95fe5961368664c3da8879d7542149ddf0738d82,0.066,2025-12-24T19:11:35+00:00,0xc7963892dca8a886414a029a19f0d11040e497c1bf7e49ae46d294780b1a94c7
0x782ad740c44eebd3a915a3df66572f238ace7fa5,0x9297a1fc603d231fe24bbb2ac8e8ff75de2c52ef,0.0,2025-12-24T19:11:47+00:00,0xbe361f42c1bd2001d71cd8b7da04230e6da43d03a44638771574540dadfbdb52
0x782ad740c44eebd3a915a3df66572f238ace7fa5,0x95fe5961368664c3da8879d7542149ddf0738d82,0.05,2025-12-25T06:06:47+00:00,0x352498408b75f7117acf5854be70f599a6cb679a4359de5923cac82c51224d3d
0x782ad740c44eebd3a915a3df66572f238ace7fa5,0x694203c34f6146cecce32ac6973abd5288062a81,0.0,2025-12-25T06:07:11+00:00,0xb144a20b98bc1cdc74e8797488e8d7f545b82aa1fdff72f38b9c0ca66cc2e591
0x782ad740c44eebd3a915a3df66572f238ace7fa5,0x95fe5961368664c3da8879d7542149ddf0738d82,0.03,2025-12-25T06:30:59+00:00,0x158f2333879228c5371bc2aac6d2f8d5ec8e0bc350c4411f05f0be9df2da4487
0x782ad740c44eebd3a915a3df66572f238ace7fa5,0x3555fff83ea9cea65533f731a8915986a197bc62,0.0,2025-12-25T06:31:11+00:00,0x516ecb24c517104910a1b75b56003cb8649420c23376d6c9ecc291f052dcd983
0x782ad740c44eebd3a915a3df66572f238ace7fa5,0x95fe5961368664c3da8879d7542149ddf0738d82,0.0,2025-12-25T14:10:23+00:00,0xac515b743fd94b8fe06cbeb199aa51ceaf96c9c128b6c7fe256870d2ecd46738
0x782ad740c44eebd3a915a3df66572f238ace7fa5,0x95fe5961368664c3da8879d7542149ddf0738d82,0.05,2025-12-25T14:20:35+00:00,0x64111cbfd9385c29d52c2a501bb2e093c839042e2f930ccd88735087b29ebcff
0x782ad740c44eebd3a915a3df66572f238ace7fa5,0x58c10ab5b6f4f165674c584c05e6ac7e1d65fc95,0.0,2025-12-25T14:20:47+00:00,0x833ba43dd49b138105f5553234bc4aa33ab352b8b8cd12a77097ad6a4ce65b26
0x782ad740c44eebd3a915a3df66572f238ace7fa5,0x95fe5961368664c3da8879d7542149ddf0738d82,0.035,2025-12-25T14:20:59+00:00,0x20bf3065178994f4106748769f22fe48d5737dd46e5006866e2480f4e5b034f2
0x782ad740c44eebd3a915a3df66572f238ace7fa5,0x95fe5961368664c3da8879d7542149ddf0738d82,0.0,2025-12-27T05:24:59+00:00,0xf0411a1ec682f2a8dd8bdc9b7ba739625636a5c10c0df1320b640e754ce70774
0x782ad740c44eebd3a915a3df66572f238ace7fa5,0x95fe5961368664c3da8879d7542149ddf0738d82,0.03,2025-12-27T05:28:35+00:00,0xcd41150523ede9baf0bbe16c50765d84fc8b7e51acba6ac560820cfe7382d03c
0x782ad740c44eebd3a915a3df66572f238ace7fa5,0x2fc3f943792cbcd3cf3ad7c10d3fb14e61263de3,0.0,2025-12-27T05:28:47+00:00,0x8513ec7eaac5a639c8f22c27170c50f47efcddde572a7ba8bcca8a769a456fc7
0x782ad740c44eebd3a915a3df66572f238ace7fa5,0x95fe5961368664c3da8879d7542149ddf0738d82,0.03,2025-12-27T07:02:11+00:00,0xa23ebd80addab3509ed262508eb1b2385d41c81f859f04d6abfb8e99e806acb8
0x782ad740c44eebd3a915a3df66572f238ace7fa5,0x95fe5961368664c3da8879d7542149ddf0738d82,0.0,2025-12-28T03:49:23+00:00,0x486736073f3958f7b512b7fd849f4e3da7122a56e7c97280ccc88cb93c666f23
0x782ad740c44eebd3a915a3df66572f238ace7fa5,0x95fe5961368664c3da8879d7542149ddf0738d82,0.0,2025-12-28T03:50:23+00:00,0x1fb69f09c8482cd4bbba100fc33d8db0789982974017e7710b5d7ff244fdb129
0x782ad740c44eebd3a915a3df66572f238ace7fa5,0x95fe5961368664c3da8879d7542149ddf0738d82,0.0,2025-12-28T03:51:59+00:00,0x9cc1d8d5d62fb4e8c7da7e3008eb1be128415674881f8fea919e33df2d7bada8
0x782ad740c44eebd3a915a3df66572f238ace7fa5,0x95fe5961368664c3da8879d7542149ddf0738d82,0.1,2025-12-28T03:54:11+00:00,0x9a988f9a98e37c73fa3af49a82aad62991d2dd31148c80fb85b6d387404664cb
0x782ad740c44eebd3a915a3df66572f238ace7fa5,0x7d3b4f8d5dd14a0c263c4bee7be434c15e188d3e,0.0,2025-12-28T03:54:35+00:00,0x7a26e8196b12c1db622cf47ce696c0d5d12cdc6a50d6e954e5f78c227f994b72
0x782ad740c44eebd3a915a3df66572f238ace7fa5,0x95fe5961368664c3da8879d7542149ddf0738d82,0.0,2025-12-28T03:55:35+00:00,0x84bbb8c6ac833f0a6509b4c7c9ecba4db04253a6d5c27b435a32a4a416c073cb
0x782ad740c44eebd3a915a3df66572f238ace7fa5,0x95fe5961368664c3da8879d7542149ddf0738d82,0.1,2025-12-28T03:58:11+00:00,0xdcbb6271bcc1be6858b5128d12fffdee7f9222b53255744fe60487c889a1e0c5
0x782ad740c44eebd3a915a3df66572f238ace7fa5,0x95fe5961368664c3da8879d7542149ddf0738d82,0.0,2025-12-28T04:01:59+00:00,0xafdeafc94a38a13a07ca76bf95752840f58651b32587fbaec5749cca8389bfef
0x782ad740c44eebd3a915a3df66572f238ace7fa5,0x95fe5961368664c3da8879d7542149ddf0738d82,0.0,2025-12-28T19:55:11+00:00,0x5446d736dc5af2c03d3ae28bdabe656eb9200e0e6e884d7f48b7d4b114f71ce4
0x782ad740c44eebd3a915a3df66572f238ace7fa5,0x95fe5961368664c3da8879d7542149ddf0738d82,0.07,2025-12-29T14:40:11+00:00,0xa851d4c308ca9ee775b67f7b4e2e6f2108d44dfc22b0bf41f48b89bfc4bf276b
0x782ad740c44eebd3a915a3df66572f238ace7fa5,0x95fe5961368664c3da8879d7542149ddf0738d82,0.1,2025-12-29T14:41:23+00:00,0x7e5bd9dd931b3a19fcc4f174c9e4e822e04d4650c6849605a79541522d8b05bc
0x782ad740c44eebd3a915a3df66572f238ace7fa5,0x95fe5961368664c3da8879d7542149ddf0738d82,0.15,2025-12-29T15:28:23+00:00,0xfc2f721145689bac9580de4c0c1da74d17a5fc9bac007e14efd00dd77db2aef4
0x782ad740c44eebd3a915a3df66572f238ace7fa5,0x69420e3a3aa9e17dea102bb3a9b3b73dcddb9528,0.0,2025-12-29T15:28:35+00:00,0xcb21d9219c27a42eabad95553dac04b59b0dd8149ca2e18f8e51a89e96d280a0
0x782ad740c44eebd3a915a3df66572f238ace7fa5,0x9f13240c95694f203a94e4670a5c5d742b318e58,0.0,2025-12-29T17:15:11+00:00,0x8d6e57779eb9aea16e80a2571e20662d2d0b3eb76f8f71ce31e0c226799029bc
0x782ad740c44eebd3a915a3df66572f238ace7fa5,0x95fe5961368664c3da8879d7542149ddf0738d82,0.0,2025-12-29T17:15:35+00:00,0x13deddd1ca5804067ce4b363ea15f8083c025310bf10e262818590c7ba740543
0x782ad740c44eebd3a915a3df66572f238ace7fa5,0x95fe5961368664c3da8879d7542149ddf0738d82,0.1,2025-12-29T18:35:23+00:00,0xd77896ecd946640f2f4bca13237c39572385351555a1e55ea22b292ef73a5813
0x782ad740c44eebd3a915a3df66572f238ace7fa5,0x95fe5961368664c3da8879d7542149ddf0738d82,0.025,2025-12-29T19:31:59+00:00,0x7f0dd7e0ca5a246e1af6f7b78faf34c9fadf97b7f104f5d35e436cf1f7b354de
0x782ad740c44eebd3a915a3df66572f238ace7fa5,0x2f7c3f3fdb8e62e1b5c15d8105ed362ac0f3ad43,0.0,2025-12-29T19:32:11+00:00,0x0d69a47253ce9cb2ef5a73857589083d628e07b9f92761886b300ef3605282dc
0x782ad740c44eebd3a915a3df66572f238ace7fa5,0x95fe5961368664c3da8879d7542149ddf0738d82,0.0,2025-12-29T19:48:35+00:00,0xe21ce03d827586351266524ee9c583616295c3d42fd677ecd73e00384fb349fa
0x782ad740c44eebd3a915a3df66572f238ace7fa5,0x95fe5961368664c3da8879d7542149ddf0738d82,0.1,2025-12-29T19:49:11+00:00,0x00b5679e592e37a77a1cd55100c36073306ba04a2611f235bcd477bab9fbed91
0x782ad740c44eebd3a915a3df66572f238ace7fa5,0x95fe5961368664c3da8879d7542149ddf0738d82,0.05,2025-12-29T19:51:35+00:00,0x837a3fed0311d8edc539ed3fc3931e018b9ba887ffefa04df880f47b48b2b99e
0x782ad740c44eebd3a915a3df66572f238ace7fa5,0x95fe5961368664c3da8879d7542149ddf0738d82,0.03,2025-12-29T19:52:35+00:00,0x0ed0253d125273225a699a60513de5900385d7ef3747275c178e378cf0ab1431
0x782ad740c44eebd3a915a3df66572f238ace7fa5,0x8c78af642a37b4b3ca4e12bc91be9dee9105686b,0.0,2025-12-29T19:52:47+00:00,0xa6c6f821b55d453395fa584ced875a21862d5531d87dc6627fb28b8561eb024d
0x28c6c06298d514db089934071355e5743bf21d60,0x782ad740c44eebd3a915a3df66572f238ace7fa5,0.9998,2025-12-29T19:54:23+00:00,0xb82be1dc718914fbb53c35d550b24dead04cfdd13bf20dc5c68127f967132353
0x782ad740c44eebd3a915a3df66572f238ace7fa5,0x95fe5961368664c3da8879d7542149ddf0738d82,0.1,2025-12-29T19:55:47+00:00,0x7551423cfcede286382087b5ecb190b393b1542250deea12e51bd3aee187e3fb
0x782ad740c44eebd3a915a3df66572f238ace7fa5,0x95fe5961368664c3da8879d7542149ddf0738d82,0.1,2025-12-29T19:56:23+00:00,0x3188ff7fcac237ced6d0860a9249848f90b3eb5fbfc0109d5cd62620bb442e7f
0x782ad740c44eebd3a915a3df66572f238ace7fa5,0xd23349b67100475ad8cfbbc30067decf10c76370,0.0,2025-12-29T19:56:35+00:00,0xbc0610f01f00ea0e49104aaa9b6a2178dc55de8e66731623dcaf82989ce5637e
0x782ad740c44eebd3a915a3df66572f238ace7fa5,0x95fe5961368664c3da8879d7542149ddf0738d82,0.05,2025-12-29T19:56:47+00:00,0x48137cfe7cbe10fc91dbf234e2f40abecf57d4930f8ff26264d292068a27a862
0x782ad740c44eebd3a915a3df66572f238ace7fa5,0x95fe5961368664c3da8879d7542149ddf0738d82,0.05,2025-12-29T19:57:35+00:00,0x2f8b215cbc04d615b73f8896ccf4849df4167d972dd644124feed7149b0ab49a
0x782ad740c44eebd3a915a3df66572f238ace7fa5,0x95fe5961368664c3da8879d7542149ddf0738d82,0.05,2025-12-29T19:57:59+00:00,0xd92c84381489ba196c0c9f502b6236caad90d5b7353a4cad2ee418d04c8c5b1b
0x782ad740c44eebd3a915a3df66572f238ace7fa5,0x95fe5961368664c3da8879d7542149ddf0738d82,0.0,2025-12-29T20:06:47+00:00,0x45c53d97487f7a4819367c1766bdf99638b6148526c80075bfc37649189b60b8
0x782ad740c44eebd3a915a3df66572f238ace7fa5,0x95fe5961368664c3da8879d7542149ddf0738d82,0.05,2025-12-29T21:12:23+00:00,0xfcb66bdf3bcf02ada9fa060f46541690dccb7cdfab31a59c705d23f18e1e22da
0x782ad740c44eebd3a915a3df66572f238ace7fa5,0x95fe5961368664c3da8879d7542149ddf0738d82,0.0,2025-12-30T06:17:35+00:00,0xd1ec963f2e18057e1e5f07f747f8a6f6e38e3c3ac6eaedfac656e0db696efbf3
0x782ad740c44eebd3a915a3df66572f238ace7fa5,0xf3dc8ec4477952b748d726460b74dd87403b3c2d,0.0,2025-12-30T06:20:35+00:00,0xf9d7313a811ef108ed672c3d97f578c9a00f8634c76f736d0d22235b4876adf1
0x782ad740c44eebd3a915a3df66572f238ace7fa5,0x95fe5961368664c3da8879d7542149ddf0738d82,0.0,2025-12-30T06:20:47+00:00,0x32901620d158062ea24cf01925011a4b49407def013f1f8b22bec983387502d2
0x782ad740c44eebd3a915a3df66572f238ace7fa5,0x95fe5961368664c3da8879d7542149ddf0738d82,0.2,2025-12-30T06:25:35+00:00,0xed684a4e1d03d9e126affcfd9982f877e7aa01c33a3de917fc8ba55b8ac35ceb
0x782ad740c44eebd3a915a3df66572f238ace7fa5,0x95fe5961368664c3da8879d7542149ddf0738d82,0.5,2025-12-30T06:26:23+00:00,0xd56be6c9122feaecf888938701d57eca3336630725cf9951fb455f9a08d81e48
0x782ad740c44eebd3a915a3df66572f238ace7fa5,0x95fe5961368664c3da8879d7542149ddf0738d82,0.1,2025-12-30T06:39:47+00:00,0x395380f6d7422b072c28c943d59716e46030c26970510e50428e37d2cbf63b86
0x782ad740c44eebd3a915a3df66572f238ace7fa5,0x95fe5961368664c3da8879d7542149ddf0738d82,0.0,2025-12-30T11:37:23+00:00,0x1b064f65d9c6ce1999c4d86bd24981ad233d58b817a14791bf341b66714dd483
0x782ad740c44eebd3a915a3df66572f238ace7fa5,0x95fe5961368664c3da8879d7542149ddf0738d82,0.1,2025-12-30T11:39:47+00:00,0x6dfa421bd878c39aea632f8dc6e375e98751bb9b0850281138bb72319aa6c9f5
0x782ad740c44eebd3a915a3df66572f238ace7fa5,0x95fe5961368664c3da8879d7542149ddf0738d82,0.03,2025-12-30T11:43:23+00:00,0x9d265e68dabbdcd5c8a562c5b84e57cc50cee627134ae93303aea054bf842c1d
0x782ad740c44eebd3a915a3df66572f238ace7fa5,0x5794b7505a6b09484cab2c8d94bc00d704e09cd9,0.0,2025-12-30T11:43:35+00:00,0xcc01fe65adfcb3d3e789cc9bdef3f91480be536ae91f7e0a435d7a3ed6765849
0x782ad740c44eebd3a915a3df66572f238ace7fa5,0x95fe5961368664c3da8879d7542149ddf0738d82,0.025,2025-12-30T11:44:11+00:00,0x5f1eacdd9f82b47f83bda17e62980c3b4ca2028bf4839dbbfd8ca82f271b6b82
0x782ad740c44eebd3a915a3df66572f238ace7fa5,0x552b2036b592cce2b5ce030193931914e04ee6dd,0.0,2025-12-30T11:44:23+00:00,0x7252767a33dcd4063ababcc255bbfed4d8ee9f5ae618017d45d495af9978f0e9
0x782ad740c44eebd3a915a3df66572f238ace7fa5,0x95fe5961368664c3da8879d7542149ddf0738d82,0.025,2025-12-30T11:45:11+00:00,0x19119ea7d51f3ccce2e3dbdc81556aa089fbbc6f9db3df971c04ff0475388985
0x782ad740c44eebd3a915a3df66572f238ace7fa5,0x95fe5961368664c3da8879d7542149ddf0738d82,0.05,2025-12-30T11:45:35+00:00,0xe8f7d9b5916d8ccc7e91c9eb7089b55e045e666fc5a8af8d6d6c8bbf39d0e5f2
0x782ad740c44eebd3a915a3df66572f238ace7fa5,0x002d088b4b5f691e09d326d5fa52dc554ac0e435,0.0,2025-12-30T11:45:47+00:00,0x3caaad23a403cff7e7878104279489dc9724a361d8e760fa126973f0d9d03264
0x782ad740c44eebd3a915a3df66572f238ace7fa5,0x95fe5961368664c3da8879d7542149ddf0738d82,0.022,2025-12-30T11:46:11+00:00,0x8fc92052ab2d7b250e83ad9e4482ef86f41fed6c41b90644e1f8539679246d29
0x782ad740c44eebd3a915a3df66572f238ace7fa5,0x8e8703910cf0c2a96ce5c6027e6bab1be82aae18,0.0,2025-12-30T11:46:23+00:00,0x1734c37533ede285dbffdd94a382c849b6834e97f8f810cd149c6206a35f68ba
0x782ad740c44eebd3a915a3df66572f238ace7fa5,0x95fe5961368664c3da8879d7542149ddf0738d82,0.0,2025-12-30T11:48:11+00:00,0x9fe822325d3a9d7836f24d766b50a0c831991c25ed6e5275a39630b9a894e761
0x782ad740c44eebd3a915a3df66572f238ace7fa5,0x95fe5961368664c3da8879d7542149ddf0738d82,0.05,2025-12-30T11:48:35+00:00,0x59ac933a8a4006504eaa65dfc923a9a083acad6d203f7287aaf8c70d36d8bb6a
0x782ad740c44eebd3a915a3df66572f238ace7fa5,0x3be2a842f32704016f6838570cafa2ca5e9349c8,0.0,2025-12-30T11:48:47+00:00,0x5fd15991f18b50c10d967ff0bd64f5a408644b891d3869699e4e8f45f4b4eb75
0x782ad740c44eebd3a915a3df66572f238ace7fa5,0x95fe5961368664c3da8879d7542149ddf0738d82,0.03,2025-12-30T11:49:23+00:00,0xad94ff0fa070a627c470d301c2b979dcb993d7a57afdbf73309b363ee720e453
0x782ad740c44eebd3a915a3df66572f238ace7fa5,0xe3a17d1d21e2019b20882886403987d92fee853c,0.0,2025-12-30T11:49:35+00:00,0x10281e0fa5ebfe9eca68bd9f091becd95607f8ce1987ef8a1ef385eaa30bc29b
0x782ad740c44eebd3a915a3df66572f238ace7fa5,0x95fe5961368664c3da8879d7542149ddf0738d82,0.0,2025-12-30T11:53:59+00:00,0x8866ec518f26bf31a5652b445c9373f4ba092184ec5b1291e44a95ba600ca1f7
0x782ad740c44eebd3a915a3df66572f238ace7fa5,0x95fe5961368664c3da8879d7542149ddf0738d82,0.05,2025-12-30T11:54:23+00:00,0x5339b16e4d5f1240a66b0fbac0cff5f8d3af7588cfe956e55e9f205c6d3337de
0x782ad740c44eebd3a915a3df66572f238ace7fa5,0x80d8ed263eb30137f7d5598c033e34252eb4d288,0.0,2025-12-30T11:54:35+00:00,0x148835331a02701466a34a96edfee39242ecc8978ae7ff6a1bb4986263f9c594
0x782ad740c44eebd3a915a3df66572f238ace7fa5,0x95fe5961368664c3da8879d7542149ddf0738d82,0.022,2025-12-30T11:55:23+00:00,0xaf21caf2a55dbdad9fec8dbf0509cb6cef9655e2afe42dbeed4a417052c97a97
0x782ad740c44eebd3a915a3df66572f238ace7fa5,0x22b82d2bac81176fca970e4b66be3eb11c8c184f,0.0,2025-12-30T11:55:35+00:00,0x0a76b9edd121420eb07c00ab2793ce38412360c8031c2692d4f1e32ce0948da6
0x782ad740c44eebd3a915a3df66572f238ace7fa5,0x95fe5961368664c3da8879d7542149ddf0738d82,0.02,2025-12-30T11:56:23+00:00,0x8122057367d8a743017c93a482f65306b01c641b5810fa45f02f2f8fa3dd4b3b
0x782ad740c44eebd3a915a3df66572f238ace7fa5,0x95fe5961368664c3da8879d7542149ddf0738d82,0.0,2025-12-30T12:33:11+00:00,0xd3b2087509bfaaad6bda05206ba98713a68471ea725da7ca7860464b26f91e67
0x782ad740c44eebd3a915a3df66572f238ace7fa5,0x95fe5961368664c3da8879d7542149ddf0738d82,0.03,2025-12-30T12:33:59+00:00,0xc8da18cce9721ddb1f52e1f5182c8495a210133e37feb5f49e294dac34ed6287
0x782ad740c44eebd3a915a3df66572f238ace7fa5,0x95fe5961368664c3da8879d7542149ddf0738d82,0.0,2025-12-30T18:21:11+00:00,0xc7c20df45cc4caff9c66cc65aeb538565b411f694bf3f8b0dca4739bc1ee2fa5
0x782ad740c44eebd3a915a3df66572f238ace7fa5,0x95fe5961368664c3da8879d7542149ddf0738d82,0.0,2025-12-31T12:18:47+00:00,0x8e509af52ca8d0f58a09076d2670a19724fe62df981f2373a2e2718e4ffe7857
0x782ad740c44eebd3a915a3df66572f238ace7fa5,0x061a1a443e3be3a679d3504e65175842da72365d,0.0,2025-12-31T12:23:11+00:00,0xb524aa65d5d0d07afa3688a0a9bef6b0cde43ee87d63f1979268a38e97ffe5a2
0x782ad740c44eebd3a915a3df66572f238ace7fa5,0x95fe5961368664c3da8879d7542149ddf0738d82,0.0,2025-12-31T12:23:23+00:00,0x56c78a5af21e6aa6cc37105c7a422724b2835f2fdef6ffd018bcd44f263a3b4a
0x782ad740c44eebd3a915a3df66572f238ace7fa5,0x95fe5961368664c3da8879d7542149ddf0738d82,0.05,2026-01-01T15:21:23+00:00,0xb6a1e2453a31ebba65e49cd0d05387b259dcf7c0b8e243ba897d1fd881fbd21e
0x782ad740c44eebd3a915a3df66572f238ace7fa5,0x9e159f0d7676030d654c5c458d6af3e39bb681e5,0.0,2026-01-01T15:21:35+00:00,0xebd0cbef0fdb6eeb7e1edbbd1becb56559a54f4e1996414ba7d1251c114399be
0x782ad740c44eebd3a915a3df66572f238ace7fa5,0x95fe5961368664c3da8879d7542149ddf0738d82,0.0,2026-01-01T15:41:47+00:00,0x696c696c768799aeb499758736f1446ffb7ec90c4a2e8bd7ba1e29bc6473e69b
0x782ad740c44eebd3a915a3df66572f238ace7fa5,0x95fe5961368664c3da8879d7542149ddf0738d82,0.5,2026-01-01T15:42:11+00:00,0xc288e43db30be3b9f6a4913e0788483f0611e8ace4a5b082edfe96c0e103070c
0x782ad740c44eebd3a915a3df66572f238ace7fa5,0x95fe5961368664c3da8879d7542149ddf0738d82,0.15,2026-01-02T17:15:23+00:00,0x8481cbdf7f68e89b1a9831d25da97e9495fd7440d733f426bf1a27b6fd03b05c
0x782ad740c44eebd3a915a3df66572f238ace7fa5,0x95fe5961368664c3da8879d7542149ddf0738d82,0.1,2026-01-02T17:17:23+00:00,0x1a190a1c05360bfec946a23702b02f6f75751e1d98aafc2bb1a700d63fae5e35
0x782ad740c44eebd3a915a3df66572f238ace7fa5,0x95fe5961368664c3da8879d7542149ddf0738d82,0.1,2026-01-02T17:27:35+00:00,0xbf3a164e98e98c89733362f4fd5c53be3e9ea541960390f58f63857dad03751f
0x782ad740c44eebd3a915a3df66572f238ace7fa5,0x66bff695f3b16a824869a8018a3a6e3685241269,0.0,2026-01-02T17:27:47+00:00,0xcbd4ef58c800ec4da1dede30107cc6f2b2fd16bafe37c4ba87c734f7ebf82363
0x782ad740c44eebd3a915a3df66572f238ace7fa5,0x95fe5961368664c3da8879d7542149ddf0738d82,0.08,2026-01-02T17:29:23+00:00,0xda05a3f703ec6a3aa099be170736ea3a07dbd52a757d8c0736e34f30cda5f6a9
0x782ad740c44eebd3a915a3df66572f238ace7fa5,0xeef2440a407879a2fcb13eb42c4c884c1ddce04b,0.0,2026-01-02T17:29:35+00:00,0x3661e60b7b640f526a3335a88f25b88d59dc702ed2f2d7f4facdb070efffdb49
0x782ad740c44eebd3a915a3df66572f238ace7fa5,0x95fe5961368664c3da8879d7542149ddf0738d82,0.03,2026-01-02T17:52:35+00:00,0x6a44fdf0aeb5313596115760fb23ffe9ffb803a453e4a91aa4752d0eaf8b97b8
0x782ad740c44eebd3a915a3df66572f238ace7fa5,0xc9ffee806a0c2627a761daa7cfce516158d3d0a3,0.0,2026-01-02T17:52:47+00:00,0xa43ba7b8632ab647e7be813ea8a9ae5153e1a5450f8d374b02290d7ecf2ee09c
0x782ad740c44eebd3a915a3df66572f238ace7fa5,0x95fe5961368664c3da8879d7542149ddf0738d82,0.0,2026-01-02T17:54:47+00:00,0x960fa77803876863d68bef5e72232afbd28b143a62fdc786f6cfde5e6f581e4d
0x782ad740c44eebd3a915a3df66572f238ace7fa5,0x95fe5961368664c3da8879d7542149ddf0738d82,0.08,2026-01-02T17:55:59+00:00,0xe6759127b18720b574a22a28d0eb1b10c7b1954923daba133dbbe431f13b7c17
0x782ad740c44eebd3a915a3df66572f238ace7fa5,0x6942806d1b2d5886d95ce2f04314ece8eb825833,0.0,2026-01-02T17:56:11+00:00,0xce0d4604f6f5b40aff5ad73517e46345b38c0881913097badfa89e8fdb61f225
0x782ad740c44eebd3a915a3df66572f238ace7fa5,0x95fe5961368664c3da8879d7542149ddf0738d82,0.0,2026-01-02T20:05:23+00:00,0xf2f1a0a7ad19891c52ab9b74803aa65a2c3ac60e1a10655f6f8165345c89b253
0x782ad740c44eebd3a915a3df66572f238ace7fa5,0x95fe5961368664c3da8879d7542149ddf0738d82,0.05,2026-01-03T03:14:23+00:00,0xaa07db387ebe42e29dbccc98a0295b699fd3a75612fa9dea761e6a0988b3af79
0x782ad740c44eebd3a915a3df66572f238ace7fa5,0xc305d102d03a2567e7a457ff89f273cf227c6a9c,0.0,2026-01-03T03:14:35+00:00,0xeff97ef45199951cff23a606f7c066099dd2c533149cba744e077b41c3d3ed4d
0x782ad740c44eebd3a915a3df66572f238ace7fa5,0x26132b6866f7071ff3a38d143d7d7080c7029daf,0.0,2026-01-03T03:19:11+00:00,0x212cea446834d4617c04c1e8022d5100ad94202e0f853988cbdc7564afb2dce4
0x782ad740c44eebd3a915a3df66572f238ace7fa5,0x95fe5961368664c3da8879d7542149ddf0738d82,0.0,2026-01-03T03:19:23+00:00,0x01de34b564afbb4109a7151dced95b1f64de3188fe29889b95690e37845d2b33
0x782ad740c44eebd3a915a3df66572f238ace7fa5,0x95fe5961368664c3da8879d7542149ddf0738d82,0.1,2026-01-03T03:36:47+00:00,0xc4b746ae8fc2a86cad7d1f8b0b25e0975b5f4a604b156106afc6fa67455ab04f
0x782ad740c44eebd3a915a3df66572f238ace7fa5,0x69e15ab0fd240de689d09e4851181a6667968008,0.0,2026-01-03T03:36:59+00:00,0x7fc06629ee0a490968e657e17de5a45b7c3412ac6ee1cd35da924630161bd8a0
0x782ad740c44eebd3a915a3df66572f238ace7fa5,0x95fe5961368664c3da8879d7542149ddf0738d82,0.03,2026-01-03T03:43:11+00:00,0xc3a66568be659c17450d05ce066e9ca7996c71ed2ebd0bb938d3c4e70e9e1df1
0x782ad740c44eebd3a915a3df66572f238ace7fa5,0xb572f76f4e8eb4244ff985e4725ce3253376bf34,0.0,2026-01-03T03:43:35+00:00,0x28c849f8c20dcad19eaa50431c6c15b9a81019d561a17326f6af28a77a3611b9
0x782ad740c44eebd3a915a3df66572f238ace7fa5,0x95fe5961368664c3da8879d7542149ddf0738d82,0.0,2026-01-03T17:30:23+00:00,0x385a5f381c94b00a0cddc2464a8b60b047c6b0bc5f76083416d5e09c69e9dfa9
0x782ad740c44eebd3a915a3df66572f238ace7fa5,0x95fe5961368664c3da8879d7542149ddf0738d82,0.03,2026-01-03T17:30:35+00:00,0x2c1667a4691f69aff9d53fdaa80d0d12043e48a28d3fa69d4ee5f70c3baa8027
0x782ad740c44eebd3a915a3df66572f238ace7fa5,0xc5f009304154c2bec18596693e51e45452e2b806,0.0,2026-01-03T17:30:47+00:00,0xeb2435c54c03c1fcec5e598b3caf951218641cedbf095184dadc59807b32bc8d
0x782ad740c44eebd3a915a3df66572f238ace7fa5,0x95fe5961368664c3da8879d7542149ddf0738d82,0.0,2026-01-04T07:28:47+00:00,0x4e9512ab7a16c6e15a512822a125b8f0b417bc5668f2e27054085c40c279d199
0x782ad740c44eebd3a915a3df66572f238ace7fa5,0x95fe5961368664c3da8879d7542149ddf0738d82,0.08,2026-01-04T08:28:11+00:00,0x45cd61d44cfdf710b6b0170506c8d78225f87ab20a0465177898a550a8be9a71
0x782ad740c44eebd3a915a3df66572f238ace7fa5,0x95fe5961368664c3da8879d7542149ddf0738d82,0.0,2026-01-04T08:29:23+00:00,0x40e4daccd83402bc46bda560ecdd60a626832c482755382a3deb028b40ac4a29
0x782ad740c44eebd3a915a3df66572f238ace7fa5,0x95fe5961368664c3da8879d7542149ddf0738d82,0.1,2026-01-04T08:29:35+00:00,0x5f8365b6233410c16ad88a86e234e12e4431736bc802ad69c5c0b13357156ab7
0x782ad740c44eebd3a915a3df66572f238ace7fa5,0x53136755d9416f6c8eca5acb84d59c4da6bbbce0,0.0,2026-01-04T08:29:47+00:00,0x4f094e6df6ccad226271643fa51dd320b3d6b7c48ad71330067d1cdbd9252de7
0x782ad740c44eebd3a915a3df66572f238ace7fa5,0x95fe5961368664c3da8879d7542149ddf0738d82,0.1,2026-01-04T08:30:59+00:00,0x2ca34bb67c431c49367cae11e08c16cd3c579d4ee5309c00c58a75806e61f0c6
0x782ad740c44eebd3a915a3df66572f238ace7fa5,0x95fe5961368664c3da8879d7542149ddf0738d82,0.0,2026-01-04T08:32:23+00:00,0x2580b994c5e9eba33d3264060b01d685f7d9f76a5709c2f00f2e4ba43779b5ee
0x782ad740c44eebd3a915a3df66572f238ace7fa5,0x95fe5961368664c3da8879d7542149ddf0738d82,0.08,2026-01-04T08:32:47+00:00,0x9cde231ac21cda3158e66ffaf10f1952f62dce912bc4d2710bf40fc666f6a847
0x782ad740c44eebd3a915a3df66572f238ace7fa5,0x95fe5961368664c3da8879d7542149ddf0738d82,0.05,2026-01-04T08:33:35+00:00,0xf3ea696fa725e315e77fd8049c37db72e93c42f3fe7e686de3f29318eea2f4b0
0x782ad740c44eebd3a915a3df66572f238ace7fa5,0xf14dd7b286ce197019cba54b189d2b883e70f761,0.0,2026-01-04T08:33:47+00:00,0x4c397e94ac4373ce95ec62b4ede8d472baa9456d011b9c99126c4b893d8dd8ea
0x782ad740c44eebd3a915a3df66572f238ace7fa5,0x95fe5961368664c3da8879d7542149ddf0738d82,0.05,2026-01-04T08:34:23+00:00,0x9c7c4b4acc4f09dd54fd93281691cefe0b22a12870f598e63cbb08445e938ab6
0x782ad740c44eebd3a915a3df66572f238ace7fa5,0x95fe5961368664c3da8879d7542149ddf0738d82,0.05,2026-01-04T08:36:11+00:00,0xfa06a407bc7c3d6d305a1eaddd4f73ec9623c88bd54a72e46f0aa48444fa6214
0x782ad740c44eebd3a915a3df66572f238ace7fa5,0x69ee720c120ec7c9c52a625c04414459b3185f23,0.0,2026-01-04T08:36:23+00:00,0x0d1911c7c1c70d34ddd5f9a00551302286712fcc45cdacc8df6ff40dd7486cd9
0x782ad740c44eebd3a915a3df66572f238ace7fa5,0xb131bdc20e102d0ff0046abfdd9e9b491f1daab4,0.0,2026-01-04T08:42:23+00:00,0xaccb6063fa09e8bdaec952311e50841a502efafcdf088c6da1adb95eb54cefb9
0x782ad740c44eebd3a915a3df66572f238ace7fa5,0x95fe5961368664c3da8879d7542149ddf0738d82,0.0,2026-01-04T08:42:35+00:00,0xeb1a4f0b43948841808a3ffb0c41d714abb83065fc8985eeb6ec5d81ae5912ea
0x782ad740c44eebd3a915a3df66572f238ace7fa5,0x95fe5961368664c3da8879d7542149ddf0738d82,0.1,2026-01-04T08:42:47+00:00,0xda7018a33ca7fb71350608a0d0faa1495403eb93998c98287bf71279e4f9f78c
0x782ad740c44eebd3a915a3df66572f238ace7fa5,0xf10da48d4aaa8d784c5e369cb998e263cfe32aa8,0.0,2026-01-04T08:42:59+00:00,0x1883a1b56215b6eeaab37fd090a7d06c9945e1c381a618f97add2596889805fa
0xdfd5293d8e347dfe59e90efd55b2956a1343963d,0x782ad740c44eebd3a915a3df66572f238ace7fa5,0.4998,2026-01-04T09:06:35+00:00,0x032a87e3659c11e6d339d5d68071f8a85049de96d79afb56b15e0408a714cd3d
0x782ad740c44eebd3a915a3df66572f238ace7fa5,0x95fe5961368664c3da8879d7542149ddf0738d82,0.1,2026-01-04T09:07:47+00:00,0x9c139b929cf99de5d87c30aeeb91430a831c18498b5bb743a4b92418665fe301
0x782ad740c44eebd3a915a3df66572f238ace7fa5,0x95fe5961368664c3da8879d7542149ddf0738d82,0.1,2026-01-04T09:07:59+00:00,0x758b4d8920643deed9f6612f98573120bc2cbc2b882ce07fba12e7ffc5c10edc
0x782ad740c44eebd3a915a3df66572f238ace7fa5,0x95fe5961368664c3da8879d7542149ddf0738d82,0.1,2026-01-04T09:09:35+00:00,0xfc072e1dd4abdd7460724a8444b301fdf2b4f7d3b1ad02fd49799961d42780fc
0x782ad740c44eebd3a915a3df66572f238ace7fa5,0x95fe5961368664c3da8879d7542149ddf0738d82,0.05,2026-01-04T09:14:35+00:00,0x19c489346982818eed1bb666c8f2ea45fc6431be459cc772fa7b29acc27a82ea
0x782ad740c44eebd3a915a3df66572f238ace7fa5,0x95fe5961368664c3da8879d7542149ddf0738d82,0.077,2026-01-04T09:16:59+00:00,0x4cc551af0c2e31666afd1bc2ab1adfe74ca31481d6a8704b89505e0ef8b9d618
0x782ad740c44eebd3a915a3df66572f238ace7fa5,0xa555256a5eca2025f10c0b89473f30eb31844f49,0.0,2026-01-04T09:17:11+00:00,0xa5dbad81833126c03f2a81d030fae3745a774d128b210518078cf85aee8e1068
0x782ad740c44eebd3a915a3df66572f238ace7fa5,0x95fe5961368664c3da8879d7542149ddf0738d82,0.1,2026-01-04T09:23:47+00:00,0xc2fa1c320e242b7d0dac9cce662be5df9fe96ee208b40f74b9988f605a8bebf8
0x782ad740c44eebd3a915a3df66572f238ace7fa5,0x6905f6a8e6445f57da1af16a6b1986d84a1f5fc9,0.0,2026-01-04T09:24:11+00:00,0x6b48755535efde4a1a55fa7d4001355478ea5a831efc26e249157cc150c26cb7
0x9696f59e4d72e237be84ffd425dcad154bf96976,0x782ad740c44eebd3a915a3df66572f238ace7fa5,0.4998,2026-01-04T09:36:47+00:00,0x11fd824f0fb30619802eb55c44c15a8ad497bf0de231968196e26f0ab5fe4114
0x782ad740c44eebd3a915a3df66572f238ace7fa5,0x95fe5961368664c3da8879d7542149ddf0738d82,0.5,2026-01-04T09:37:11+00:00,0x6f2d0e08466dba6d7390100ef21508f318a01f666053c44b4d08c9c328743d64
0x782ad740c44eebd3a915a3df66572f238ace7fa5,0x0305f515fa978cf87226cf8a9776d25bcfb2cc0b,0.0,2026-01-04T09:37:23+00:00,0x0fc7e32dbca3d4d34b11102c4781716dbdeacf4f2e065a0c3aa29af4aa4ee7c7
0x782ad740c44eebd3a915a3df66572f238ace7fa5,0x95fe5961368664c3da8879d7542149ddf0738d82,0.0,2026-01-04T17:47:11+00:00,0x852953ed6dcb67f20d136c31ab3354635e5eea545acb4544607df4a847c13613
0x782ad740c44eebd3a915a3df66572f238ace7fa5,0x95fe5961368664c3da8879d7542149ddf0738d82,0.0,2026-01-04T17:47:59+00:00,0x6dba2d6f15d75bfa5df8dd8a7ef2e5ce447174ec0f24aea41e3f2d9f8d9d773d
0x782ad740c44eebd3a915a3df66572f238ace7fa5,0x3d219a8b232d0579f4a731c637331c8083c1c381,0.0,2026-01-04T17:49:35+00:00,0x2eb756b2d827c71f2c2d78b290cb5e0d16a776aa3e2d3e5de8e4f19dc7caf867
0x782ad740c44eebd3a915a3df66572f238ace7fa5,0x95fe5961368664c3da8879d7542149ddf0738d82,0.0,2026-01-04T17:49:47+00:00,0x36bc799bd79fcf3e904043b8df96cde494f8115d4b408a247f13cc6c7f7d648c
0x782ad740c44eebd3a915a3df66572f238ace7fa5,0x95fe5961368664c3da8879d7542149ddf0738d82,0.09,2026-01-04T17:50:11+00:00,0x1622491b481ca257818d1c22a19e45bc002cb02aae65a4f548e19fec9f728def
0x782ad740c44eebd3a915a3df66572f238ace7fa5,0x58128c9e1bb31d8c39162ae6521698ca52cd3f24,0.0,2026-01-04T17:50:23+00:00,0x0b43409d91e825c0df317a400e63879e392ae742ebd3f49503e07792029b8374
0x782ad740c44eebd3a915a3df66572f238ace7fa5,0x95fe5961368664c3da8879d7542149ddf0738d82,0.0,2026-01-05T10:15:11+00:00,0x97dfd290fb56d728e726c9e1072923857c001e1aa74126a491a1b11e89e2344d
0x782ad740c44eebd3a915a3df66572f238ace7fa5,0x95fe5961368664c3da8879d7542149ddf0738d82,0.03,2026-01-05T16:28:47+00:00,0xc4c1fd67c52cc45f19ac087001d48fcb24a220c0d7868a118ff909ddc5aeb358
0x782ad740c44eebd3a915a3df66572f238ace7fa5,0x4fd748b79146b5fda980463aba1a2836708cc00a,0.0,2026-01-05T16:28:59+00:00,0x8c92ad7d6a96673827a7323060832a53fcfbd8cc75dbe77bdce4685ffbb4b883
0x782ad740c44eebd3a915a3df66572f238ace7fa5,0x95fe5961368664c3da8879d7542149ddf0738d82,0.0,2026-01-06T05:46:11+00:00,0xc5c972ddedbc5d7a2c6060a24d9c4796d6e0fe751e43617dea338c21a2cf7c9e
0x782ad740c44eebd3a915a3df66572f238ace7fa5,0x95fe5961368664c3da8879d7542149ddf0738d82,0.05,2026-01-06T05:46:23+00:00,0x370915cf38c0c9b8f16efcd6e8d7a0e13d6b143114a70e8374c4d8c1bdc53d39
0x782ad740c44eebd3a915a3df66572f238ace7fa5,0x95fe5961368664c3da8879d7542149ddf0738d82,0.4,2026-01-06T05:46:59+00:00,0x8127e6caec8b41d6254f83b3e33fb34b0327db3818a8dc7d64db2540a088fd83
0x782ad740c44eebd3a915a3df66572f238ace7fa5,0x95fe5961368664c3da8879d7542149ddf0738d82,0.0,2026-01-06T07:29:59+00:00,0x8091194c0f8c55520cb304d9e199a7664c3f8c0ab5d76a1da62a5f73e3e6dcf5
0x782ad740c44eebd3a915a3df66572f238ace7fa5,0x95fe5961368664c3da8879d7542149ddf0738d82,0.1,2026-01-06T07:30:23+00:00,0x8afbe746dc9dc5975de247fd0729fc90f1c9da6ffac5a4fcdeb8607d0719c382
0x782ad740c44eebd3a915a3df66572f238ace7fa5,0xb7734cc6122f847d801147204049279132aab239,0.0,2026-01-06T07:30:47+00:00,0x980ab279bda39cf7195880f36538452504321ee3413a4db5e42884c9de5e0dfb
0x782ad740c44eebd3a915a3df66572f238ace7fa5,0x95fe5961368664c3da8879d7542149ddf0738d82,0.08,2026-01-06T08:34:11+00:00,0x8cb067aee700a4fd8eea543e3e3b25e67e82d9d6784232d54befdac7b15aa81b
0x782ad740c44eebd3a915a3df66572f238ace7fa5,0xd69acaff137ff37cb6809116ad1d2892f8d29077,0.0,2026-01-06T08:34:23+00:00,0x476ca91c159b2fd4a62b4da584ae9c508328e031ca29937fa56704004f51c4dc
0x782ad740c44eebd3a915a3df66572f238ace7fa5,0x95fe5961368664c3da8879d7542149ddf0738d82,0.08,2026-01-06T08:36:35+00:00,0xa6913cf0986cfa31acd762402ac0bb94b80edfc02d7343b613db78bc017eaf6d
0x782ad740c44eebd3a915a3df66572f238ace7fa5,0x2a7e415c169ce3a580c6f374dc26f6aaad1eccfe,0.0,2026-01-06T08:36:47+00:00,0x1cc1b2309d4808a1187ca49b151ff741fbb60afcbeee1caaf0869190c6c3c27d
0x782ad740c44eebd3a915a3df66572f238ace7fa5,0x95fe5961368664c3da8879d7542149ddf0738d82,0.0,2026-01-06T08:44:47+00:00,0x0db2e94d085af627d48eabf378a57c745d2d6fe904dbdf7dbeb302d532fdb50b
0x782ad740c44eebd3a915a3df66572f238ace7fa5,0x95fe5961368664c3da8879d7542149ddf0738d82,0.08,2026-01-06T08:46:35+00:00,0xa00d72bd02834e14b65d78aa3bd8c5721fd09196e9cbad45c49e3f71bdd8cdf3
0x782ad740c44eebd3a915a3df66572f238ace7fa5,0x26ee9f83c61193ea6b636001b1550cd0edf6ebad,0.0,2026-01-06T08:46:59+00:00,0xd8048cd08d5a9cde7ad3239da70aa4c59fc6282568a5deb84e11570c24925c99
0x782ad740c44eebd3a915a3df66572f238ace7fa5,0x95fe5961368664c3da8879d7542149ddf0738d82,0.0,2026-01-06T08:47:59+00:00,0x11442ecf1b84005ef85de468bfe411221cd1919f5d1b407ff474736ddd771815
0x782ad740c44eebd3a915a3df66572f238ace7fa5,0x95fe5961368664c3da8879d7542149ddf0738d82,0.1,2026-01-06T08:48:35+00:00,0xe3828dc6a443a39d4ab78b3ae3aa4ab006d58783041b29f6769337ac7cd2bfcb
0x782ad740c44eebd3a915a3df66572f238ace7fa5,0x28c5d11436cf68fb0e7b21bb0c570f9ec62199a1,0.0,2026-01-06T08:48:47+00:00,0x61ae639d8d370a3524bb358875463940394da5b68173b794f4114ddd76968413
0x782ad740c44eebd3a915a3df66572f238ace7fa5,0x95fe5961368664c3da8879d7542149ddf0738d82,0.0,2026-01-06T15:18:35+00:00,0xad288844fb1f4c7ae79bf6408de2d3d35a657c056b83cab340d9f1d1ddcafd9d
0x782ad740c44eebd3a915a3df66572f238ace7fa5,0x95fe5961368664c3da8879d7542149ddf0738d82,0.0,2026-01-06T18:00:59+00:00,0x8fe292f3c59758a1f27a91e86b623489ad53d31dd0b8c34da7ebc79a7e6a85ae
0x782ad740c44eebd3a915a3df66572f238ace7fa5,0x95fe5961368664c3da8879d7542149ddf0738d82,0.0,2026-01-07T05:16:11+00:00,0xcb842cb82dbcb325b1a6e44259b750465cbabd427c935464c54c364cbd91edb0
0x782ad740c44eebd3a915a3df66572f238ace7fa5,0x95fe5961368664c3da8879d7542149ddf0738d82,0.0,2026-01-07T06:43:35+00:00,0x0dba741034fff8cb59bcdda3075b1fe45110325f9dfa81122b5cbd537a4d8899
0x782ad740c44eebd3a915a3df66572f238ace7fa5,0x95fe5961368664c3da8879d7542149ddf0738d82,0.0,2026-01-07T08:46:59+00:00,0xfbbd0b272203a6ce70cddb854afb6cfaf0db5cbbba6c5a5e59265901c2fcb4e7
0x782ad740c44eebd3a915a3df66572f238ace7fa5,0x95fe5961368664c3da8879d7542149ddf0738d82,0.1,2026-01-07T13:20:23+00:00,0x41e1a4966998c4bd542d1625aa71e50ca3ccd3473f80a1f6c8e818752a7b508f
0x782ad740c44eebd3a915a3df66572f238ace7fa5,0x381491960c37b65862819ced0e35385f04b2c78b,0.0,2026-01-07T13:20:35+00:00,0xc17888f34827140e2d94fbfb8c94e11466c1519caaae9505c5882d30604f8f7c
0x782ad740c44eebd3a915a3df66572f238ace7fa5,0x95fe5961368664c3da8879d7542149ddf0738d82,0.1,2026-01-07T13:38:59+00:00,0xb085fde6d567df9a46346a29515aabc25861b167478f5a2970e0954894924671
0x782ad740c44eebd3a915a3df66572f238ace7fa5,0xa045fe936e26e1e1e1fb27c1f2ae3643acde0171,0.0,2026-01-07T13:39:11+00:00,0x99772635cc474217e0b490c6a23b9433adf69d4ba4f8a6c5b4d30327331371bf
0x782ad740c44eebd3a915a3df66572f238ace7fa5,0x95fe5961368664c3da8879d7542149ddf0738d82,0.1,2026-01-07T13:44:11+00:00,0x0c3e4efc506809d499e7f43ff8347ab3b3efa2bc5dfb544697f7ae4c8f889095
0x782ad740c44eebd3a915a3df66572f238ace7fa5,0x9c2c6ac75c8a0b93fd8372fa262eca25784e27bb,0.0,2026-01-07T13:44:23+00:00,0x49536afc83794821a8e6632f1e1c5c9a574abcaeea5d1f2453074219600618d1
0x782ad740c44eebd3a915a3df66572f238ace7fa5,0x95fe5961368664c3da8879d7542149ddf0738d82,0.05,2026-01-07T13:47:23+00:00,0xba70bb82af4280ff899c1d5df52d26597100aa981e1559c0f48c245b94a32470
0x782ad740c44eebd3a915a3df66572f238ace7fa5,0x60f8df6b2ae5ff84b749b2cebcc4ccd3297625db,0.0,2026-01-07T13:47:35+00:00,0xa4b14d78f3a76d24992eb3b6c41587906fbec49426cdd1a68fecde600c2db59e
0x782ad740c44eebd3a915a3df66572f238ace7fa5,0x95fe5961368664c3da8879d7542149ddf0738d82,0.1,2026-01-07T13:51:11+00:00,0x08c17e2269c9feacba9d77347e4a18e32c689ae2452d8cd4fdb883a565f53be5
0x782ad740c44eebd3a915a3df66572f238ace7fa5,0x8c5d66c9436633c5a993990d744ea2e0441b1586,0.0,2026-01-07T13:51:23+00:00,0x213e52fc0a18046ffa854809d92b632ce2e2b7e648d4391766a24ce72c8e7cc8
0x782ad740c44eebd3a915a3df66572f238ace7fa5,0x95fe5961368664c3da8879d7542149ddf0738d82,0.05,2026-01-07T13:53:11+00:00,0x1fbf2adfba5d61fc297410a0e740d356c986778f1fb548ff79e4e5d8cf030307
0x782ad740c44eebd3a915a3df66572f238ace7fa5,0xeb807ac0071d41a2f06766c631e7dcb42be41651,0.0,2026-01-07T13:53:23+00:00,0x4f446f409064ea3172368ae1552cedb3673e6fd9c96db488275566d8566a753c
0x782ad740c44eebd3a915a3df66572f238ace7fa5,0x95fe5961368664c3da8879d7542149ddf0738d82,0.1,2026-01-07T13:54:47+00:00,0x8c8789156436f9ac6d98228691a3fd1e6782eb9c79be07feb25264028ec59b31
0x782ad740c44eebd3a915a3df66572f238ace7fa5,0x83b6d125edf13e52ffdbea69956be901b252c2a6,0.0,2026-01-07T13:54:59+00:00,0x1670cebb750f14f71a1fad2e87f6279305ae4dc3969e02f72e3d4320863794a4
0x782ad740c44eebd3a915a3df66572f238ace7fa5,0x95fe5961368664c3da8879d7542149ddf0738d82,0.0,2026-01-07T14:11:47+00:00,0xa2ff07cadba056ec06d9414be524fd73c98b0a3028d6f9ddceca6c295f98497d
0x782ad740c44eebd3a915a3df66572f238ace7fa5,0x95fe5961368664c3da8879d7542149ddf0738d82,0.1,2026-01-07T14:22:11+00:00,0xf2a1d03e37c62dd6310da90668963116db3a481652d7062e04833e686e8c9d1d
0x782ad740c44eebd3a915a3df66572f238ace7fa5,0xe588f65a8426ee9894b88d936ec56a5da5ab2cc2,0.0,2026-01-07T14:22:23+00:00,0xcf80ae8811dcf5464e8cf6922268373b5179a277a9896f90e4e227dc6a27f83f
0x782ad740c44eebd3a915a3df66572f238ace7fa5,0x95fe5961368664c3da8879d7542149ddf0738d82,0.0,2026-01-09T08:47:23+00:00,0x42fa8322151364574925459d884469eb58f0695207a358a4095f3dee7669a554
0x782ad740c44eebd3a915a3df66572f238ace7fa5,0x95fe5961368664c3da8879d7542149ddf0738d82,0.05,2026-01-09T14:35:23+00:00,0x744e176f75abef46e33df5e57a890d2aac2db3ef27c7ee148ec04d853311712d
0x782ad740c44eebd3a915a3df66572f238ace7fa5,0x85bea4ee627b795a79583fcede229e198aa57055,0.0,2026-01-09T14:35:47+00:00,0x6c54019341fcca2d92cf66ba0032c584a9c2bd5eb8cebb5c5a4e9dc93557863e
0x782ad740c44eebd3a915a3df66572f238ace7fa5,0x95fe5961368664c3da8879d7542149ddf0738d82,0.0,2026-01-09T18:47:35+00:00,0x29ed0c0c06bac8d13771050d3221809b50fc142f2851b0f375d0ed007b390ce1
0x782ad740c44eebd3a915a3df66572f238ace7fa5,0x95fe5961368664c3da8879d7542149ddf0738d82,0.03,2026-01-10T04:11:47+00:00,0x21e058862fb66144e31eda914648c57486be185f2031538e1a6f998907b15b0a
0x782ad740c44eebd3a915a3df66572f238ace7fa5,0x427ebe76c577719cbf117b873a08581c42ab7c8e,0.0,2026-01-10T04:11:59+00:00,0x3ed3e585db1b9f9a7b227675a83093a6afdca05035e36dbcb7b9ed1c8160a9c4
0x782ad740c44eebd3a915a3df66572f238ace7fa5,0x95fe5961368664c3da8879d7542149ddf0738d82,0.045,2026-01-10T04:13:23+00:00,0x207dbdbf956d358c8ec333c9d69392e1cb9aa8175000703cec4b1a0de9db572b
0x782ad740c44eebd3a915a3df66572f238ace7fa5,0x51b9b9128472988149f249693e47203ed22015d8,0.0,2026-01-10T04:13:35+00:00,0xb264ef98334312267849852b5fae67e4030c29ef98bf565bafc851805a66a596
0x782ad740c44eebd3a915a3df66572f238ace7fa5,0x95fe5961368664c3da8879d7542149ddf0738d82,0.0,2026-01-10T04:16:11+00:00,0x8b8cf7ec89504bd420692a4dd54de694f4a6a5f8dd32b4858ca4a150ca57cd1b
0x782ad740c44eebd3a915a3df66572f238ace7fa5,0x95fe5961368664c3da8879d7542149ddf0738d82,0.03,2026-01-10T04:16:35+00:00,0x145a412063446aa51142a1829edbaf126727003806405bb1672950cab54a584b
0x782ad740c44eebd3a915a3df66572f238ace7fa5,0xd1f260aad1a006e55d784c53e96ddbe87844ca82,0.0,2026-01-10T04:17:11+00:00,0x81c5eff0bc77a5ff77085774c235a2c8360d8c4cea71d2fd27f85e41156d3824
0x782ad740c44eebd3a915a3df66572f238ace7fa5,0x95fe5961368664c3da8879d7542149ddf0738d82,0.03,2026-01-10T04:18:23+00:00,0xc7d40a2852d0fd0aba20337df8b61ce72a9a41e1626584f961b8549e736aec46
0x782ad740c44eebd3a915a3df66572f238ace7fa5,0x95fe5961368664c3da8879d7542149ddf0738d82,0.03,2026-01-10T04:18:47+00:00,0x781825566751c22d2980491245b9dcd545caa76b395e67a395b846257844aa7c
0x782ad740c44eebd3a915a3df66572f238ace7fa5,0x5c7c0a2670a8ece2f464db4de65dd4e5d2cd11db,0.0,2026-01-10T04:18:59+00:00,0x44598093f978e1c0a66f2e6b6d53777b51aa055856d5902001ebe9c356709d96
0x782ad740c44eebd3a915a3df66572f238ace7fa5,0x95fe5961368664c3da8879d7542149ddf0738d82,0.0,2026-01-10T04:31:59+00:00,0xbef6f3395687c221c91ad9a8dbbac0861e7c23057d81d1e81b0fcd09bac5b62a
0x782ad740c44eebd3a915a3df66572f238ace7fa5,0x95fe5961368664c3da8879d7542149ddf0738d82,0.03,2026-01-10T04:34:23+00:00,0x48e87a402fe4eea1d12aa9d3c5a38629e134bfc63b903c5903de96a38fa6ae92
0x782ad740c44eebd3a915a3df66572f238ace7fa5,0x172c2427f70db739f2a9bbebe8f205168968eb88,0.0,2026-01-10T04:34:35+00:00,0xeeca32a626e32bae3a10f06bfb47639e4a4f02753a9a21b7e352cf4631c8149d
0x782ad740c44eebd3a915a3df66572f238ace7fa5,0x95fe5961368664c3da8879d7542149ddf0738d82,0.018,2026-01-10T05:09:35+00:00,0xb5af49840250523d9c37616e447407dd34ee922939b55e3f39e6a68127350c2a
0x782ad740c44eebd3a915a3df66572f238ace7fa5,0xddc1f18958e3df0485a844d7a255650d3c16f9d2,0.0,2026-01-10T05:09:47+00:00,0x7f7e4ca5828fc1fc2aadbf7b261c836ec80a49ca9261862526012a1d6caa1bf3
0x782ad740c44eebd3a915a3df66572f238ace7fa5,0x95fe5961368664c3da8879d7542149ddf0738d82,0.0,2026-01-10T06:05:35+00:00,0x8c9ca3f08ee28fefbd7c06f9d6daef551b2447ab9b9f990fb708594ace6409a8
0x782ad740c44eebd3a915a3df66572f238ace7fa5,0x95fe5961368664c3da8879d7542149ddf0738d82,0.045,2026-01-10T06:46:11+00:00,0xaaaf2d77201917dc489f2fc5e0f993cafd2c310286f1a622096143fefd59b20e
0x782ad740c44eebd3a915a3df66572f238ace7fa5,0x95fe5961368664c3da8879d7542149ddf0738d82,0.0,2026-01-10T13:08:11+00:00,0xe02a9cd1b6cc3d2c8634a34731d1a1bd4076bea8bb642d2cc8bff58640d51496
0x782ad740c44eebd3a915a3df66572f238ace7fa5,0x95fe5961368664c3da8879d7542149ddf0738d82,0.05,2026-01-10T17:29:23+00:00,0xe54eeb4205b02d3ca50c3ab064fc561f5d355fd38b44032e6a0a6cc4a8ca48a8
0x782ad740c44eebd3a915a3df66572f238ace7fa5,0x696c911047fa483181c107c75272477b3b5049b9,0.0,2026-01-10T17:29:35+00:00,0x74d0f6f5df231c652516de5c934b962cfd65ccaa76f4e6b9985b96d0c36a892a
0x782ad740c44eebd3a915a3df66572f238ace7fa5,0x756ab68c9abda470e16b88069befaa1f28b49e52,0.0,2026-01-11T05:02:23+00:00,0xdb5802d9518de5905b8c31661957ea9cb1d25a159be3ca502bb75864e2308596
0x782ad740c44eebd3a915a3df66572f238ace7fa5,0x95fe5961368664c3da8879d7542149ddf0738d82,0.0,2026-01-11T05:02:35+00:00,0xc8899d0cdbf9ecbd0c689e4af44276d23b0a4ee7b418f883b5a562ddddc69878
0x782ad740c44eebd3a915a3df66572f238ace7fa5,0x95fe5961368664c3da8879d7542149ddf0738d82,0.05,2026-01-11T05:31:35+00:00,0x1516665cc29d0ff33d0a024ff99c3dcab49546ff2e7985d03ed0c1e70236a241
0x782ad740c44eebd3a915a3df66572f238ace7fa5,0x6900047ac00bde3de9d6254400968e9a18c1ac34,0.0,2026-01-11T05:31:47+00:00,0x421ca7ae91bd99edc793f5a997546491096fea90cbd7dca1b5fd26f125546d23
0x782ad740c44eebd3a915a3df66572f238ace7fa5,0x95fe5961368664c3da8879d7542149ddf0738d82,0.05,2026-01-11T05:32:35+00:00,0xd2cc7c068686293abc6c74adb0c66c5671a3b35ab25b957f3c43f2c3ef7361ae
0x782ad740c44eebd3a915a3df66572f238ace7fa5,0x99aaa576c1dcf013df2774145ff405b2e4975627,0.0,2026-01-11T05:32:47+00:00,0x70daf1a99d177446a11d7cadf3ee847ac45d27c2432cf0fff38f04594eb824a6
0x782ad740c44eebd3a915a3df66572f238ace7fa5,0x95fe5961368664c3da8879d7542149ddf0738d82,0.0,2026-01-11T17:06:23+00:00,0x67f8d6e51a3cd363386c5ef556b89fcba5becddfbbf3eefa5334044713f0cf02
0x782ad740c44eebd3a915a3df66572f238ace7fa5,0x95fe5961368664c3da8879d7542149ddf0738d82,0.05,2026-01-11T17:06:35+00:00,0xf444ab227521f851d0d71724c0f521dcda0639dab3f946a1e8b37e94279d6859
0x782ad740c44eebd3a915a3df66572f238ace7fa5,0x5bbe23d5540b64a5e2b6fd72b40245d08c1cbf58,0.0,2026-01-11T17:06:47+00:00,0x7c121761632d5d17680080234242ec3c96cf352a1733f37231af6c320f807910
0x782ad740c44eebd3a915a3df66572f238ace7fa5,0x95fe5961368664c3da8879d7542149ddf0738d82,0.0,2026-01-11T19:51:11+00:00,0x80f9e0a26d0ec33294c403120b0123d4d16b9cbae65d423367431819d280cb91
0x782ad740c44eebd3a915a3df66572f238ace7fa5,0x95fe5961368664c3da8879d7542149ddf0738d82,0.0,2026-01-11T19:51:23+00:00,0xce7f809ebaea6966acb516ca94dfba044ae8d19d1deb3b348987fca04514cd66
0x782ad740c44eebd3a915a3df66572f238ace7fa5,0x95fe5961368664c3da8879d7542149ddf0738d82,0.05,2026-01-11T19:51:47+00:00,0xbc40e295d5a4cd966e494f9c7efb0faa99f1df37027fc07e93af174930f9bd7e
0x782ad740c44eebd3a915a3df66572f238ace7fa5,0x120337bc064ed7dac8a7ccb2d48bf48afa0623a1,0.0,2026-01-11T19:52:11+00:00,0x25bbc1ed9439775710ba1e8c2d4ab1ec3ce5d3fae72ab488ff4c3d9ffc3e7794
0x782ad740c44eebd3a915a3df66572f238ace7fa5,0x95fe5961368664c3da8879d7542149ddf0738d82,0.03,2026-01-12T06:15:23+00:00,0x41dfe19a0acc055cd2c7b194379d8494834efcf5407101e9b068cfd75c1a3a55
0x782ad740c44eebd3a915a3df66572f238ace7fa5,0x77a83de9ce229e95946c20f691ec27bd0e5a5a20,0.0,2026-01-12T06:15:35+00:00,0xc5867570c1e12a1df84859252ad6d2560b380e688fda632a82cb5a98296601bc
0x782ad740c44eebd3a915a3df66572f238ace7fa5,0x95fe5961368664c3da8879d7542149ddf0738d82,0.0,2026-01-12T06:16:23+00:00,0x405998c70f78ae55867e56adcaccfe1762e6ddd2e8192e8d5e08f2ae3d7087ab
0x782ad740c44eebd3a915a3df66572f238ace7fa5,0x95fe5961368664c3da8879d7542149ddf0738d82,0.0,2026-01-12T06:16:47+00:00,0x7a65b1872d166b8c2060eb2bbc181a8fcf2bfba8f11cec3417d5920d495c53fd
0x782ad740c44eebd3a915a3df66572f238ace7fa5,0x95fe5961368664c3da8879d7542149ddf0738d82,0.0,2026-01-12T06:17:11+00:00,0x3069406c57bbd62536f02213bf1d039a2ebf031201a62e8f2b91fd7383fe41a0
0x782ad740c44eebd3a915a3df66572f238ace7fa5,0x95fe5961368664c3da8879d7542149ddf0738d82,0.0,2026-01-12T08:51:35+00:00,0xcc92b8cb83374225be918df74167981a342538d7adbd7f2d0e36d453682751e7
0x782ad740c44eebd3a915a3df66572f238ace7fa5,0x95fe5961368664c3da8879d7542149ddf0738d82,0.0,2026-01-12T14:44:11+00:00,0xe166cd9fb462c70d212ba80cc36a747656eb1ef7770696428672e2ff5bb9eeb1
0x782ad740c44eebd3a915a3df66572f238ace7fa5,0xc7789cab3a882a15c63929bcf3436fa8d669c14b,0.0,2026-01-12T19:20:23+00:00,0x47c88b982cf2b2cad2091f1bbaa6da081e8b3b06f2fdcc5c5e73fc51dc7b0d80
0x782ad740c44eebd3a915a3df66572f238ace7fa5,0x95fe5961368664c3da8879d7542149ddf0738d82,0.0,2026-01-12T19:20:35+00:00,0x061be265070272f5a9dc50c3a284de93cb5d62e1ef4caf903369766c50fe0f6b
0x782ad740c44eebd3a915a3df66572f238ace7fa5,0x95fe5961368664c3da8879d7542149ddf0738d82,0.07,2026-01-13T07:42:47+00:00,0x8448de5a20bbed8deb4bac83dfd2aeea7ce4a646e2110b3fae922a34a0803ee4
0x782ad740c44eebd3a915a3df66572f238ace7fa5,0xe548f00b6f14ae9b92b86efeeb03ac96f2713a70,0.0,2026-01-13T07:42:59+00:00,0xe4099239a93daae01d6834d7bafc77b38ee2f32d4b3ace59d9d031255b741eeb
0x782ad740c44eebd3a915a3df66572f238ace7fa5,0x95fe5961368664c3da8879d7542149ddf0738d82,0.1,2026-01-13T07:48:11+00:00,0xb5ad8bde0473b327d0e5d809fbb209a0de0206e847237447c90af079fd6d5ee5
0x782ad740c44eebd3a915a3df66572f238ace7fa5,0x41e7fcb245f84b337eddcdcc26cae570029a9554,0.0,2026-01-13T07:48:23+00:00,0x84a0bec3407e99e054041c74731113d053df3da4566a9481ed97814479ed59ad
0x782ad740c44eebd3a915a3df66572f238ace7fa5,0x95fe5961368664c3da8879d7542149ddf0738d82,0.05,2026-01-13T08:03:35+00:00,0xe8aca45d0c179979519ba47f86b475173118241269d5c5809520d3d86bbbe647
0x782ad740c44eebd3a915a3df66572f238ace7fa5,0x4823101e15563e9e733e16257b85a6d54cece0d2,0.0,2026-01-13T08:03:47+00:00,0x93053633bc0740c10d8cc0fe8529d69896788a888aeb3fb4b50ef85a9ea0ca56
0x782ad740c44eebd3a915a3df66572f238ace7fa5,0x95fe5961368664c3da8879d7542149ddf0738d82,0.05,2026-01-13T08:17:59+00:00,0x7207d18e8a52dc8935d18f4526be29c6e817c7ac264f63d2ad09aa8a781b8a2f
0x782ad740c44eebd3a915a3df66572f238ace7fa5,0xc8f604f2376b7d284df65ee83dfa946223cd01c2,0.0,2026-01-13T08:18:11+00:00,0x33030dab184e5a4321e1b00c3c0ea43b8587b5be50c81014101de3f148e8fc65
0x782ad740c44eebd3a915a3df66572f238ace7fa5,0x95fe5961368664c3da8879d7542149ddf0738d82,0.06,2026-01-13T15:30:59+00:00,0x38fc3347fb44b09d57e25d6d651313ae2e10117dece4cdfca7dd966414a0413a
0x782ad740c44eebd3a915a3df66572f238ace7fa5,0x95fe5961368664c3da8879d7542149ddf0738d82,0.0,2026-01-14T05:47:59+00:00,0x02cac70ca94da2af1497c5a1808130ecd107a27d331e4203a93679b2909bee12
0x782ad740c44eebd3a915a3df66572f238ace7fa5,0x95fe5961368664c3da8879d7542149ddf0738d82,0.05,2026-01-14T05:48:59+00:00,0xfd8323106d4e83aeda113abae105d11784b8f5a266ed9af1a981bf5247d128fb
0x782ad740c44eebd3a915a3df66572f238ace7fa5,0xf47c34472b69d99f382f06eef381a2e1d043f188,0.0,2026-01-14T05:49:23+00:00,0x130180faa0acf57375f8eb7ebd90b02ba26fbdca565ec975fa894e636b2381f3
0x782ad740c44eebd3a915a3df66572f238ace7fa5,0x95fe5961368664c3da8879d7542149ddf0738d82,0.0,2026-01-14T05:53:23+00:00,0x71716ef7c4d423ad238be1b18a74afc9462ccc5c1b9a5ae8e48e75a434c4ae44
0x782ad740c44eebd3a915a3df66572f238ace7fa5,0x95fe5961368664c3da8879d7542149ddf0738d82,0.03,2026-01-14T05:53:35+00:00,0xceda3018360243b9df126b14cfaac088f2790afdd218426c2608c4be2d238a05
0x782ad740c44eebd3a915a3df66572f238ace7fa5,0x95fe5961368664c3da8879d7542149ddf0738d82,0.02,2026-01-14T05:54:47+00:00,0xc4b7b2945e71696294f0704795ff63411fd424bd53410574bd3078cbedaf8e87
0x782ad740c44eebd3a915a3df66572f238ace7fa5,0x95fe5961368664c3da8879d7542149ddf0738d82,0.025,2026-01-14T05:56:23+00:00,0xf9ad87c8a60b64723fcad127c1e85102925c7fa704bf701563a6458a67e934e8
0x782ad740c44eebd3a915a3df66572f238ace7fa5,0x95fe5961368664c3da8879d7542149ddf0738d82,0.03,2026-01-14T06:02:59+00:00,0xf717e8b9ea091dff66dc93a62883fb03f2e50a134d0193390d196d38f0e49032
0x782ad740c44eebd3a915a3df66572f238ace7fa5,0x359be3ecc0d1e9191bbfbd859a300f28232fc4a3,0.0,2026-01-14T06:03:11+00:00,0x85066760067aec2208007b6a4118eaed05e5ab592b977922ec181a2fa5b86651
0x782ad740c44eebd3a915a3df66572f238ace7fa5,0x95fe5961368664c3da8879d7542149ddf0738d82,0.0,2026-01-14T10:14:23+00:00,0x69c56c72b4a8fc9ffbc9bd60d5e8a3a5044f944a150f47744525d933e53d6c33
0x782ad740c44eebd3a915a3df66572f238ace7fa5,0x95fe5961368664c3da8879d7542149ddf0738d82,0.05,2026-01-14T10:14:47+00:00,0xc5aece59ecdc7f1c2c7d4cb3b8726549e98e620d54d7d5b074d23b4c2c265c6b
0x782ad740c44eebd3a915a3df66572f238ace7fa5,0x95fe5961368664c3da8879d7542149ddf0738d82,0.03,2026-01-14T10:16:35+00:00,0xb6120e2959be2f66c6a7c27572c74c2379e8543425d887f6abfb445a937248a4
0x782ad740c44eebd3a915a3df66572f238ace7fa5,0x95fe5961368664c3da8879d7542149ddf0738d82,0.0,2026-01-14T13:36:23+00:00,0x7197a94a29ffacc42d68d1ef20d4737fbf7b718dbeada68560e0adac9533d12d
0x782ad740c44eebd3a915a3df66572f238ace7fa5,0x95fe5961368664c3da8879d7542149ddf0738d82,0.03,2026-01-14T16:00:59+00:00,0x85fecd7b0eacab1c3920f7b71406ce5d1f313fe0536fba920b8295f02fc549c0
0x782ad740c44eebd3a915a3df66572f238ace7fa5,0x95fe5961368664c3da8879d7542149ddf0738d82,0.03,2026-01-14T19:34:59+00:00,0x97e92414580c3402e3d26a7949614ccbb2e213b0ce761eacb0775bda88e77330
0x782ad740c44eebd3a915a3df66572f238ace7fa5,0xa74ca4503575c9ac08cbb0072d77d51c385d50c1,0.0,2026-01-14T19:35:11+00:00,0x0e038f61127796174557fc9a6d4078211f04ee6cab1111b186cda19cdffd821b
0x782ad740c44eebd3a915a3df66572f238ace7fa5,0x95fe5961368664c3da8879d7542149ddf0738d82,0.0,2026-01-14T19:53:59+00:00,0x327f13b1764c3099af36e7af364963c6b832d4f288f3813ca9bb2bededbdb38e
0x782ad740c44eebd3a915a3df66572f238ace7fa5,0x95fe5961368664c3da8879d7542149ddf0738d82,0.0,2026-01-15T09:34:59+00:00,0x8c4306119decbb38cef03d048a5ba2c6aaea68fb7b1e9a3fb070e5699ce97eb9
0x782ad740c44eebd3a915a3df66572f238ace7fa5,0x2113e4493f652dda5fdf1b67fc5141e7a394374b,0.0,2026-01-15T09:35:23+00:00,0x4d3958c69e2e0aea2beed56532c981335004236cec56b14355f0876ea7cee968
0x782ad740c44eebd3a915a3df66572f238ace7fa5,0x95fe5961368664c3da8879d7542149ddf0738d82,0.0,2026-01-15T09:35:47+00:00,0x182f668b6114aadfb2141d21ad07ca1484779a2e6e81f15a462cda1c26a18349
0x782ad740c44eebd3a915a3df66572f238ace7fa5,0x95fe5961368664c3da8879d7542149ddf0738d82,0.1,2026-01-15T09:35:59+00:00,0xb342d858e5b4ecfe4daaeba6aa9128233a833b05a7b9e6b718b0ba044af162ff
0x782ad740c44eebd3a915a3df66572f238ace7fa5,0x1a3a8cf347b2bf5890d3d6a1b981c4f4432c8661,0.0,2026-01-15T09:36:11+00:00,0x6459cc0da66de7783b4c4367333f0187526ddf53225001415f05a32586803aec
0x782ad740c44eebd3a915a3df66572f238ace7fa5,0xacbf265d834c25993d6836d8555be62d3742e5c0,0.0,2026-01-15T09:53:11+00:00,0xe2711e76b55bbb12a65131dd003c0681f934d33d8598cd5f377cd3e745318fbf
0x782ad740c44eebd3a915a3df66572f238ace7fa5,0x95fe5961368664c3da8879d7542149ddf0738d82,0.0,2026-01-15T09:53:23+00:00,0x00cc7dc11c5b06f4ed4f627d3abeb2925661b68134d025fd7f0e8ece08fe84e8
0x782ad740c44eebd3a915a3df66572f238ace7fa5,0x95fe5961368664c3da8879d7542149ddf0738d82,0.1,2026-01-15T10:22:47+00:00,0x2338dad6c38403965bfddd83391af80c9dce2bd3496db7d3193aa034ad1c33f3
0x782ad740c44eebd3a915a3df66572f238ace7fa5,0x8c7ac134ed985367eadc6f727d79e8295e11435c,0.0,2026-01-15T10:22:59+00:00,0x51a63fca55d13d3f05f83c8e3e918f691495a97f28349b0a9f7eaa400ef55adb
0x782ad740c44eebd3a915a3df66572f238ace7fa5,0x95fe5961368664c3da8879d7542149ddf0738d82,0.0,2026-01-15T13:46:23+00:00,0xb4e64d8e04357f112cd9132553e55f494f49e97cbb85e16b63bc0bcd357f2553
0x782ad740c44eebd3a915a3df66572f238ace7fa5,0x95fe5961368664c3da8879d7542149ddf0738d82,0.03,2026-01-15T13:46:59+00:00,0xefeb1f63b2af89a7b2cca058d4a25c466170219cfb0c2d66f81aca5d5448983e
0x782ad740c44eebd3a915a3df66572f238ace7fa5,0x95fe5961368664c3da8879d7542149ddf0738d82,0.0,2026-01-15T17:07:35+00:00,0x1840ad774896b028c03cc840cfa76754ee0212f0326f9e1f213caa57ee2edfb4
0x782ad740c44eebd3a915a3df66572f238ace7fa5,0x95fe5961368664c3da8879d7542149ddf0738d82,0.05,2026-01-15T17:56:59+00:00,0x5893cc0b8f27ac13f9e3a80d55d1642144035cfdecd5386006e6076adef36456
0x782ad740c44eebd3a915a3df66572f238ace7fa5,0x95fe5961368664c3da8879d7542149ddf0738d82,0.025,2026-01-15T17:57:59+00:00,0xed7de87003d3eb37ebfa3b2b114da466768d96f200d68d1a8c4cb921e6d897dc
0x782ad740c44eebd3a915a3df66572f238ace7fa5,0x0961d855f69dbd6ee1824b60527bd947038f528f,0.0,2026-01-15T17:58:11+00:00,0x7992e50d405db915baf2e4313df8e8540e3fd19539204a869678f29e7ede4106
0x782ad740c44eebd3a915a3df66572f238ace7fa5,0x95fe5961368664c3da8879d7542149ddf0738d82,0.0,2026-01-15T18:12:11+00:00,0xbe084260ffac28148270168aa54449057620540efb0f4b69dbf7db164fd1e2a6
0x782ad740c44eebd3a915a3df66572f238ace7fa5,0x95fe5961368664c3da8879d7542149ddf0738d82,0.0,2026-01-18T16:58:11+00:00,0x3468081dc4ddf606a14c16d0410185b520d955f84923fdac2cd3465404832ee4
0x782ad740c44eebd3a915a3df66572f238ace7fa5,0x95fe5961368664c3da8879d7542149ddf0738d82,0.05,2026-01-18T17:10:11+00:00,0x492af882ca4fa2959c4521c385d163bde5ef0568e57ad4e4a2bb9362d3c5f0cf
0x782ad740c44eebd3a915a3df66572f238ace7fa5,0x95fe5961368664c3da8879d7542149ddf0738d82,0.03,2026-01-18T17:10:23+00:00,0x449200d1471c53a042486207caf318ab004be8dac5f9f38ed25d8979b05fdb7a
0x782ad740c44eebd3a915a3df66572f238ace7fa5,0x93553e5eb4538b5311efbdb2227a31026306afa6,0.0,2026-01-18T18:51:47+00:00,0x8ca5a71c47d23281fece76aade2ce7029f3f7ee5a40c8123d03884bdeeeff6a7
0x782ad740c44eebd3a915a3df66572f238ace7fa5,0x95fe5961368664c3da8879d7542149ddf0738d82,0.0,2026-01-18T18:51:59+00:00,0x0ddf86a4730fb65504638a62e9471f328ca072d99285c1bba2960cbaae3d277e
0x782ad740c44eebd3a915a3df66572f238ace7fa5,0x95fe5961368664c3da8879d7542149ddf0738d82,0.05,2026-01-18T18:56:23+00:00,0x780cd8bd1438cfd212499f2a7bc14eead5a37ba1ace845b15a4d2809f2a8aa54
0x782ad740c44eebd3a915a3df66572f238ace7fa5,0x64b0896aa6ec4739590e3f13014e93a678b9743b,0.0,2026-01-18T18:56:35+00:00,0xcfdce5a566b7ec2723b18c66bdf5c10748e14c2db4a06259d4a9c9e179492ab8
0x782ad740c44eebd3a915a3df66572f238ace7fa5,0x95fe5961368664c3da8879d7542149ddf0738d82,0.0,2026-01-18T21:11:35+00:00,0xff1d540188f3ad419f9375a8d0ee6509bc8d5dd429276231959e547af17f7961
0x782ad740c44eebd3a915a3df66572f238ace7fa5,0x95fe5961368664c3da8879d7542149ddf0738d82,0.0,2026-01-18T21:27:11+00:00,0xc01171e59bc9e979c2d70c354eb35bd689c8f3e0fd313ec931ab0c90fda703c5
0x782ad740c44eebd3a915a3df66572f238ace7fa5,0x95fe5961368664c3da8879d7542149ddf0738d82,0.0,2026-01-18T22:07:35+00:00,0x3d5f014af9a173c22cffd030655f7595e6eb060f86373c9163409498a052b139
0x782ad740c44eebd3a915a3df66572f238ace7fa5,0x95fe5961368664c3da8879d7542149ddf0738d82,0.0,2026-01-18T23:27:35+00:00,0xab2441e4b8d5243b009bbe3d43761285591079474c1b2180a848e91899a24e8f
0x782ad740c44eebd3a915a3df66572f238ace7fa5,0x95fe5961368664c3da8879d7542149ddf0738d82,0.03,2026-01-19T08:19:23+00:00,0x33745326ea2cd5b9b44fb2217f7335d351a94aa4d410dfd76a4ac64d46d62056
0x782ad740c44eebd3a915a3df66572f238ace7fa5,0xa5d4a18d0fd0475405b292ecdd511a3d0ab16b97,0.0,2026-01-19T08:19:35+00:00,0xf26a48e9ef783df6146c6df659baecaca261de9178935be122f8d41ee0646c5a
0x782ad740c44eebd3a915a3df66572f238ace7fa5,0x95fe5961368664c3da8879d7542149ddf0738d82,0.0,2026-01-19T10:40:11+00:00,0xdc7515e56803a3a807aff2b922ee1ea4b451a52061220ba6dca5417771effc0f
0x782ad740c44eebd3a915a3df66572f238ace7fa5,0x95fe5961368664c3da8879d7542149ddf0738d82,0.0,2026-01-19T14:45:23+00:00,0xf0578c5a7b37c0cc562997fc3faae2e76c2b3ae91d08db6e093e5ae1b95a9955
0x782ad740c44eebd3a915a3df66572f238ace7fa5,0x95fe5961368664c3da8879d7542149ddf0738d82,0.05,2026-01-19T17:05:59+00:00,0x48f9785cd1147297704c3a52215a377e68f908cf55d4a31c3277aa63e29e82f8
0x782ad740c44eebd3a915a3df66572f238ace7fa5,0x6d0621429729ce28c3d0c02e706706160f04506c,0.0,2026-01-19T17:06:11+00:00,0xf69d16340542af26671aac668530232eb5617f5336308746710d38dadcaac729
0x782ad740c44eebd3a915a3df66572f238ace7fa5,0x95fe5961368664c3da8879d7542149ddf0738d82,0.1,2026-01-19T18:19:35+00:00,0xb89d4547bbf0cbc453ae35003d3e4e012d801c6377c58e23daa5c99fa64540eb
0x782ad740c44eebd3a915a3df66572f238ace7fa5,0x808c16ace7404777fe24a6777a9cb2335aa82451,0.0,2026-01-19T18:19:47+00:00,0x4222df0108ef2819c54c3ecc1c7b650fc3bb0b52a1ff3f29487df87054d8aca1
0x782ad740c44eebd3a915a3df66572f238ace7fa5,0x95fe5961368664c3da8879d7542149ddf0738d82,0.05,2026-01-19T20:38:35+00:00,0x25eddbcbfc9bf28367aefd35ec90e77f7bfce77795c7c220353f84d7b60d2709
0x782ad740c44eebd3a915a3df66572f238ace7fa5,0x12187facce28cf3f09653ba913c586cde9a8b774,0.0,2026-01-19T20:38:47+00:00,0x5dbd0fdd126b880e20f3e02e6b2e5357cea3e416992a3295d3ee585e97daa95f
0x782ad740c44eebd3a915a3df66572f238ace7fa5,0x95fe5961368664c3da8879d7542149ddf0738d82,0.03,2026-01-20T03:13:23+00:00,0x0664b439d727e868276c4eca798ab6866c6f820ca6aca5af922a1a7f3a6648b6
0x782ad740c44eebd3a915a3df66572f238ace7fa5,0xbc724b33739d36db01583e3816ff47b5b8b5a9b4,0.0,2026-01-20T03:13:47+00:00,0xe3b643fdf03bdde142c009538ceac5f5ae51e3d8bef9d9a590ee1a730da9182c
0x782ad740c44eebd3a915a3df66572f238ace7fa5,0x95fe5961368664c3da8879d7542149ddf0738d82,0.03,2026-01-20T18:53:23+00:00,0xd595fde4664b498b56432e777de73f1987809119c4fd22636c837f59136e24b7
0x782ad740c44eebd3a915a3df66572f238ace7fa5,0x69ff33ac784d877c6b2100243b13a2f24bde32e8,0.0,2026-01-20T18:53:35+00:00,0xd13e833e0bdce5336a9e61a1fc066b2405e343260b826a7610361fa76b45f781
0x782ad740c44eebd3a915a3df66572f238ace7fa5,0x95fe5961368664c3da8879d7542149ddf0738d82,0.0,2026-01-21T07:32:47+00:00,0xfdc5ac82bb84448186dfb24f861ba0e808f68b27283a6bfa60064d68001b5c92
0x782ad740c44eebd3a915a3df66572f238ace7fa5,0x95fe5961368664c3da8879d7542149ddf0738d82,0.05,2026-01-21T07:35:23+00:00,0x0118bd8b0992e015b06ed292edab8413029850d57f0b4c2feb0157a9ca72dea0
0x782ad740c44eebd3a915a3df66572f238ace7fa5,0x95fe5961368664c3da8879d7542149ddf0738d82,0.0,2026-01-21T12:25:23+00:00,0x71c77935d4561c06b03db28a970197d43fb2ce90a93c4a1f4333b2eed334df0b
0x782ad740c44eebd3a915a3df66572f238ace7fa5,0x95fe5961368664c3da8879d7542149ddf0738d82,0.03,2026-01-21T14:01:47+00:00,0x9298802fecf1795940c182f21418f7638e25e4250a80b4cda814e8c5eaa57721
0x782ad740c44eebd3a915a3df66572f238ace7fa5,0x69c7fb6bc036d95c257c3fcf5f052005552298c8,0.0,2026-01-21T14:01:59+00:00,0xc5500ba8972d8c5a89a428f72e5c17265f6e58d1e40512e4cf8c6898b860433f
0x782ad740c44eebd3a915a3df66572f238ace7fa5,0x95fe5961368664c3da8879d7542149ddf0738d82,0.0,2026-01-23T14:05:11+00:00,0x13bebe635b7058eeb5d902660e47054595ce3a5053e2085db0a7d46372aba2bb
0x782ad740c44eebd3a915a3df66572f238ace7fa5,0x95fe5961368664c3da8879d7542149ddf0738d82,0.08,2026-01-23T14:05:35+00:00,0x57dfb380e6fd6ead7d75baa19fd4402652c0111e51b342e200d2b82b9da992f4
0x782ad740c44eebd3a915a3df66572f238ace7fa5,0xf06aa9aad44be62b8b0168279f638d9e1ce43c7e,0.0,2026-01-23T14:05:47+00:00,0xa58383f2b0f64bb70ec65855b20636be42cf7bca8274cfd1a869f34a79fa7b90
0x782ad740c44eebd3a915a3df66572f238ace7fa5,0x95fe5961368664c3da8879d7542149ddf0738d82,0.025,2026-01-23T14:07:11+00:00,0x73220f76b49804ceaea1ef8e4f698dcc966961d73b991dd13204f047aebbe6e0
0x782ad740c44eebd3a915a3df66572f238ace7fa5,0xb181b8339344bc2dfc81d185692018d8a09ca491,0.0,2026-01-23T14:07:23+00:00,0x9cea45da5323eee3a40790d748615b9c5f84e24bba3a46b8201940e1622297d9
0x782ad740c44eebd3a915a3df66572f238ace7fa5,0x95fe5961368664c3da8879d7542149ddf0738d82,0.0,2026-01-23T14:08:35+00:00,0x621696c35514fae7c283400bced2fb8560b92d5cdf294328b03e8c6b92b64eff
0x782ad740c44eebd3a915a3df66572f238ace7fa5,0x95fe5961368664c3da8879d7542149ddf0738d82,0.1,2026-01-23T14:08:47+00:00,0x3548b5b9804fd0840d3c1741118fd62dfd44a7ca7c1ddb6995a27f4963fb1826
0x782ad740c44eebd3a915a3df66572f238ace7fa5,0x802f09ba35619be2555558c3cb95e44fca18db20,0.0,2026-01-23T14:09:11+00:00,0xbe757ace266e487dd62cc2239031a673090978dde146d57860c50e26e8110931
0x782ad740c44eebd3a915a3df66572f238ace7fa5,0x95fe5961368664c3da8879d7542149ddf0738d82,0.0,2026-01-23T14:09:23+00:00,0x066087aef5b4c453536c2537945149f25eed7eb86c133cde6bdead5b5bd32ebe
0x782ad740c44eebd3a915a3df66572f238ace7fa5,0x95fe5961368664c3da8879d7542149ddf0738d82,0.05,2026-01-23T14:09:59+00:00,0x37e6f14d7016f7faf7386027bd072e49d59044277b2ea84775b745f3deab6c01
0x782ad740c44eebd3a915a3df66572f238ace7fa5,0x2df3834d0db3d3fb6979203b844a60979290ca98,0.0,2026-01-23T14:10:11+00:00,0xb3293c4f51228e0e06be1f38f5b07aa683ec6b196a8dd687e863b48198d59326
0x782ad740c44eebd3a915a3df66572f238ace7fa5,0x95fe5961368664c3da8879d7542149ddf0738d82,0.0,2026-01-23T14:12:11+00:00,0x72b1f04d04f0f283242f59f167baa8d06ed57c54290235559d0f3bb7c4e58eaf
0x782ad740c44eebd3a915a3df66572f238ace7fa5,0x95fe5961368664c3da8879d7542149ddf0738d82,0.07,2026-01-23T14:12:47+00:00,0x109acf8e6e4109ba8b9cd52ca46d8f98db501d7258b61f383971296d462118a2
0x782ad740c44eebd3a915a3df66572f238ace7fa5,0xe63a09e458d655969cbad6919fd8cc277acb35e1,0.0,2026-01-23T14:12:59+00:00,0xba90ac2127c74685ae5ce4ab4e7bf551f103bfb058e3c2ccf3d0487d12259834
0x782ad740c44eebd3a915a3df66572f238ace7fa5,0x95fe5961368664c3da8879d7542149ddf0738d82,0.0,2026-01-23T14:14:47+00:00,0x3abb0eb13b62769dd2a4ab249d46109d5c2d61693c77ed64a11d6b05e9174f76
0x782ad740c44eebd3a915a3df66572f238ace7fa5,0x95fe5961368664c3da8879d7542149ddf0738d82,0.06,2026-01-23T14:15:35+00:00,0x8a4a0344897dcd5c676d1741a48223d1b04b5bee2ff6cf71f6023e4dee207285
0x782ad740c44eebd3a915a3df66572f238ace7fa5,0x2590595e8a26243ccca40b5256d185c7cdf0efa4,0.0,2026-01-23T14:15:47+00:00,0x523d401788da527c2aed6b64b320178bfbcaaecffa9a59d61805c7e384958f29
0x782ad740c44eebd3a915a3df66572f238ace7fa5,0x95fe5961368664c3da8879d7542149ddf0738d82,0.05,2026-01-23T14:16:35+00:00,0x02fd671ca6ff8b01d7ff1f2550fcc91bb9a9270fea231d4bf25c07223a9e1cbd
0x782ad740c44eebd3a915a3df66572f238ace7fa5,0x95fe5961368664c3da8879d7542149ddf0738d82,0.0,2026-01-23T14:34:35+00:00,0x9bdba4a07eb956a22573606034c04cc29ce3cac860d863ee9d15ccfe00c72cb1
0x782ad740c44eebd3a915a3df66572f238ace7fa5,0x95fe5961368664c3da8879d7542149ddf0738d82,0.015,2026-01-23T14:34:59+00:00,0xe55c2197d2ee539411d19d3fd0f01a218d68f7dd5f7f01a08df2d934d6f52506
0x782ad740c44eebd3a915a3df66572f238ace7fa5,0x95fe5961368664c3da8879d7542149ddf0738d82,0.02,2026-01-23T14:36:35+00:00,0x52c3a8a641081507319125cf3d51ed0fd4e8e256d2128215374af04e603df7a6
0x782ad740c44eebd3a915a3df66572f238ace7fa5,0x95fe5961368664c3da8879d7542149ddf0738d82,0.03,2026-01-23T14:49:11+00:00,0x02a9d85ce6a15581cf0c3dcd47d22bcdb5d2b2070c3870ab44733f6fb1173878
0x782ad740c44eebd3a915a3df66572f238ace7fa5,0x6e79b51959cf968d87826592f46f819f92466615,0.0,2026-01-23T16:55:35+00:00,0x289ed5ccba1fc089a0a8023bd90458c417ed4977c294eda02990e8febf903233
0x782ad740c44eebd3a915a3df66572f238ace7fa5,0x95fe5961368664c3da8879d7542149ddf0738d82,0.0,2026-01-23T16:55:59+00:00,0x3422c99070d19801ac6cb39b7ed492ee7ed05c82ff836d4c9f7f64ad47976087
0x782ad740c44eebd3a915a3df66572f238ace7fa5,0x95fe5961368664c3da8879d7542149ddf0738d82,0.03,2026-01-23T16:56:35+00:00,0x6dcacb3b840416dd99d3b1e0352453f0dd41c791d511027b03a53ad0063fff4b
0x782ad740c44eebd3a915a3df66572f238ace7fa5,0x3f4d37b83dade5128e3a8aee6da31ab3eed7cdc4,0.0,2026-01-23T16:56:47+00:00,0xf8dfc2ad4f1016240c8e036995074560547b0565e6fb8cb8a8f9b41780c42c60
0x782ad740c44eebd3a915a3df66572f238ace7fa5,0x95fe5961368664c3da8879d7542149ddf0738d82,0.05,2026-01-23T16:57:11+00:00,0xa5b21636b770ee190452588a8d62b3a0b46fef6b00cd075c2499b9576fc7a669
0x782ad740c44eebd3a915a3df66572f238ace7fa5,0xb7569501ae3e73a9de8d8ecb5fc9142bd7d6b02d,0.0,2026-01-23T16:57:23+00:00,0x04bd83eae4c165a9e5b9bf4bf934e45e07cc4234a45585e55d178c9c226f3052
0x782ad740c44eebd3a915a3df66572f238ace7fa5,0x95fe5961368664c3da8879d7542149ddf0738d82,0.0,2026-01-23T23:16:23+00:00,0x03631c5bf091e5753568f03a8b27e0b1e7924d4fc32998650cb00a3500d268ef
0x782ad740c44eebd3a915a3df66572f238ace7fa5,0x95fe5961368664c3da8879d7542149ddf0738d82,0.0,2026-01-23T23:16:35+00:00,0xd22576969bbcfb408ef482afbd8dff1375a3eee9f5d18dedd8be31459c8f4f8f
0x782ad740c44eebd3a915a3df66572f238ace7fa5,0x95fe5961368664c3da8879d7542149ddf0738d82,0.0,2026-01-23T23:16:47+00:00,0x1b4978fe1bb6dec712f01e3cb132de7d20088ca0f831cfe41de1940deab7a606
0x782ad740c44eebd3a915a3df66572f238ace7fa5,0x95fe5961368664c3da8879d7542149ddf0738d82,0.0,2026-01-23T23:16:59+00:00,0xbd6d63f3b6b49c3f02b24aa09255983842cdca164ce8bd750032c6d6420fbc19
0x782ad740c44eebd3a915a3df66572f238ace7fa5,0x95fe5961368664c3da8879d7542149ddf0738d82,0.0,2026-01-23T23:17:23+00:00,0xbd53027330526c4d7572140ab041c9c8f81f6062c7b2b402c61b4d336357b5cc
0x782ad740c44eebd3a915a3df66572f238ace7fa5,0xdc8dfd979293302568b82ec0036e815c7ee3953e,0.0,2026-01-23T23:17:35+00:00,0xa5bb417805d8d80a1a3de7a057674b061b55387e3a0f60d48123f693797e4740
0x782ad740c44eebd3a915a3df66572f238ace7fa5,0x95fe5961368664c3da8879d7542149ddf0738d82,0.0,2026-01-23T23:17:47+00:00,0xc0be8bc3af98875a6bf961014214bdeefdb38c67a73f048c31c8b1fedfda33ae
0x782ad740c44eebd3a915a3df66572f238ace7fa5,0x95fe5961368664c3da8879d7542149ddf0738d82,0.0,2026-01-23T23:18:11+00:00,0x35318e4d9cb0c2d9220dea7ef47231dd638116b3548b509f62b901cbd4fa8171
0x782ad740c44eebd3a915a3df66572f238ace7fa5,0x95fe5961368664c3da8879d7542149ddf0738d82,0.0,2026-01-23T23:18:59+00:00,0xfc5053d555a07207e28d1250e0528b7ffaf6074317d6dc70c898adc19d8946ae
0x782ad740c44eebd3a915a3df66572f238ace7fa5,0x95fe5961368664c3da8879d7542149ddf0738d82,0.0,2026-01-23T23:19:23+00:00,0x66f78f9bebb2a714441b97057d3451834f05a4100fe707d7deb0150efae1df0e
0x782ad740c44eebd3a915a3df66572f238ace7fa5,0x95fe5961368664c3da8879d7542149ddf0738d82,0.0,2026-01-23T23:20:23+00:00,0x3c93fddae7c0f898da9603c282df9083cc0737ef607f86b97d7c77d12c1900d1
0x782ad740c44eebd3a915a3df66572f238ace7fa5,0x95fe5961368664c3da8879d7542149ddf0738d82,0.03,2026-01-23T23:20:35+00:00,0x2a6ff08c0371b977af7d0b6afd849385643602e3afed7f3bebe8609321a89502
0x782ad740c44eebd3a915a3df66572f238ace7fa5,0x46d81fda92b62af5f89b473788498ea967b64231,0.0,2026-01-23T23:20:47+00:00,0x7302c004d0d8cbab469c8c8b0b513de6d6bfcd1212e62e169266c7873c2febdf
0x782ad740c44eebd3a915a3df66572f238ace7fa5,0x95fe5961368664c3da8879d7542149ddf0738d82,0.07,2026-01-23T23:21:11+00:00,0x2e20f81d04f29799adc368502409a73bacf02708c51afda214c03473c1b5306f
0x782ad740c44eebd3a915a3df66572f238ace7fa5,0x95fe5961368664c3da8879d7542149ddf0738d82,0.05,2026-01-23T23:21:35+00:00,0x452c9117bdd2ded901458da657e2e7844bf2b7169ad4b3ff038a74ebf0fb06c1
0x782ad740c44eebd3a915a3df66572f238ace7fa5,0xd9ee2fdd741f10576fdfca745d4d71f06d525bf6,0.0,2026-01-23T23:21:47+00:00,0x490cb6d3307ea0d4b36b6aab180a0610737ca7641b095afc99665e4937c56659
0x782ad740c44eebd3a915a3df66572f238ace7fa5,0x95fe5961368664c3da8879d7542149ddf0738d82,0.05,2026-01-23T23:21:59+00:00,0xf3bbb731bb4164ed8d47f3a23f0e645aa6199516363397f6bcfcdab84d0cc124
0x782ad740c44eebd3a915a3df66572f238ace7fa5,0x95fe5961368664c3da8879d7542149ddf0738d82,0.03,2026-01-24T01:27:35+00:00,0x2c85c6b2a581fa4bc8c7a13a42d70027bf2278a9d25e53554a3c8b1016e25e29
0x782ad740c44eebd3a915a3df66572f238ace7fa5,0x95fe5961368664c3da8879d7542149ddf0738d82,0.05,2026-01-25T03:35:11+00:00,0x5fc5e3e3091c79972c7dbec9502619b5f65313c900398f16bf0a10fa22f7662b
0x782ad740c44eebd3a915a3df66572f238ace7fa5,0x176ab1e145c9d8f3ba2c0b0b3572b450616883fe,0.0,2026-01-25T03:35:23+00:00,0x60bff1995763643bfc725adee6200dbb212857bd72c3232ae588c9289d8d1cf4
0x782ad740c44eebd3a915a3df66572f238ace7fa5,0x95fe5961368664c3da8879d7542149ddf0738d82,0.05,2026-01-25T03:36:11+00:00,0x165653993ef43806465785fab48b0838250679663d810f43bde1387ad703b8ed
0x782ad740c44eebd3a915a3df66572f238ace7fa5,0x9a8b5cbe3d2a24191e36b33b8166687731f8ae77,0.0,2026-01-25T03:36:23+00:00,0xdfb0342ad73b35c73a3c19a1c5360eaae440bfa813a6efa613f93f5053533eb4
0x782ad740c44eebd3a915a3df66572f238ace7fa5,0x95fe5961368664c3da8879d7542149ddf0738d82,0.0,2026-01-25T06:34:23+00:00,0x77d9eda1cd213bffae0921146b87aff4fce3874a7e6ae7c3f29648bd1bde92f8
0x782ad740c44eebd3a915a3df66572f238ace7fa5,0x95fe5961368664c3da8879d7542149ddf0738d82,0.0,2026-01-25T06:49:23+00:00,0x2d816a8da31b3e1a478864853f1a73d1ed6e7d85724288f021a43fd37a3d740c
0x782ad740c44eebd3a915a3df66572f238ace7fa5,0xb843ce5f8c8a3d0d72e089194f5d9f9df0df74e5,0.0,2026-01-25T06:49:47+00:00,0x99a9857248635220b891afa00a3fe59d44c81c9ca3d50088c872bba57e972179
0x782ad740c44eebd3a915a3df66572f238ace7fa5,0x95fe5961368664c3da8879d7542149ddf0738d82,0.0,2026-01-25T06:49:59+00:00,0xf2bd1f842f3025608a9a7f0f43477841c530552b64b79d0f9ce10dd5f0379e98
0x782ad740c44eebd3a915a3df66572f238ace7fa5,0x2e2e7a1f05946ecb2b43b99e3fc2984fa7d7e3bc,0.0,2026-01-25T06:50:11+00:00,0xcdc81f95baebf0546133259bf1170bb3fd08a32fd64cfb86d88cece430a787ca
0x782ad740c44eebd3a915a3df66572f238ace7fa5,0x95fe5961368664c3da8879d7542149ddf0738d82,0.0,2026-01-25T06:50:23+00:00,0x304aa5fd05a9c0074c8c8705dfd41bfca767e973c1494af05d5199eeba4d1a2e
0x782ad740c44eebd3a915a3df66572f238ace7fa5,0xc9bd7011ee97a13dc07087e01499a769ab7e75b4,0.0,2026-01-25T06:51:11+00:00,0xba76d190659002c654b77d56ada5e9a292586a5e37f205d1b76ec414b2ed7205
0x782ad740c44eebd3a915a3df66572f238ace7fa5,0x95fe5961368664c3da8879d7542149ddf0738d82,0.0,2026-01-25T06:51:23+00:00,0x8ea253d9b322c858b7a897a759bdfff6da30cd896daaf23f57e4fceed2528e67
0x782ad740c44eebd3a915a3df66572f238ace7fa5,0x95fe5961368664c3da8879d7542149ddf0738d82,0.0,2026-01-25T06:51:47+00:00,0x37345ac4bf126035519aa5990efeb19d2cdabb046c595a0decd0d2376fa8f6e8
0x782ad740c44eebd3a915a3df66572f238ace7fa5,0x95fe5961368664c3da8879d7542149ddf0738d82,0.0,2026-01-25T06:52:11+00:00,0x8dba48942f4c4ed4a4d2efab594f5fe4f22ef54037bc6fb89a05a1440fbdeaad
0x782ad740c44eebd3a915a3df66572f238ace7fa5,0x9b538e056a22cd46ecfc5b7433d17fb92d891b98,0.0,2026-01-25T06:52:23+00:00,0xc08c718c290533b35512e0010dfe2eb3c5405120bac8e1375eddaf7a5d45ebb8
0x782ad740c44eebd3a915a3df66572f238ace7fa5,0x95fe5961368664c3da8879d7542149ddf0738d82,0.0,2026-01-25T06:52:47+00:00,0x7b5aa0887136056cc899fa8a54dc43c8eccd40eef2aed31e1dd483a7d396dc80
0x782ad740c44eebd3a915a3df66572f238ace7fa5,0x95fe5961368664c3da8879d7542149ddf0738d82,0.0,2026-01-25T06:53:23+00:00,0x545004cd1ee5c7bef4b96b992bbdc802163005ec4da4200388b3eb697c4a3989
0x782ad740c44eebd3a915a3df66572f238ace7fa5,0x95fe5961368664c3da8879d7542149ddf0738d82,0.0,2026-01-25T06:53:47+00:00,0x56082c9c382c3aac56694ad3de95be034841fab5b530920048594fe865f91974
0x782ad740c44eebd3a915a3df66572f238ace7fa5,0x95fe5961368664c3da8879d7542149ddf0738d82,0.0,2026-01-25T06:54:11+00:00,0xa9c8fe3da60b2fca05d75859c8baf30dc2943b9b6bbab8bb958dfd06626c54da
0x782ad740c44eebd3a915a3df66572f238ace7fa5,0x95fe5961368664c3da8879d7542149ddf0738d82,0.0,2026-01-25T06:54:23+00:00,0x8c7640304aa6d99f0641049018d34caa27ed6df1c1343fdc14ac223f2274ae36
0x782ad740c44eebd3a915a3df66572f238ace7fa5,0x95fe5961368664c3da8879d7542149ddf0738d82,0.0,2026-01-25T06:54:35+00:00,0x51d06c07f72d4ebc509f2a187797c094fb3fb04cc6618ea0bb293e81e223eb0c
0x782ad740c44eebd3a915a3df66572f238ace7fa5,0x95fe5961368664c3da8879d7542149ddf0738d82,0.0,2026-01-25T06:54:47+00:00,0x83618fbed24049b56a4335c24ae07d31f2bc10283a4d7c031c32b7290204ae80
0x782ad740c44eebd3a915a3df66572f238ace7fa5,0x95fe5961368664c3da8879d7542149ddf0738d82,0.0,2026-01-25T06:55:11+00:00,0x4905ca284d830af0a450b9d2552a29d2601fcd4beaa82f2990926831398c1444
0x782ad740c44eebd3a915a3df66572f238ace7fa5,0x95fe5961368664c3da8879d7542149ddf0738d82,0.0,2026-01-25T06:55:35+00:00,0xb9bd35be7247d38374fc23e2cc33c002b5448532b3af2283e2d9d582635520a6
0x782ad740c44eebd3a915a3df66572f238ace7fa5,0x68aae81b4241ffe03d3552d42a69940604fe28bf,0.0,2026-01-25T06:55:47+00:00,0x99b7258862263cd582a8481769340eb58909bdd241f94183303c39f33bf8a4d4
0x782ad740c44eebd3a915a3df66572f238ace7fa5,0x95fe5961368664c3da8879d7542149ddf0738d82,0.0,2026-01-25T06:56:11+00:00,0xc2a7bf8f4c1c77f83874cb77b07c9acde4beb8ef3c381f875fac783506e97706
0x782ad740c44eebd3a915a3df66572f238ace7fa5,0x95fe5961368664c3da8879d7542149ddf0738d82,0.0,2026-01-25T06:56:23+00:00,0xb752c6fe69ac2d4ac776ccaab529644676c2991b1344b67321fd4c54c2a32a54
0x782ad740c44eebd3a915a3df66572f238ace7fa5,0x95fe5961368664c3da8879d7542149ddf0738d82,0.0,2026-01-25T06:56:47+00:00,0xf4b5fc7d28885c273fef7b26f9601a4f3d77b157b168c797b8427645f40319f4
0x782ad740c44eebd3a915a3df66572f238ace7fa5,0xfb5f625f5e8e6946ef81d3709ce1d5e587b505db,0.0,2026-01-25T06:57:59+00:00,0x7f532f6efb282e792631ceda5883c0495b6ee0eef957c97ac9f86a8b6a2a8fd2
0x782ad740c44eebd3a915a3df66572f238ace7fa5,0x95fe5961368664c3da8879d7542149ddf0738d82,0.0,2026-01-25T06:58:23+00:00,0x0f9445753ae3dccd1345d8178e95ce53de8b3ad17e05a348d9112056af84e347
0x782ad740c44eebd3a915a3df66572f238ace7fa5,0x12e362e9dc221f81e03098a2abf9e719744b4c93,0.9,2026-01-25T06:59:47+00:00,0x6c4e1f4cb7dfe099eda2de243defc4ec92596c98d7ec60beaeab263ccb3735e4
0x782ad740c44eebd3a915a3df66572f238ace7fa5,0x95fe5961368664c3da8879d7542149ddf0738d82,0.03,2026-01-26T19:29:47+00:00,0x11b7648dbefa6078c943c79dc2b6bdb01e1a4a955485c2c73f9eaa8b03381380
0x782ad740c44eebd3a915a3df66572f238ace7fa5,0x1c019239ace24dc44f5897fe1c881e9a2aff238d,0.0,2026-01-26T19:29:59+00:00,0x3c1c84352d116ca4f1d961867ea326b32c4455ad691070fbb945130cb0471a9b
0x782ad740c44eebd3a915a3df66572f238ace7fa5,0x95fe5961368664c3da8879d7542149ddf0738d82,0.03,2026-01-27T03:28:35+00:00,0x24d37e33cff4e49e309a0f8771d853cf3c63a87715dd2ebe0132268b5fefcc97
0x782ad740c44eebd3a915a3df66572f238ace7fa5,0x95fe5961368664c3da8879d7542149ddf0738d82,0.0,2026-01-27T14:37:47+00:00,0x4f7c0775b1af3e8f9a34765391965b13f302f77ea3f841f3d39cee3ed6e4b919
0x782ad740c44eebd3a915a3df66572f238ace7fa5,0x95fe5961368664c3da8879d7542149ddf0738d82,0.08,2026-01-27T14:38:47+00:00,0x7e8d224c18d97542a11bd1ff6b8120f1f0230674ecab66c80e17d7675a710585
0x782ad740c44eebd3a915a3df66572f238ace7fa5,0xb55f2f9954d4f1f27119f5a24e3f958bb8b609b3,0.0,2026-01-27T14:38:59+00:00,0x68661b045fa9f089021aab5fbeebd5c399a5ebcb556ec3a0a9e8aa8f9a5ed378
0x782ad740c44eebd3a915a3df66572f238ace7fa5,0x95fe5961368664c3da8879d7542149ddf0738d82,0.0,2026-01-29T16:36:23+00:00,0xc4c664fea3aec9eceb22904290b582b4438968c4e6bced28db885f8427d605ca
0x782ad740c44eebd3a915a3df66572f238ace7fa5,0x95fe5961368664c3da8879d7542149ddf0738d82,0.1,2026-01-29T16:36:47+00:00,0x6ed6cd15f9f74f37e7f5238b919f27af2f4d47d36d51449ee9d2b09a193dbdfb
0x782ad740c44eebd3a915a3df66572f238ace7fa5,0x27db5c3d8f258b667609c6e9565510bc860df828,0.0,2026-01-29T16:36:59+00:00,0xc3f04efc4fdc83f98445cd64c410b675fa03ea6ccc62086bacde3f589166cf6d
0x782ad740c44eebd3a915a3df66572f238ace7fa5,0x252da5613769b1c56b71a222d7fe737691574fb8,0.0,2026-01-30T03:24:11+00:00,0x93a6bc79dcb218209e0189c32886c1d9d35c7cd0121aa49da08e7dac96653ca4
0x782ad740c44eebd3a915a3df66572f238ace7fa5,0x95fe5961368664c3da8879d7542149ddf0738d82,0.0,2026-01-30T03:24:23+00:00,0x4e2caf0a7aecf5fbc1bdace74843fd0fe3603072037b9c5c700b834ec90ff223
0x782ad740c44eebd3a915a3df66572f238ace7fa5,0x95fe5961368664c3da8879d7542149ddf0738d82,0.0,2026-01-30T03:24:47+00:00,0x66c603f926cbb19d210d89d06e752193596d7e359d761668c0de6bb8970857ce
0x782ad740c44eebd3a915a3df66572f238ace7fa5,0x95fe5961368664c3da8879d7542149ddf0738d82,0.13,2026-01-30T03:24:59+00:00,0xa090d15f402bc02d4d01bb13b9c78954f2239db2ad34184816b5727989c5a754
0x782ad740c44eebd3a915a3df66572f238ace7fa5,0x5dac0e3e4bc880fab204c243b62cfd828c1f79e2,0.0,2026-01-30T03:25:11+00:00,0x964d886954c1264ed78428867c93dd653bef4c7ecef4b8ba05dde9e6a617f43b
0x782ad740c44eebd3a915a3df66572f238ace7fa5,0x95fe5961368664c3da8879d7542149ddf0738d82,0.0,2026-01-30T10:17:35+00:00,0x48eee7dd54b26ef65ce7501b4c0bb0ded542aee9abcf6c3623ee2cf369ba8456
0x782ad740c44eebd3a915a3df66572f238ace7fa5,0x95fe5961368664c3da8879d7542149ddf0738d82,0.1,2026-02-03T12:41:23+00:00,0x8fc3e0324249d9eaee147b880b3a958e74d3b3f611ae594e176a1d482e4dc405
0x782ad740c44eebd3a915a3df66572f238ace7fa5,0xd721706581d97ecd202bbab5c71b5a85f0f78e69,0.0,2026-02-03T12:41:35+00:00,0x763392c2775d37bc00c4c6aefd210eff8548ed2acd35f4a8749d1db498a3eab3
0x782ad740c44eebd3a915a3df66572f238ace7fa5,0x95fe5961368664c3da8879d7542149ddf0738d82,0.05,2026-02-05T06:59:35+00:00,0x34bfb6611669bfaac4a97c88c69d364aa9b32229fdf33dbc9126764de64ac518
0x782ad740c44eebd3a915a3df66572f238ace7fa5,0xaba16cda60b232174f672805790fa9ae9f2a2442,0.0,2026-02-05T06:59:47+00:00,0xcaef3fde1afd07e9636c0c39e04be4650c32e08b61b676973b0d544e28715c6e
0x782ad740c44eebd3a915a3df66572f238ace7fa5,0x95fe5961368664c3da8879d7542149ddf0738d82,0.0,2026-02-08T05:53:11+00:00,0xb4d70e9f565acd13da387d6afaec378585cff36787938fdd1d3399833df4e094
0x782ad740c44eebd3a915a3df66572f238ace7fa5,0x95fe5961368664c3da8879d7542149ddf0738d82,0.05,2026-02-08T05:53:35+00:00,0xb957f7c3d967f17e7d0d978fff991fc0c0113ff577fa95a20c861036413bfa81
0x782ad740c44eebd3a915a3df66572f238ace7fa5,0x4fd1b29d1aafea37a2d19e7d912b6eda44dbd82c,0.0,2026-02-08T05:53:47+00:00,0x4c535525383437492c38b78a65e33b662a34248e8cbab382ad6591099e74abf0
0x782ad740c44eebd3a915a3df66572f238ace7fa5,0x95fe5961368664c3da8879d7542149ddf0738d82,0.0,2026-02-08T05:53:59+00:00,0x7ee953716785f31fa86f6af87c3e9d1d3cfcadc788a4fa2a1af546c7746487a6
0x782ad740c44eebd3a915a3df66572f238ace7fa5,0x95fe5961368664c3da8879d7542149ddf0738d82,0.05,2026-02-08T05:54:11+00:00,0x7de7a7c35451e479b3210b6665965a5cea277f531e68f1858e76ccbc4ef3563d
0x782ad740c44eebd3a915a3df66572f238ace7fa5,0x95fe5961368664c3da8879d7542149ddf0738d82,0.0,2026-02-11T21:50:11+00:00,0x5f945d8f6ff4ab8cfbf59cf75c61425cca2d8d85be6655a956f02c7ae3e4ff3e
0x782ad740c44eebd3a915a3df66572f238ace7fa5,0x95fe5961368664c3da8879d7542149ddf0738d82,0.0,2026-02-14T23:30:59+00:00,0x71b3921d289a553417f61fedf8769c2580ba33608c9b8cfc6fe967e4901ea3a2
0x28c6c06298d514db089934071355e5743bf21d60,0x782ad740c44eebd3a915a3df66572f238ace7fa5,0.42654251,2026-02-14T23:31:47+00:00,0x76bf8f88762ae93019c480f81f36281536efff6979f4f1d99f3b815487cc022b
0x782ad740c44eebd3a915a3df66572f238ace7fa5,0x95fe5961368664c3da8879d7542149ddf0738d82,0.03,2026-02-14T23:32:59+00:00,0x70c86c7383e7114a7a11d9909c17877ad5ccbabf9837f3c533a3bd539a0230c1
0x782ad740c44eebd3a915a3df66572f238ace7fa5,0x6e77a5582d66c7508ee55d87a35fc58efd552cf3,0.0,2026-02-14T23:33:11+00:00,0x6b9306ccaced7681d97ea49b93c94a654727c6690eeee2130ee281580ca127ff
0x782ad740c44eebd3a915a3df66572f238ace7fa5,0x95fe5961368664c3da8879d7542149ddf0738d82,0.03,2026-02-14T23:34:35+00:00,0x8dbef0e4509e1c587ab0fc99e165ed8428784670cff2dba2fe7d36444b45e618
0x782ad740c44eebd3a915a3df66572f238ace7fa5,0x95fe5961368664c3da8879d7542149ddf0738d82,0.05,2026-02-14T23:34:47+00:00,0x32b79c70bd19ee766c2832cfc4643cb75492f4ea7321f362fb84f43214e6d05a
0x782ad740c44eebd3a915a3df66572f238ace7fa5,0xd208be15581de7d20e9b0f60f6f5cc87afbe27d5,0.0,2026-02-14T23:34:59+00:00,0x189298b247fd8e5e912f2d05e54681bf94084fa105c357b9e00082f9c3d09230
0x782ad740c44eebd3a915a3df66572f238ace7fa5,0x95fe5961368664c3da8879d7542149ddf0738d82,0.03,2026-02-14T23:35:23+00:00,0x66d106578560f6c1b686f2dbbb5a230c2e8e237b426f7a69ccd64520a1efb272
0x782ad740c44eebd3a915a3df66572f238ace7fa5,0x95fe5961368664c3da8879d7542149ddf0738d82,0.05,2026-02-14T23:36:23+00:00,0xacf555ef52fd47e3e2de88996c12260f7fe51e832e040ad78520cb73ac73a05a
0x782ad740c44eebd3a915a3df66572f238ace7fa5,0xf1184174fd1264b007b7c43035ecefe902062379,0.0,2026-02-14T23:36:35+00:00,0x922fe813207420a68a8457ff5c84c10162d6778bf7712a718345c8380d4d19c2
0x782ad740c44eebd3a915a3df66572f238ace7fa5,0x95fe5961368664c3da8879d7542149ddf0738d82,0.03,2026-02-14T23:36:47+00:00,0x088536a88a54dd869e31f9e871f7a7ccf2744892fa1ae0d94161c166fefa7ebe
0x782ad740c44eebd3a915a3df66572f238ace7fa5,0xf3407684aa6947bf0a3e7de9cb7a8e0ee224f2d3,0.0,2026-02-14T23:36:59+00:00,0x324461f01b7a28e6d0d7ae568cba872d114f42b070302320fe40660573cedc6d
0x782ad740c44eebd3a915a3df66572f238ace7fa5,0x95fe5961368664c3da8879d7542149ddf0738d82,0.04,2026-02-14T23:37:23+00:00,0x321e7056b32654e7c99d45498b6a969fa6b92b822b84b6788c2bb230c30fcb08
0x782ad740c44eebd3a915a3df66572f238ace7fa5,0xd09ee060ae596c16e44f3c6a5c2e3a160fa8dc60,0.0,2026-02-14T23:37:35+00:00,0xa915636cdbb6c2a49c40c62c35167f82403d6c50fc1e4b11cd646376b2d71532
0x782ad740c44eebd3a915a3df66572f238ace7fa5,0x95fe5961368664c3da8879d7542149ddf0738d82,0.05,2026-02-14T23:38:47+00:00,0xb6bcc60a060b1d20bb2e025e43349550926ff72bd2597203d811c7058eb92ef0
0x782ad740c44eebd3a915a3df66572f238ace7fa5,0xa4b3b69401c36c07aa19f693956dbfd1389c15b9,0.0,2026-02-14T23:38:59+00:00,0xdf924b054efd0d010a425137ed22d07bdb24fa7436d4d154e32409fc6a16c10a
0x782ad740c44eebd3a915a3df66572f238ace7fa5,0x95fe5961368664c3da8879d7542149ddf0738d82,0.03,2026-02-14T23:39:23+00:00,0x63ac704a1bc89b3a7bfbf7367a1666079209353507caf19c74dc1de1cb659bc1
0x782ad740c44eebd3a915a3df66572f238ace7fa5,0xdfdd0b5015cab65757a1ea2b81ecda9b3fc9eb93,0.0,2026-02-14T23:39:35+00:00,0x8375079fff2b68d4903bb648f4bb1cd7a211905a97e1c7bc3191d5ce6afc7561
0x782ad740c44eebd3a915a3df66572f238ace7fa5,0x95fe5961368664c3da8879d7542149ddf0738d82,0.1,2026-02-15T11:32:47+00:00,0xb95a2cf0cb497e5764ec4bd1e40fd8418a05845fb4f5150e6d2ba73a6c762e58
0x782ad740c44eebd3a915a3df66572f238ace7fa5,0x87000927a202bd955a629fd4bddcd8a8d113557e,0.0,2026-02-15T11:32:59+00:00,0x8f5bc7bb541f35f7fd09ed594f82c93a1b712d71cc7ffb72b254a88615f7100d
0x782ad740c44eebd3a915a3df66572f238ace7fa5,0x95fe5961368664c3da8879d7542149ddf0738d82,0.0,2026-02-16T13:05:47+00:00,0x8e8a60b3c2eeda12e5453a9a9e9464edf06ab45f6f773fb1ee954eb31e3b3e63
0x782ad740c44eebd3a915a3df66572f238ace7fa5,0x95fe5961368664c3da8879d7542149ddf0738d82,0.15,2026-02-16T13:40:11+00:00,0x534e9770556f1a20a1290064feea5566265c0ebc5c23c730b05f86e20b0982b6
0x782ad740c44eebd3a915a3df66572f238ace7fa5,0x566e95139e4de1bfa505a598ec3a9da4cfa879ec,0.0,2026-02-16T13:40:35+00:00,0x4f46796875d7d6a02b2bfaaef5ae6265516fabb093745dbda650632547b5f167
0x782ad740c44eebd3a915a3df66572f238ace7fa5,0x95fe5961368664c3da8879d7542149ddf0738d82,0.0,2026-02-17T16:03:11+00:00,0x2da0e08609940d75c7c6ccdbb96c89ec269fe35e13403b3dd7b48272c5188163
0x782ad740c44eebd3a915a3df66572f238ace7fa5,0x95fe5961368664c3da8879d7542149ddf0738d82,0.05,2026-02-22T14:37:47+00:00,0xfeb284e7aca86653bd957f40f9ff067139b684e99b8fb3af28af1555eb5d0973
0x782ad740c44eebd3a915a3df66572f238ace7fa5,0x7778d0f00002f599cd2c3e3c45121205f95aa59d,0.0,2026-02-22T14:38:11+00:00,0x628faf30faf47a5f2aaac9e4c719c7f0f04bd19d6b81470f6884cf3dc808039e
0x782ad740c44eebd3a915a3df66572f238ace7fa5,0x95fe5961368664c3da8879d7542149ddf0738d82,0.0,2026-02-22T17:29:23+00:00,0x880c53ac4ce39953a917fe2000f6a7802089273c0e008a872d5715150614c579
0x782ad740c44eebd3a915a3df66572f238ace7fa5,0x95fe5961368664c3da8879d7542149ddf0738d82,0.05,2026-02-22T17:30:23+00:00,0xa4de2b2e1a2eb7c6c042ce0ded83fa531277ddeb3ecba35f1e556b43d42bfc78
0x782ad740c44eebd3a915a3df66572f238ace7fa5,0x8b95fe1c06e58c269f1267e0f0093b7b26b85481,0.0,2026-02-22T17:30:35+00:00,0xafb1f96fa507d7b6bf9845e33ed343cc61dcd11b03ef78c144f0ab2262f9e2ab
0x782ad740c44eebd3a915a3df66572f238ace7fa5,0x95fe5961368664c3da8879d7542149ddf0738d82,0.035,2026-02-22T17:35:59+00:00,0x6faf18c1b2198d413a4439c7c0829984118b55cff5fd61ef777acd827db2cc57
0x782ad740c44eebd3a915a3df66572f238ace7fa5,0x2c36daeb4f2e87d7431c125500fec1277c8a3127,0.0,2026-02-22T17:36:11+00:00,0x932c893afa7a9d26fea579d0fffca7612e73cb8bdeaeab78a7b058f0e736e51e
0x782ad740c44eebd3a915a3df66572f238ace7fa5,0x95fe5961368664c3da8879d7542149ddf0738d82,0.0,2026-02-22T17:36:47+00:00,0x518fb21bdb818e749c28fdaa11adba298edc55205283ad76934e6d946e1e1b62
0x782ad740c44eebd3a915a3df66572f238ace7fa5,0x95fe5961368664c3da8879d7542149ddf0738d82,0.05,2026-02-22T17:37:59+00:00,0xb35b34952f995e92834df86203a7c7780416fd336bac0a1c3428b6bfb06c5a5e
0x782ad740c44eebd3a915a3df66572f238ace7fa5,0x07ddacf367f0d40bd68b4b80b4709a37bdc9f847,0.0,2026-02-22T17:38:11+00:00,0x594f3a571c2786dd589546867713002307d64e81cd2d1e89cd5de97418822e89
0x782ad740c44eebd3a915a3df66572f238ace7fa5,0x95fe5961368664c3da8879d7542149ddf0738d82,0.0,2026-02-25T14:47:11+00:00,0xaa72e034bcf2a6afee381e283c15ec365dddd06930d027c9eee06321db008224
0x782ad740c44eebd3a915a3df66572f238ace7fa5,0x95fe5961368664c3da8879d7542149ddf0738d82,0.0,2026-02-27T02:01:23+00:00,0xa857e1796a9ea322013ff1fe224afe0a32733658aaa3d9d3ff3f44f8bbe19da1
0x782ad740c44eebd3a915a3df66572f238ace7fa5,0x95fe5961368664c3da8879d7542149ddf0738d82,0.0,2026-02-27T02:03:11+00:00,0xc69a3aff9397dae83ae3550c95d537de0d941b87a973a64e7e43b04b4d559eee
0x782ad740c44eebd3a915a3df66572f238ace7fa5,0x95fe5961368664c3da8879d7542149ddf0738d82,0.05,2026-02-27T16:11:23+00:00,0xb9f648a360d15de7c5d2255b28aeed2e1919e94fb124b974a85bbecef175071a
0x782ad740c44eebd3a915a3df66572f238ace7fa5,0x69f7586af7f99f9bc13913edf49df420df350055,0.0,2026-02-27T16:11:35+00:00,0x390bf10bd391e9c1e1a87516b771d0bc90fce56d9b79d577431aa776d02c1c4f
0x782ad740c44eebd3a915a3df66572f238ace7fa5,0x95fe5961368664c3da8879d7542149ddf0738d82,0.05,2026-02-28T19:38:23+00:00,0x508b3b515ae987409c0912364e06bdcaa88fe60ed16f9147ff8a9835b051b3a0
0x782ad740c44eebd3a915a3df66572f238ace7fa5,0x6cafe9a75a4fc185ca3fe07d50b960c4b20ad69d,0.0,2026-02-28T19:38:35+00:00,0xea02a087edbf73a530da60b3cc630a3fefdf5a2df4c55301ce20d1f2f5f98bfd
0x782ad740c44eebd3a915a3df66572f238ace7fa5,0x95fe5961368664c3da8879d7542149ddf0738d82,0.0,2026-02-28T19:53:59+00:00,0xbb471c4ba7f7b22d0e2c659b1fa96e5503f38cfb18814512e30e696133798599
0x782ad740c44eebd3a915a3df66572f238ace7fa5,0x95fe5961368664c3da8879d7542149ddf0738d82,0.05,2026-02-28T19:59:11+00:00,0xd83113b769206a9182b57aee1540d7960e6ad77c9e33313a3a8c6a950ca84e4a
0x782ad740c44eebd3a915a3df66572f238ace7fa5,0xc931a8ab0cb41cee4f684f31622d4028381159c1,0.0,2026-02-28T19:59:23+00:00,0x0fb07bc720c10c0ba69e80110488a58bac52f7f23b2605aebbf8fbafa55deb4e
0x782ad740c44eebd3a915a3df66572f238ace7fa5,0x95fe5961368664c3da8879d7542149ddf0738d82,0.0,2026-02-28T20:57:11+00:00,0x483e0b930a5e37c0b01e914c75f53971753d8d6e7cf844a05abac1d008a4fc8b
0x782ad740c44eebd3a915a3df66572f238ace7fa5,0x95fe5961368664c3da8879d7542149ddf0738d82,0.05,2026-03-01T07:18:23+00:00,0x59ebde9f6900a2053fac1aca1b730900ee403f10a16d8582590d30a42f17f352
0x782ad740c44eebd3a915a3df66572f238ace7fa5,0x95fe5961368664c3da8879d7542149ddf0738d82,0.05,2026-03-01T10:31:35+00:00,0xf36b46a1f7a212a9c50086f16e9f93757567b2afbe45b8dac76ecfe9eac199a3
0x782ad740c44eebd3a915a3df66572f238ace7fa5,0xc3f5d1f723f2b0db32b2d3987615d0d0d174b7ca,0.0,2026-03-01T10:31:47+00:00,0x93854271c76959af2efd6b2d9e88d0a2118cba579630013a31df5fb76c138419
0x782ad740c44eebd3a915a3df66572f238ace7fa5,0x95fe5961368664c3da8879d7542149ddf0738d82,0.05,2026-03-01T10:39:23+00:00,0x743572866ce39be3cde31e08721fb7c003cc78749e734cc0e4ab68cf8ebb73ba
0x782ad740c44eebd3a915a3df66572f238ace7fa5,0x96781b9be757481a4b6623a302a5afa9b33d4f4a,0.0,2026-03-01T10:39:35+00:00,0x3db37b7deea4c91dcbc1b1fdd2779478d7c53d1cb38149dd2b3ea37dc402f047
0x782ad740c44eebd3a915a3df66572f238ace7fa5,0x95fe5961368664c3da8879d7542149ddf0738d82,0.03,2026-03-01T14:36:47+00:00,0xc2250793aff7cdc361e755463daf1040e5490816a4232b727a752d6c7693642a
0x782ad740c44eebd3a915a3df66572f238ace7fa5,0x95fe5961368664c3da8879d7542149ddf0738d82,0.0,2026-03-01T18:26:35+00:00,0x29cf984db19839a586d83a286c1cc6ed266d7ad4d19b043e2508861fbe3a56ab
0x782ad740c44eebd3a915a3df66572f238ace7fa5,0x95fe5961368664c3da8879d7542149ddf0738d82,0.0,2026-03-01T22:09:47+00:00,0xf2bc0b79480e05e97192748b22cf745f2c11b2831f6506b261a13000aa6153b8
0x782ad740c44eebd3a915a3df66572f238ace7fa5,0x95fe5961368664c3da8879d7542149ddf0738d82,0.05,2026-03-02T07:28:11+00:00,0x728d55d239aca76c1fa11c72c5bb49a3882046ff40be244a30dcdb91aa366f47
0x782ad740c44eebd3a915a3df66572f238ace7fa5,0xebc22191f8545da5443f784b493a8d5b15323783,0.0,2026-03-02T07:28:23+00:00,0x03f957d97b987d9f197ed37603a23455a80e15e129a57860b68806142aee78aa
0x782ad740c44eebd3a915a3df66572f238ace7fa5,0x95fe5961368664c3da8879d7542149ddf0738d82,0.0,2026-03-02T15:11:35+00:00,0x00e5e136c84750c07544c105cea8702d6b626fc7ea10d64df5b987459deaae4d
0x782ad740c44eebd3a915a3df66572f238ace7fa5,0x95fe5961368664c3da8879d7542149ddf0738d82,0.05,2026-03-02T19:59:23+00:00,0x7c20b8ac839c7df99c9e84dd7ab2697780f1410f171738a7d6c46b547eeeb857
0x782ad740c44eebd3a915a3df66572f238ace7fa5,0x076011c42636cadb0e5f30865649c91071f23c93,0.0,2026-03-02T19:59:47+00:00,0xc32012792ffce7b2effedbc452aa6e0899acb42c139de45577ec9d6efd2247ba
0x782ad740c44eebd3a915a3df66572f238ace7fa5,0x95fe5961368664c3da8879d7542149ddf0738d82,0.05,2026-03-02T20:00:59+00:00,0x2fdb4ee8b563f01b5c238f562b352fc0e19c5853d18362dd66b096c252efae23
0x782ad740c44eebd3a915a3df66572f238ace7fa5,0x3479374c74193e69c89ff818466138117d8de32f,0.0,2026-03-02T20:01:11+00:00,0x65b08271ba067ef427d255cb48c8b83f7bdc8599d3202e992f8f184691bcdc4a
0x782ad740c44eebd3a915a3df66572f238ace7fa5,0x95fe5961368664c3da8879d7542149ddf0738d82,0.05,2026-03-02T20:15:59+00:00,0xc77efe36e1085d8fa0de7fede0256f05febb9b8339a4a0a2814b2bd0570cc148
0x782ad740c44eebd3a915a3df66572f238ace7fa5,0x95fe5961368664c3da8879d7542149ddf0738d82,0.0,2026-03-03T07:03:35+00:00,0x7affecf257116c4020423b39e118b0db313c9b5a664cd7daa8a5ae646039e57f
0x782ad740c44eebd3a915a3df66572f238ace7fa5,0x95fe5961368664c3da8879d7542149ddf0738d82,0.05,2026-03-03T07:16:11+00:00,0xd7d961976ef2b59dbc3d162789c250acb259be18119e07a70affdf7d843c01ce
0x782ad740c44eebd3a915a3df66572f238ace7fa5,0x95fe5961368664c3da8879d7542149ddf0738d82,0.05,2026-03-03T07:23:59+00:00,0xe2320681970c0bfeef96a4acc5a18e5e4694a29054216df8195221fdab396cf7
0x782ad740c44eebd3a915a3df66572f238ace7fa5,0xc5b0251dacfab74bc2debaa52072a2a4c939c105,0.0,2026-03-03T07:24:11+00:00,0x36ef5a38193e96850d58e4f856e484e53370d2f0a54470a05c75f0faf2ebec36
0x782ad740c44eebd3a915a3df66572f238ace7fa5,0x95fe5961368664c3da8879d7542149ddf0738d82,0.0,2026-03-03T07:24:47+00:00,0x99f9c905c1cff03601d8b10720c67cc62cccfded23e0cac2b3d5e5d44f0d4327
0x782ad740c44eebd3a915a3df66572f238ace7fa5,0x95fe5961368664c3da8879d7542149ddf0738d82,0.05,2026-03-03T07:32:59+00:00,0x39af20f01c68e78b033e8bd33802a9994047137e9fef54419ab12987b0304bac
0x782ad740c44eebd3a915a3df66572f238ace7fa5,0xffe203b59393593965842439ce1e7d7c78109b46,0.0,2026-03-03T07:33:11+00:00,0x7bc657ca3045ba6f5ab751ee6a4db3354d5e56f4b5360aa5e9b26b9b8bb745b4
0x782ad740c44eebd3a915a3df66572f238ace7fa5,0x95fe5961368664c3da8879d7542149ddf0738d82,0.0,2026-03-03T11:21:11+00:00,0x47e7bbc2b366ae4cb20104187c46e653c9e771c22f11bb7e6a45a2f6d4158b85
0x782ad740c44eebd3a915a3df66572f238ace7fa5,0x95fe5961368664c3da8879d7542149ddf0738d82,0.07,2026-03-03T11:21:23+00:00,0x3e64cfc7f308b4bcf98387f3de6cdfcddd908c1e88b3becca48f68449b3169fd
0x782ad740c44eebd3a915a3df66572f238ace7fa5,0x0590cc9232ebf68d81f6707a119898219342ecb9,0.0,2026-03-03T11:21:35+00:00,0x1ffd66d64e4b797706628e231fc62953b745b701572ac4c472497a16f4f2a989
0x782ad740c44eebd3a915a3df66572f238ace7fa5,0x8b547c690c3f71ad62a9f24063bc4ce8930ebe2a,0.0,2026-03-04T16:17:47+00:00,0xbde82b4475511f8c722795d15eb993665a01abd15976d5c5751bbe9c9ab691f0
0x782ad740c44eebd3a915a3df66572f238ace7fa5,0x95fe5961368664c3da8879d7542149ddf0738d82,0.0,2026-03-04T16:17:59+00:00,0x0e4d7cd5e2be60982d6548cf76b0acf9e3f560e43b0557521dd0117484224ec7
0x782ad740c44eebd3a915a3df66572f238ace7fa5,0x95fe5961368664c3da8879d7542149ddf0738d82,0.07,2026-03-04T19:51:11+00:00,0xcfc3cefc3b41f2128839bb1c30e84c17504c95ba2ec654c68360697799ebffb5
0x782ad740c44eebd3a915a3df66572f238ace7fa5,0xba5528552c0addbc1e2609aa3c314e04366f220d,0.0,2026-03-04T19:51:23+00:00,0xe392dab2fdce27581681691ded00b4f248b8a33b497f643e382d4280c028e6c5
0x782ad740c44eebd3a915a3df66572f238ace7fa5,0x95fe5961368664c3da8879d7542149ddf0738d82,0.05,2026-03-04T19:54:59+00:00,0x14ce36ace77fcbadb86e377eb20fcd7d5e124fc56f17f3ffaf43d4a9a44bbfbd
0x782ad740c44eebd3a915a3df66572f238ace7fa5,0x2dad25c812851d58dc41a3bbb37a3854c2010e81,0.0,2026-03-04T19:55:11+00:00,0xcafac79803c49c8e05af611f7c27267b4b463d6898ade127cd1461083caad57f
0x782ad740c44eebd3a915a3df66572f238ace7fa5,0x95fe5961368664c3da8879d7542149ddf0738d82,0.0,2026-03-04T22:57:23+00:00,0x06f5c428c48727558e588de7d16ddbb3f1bb977779327ce473cbc8be19e916c5
0x782ad740c44eebd3a915a3df66572f238ace7fa5,0x95fe5961368664c3da8879d7542149ddf0738d82,0.1,2026-03-06T07:46:47+00:00,0x3fa630d157edc907fdde226a3bd5d07503676db2d301dc68c2817e985fff38db
0x782ad740c44eebd3a915a3df66572f238ace7fa5,0x95fe5961368664c3da8879d7542149ddf0738d82,0.06,2026-03-07T06:09:11+00:00,0x27a9fc5f74125b38957068f4d4c769198ff634172c850027f89d326653898ef0
0x782ad740c44eebd3a915a3df66572f238ace7fa5,0x95fe5961368664c3da8879d7542149ddf0738d82,0.03,2026-03-07T07:54:35+00:00,0x5b04a0586f0d65cb0b0f5b4ea136e7ba0d1118f40993c2fc5c03188bc47d3479
0x782ad740c44eebd3a915a3df66572f238ace7fa5,0xa0908f980a3d055555cae3d78c6c1aac8a0ad5f4,0.0,2026-03-07T07:54:47+00:00,0x3c8d26dd9001d2e39ad8f8fd3010a63944e1c218f3d701a851e2ac0b04544ffc
0x782ad740c44eebd3a915a3df66572f238ace7fa5,0x95fe5961368664c3da8879d7542149ddf0738d82,0.03,2026-03-07T08:06:35+00:00,0xe744089d8b003ec3cf1ef6cfd711329d7448912691bb1c2c32d1369e6a21a8cc
0x782ad740c44eebd3a915a3df66572f238ace7fa5,0x95fe5961368664c3da8879d7542149ddf0738d82,0.04,2026-03-07T08:07:23+00:00,0x7ab79dff0a8ec2e1378ac58db32744f519d8b9421da12b13c779b8c9c3cb4a64
0x782ad740c44eebd3a915a3df66572f238ace7fa5,0x95fe5961368664c3da8879d7542149ddf0738d82,0.0,2026-03-09T07:11:47+00:00,0x9c5900febc9b6a3b139c3d095628952d712d6eb8d803ede96218105607fde825
0x782ad740c44eebd3a915a3df66572f238ace7fa5,0x95fe5961368664c3da8879d7542149ddf0738d82,0.05,2026-03-09T07:12:11+00:00,0x04af8ea3e87b6d74d8adab968fc323d2a11f12c5f391fb56681293ccf854b436
0x782ad740c44eebd3a915a3df66572f238ace7fa5,0xa4e009e698ed9d818cf6efde5897a950ef1e2be5,0.0,2026-03-09T07:12:23+00:00,0xc3be95fea73342ca6cdc8606b473f06c49728b29ae2874c7690e8db7171cabad
0x782ad740c44eebd3a915a3df66572f238ace7fa5,0x95fe5961368664c3da8879d7542149ddf0738d82,0.0,2026-03-09T07:15:47+00:00,0x8e675a585701611b5b065f10b841c377e0ef26eb0a957ba83f1a794dfb5246b8
0x782ad740c44eebd3a915a3df66572f238ace7fa5,0x95fe5961368664c3da8879d7542149ddf0738d82,0.05,2026-03-09T07:16:11+00:00,0x2fc3d38eeef1f6fd756ca5f1cb4ea234b9dd91ce31538dbc55f535597e63d9fd
0x782ad740c44eebd3a915a3df66572f238ace7fa5,0x8132ac29f007337395e782c930960895c9de3e10,0.0,2026-03-09T07:16:23+00:00,0xb0f0aacf66ab6fe1ba11840d847805fb70aec5d49ac45c04435a62a1e9995d5d
0x782ad740c44eebd3a915a3df66572f238ace7fa5,0x95fe5961368664c3da8879d7542149ddf0738d82,0.0,2026-03-11T13:29:23+00:00,0xf53d7937f8aeac6beceecb5340e861c4586f25b5688d8a3e07a2e392b2d8c721
0x782ad740c44eebd3a915a3df66572f238ace7fa5,0x95fe5961368664c3da8879d7542149ddf0738d82,0.0,2026-03-11T13:29:35+00:00,0xca08555802b5c87e6df863729e621139f61158332c3b9b4e3de7c43d193ec035
0x782ad740c44eebd3a915a3df66572f238ace7fa5,0x95fe5961368664c3da8879d7542149ddf0738d82,0.05,2026-03-11T13:30:11+00:00,0x64409a3e7f1fd59709e00d53ae0cfd937d4ad3ebbc96186d63fddb628e3ad431
0x782ad740c44eebd3a915a3df66572f238ace7fa5,0x0a6fb262d4581129f7f3ff1690f72a1a27bc930e,0.0,2026-03-11T13:30:35+00:00,0x0522b45a0fd76dd3a4e5e780fca6b9da4ca2b87e1f38f6afb5f9c19e8227ec4d
0x782ad740c44eebd3a915a3df66572f238ace7fa5,0x95fe5961368664c3da8879d7542149ddf0738d82,0.0,2026-03-11T14:37:23+00:00,0x63148775781440f418b32c0f1e01f104ba18c11dd959655f4fd998763a8ab578
0x782ad740c44eebd3a915a3df66572f238ace7fa5,0x95fe5961368664c3da8879d7542149ddf0738d82,0.05,2026-03-11T14:37:35+00:00,0xf17e1281a2436293769db97ab1562263c18e99caa065b2dc802a843261ce5e43
0x782ad740c44eebd3a915a3df66572f238ace7fa5,0x354e61402d5e9962c289b65470cf6f5f0b14f57c,0.0,2026-03-11T14:38:47+00:00,0xf4ee67a0fffaef46cdd5a30926130261856a81fe7f72bc28a1b0ad2adcba4777
0x782ad740c44eebd3a915a3df66572f238ace7fa5,0x95fe5961368664c3da8879d7542149ddf0738d82,0.0,2026-03-11T14:54:11+00:00,0x1c54dbe0b8f71cc4a5924135320e2220db023cb5d932dfae98c1f4096282ca17
0x782ad740c44eebd3a915a3df66572f238ace7fa5,0x95fe5961368664c3da8879d7542149ddf0738d82,0.05,2026-03-11T14:54:23+00:00,0x126eb0cb9b6d4218c3e4cf63499fe89a072b05bf272ef4654febf6d26a0c4a97
0x782ad740c44eebd3a915a3df66572f238ace7fa5,0xad28eb7dc0ff036e75aaa6e3665463fa9ddc09ce,0.0,2026-03-11T14:54:35+00:00,0xb800864d29207642b731eda1307dc522ef423ae0797c84aac9e50864aab0e39f
0x782ad740c44eebd3a915a3df66572f238ace7fa5,0x95fe5961368664c3da8879d7542149ddf0738d82,0.0,2026-03-17T17:58:47+00:00,0x9247718e6e65125c6b6eb7cd89ea173816b1649b0f330812377cd2095f189e91
0x782ad740c44eebd3a915a3df66572f238ace7fa5,0x95fe5961368664c3da8879d7542149ddf0738d82,0.03,2026-03-17T17:59:11+00:00,0xc81febe547f68739525f1b59872dd91f80bd0327b8a383e738f4c582e83b87e9
0x782ad740c44eebd3a915a3df66572f238ace7fa5,0x3038bf2353e2f5eab2f5020b777486faf182b530,0.0,2026-03-17T17:59:23+00:00,0xd5192abf12c588c11f997f969e1748ccbb3e60cb759afda3d2b186e2cee492c8
0x782ad740c44eebd3a915a3df66572f238ace7fa5,0x95fe5961368664c3da8879d7542149ddf0738d82,0.0,2026-03-18T17:25:11+00:00,0xc84d79630e6aa8571a5877e18ae88748b49455631f7be221a6f21db2c455db5b
0x782ad740c44eebd3a915a3df66572f238ace7fa5,0x95fe5961368664c3da8879d7542149ddf0738d82,0.03,2026-03-18T17:25:23+00:00,0x10cb18e35b65e2e885696b8be9d545c53cba462fa7cafedda732f8e7b8b0559f
0x782ad740c44eebd3a915a3df66572f238ace7fa5,0xc77867d630dbe567d219a86fddbe7ef1f0670fdc,0.0,2026-03-18T17:25:35+00:00,0xe698d47ed4121fe587a218f046d86ab8ac85de32d04e1b170b2313d55b873b29
0x782ad740c44eebd3a915a3df66572f238ace7fa5,0x95fe5961368664c3da8879d7542149ddf0738d82,0.0,2026-03-18T18:11:11+00:00,0x146b337eab3868d231fc9614a5f246c69a76c268995af73ede3efb1333aae2dd
0x782ad740c44eebd3a915a3df66572f238ace7fa5,0x95fe5961368664c3da8879d7542149ddf0738d82,0.05,2026-03-19T20:32:11+00:00,0xfcfbfa0f019b61cce15d1103495e3a7992a112ff416ecc56a837beee464e8cc6
0x782ad740c44eebd3a915a3df66572f238ace7fa5,0x2affc6d26198a497ce1271b48f579ddd52df6870,0.0,2026-03-19T20:32:23+00:00,0xa44aa0bc71174677b64c0c586bc844e1a0b8959f240d93e5a7abebc690f3cbd7
0x782ad740c44eebd3a915a3df66572f238ace7fa5,0xb92fe925dc43a0ecde6c8b1a2709c170ec4fff4f,0.004726698963748804,2026-03-21T14:53:11+00:00,0x4fc06f03840b7e6935d41d843ad1ad5a575a249a7e4c05f4f3182e5799376193
0x782ad740c44eebd3a915a3df66572f238ace7fa5,0x95fe5961368664c3da8879d7542149ddf0738d82,0.0,2026-03-23T15:35:59+00:00,0x518b47e92dbf84092ea75c420032bafc8cd102f534a4c9f6bef6b5d9ad3e483f
0x782ad740c44eebd3a915a3df66572f238ace7fa5,0x95fe5961368664c3da8879d7542149ddf0738d82,0.0,2026-03-23T15:36:35+00:00,0x2013a7cf69bc25e77c571c53d85f420b7330a4ce7e65b04e8d9edb8fbda27977
0x782ad740c44eebd3a915a3df66572f238ace7fa5,0x95fe5961368664c3da8879d7542149ddf0738d82,0.05,2026-03-23T15:36:59+00:00,0x3c81e866311a2ca8cf110cd35a6f82a1dc6a4a16374ef24290084791260b8722
0x782ad740c44eebd3a915a3df66572f238ace7fa5,0xa0f48cb0cde07d336cec707f6f1e18a6ffcfb0d6,0.0,2026-03-23T15:37:11+00:00,0xc43aa509e2963d67950cae36e05199925a45b32bd44a7ac07a2f2839343ec766
0x782ad740c44eebd3a915a3df66572f238ace7fa5,0x95fe5961368664c3da8879d7542149ddf0738d82,0.03,2026-03-23T15:56:47+00:00,0x3b7605a13ad1150427fdab91797fbb23d502fdbb15354eacdf7fe7061ca69658
0x782ad740c44eebd3a915a3df66572f238ace7fa5,0xfa45df03811e9dd62eb3ca1effb0a4c99a3a068d,0.0,2026-03-23T15:56:59+00:00,0x7b0b6bdde77150f58f14bf470cd998d85fbcab5f97eb6f75ec10be6f02678441
0x782ad740c44eebd3a915a3df66572f238ace7fa5,0x95fe5961368664c3da8879d7542149ddf0738d82,0.0,2026-03-23T17:58:35+00:00,0x7b74f92e7d27f530d512cfcceb3f34724efc5c147225ac7f9a14ac2262d840a0
0x782ad740c44eebd3a915a3df66572f238ace7fa5,0x95fe5961368664c3da8879d7542149ddf0738d82,0.03,2026-03-23T17:59:11+00:00,0xfa0258b0732f433b60628b98f853b093a5c4ea7a4982923dd2402de2bbc1dc52
0x782ad740c44eebd3a915a3df66572f238ace7fa5,0x98b7b21087c583890dbd0cc6903d9fdf634feb4a,0.0,2026-03-23T17:59:23+00:00,0xe55bbdeae27d04af2eeedd902593b0a8075c48cf8d2a40fefd4c034471b99b55
0x782ad740c44eebd3a915a3df66572f238ace7fa5,0x95fe5961368664c3da8879d7542149ddf0738d82,0.0,2026-03-23T18:55:35+00:00,0xbcc997f7b358bcaeb5e7e368c1fc31c76ff25861c4783a8fe146b7cbf62c8212
0x782ad740c44eebd3a915a3df66572f238ace7fa5,0x95fe5961368664c3da8879d7542149ddf0738d82,0.0,2026-03-24T05:38:35+00:00,0xe87b92c38d7c93d80c517458e10010d18d6c0a517349f90da52ae61347208462
0x782ad740c44eebd3a915a3df66572f238ace7fa5,0x95fe5961368664c3da8879d7542149ddf0738d82,0.0,2026-03-25T10:06:11+00:00,0x93aceae9e662b362de6fafa097ed262ee0af9699aa0e5098ef6efc17e532a849
0x782ad740c44eebd3a915a3df66572f238ace7fa5,0x95fe5961368664c3da8879d7542149ddf0738d82,0.0,2026-03-25T13:11:47+00:00,0x4b6db4200c6c394f508e2e6d5baaa5c49b71b2097b36a42d16b2bd9e264b1781
0x782ad740c44eebd3a915a3df66572f238ace7fa5,0x95fe5961368664c3da8879d7542149ddf0738d82,0.1,2026-03-29T18:09:23+00:00,0xd0a606f2346b7bf4c83fcf0c5ce2ea809c6c0d3c946054f67556d7bfef49b1c5
0x782ad740c44eebd3a915a3df66572f238ace7fa5,0x6a26edf3bbc9f154ca9175216ceb9812f5305e6e,0.0,2026-03-29T18:09:35+00:00,0x3f1aa8087c64c7d7c6dca1232a3777b38d54309e07ca8ed8952fd0d8bad201e9
0x782ad740c44eebd3a915a3df66572f238ace7fa5,0x95fe5961368664c3da8879d7542149ddf0738d82,0.03,2026-03-29T18:32:23+00:00,0x4fd076ced0fee1a830602ad00b844ac0b224af17f017b90ea0764c19863f13f0
0x782ad740c44eebd3a915a3df66572f238ace7fa5,0xd4c7d6bfe00ba0a408fb0c04c94d1b2d7efccaa5,0.0,2026-03-29T18:32:35+00:00,0x0845dd7660978b07ba01cb74fee74e6d961142a1929bd9a9515584cb96e298b0
0x782ad740c44eebd3a915a3df66572f238ace7fa5,0x95fe5961368664c3da8879d7542149ddf0738d82,0.05,2026-03-29T18:33:59+00:00,0x1d01de4defcb058dff82c755b68f07a31b7bd5b417d98acfeee01cc1c1b10ffa
0x782ad740c44eebd3a915a3df66572f238ace7fa5,0xb8c94927741d9f04bb230043c85e3f9dfe3a26bd,0.0,2026-03-29T18:34:11+00:00,0x89ef6eb60197674d39086cec308ccde06fdce1b0ae9651c5af41d3ef4e8410e2
0x782ad740c44eebd3a915a3df66572f238ace7fa5,0x95fe5961368664c3da8879d7542149ddf0738d82,0.0,2026-03-30T09:10:47+00:00,0x886f04f3d28fccc31581442f20504233c5e5265fb9d6e6b6851877e1db5479d5
0x782ad740c44eebd3a915a3df66572f238ace7fa5,0x95fe5961368664c3da8879d7542149ddf0738d82,0.0,2026-03-30T19:21:47+00:00,0x64e6095fec5a72308b6a66fa23cf971fd4762751a6c91765f3ec93b95c867ffc
0x782ad740c44eebd3a915a3df66572f238ace7fa5,0x95fe5961368664c3da8879d7542149ddf0738d82,0.0,2026-04-01T21:10:47+00:00,0xfee6cd5d108665c530d08f7d4120e11060ba91e5abd55669eb23d336430bd5b1
0x782ad740c44eebd3a915a3df66572f238ace7fa5,0x95fe5961368664c3da8879d7542149ddf0738d82,0.05,2026-04-01T21:10:59+00:00,0x28ae9a04f642e458dd5bc1040529892e1cffb67fbe144be130819608b1dcbde0
0x782ad740c44eebd3a915a3df66572f238ace7fa5,0x95fe5961368664c3da8879d7542149ddf0738d82,0.01,2026-04-01T21:13:47+00:00,0x04ed20d14dc2a8607757fe53c4c7052e91b423d367a8379694a859a10ef8bcb6
0x782ad740c44eebd3a915a3df66572f238ace7fa5,0x95fe5961368664c3da8879d7542149ddf0738d82,0.03,2026-04-01T21:15:35+00:00,0x81336fa65514b194127d3272cca8583ed6f41ce07bb58f00e649befca05accfa
0x782ad740c44eebd3a915a3df66572f238ace7fa5,0x12ff68b3b3467a5911641deb7431995f5c691d40,0.0,2026-04-01T21:15:47+00:00,0x689e3dbf6ff7e04bfc5d7ac09c9a2f659985f13afc207029f3592298a9befd8b
0x782ad740c44eebd3a915a3df66572f238ace7fa5,0x95fe5961368664c3da8879d7542149ddf0738d82,0.05,2026-04-01T21:17:11+00:00,0xe7f1a275cd5de1504477f28b3f647b42c77f5d842ededdddde197c5047e56a95
0x782ad740c44eebd3a915a3df66572f238ace7fa5,0x8b74770b3195497cda77f80eb4e89016691b5d59,0.0,2026-04-01T21:17:23+00:00,0xf05740392da8b77c6e60b62e2eec77e145fa272a58a2df1681e13974a24ad6b1
0x782ad740c44eebd3a915a3df66572f238ace7fa5,0x95fe5961368664c3da8879d7542149ddf0738d82,0.0,2026-04-02T14:18:59+00:00,0xd8a81aac98ba0708ef330a5ad619546827c6585f41a9ad0ebdfec7e00d488fe3
0x782ad740c44eebd3a915a3df66572f238ace7fa5,0x95fe5961368664c3da8879d7542149ddf0738d82,0.03,2026-04-02T14:22:35+00:00,0xd95abd2d7ace547ca132b6a05ad6196f07fd5aa704a0ba3a6c0f308844abedc3
0x782ad740c44eebd3a915a3df66572f238ace7fa5,0x16650bc9e2e0c43bd70fae4d09ebbc79fa3f9471,0.0,2026-04-02T14:22:47+00:00,0x430f87e31d078b56d6e04ae310f492014df6359dba8bba1f4f1da54011a8df9d
0x782ad740c44eebd3a915a3df66572f238ace7fa5,0x95fe5961368664c3da8879d7542149ddf0738d82,0.0,2026-04-03T06:08:59+00:00,0x1d3b865a1e6b5f7809beb58b310f48073e6edfd2139177ed130bc38fdfda131b
0x782ad740c44eebd3a915a3df66572f238ace7fa5,0x95fe5961368664c3da8879d7542149ddf0738d82,0.05,2026-04-06T16:37:11+00:00,0xf4fd8ef2e3c28bf9d48c01386cd64bc9d269b87f96d444ec6051e29adde61595
0x782ad740c44eebd3a915a3df66572f238ace7fa5,0xbefd83723cc70c3fa317ec6d486d60345ccdd8b3,0.0,2026-04-06T16:37:23+00:00,0xd7316efaf590fb23b390ec45f9837a15b870a9a6fde9948dac99cedf78de72d1
0x782ad740c44eebd3a915a3df66572f238ace7fa5,0x95fe5961368664c3da8879d7542149ddf0738d82,0.0,2026-04-08T09:50:23+00:00,0x0a9470489d3c63dbf432f68149b827eea2197c266a19aa9d0e164ef59c43163c
0x782ad740c44eebd3a915a3df66572f238ace7fa5,0x95fe5961368664c3da8879d7542149ddf0738d82,0.0,2026-04-09T06:03:11+00:00,0xdab8c138536fb9cc6dbf67aa3fff1a10673423334b0f4fd5b68ca32173d82b8e
0x782ad740c44eebd3a915a3df66572f238ace7fa5,0x95fe5961368664c3da8879d7542149ddf0738d82,0.0,2026-04-12T14:35:11+00:00,0xa1517e992aebb0eb4b9a0ecc2d0c14c330b4410ab8c1d103602b7ed7f9424590
0x782ad740c44eebd3a915a3df66572f238ace7fa5,0x95fe5961368664c3da8879d7542149ddf0738d82,0.0,2026-04-13T18:54:11+00:00,0xb45deb443bd5c8abfaccf249a88a28936eb318c062d1bc65c90fcecbf1986a2c
0x782ad740c44eebd3a915a3df66572f238ace7fa5,0x95fe5961368664c3da8879d7542149ddf0738d82,0.1,2026-04-14T14:52:23+00:00,0xcf174a486ae3da8becb1e1f568b30b568aaf1d8446b55c2b5ad7de6efe371cb4
0x782ad740c44eebd3a915a3df66572f238ace7fa5,0x52dd39e5d1a5f4b8a622466bbe880b5427bf038e,0.0,2026-04-14T14:52:35+00:00,0x0d7014d626ccb766311d5279f6e78141414d51b069d44aa9081e5a97b14c5ec0
0x782ad740c44eebd3a915a3df66572f238ace7fa5,0x95fe5961368664c3da8879d7542149ddf0738d82,0.03,2026-04-16T10:12:11+00:00,0xe98076c04b13bdc579175e70da94c3b1f008a92f617b51aacc48740f6c7783c3
0x782ad740c44eebd3a915a3df66572f238ace7fa5,0x10c113e3c11b124b0b5099cf2389dc9b1a4792d3,0.0,2026-04-16T10:12:23+00:00,0xecb28c0ef75785470eebfe8e22815e3608c48c5ffc2b70018d5b82391acd0616
0x782ad740c44eebd3a915a3df66572f238ace7fa5,0x95fe5961368664c3da8879d7542149ddf0738d82,0.03,2026-04-16T10:12:59+00:00,0x8be45324c9f8a68b45169f7283d2ec7210473a8dc53ba1f1decf04cb62e0f4fc
0x782ad740c44eebd3a915a3df66572f238ace7fa5,0xb6a5b010ebf40031269962a2520eb54174045ceb,0.0,2026-04-16T10:13:11+00:00,0xf5b5c4ba79a755f5adddf79aabd2081156a3ee176f856f69edf0ffebeaf6f56b
0x782ad740c44eebd3a915a3df66572f238ace7fa5,0x95fe5961368664c3da8879d7542149ddf0738d82,0.03,2026-04-16T10:16:59+00:00,0x733e1a0051abaf260a9b30fd1058bb581d6d7cb53ae6f79a71583dce87cc974e
0x782ad740c44eebd3a915a3df66572f238ace7fa5,0x95fe5961368664c3da8879d7542149ddf0738d82,0.035,2026-04-16T23:35:11+00:00,0x365d12291d539531fcb096883d1bf41ae5824c7d8aee83d830ae519ffdf71fab
0x782ad740c44eebd3a915a3df66572f238ace7fa5,0x58f27ecfb84034f093d57397f744bfc6bebed27d,0.0,2026-04-16T23:35:23+00:00,0xee1776678fe300df4e378a0ffcc989dea802087973c13c4136eb691f7a70f736
0x782ad740c44eebd3a915a3df66572f238ace7fa5,0x95fe5961368664c3da8879d7542149ddf0738d82,0.03,2026-04-16T23:38:35+00:00,0x760fb2eb529434c16b8984d87b0e0fd3a23169bf18cbd3db625ce9abcb00fcc5
0x782ad740c44eebd3a915a3df66572f238ace7fa5,0x690006fc4b93c1ba9d1a527ecbd5c2ce4f89fed6,0.0,2026-04-16T23:38:59+00:00,0xd85a75cbf00677dc5fde7f518b721ef5bfbd2ba1074a804e75169f8e8abe6efa
0x782ad740c44eebd3a915a3df66572f238ace7fa5,0x95fe5961368664c3da8879d7542149ddf0738d82,0.03,2026-04-16T23:42:47+00:00,0x04a1cde0d688ff692e7d66c870b82c2142d7ad588c75fd9e8372f755ff5f8730
0x782ad740c44eebd3a915a3df66572f238ace7fa5,0x1a2c379e3f863005bde8afcaf72bcfad37581770,0.0,2026-04-16T23:42:59+00:00,0xec99138c0fec3eb5cc0f6a8b8269c7e09daf3cf757cfa5614e675b4acb20424f
0x782ad740c44eebd3a915a3df66572f238ace7fa5,0x95fe5961368664c3da8879d7542149ddf0738d82,0.0,2026-04-17T05:00:11+00:00,0xf9f6f067ffb09523cb07d1b6026a16f718bfae34e6c1a2d3f50ff75043585608
0x782ad740c44eebd3a915a3df66572f238ace7fa5,0x95fe5961368664c3da8879d7542149ddf0738d82,0.05,2026-04-17T05:00:23+00:00,0x7143e67388891eac8d3ad434d88d7a20c7ba75700b63f99a0f63a8189f9654f4
0x782ad740c44eebd3a915a3df66572f238ace7fa5,0x08ab816ab1551aef8cd9fedf17a0b846eeb48c99,0.0,2026-04-17T05:00:35+00:00,0xd40657bbfa235fa6bade918b87c5c697f652588fc32103444966abfa374e7b93
0x782ad740c44eebd3a915a3df66572f238ace7fa5,0x95fe5961368664c3da8879d7542149ddf0738d82,0.0,2026-04-17T05:20:23+00:00,0x36e46363a7775ad4ee29b77f9f779f434f13f621fe254775a3f012a329f44f6d
0x782ad740c44eebd3a915a3df66572f238ace7fa5,0x95fe5961368664c3da8879d7542149ddf0738d82,0.05,2026-04-17T05:20:35+00:00,0xb552d64e1df5369356b90e474b36bda45b5e6d3b5c25d8d790f2552790b7c9fe
0x782ad740c44eebd3a915a3df66572f238ace7fa5,0x8baf5d75cae25c7df6d1e0d26c52d19ee848301a,0.0,2026-04-17T05:20:47+00:00,0x4a04b62ba28a99454b8976655e99601acaace889871e006833bb765bc78a7cd8
0x782ad740c44eebd3a915a3df66572f238ace7fa5,0x95fe5961368664c3da8879d7542149ddf0738d82,0.0,2026-04-17T05:21:47+00:00,0x40349bf644d039588ec500a7058bd562e64d57cd59571976c5f07564fe7adc09
0x782ad740c44eebd3a915a3df66572f238ace7fa5,0x95fe5961368664c3da8879d7542149ddf0738d82,0.05,2026-04-17T05:21:59+00:00,0x18485ed30e6a50ccca346335c55f49203317346b1ed073c984e01625b4adcc62
0x782ad740c44eebd3a915a3df66572f238ace7fa5,0x2d63995d3021f3404f71f7f1dcb3385499e56d16,0.0,2026-04-17T05:22:11+00:00,0x84bb3922d28413dee72f406fcded05a2f31fc5e0edca5340d4edd85c152660d5
0x782ad740c44eebd3a915a3df66572f238ace7fa5,0x95fe5961368664c3da8879d7542149ddf0738d82,0.0,2026-04-17T05:46:23+00:00,0x77e6e1b1e9eb8d83276e7422bfde99d1469a1bf59f6a3fc6e18cbce0986d389e
0x782ad740c44eebd3a915a3df66572f238ace7fa5,0x95fe5961368664c3da8879d7542149ddf0738d82,0.045,2026-04-17T05:46:47+00:00,0x485389a0f59f40c822294e843ee5a67f7d21f0fedf71914e8a66dbb1ba0556dc
0x782ad740c44eebd3a915a3df66572f238ace7fa5,0xcae0dd4bda7ff3e700355c7629b24d5d728bd2ce,0.0,2026-04-17T05:47:11+00:00,0x9c9f745064c09defeb126c155958dae13b643be884ed8dc5333a47e48e6c429b
0x782ad740c44eebd3a915a3df66572f238ace7fa5,0x95fe5961368664c3da8879d7542149ddf0738d82,0.0,2026-04-17T05:55:23+00:00,0x091aae8828b4b9f9cca509395d1b61a1679b63c29e13b3f105aa53415d7bc27c
0x782ad740c44eebd3a915a3df66572f238ace7fa5,0x95fe5961368664c3da8879d7542149ddf0738d82,0.03,2026-04-17T05:55:47+00:00,0xa7e73a5983f6ccbcaff107522ba3af8c9f378d74ccd589ce77a433cb86ae2202
0x782ad740c44eebd3a915a3df66572f238ace7fa5,0x95fe5961368664c3da8879d7542149ddf0738d82,0.0,2026-04-17T07:24:59+00:00,0x16270339982a4bdd4767f55d90662564dc3acb9645610435845aa375efc8044f
0x782ad740c44eebd3a915a3df66572f238ace7fa5,0x95fe5961368664c3da8879d7542149ddf0738d82,0.05,2026-04-17T07:25:35+00:00,0x750482d67dcd02bd761daaec05fda72149a9763f6b091b78e4d2c0ce47c17c23
0x782ad740c44eebd3a915a3df66572f238ace7fa5,0x6597338c91933b70f89d8ed19dbd34e4936e5ca4,0.0,2026-04-17T07:25:47+00:00,0x12f2d43be93d9b6c77e4af7af3a909a17998d43204681b43a86244d46c1401c3
0x782ad740c44eebd3a915a3df66572f238ace7fa5,0x95fe5961368664c3da8879d7542149ddf0738d82,0.0,2026-04-17T07:39:47+00:00,0xf80c9c49d0729cce80afb48fc97bc8fdf4fcd210227720c65fd8e89a6c0d7efd
0x782ad740c44eebd3a915a3df66572f238ace7fa5,0x95fe5961368664c3da8879d7542149ddf0738d82,0.05,2026-04-17T07:40:11+00:00,0x5f8eb003a6310ba57e5e260c250a8d6bf66ec5af7574c5e03b7e5e1603c38e9e
0x782ad740c44eebd3a915a3df66572f238ace7fa5,0xa7a09321fc98967a75d9dc6154177011d82abf3d,0.0,2026-04-17T07:40:23+00:00,0x9477d4a5610ce3cefd6818c26334e70edbf080c3b594789484682395a4ee39ee
0x782ad740c44eebd3a915a3df66572f238ace7fa5,0x95fe5961368664c3da8879d7542149ddf0738d82,0.05,2026-04-17T07:40:35+00:00,0x7b950066bb19840a3ede9244e3747af684f2e98f3886c5d4a2f9bc8dbe84f5d1
0x782ad740c44eebd3a915a3df66572f238ace7fa5,0x69ebf265f86ccd67db5ce8c9fbe30243981b92ea,0.0,2026-04-17T07:40:47+00:00,0x2e98ef57d2b0e47b61b7a6fa9dca67e2ed98bd96a3d6720e76fa7de281e9e45f
0x782ad740c44eebd3a915a3df66572f238ace7fa5,0x95fe5961368664c3da8879d7542149ddf0738d82,0.03,2026-04-17T07:41:23+00:00,0x0bae536f02a15f0ef3dcc26df520f7b9c6892d0c54eeddedc8d54ec61013042f
0x782ad740c44eebd3a915a3df66572f238ace7fa5,0x69e88c991a8c76abf922d1666f0b47ffa346086a,0.0,2026-04-17T07:41:35+00:00,0xc44ea50f0e39f06e2423090a71faf508c61c7c061ce84c1cee15c7204c8b270d
0x782ad740c44eebd3a915a3df66572f238ace7fa5,0x95fe5961368664c3da8879d7542149ddf0738d82,0.0,2026-04-17T07:45:23+00:00,0xb0f1f126341d35f3f961ab14b04284ef3998ea3ef6bd55bd4c582a556137b3d5
0x782ad740c44eebd3a915a3df66572f238ace7fa5,0x95fe5961368664c3da8879d7542149ddf0738d82,0.04,2026-04-17T07:47:47+00:00,0xdcc21e4a049a96f2d8d1a8ca94b76cbe85474c0f37f7855edca59bffb80cbc35
0x782ad740c44eebd3a915a3df66572f238ace7fa5,0x0d384035c54a11428fe4e70a6a4e0c56041ffc75,0.0,2026-04-17T07:47:59+00:00,0x5d7436abd5016db690a3163e276c2e64221e4ef20aa4dc60b512795bd48a6a31
0x782ad740c44eebd3a915a3df66572f238ace7fa5,0x95fe5961368664c3da8879d7542149ddf0738d82,0.0,2026-04-17T07:50:59+00:00,0xd39c410abda9132d9c07cdd506342eb7f871f09e098775220111949b6e596c8a
0x782ad740c44eebd3a915a3df66572f238ace7fa5,0x95fe5961368664c3da8879d7542149ddf0738d82,0.05,2026-04-17T07:51:11+00:00,0x6d3779b78fe4f63ef60cf70f58d340ef6500481842f1d57c8775a563fff0f602
0x782ad740c44eebd3a915a3df66572f238ace7fa5,0x76b579e30e05b483edc42874b24124d9536302af,0.0,2026-04-17T07:51:23+00:00,0x204195a4cda2818d77bf8197d296f13b950039473882054ad774d4aa524ec9c3
0x782ad740c44eebd3a915a3df66572f238ace7fa5,0x95fe5961368664c3da8879d7542149ddf0738d82,0.066,2026-04-17T07:51:59+00:00,0x1e88561b0d280fa19f990ad22ed985b4637027d5eb130916bc7334d197c8cab7
0x782ad740c44eebd3a915a3df66572f238ace7fa5,0x6a76a004f3bda1447b7d8bbea8355866420b8cb5,0.0,2026-04-17T07:52:11+00:00,0xae41df23a028bff655aeb5c82e1ef5fda31a4d7f9badba725680dab0f6479bcf
0x782ad740c44eebd3a915a3df66572f238ace7fa5,0x95fe5961368664c3da8879d7542149ddf0738d82,0.0,2026-04-17T08:04:35+00:00,0xa917b8d4fe58919e4ae0de8f06b61bff699706c16529aa6a0bfc8bbcdf968665
0x782ad740c44eebd3a915a3df66572f238ace7fa5,0x95fe5961368664c3da8879d7542149ddf0738d82,0.0,2026-04-17T08:07:11+00:00,0x57e3e226a527ea5bad15db06a1990b77d0793afc9250ef7103050df7b5a7300b
0x782ad740c44eebd3a915a3df66572f238ace7fa5,0x66a9893cc07d91d95644aedd05d03f95e1dba8af,0.03,2026-04-17T08:14:59+00:00,0x8f563fd655a140fc5c0866b45691500391ee65fd54064811c46ea4da3bcb4093
0x782ad740c44eebd3a915a3df66572f238ace7fa5,0x95fe5961368664c3da8879d7542149ddf0738d82,0.0,2026-04-17T09:55:11+00:00,0x2ddafe6437b99974b2066d46145b51a7824f0adc97a2592051b7287383183e08
0x782ad740c44eebd3a915a3df66572f238ace7fa5,0x95fe5961368664c3da8879d7542149ddf0738d82,0.0,2026-04-17T10:59:59+00:00,0x9f25a48156f5d7ebcfd380ce252c137c5a72aba321e7cf67a0b9e8639bbdeaaa
0x782ad740c44eebd3a915a3df66572f238ace7fa5,0x95fe5961368664c3da8879d7542149ddf0738d82,0.05,2026-04-17T11:00:35+00:00,0x4e4c39438181e1c80da40af7cab70bec850f8db7690f2d6302865d0157672471
0x782ad740c44eebd3a915a3df66572f238ace7fa5,0xf8a184ee5537e4bd74be2aa10e05019d37dfbbeb,0.0,2026-04-17T11:00:47+00:00,0xea9e0a394ba92cda07896b68d564d5f5ff317b2a7e9b519bf61bc09fcbae21bb
0x782ad740c44eebd3a915a3df66572f238ace7fa5,0x95fe5961368664c3da8879d7542149ddf0738d82,0.025,2026-04-17T12:49:59+00:00,0xe814213c5116987b146e0a52c47c8a66a812ed0fb302456b26cf6c888cd4d19b
0x782ad740c44eebd3a915a3df66572f238ace7fa5,0x5c2aa685a0b07fb22bced54b08778d91bece7511,0.0,2026-04-17T12:50:11+00:00,0x488aeb7aa1d43e072245747b0fa87abba7d5a3498d2fec419bf2f06fea722dc9
0x782ad740c44eebd3a915a3df66572f238ace7fa5,0x95fe5961368664c3da8879d7542149ddf0738d82,0.0,2026-04-17T13:54:23+00:00,0x7fe264e0ddf674949f7d51f98adc58fcb5ccf008726fc02d74f0a6f17f8853e6
0x782ad740c44eebd3a915a3df66572f238ace7fa5,0x95fe5961368664c3da8879d7542149ddf0738d82,0.0,2026-04-17T13:54:59+00:00,0x291ce669ebcaef7bd01f5e067508c92fed674aaff3d22a250645d1e13b38aae3
0x782ad740c44eebd3a915a3df66572f238ace7fa5,0x95fe5961368664c3da8879d7542149ddf0738d82,0.05,2026-04-17T14:02:47+00:00,0x6f742067f66afe4d4702c51c3c5ccc9b5799ce9390988317616a011340924c73
0x782ad740c44eebd3a915a3df66572f238ace7fa5,0x18b6b2cdba9cd9b28fe9c2622c2207956d52bafd,0.0,2026-04-17T14:02:59+00:00,0x735d77dc4bc77c03137b718ce3fcfe7d748f926299c2be29705dc8e340bcc67c
0x782ad740c44eebd3a915a3df66572f238ace7fa5,0x95fe5961368664c3da8879d7542149ddf0738d82,0.05,2026-04-17T14:03:35+00:00,0xcfe7b589062749378b3e34980eeab8376ee0863485a649e35a61d555761b5cff
0x782ad740c44eebd3a915a3df66572f238ace7fa5,0x16c22a91c705ec3c2d5945dbe2aca37924f1d2ed,0.0,2026-04-17T14:03:47+00:00,0x43f812a2d748ded8a290f730c6c87d7577de51ea11d8b243dd78ae8412ef64de
0x782ad740c44eebd3a915a3df66572f238ace7fa5,0x95fe5961368664c3da8879d7542149ddf0738d82,0.0,2026-04-17T16:04:23+00:00,0x91431256f66274740113a081601faff40aa884eb8d6b94ba31d7b160f48adf2b
0x782ad740c44eebd3a915a3df66572f238ace7fa5,0x95fe5961368664c3da8879d7542149ddf0738d82,0.088,2026-04-17T16:06:11+00:00,0x79afd0f17265cd535972bc114319c4ad9cb85a5a7d47c2536378e0bfe13eb31c
0x782ad740c44eebd3a915a3df66572f238ace7fa5,0x3751d747bb6ebdc038f2a609c93c0e4eeaca2e13,0.0,2026-04-17T16:06:35+00:00,0xf48f828187725a469149eac41392dc746ab07c9af8f062f1e3e90f8aac0d4749
0x782ad740c44eebd3a915a3df66572f238ace7fa5,0x95fe5961368664c3da8879d7542149ddf0738d82,0.0,2026-04-18T03:28:11+00:00,0x6e94c3e311776e5acce59509ec6787c1d2686673957da0a73caf1214534c6bcf
0x782ad740c44eebd3a915a3df66572f238ace7fa5,0x95fe5961368664c3da8879d7542149ddf0738d82,0.05,2026-04-18T03:28:23+00:00,0x8790766466b7f970e6ba6404db7f8da6040da491f76c64c332fafde7d1c23074
0x782ad740c44eebd3a915a3df66572f238ace7fa5,0x1986ef0ce0a7fee7064137f00e7652f3e0bd35ea,0.0,2026-04-18T03:28:35+00:00,0x8f8a31930aa4f7e4408f4e91d9464a169e9b273da1a3b7d412d381e0260d082e
0x782ad740c44eebd3a915a3df66572f238ace7fa5,0x95fe5961368664c3da8879d7542149ddf0738d82,0.0,2026-04-18T03:36:35+00:00,0xca0592979985bc5fc11e18a006b90a5b950a27774f836dae9432dd5d10d2c733
0x782ad740c44eebd3a915a3df66572f238ace7fa5,0x95fe5961368664c3da8879d7542149ddf0738d82,0.045,2026-04-18T03:37:11+00:00,0xe27e398811bc1dcd07f6e555bbb503ffb97185d86d03f7df3ee0653815b901f4
0x782ad740c44eebd3a915a3df66572f238ace7fa5,0x8ccccc29949013e4cf60bddf123222e283888db8,0.0,2026-04-18T03:37:23+00:00,0x23f07fe032c92d45febd18859d7697e7528e3b24c8c52835715bb2e29a6bdb94
0x782ad740c44eebd3a915a3df66572f238ace7fa5,0x95fe5961368664c3da8879d7542149ddf0738d82,0.0,2026-04-18T04:30:35+00:00,0xc57fd641b2a79d93ee99aee595e720c25212b3e3e96261a10074e70e503a6f0e
0x782ad740c44eebd3a915a3df66572f238ace7fa5,0x95fe5961368664c3da8879d7542149ddf0738d82,0.066,2026-04-18T04:47:11+00:00,0xffc93b7ec3cb6be3bd451d8736713d48c95cc0b43a3bfdb5e6f38c624b5b93c0
0x782ad740c44eebd3a915a3df66572f238ace7fa5,0x66bff0d18513c648690edcdf5993c9da8c632ec8,0.0,2026-04-18T04:47:35+00:00,0x3f11a292ede15f392651ed34b8d2989bed219939ab89c25d66e7bc1760145dad
0x782ad740c44eebd3a915a3df66572f238ace7fa5,0x95fe5961368664c3da8879d7542149ddf0738d82,0.0,2026-04-18T07:53:35+00:00,0x1cfc42d7e55ce3d547d3ed61cc1b983a91d8fbfa953472c93a7e849456669729
0x782ad740c44eebd3a915a3df66572f238ace7fa5,0x95fe5961368664c3da8879d7542149ddf0738d82,0.05,2026-04-18T08:06:23+00:00,0xeab6662c74f5bd62288b9d8ee970ad1b5f404aa44025d307764faaea345988c3
0x782ad740c44eebd3a915a3df66572f238ace7fa5,0xd749b369d361396286f8cc28a99dd3425ac05619,0.0,2026-04-18T08:06:35+00:00,0x1b83911dcbb67efd875ff574076cba1b66c024f542f7dcc16f352256dae174c7
0x782ad740c44eebd3a915a3df66572f238ace7fa5,0x95fe5961368664c3da8879d7542149ddf0738d82,0.0,2026-04-18T08:10:59+00:00,0x04b53c3c30a9dd32625466b796276ea3e53738a31988197e8e20c3c9b47f6ac5
0x782ad740c44eebd3a915a3df66572f238ace7fa5,0x95fe5961368664c3da8879d7542149ddf0738d82,0.05,2026-04-18T08:11:11+00:00,0x2524ddea4510def01682eb4fb107fbd6d90142326f2ea3c5dc0b002a31bbf57f
0x782ad740c44eebd3a915a3df66572f238ace7fa5,0x67c4d14861f9c975d004cfb3ac305bee673e996e,0.0,2026-04-18T08:11:23+00:00,0x0bf05c876711c6368d1aab6ee0f8e738ad4db08d3eab660aa8fd556e7311a24c
0x782ad740c44eebd3a915a3df66572f238ace7fa5,0x95fe5961368664c3da8879d7542149ddf0738d82,0.0,2026-04-18T13:44:35+00:00,0x819fa51d0a3d0f4fae6760d6a3f211d213cd5b13f7f12a0136d29b5230ebc1d8
0x782ad740c44eebd3a915a3df66572f238ace7fa5,0x69287452d787d147c0fd2244fdb1b828fa3ccf1d,0.0,2026-04-18T13:44:59+00:00,0xd280b46e353a321e4145316faa7fce092681d42e139ab88868002a5f81a2099d
0x782ad740c44eebd3a915a3df66572f238ace7fa5,0x95fe5961368664c3da8879d7542149ddf0738d82,0.0,2026-04-18T13:45:11+00:00,0x3b1bce42eda6bfb8de9a8a42cda41f2b62c5431f2d95cde16c9a889581270208
0x782ad740c44eebd3a915a3df66572f238ace7fa5,0x95fe5961368664c3da8879d7542149ddf0738d82,0.088,2026-04-18T13:45:23+00:00,0xd3f5bc80cbb19c61c4df0fd10b831e93a5c99f2864650160793c3670bc32293b
0x782ad740c44eebd3a915a3df66572f238ace7fa5,0x19848077f45356b21164c412eff3d3e4ff6ebc31,0.0,2026-04-18T13:45:35+00:00,0x867fd046bac732fb1482605c78fea02252735cd4806b45ae83b3c6bb968a4ed5
0x782ad740c44eebd3a915a3df66572f238ace7fa5,0x95fe5961368664c3da8879d7542149ddf0738d82,0.0,2026-04-18T18:02:59+00:00,0xaee00eac81da261e2c74ed193294ca337cf37e6d05d5cbae75fd1085984e2761
0x782ad740c44eebd3a915a3df66572f238ace7fa5,0x95fe5961368664c3da8879d7542149ddf0738d82,0.045,2026-04-18T18:03:23+00:00,0x90e97ddd3aea3af09a9a501c6818ba721d303a3b945ca788fe0e378e902cd34c
0x782ad740c44eebd3a915a3df66572f238ace7fa5,0xfde96e81b3f6363129f86abd79546a8c7bffb28f,0.0,2026-04-18T18:03:35+00:00,0x5541e1bbd9b40e69d506a54761697660842f5a71b96fbeb83a4b6bcd6d9508a7
0x782ad740c44eebd3a915a3df66572f238ace7fa5,0x95fe5961368664c3da8879d7542149ddf0738d82,0.0,2026-04-18T19:17:23+00:00,0x5cb2c231097db7ffc2259903c0688160e330209badf40bf2e8b561e0afa68979
0x782ad740c44eebd3a915a3df66572f238ace7fa5,0x95fe5961368664c3da8879d7542149ddf0738d82,0.03,2026-04-18T19:18:11+00:00,0x6d89a4c5d4ba9817e38800c9ea1bd0fa53f19da4ece8e82e29ffe4e93e3ffb17
0x782ad740c44eebd3a915a3df66572f238ace7fa5,0x63a10c504180b8da94e6c81f4190781fd19d4b45,0.0,2026-04-18T19:18:35+00:00,0x9f364410e8b45835ae53e57cd075cc4a1dfa6f74879a9df2a677a9f0c8e53ef4
0xdfd5293d8e347dfe59e90efd55b2956a1343963d,0x782ad740c44eebd3a915a3df66572f238ace7fa5,0.48274086,2026-04-18T19:36:47+00:00,0x22b996fd23b5ecebfdc1369fa28004e897529d7cfe98212088d48314eeaadfca
0x782ad740c44eebd3a915a3df66572f238ace7fa5,0x95fe5961368664c3da8879d7542149ddf0738d82,0.05,2026-04-18T19:40:47+00:00,0xd26713947008804a0f43300112d6febc4140d5724571495077057456bee6fdea
0x782ad740c44eebd3a915a3df66572f238ace7fa5,0x04cfa0762ddc10d06a2c45284503ddaa073bc44a,0.0,2026-04-18T19:40:59+00:00,0x4921bf25a025ea9c25fb7cf2977560f0d06cf94200a43546737c8e47501512ab
0x782ad740c44eebd3a915a3df66572f238ace7fa5,0x95fe5961368664c3da8879d7542149ddf0738d82,0.1,2026-04-18T19:41:59+00:00,0x582638a696cdc3752e4179eb981231ce1230c571b5e732a01775447475607dcf
0x782ad740c44eebd3a915a3df66572f238ace7fa5,0x95fe5961368664c3da8879d7542149ddf0738d82,0.1,2026-04-18T19:42:47+00:00,0xfef76893cc6185a4189da1665fe9b9d5eb8c7189a9a4901eb7538009fde6f62b
0x782ad740c44eebd3a915a3df66572f238ace7fa5,0x95fe5961368664c3da8879d7542149ddf0738d82,0.05,2026-04-18T19:43:35+00:00,0x99d56318ff90f0589c6d0b7549cc3133664ae88ebe452fc62df8636e65f924a8
0x782ad740c44eebd3a915a3df66572f238ace7fa5,0xbb98a11694452488756a540553960a5999cc620a,0.0,2026-04-18T19:43:47+00:00,0xad77a0c19804fa43c5c175d3ada8ae1606d8e4b60149e724668c7c3986fb1ff8
0x782ad740c44eebd3a915a3df66572f238ace7fa5,0x95fe5961368664c3da8879d7542149ddf0738d82,0.05,2026-04-18T19:45:23+00:00,0x47559599ae72e34a14c18ae6c125df6db27341e07201ed539f57abbed9389353
0x782ad740c44eebd3a915a3df66572f238ace7fa5,0x0aaae81f9f6fc2095a4d411358bb63ddb558c776,0.0,2026-04-18T19:45:35+00:00,0x04e36f0e722ce6116d8061af149d03c8f7b34bfa0a2b63b0445059b848f8ff1c
0x782ad740c44eebd3a915a3df66572f238ace7fa5,0x95fe5961368664c3da8879d7542149ddf0738d82,0.1,2026-04-18T19:47:11+00:00,0xffaadc6815492095d20e22317b15b3031a3d98e840b1010c18f75320b8c596b4
0x782ad740c44eebd3a915a3df66572f238ace7fa5,0x44e18207b6e98f4a786957954e462ed46b8c95be,0.0,2026-04-18T19:47:35+00:00,0x7b2a6e87d890d6d59b2cf5537315de95928c625c9603e2b6042397f667f1604f
0x56eddb7aa87536c09ccc2793473599fd21a8b17f,0x782ad740c44eebd3a915a3df66572f238ace7fa5,0.68874497,2026-04-18T20:07:47+00:00,0xe7ac8447c112d8e83c8873b245d29a8e4b1c1882c3bb36ea6f1850f5e603e8c2
0x782ad740c44eebd3a915a3df66572f238ace7fa5,0x95fe5961368664c3da8879d7542149ddf0738d82,0.05,2026-04-18T20:16:11+00:00,0x8199054f6066abe623e8117178ca33fb8ba2bdcc8bc1e41873f3c4d992179a6a
0x782ad740c44eebd3a915a3df66572f238ace7fa5,0x1d0a43e95fd50acd97c0fb6e66ba8b8438017d4a,0.0,2026-04-18T20:16:23+00:00,0x24065909bde0a8a6b6e77633302e042200feb015cf375382a793c798995eac20
0x782ad740c44eebd3a915a3df66572f238ace7fa5,0x95fe5961368664c3da8879d7542149ddf0738d82,0.05,2026-04-18T20:16:59+00:00,0x0865e9492d9b99cc26382be65882377c34ccc456c51bbb88a322f8351ed298ef
0x782ad740c44eebd3a915a3df66572f238ace7fa5,0x091bb71a2123575cf85dd9ad6fbde81e7a426096,0.0,2026-04-18T20:17:11+00:00,0x44102c67213ca6a484d67350baf6c53be658b02c17091252054bfdac2b0be241
0x782ad740c44eebd3a915a3df66572f238ace7fa5,0x95fe5961368664c3da8879d7542149ddf0738d82,0.05,2026-04-18T20:18:11+00:00,0x46eb5378721ef0ef5156dc821ae592d7948b6025e954da603de7a4c555ecd547
0x782ad740c44eebd3a915a3df66572f238ace7fa5,0x690001e1a1ea806a22cc44b7cc4adbcba917a266,0.0,2026-04-18T20:18:23+00:00,0xd9839d527eb2d1a43e365630f22a9a903f14703f5282fdd4c00b59b5de24c0c2
0x782ad740c44eebd3a915a3df66572f238ace7fa5,0x95fe5961368664c3da8879d7542149ddf0738d82,0.05,2026-04-18T20:18:35+00:00,0x57f51411c7875361f6ddbee23f1e71c5922c6e174e3c3a7a1a65053d3dac9af9
0x782ad740c44eebd3a915a3df66572f238ace7fa5,0x722d2e60aab90eb3222a8edc802163d243299fb2,0.0,2026-04-18T20:18:47+00:00,0xcfa1861b0181793622a5f57b2d006e432eb68f005280ff2369fb1f076d7d0936
0x782ad740c44eebd3a915a3df66572f238ace7fa5,0x95fe5961368664c3da8879d7542149ddf0738d82,0.1,2026-04-18T20:22:59+00:00,0x002266b7f6ba5d70e2536ad6df9412ff20e7b355577a38a4867a627193f5dbfb
0x782ad740c44eebd3a915a3df66572f238ace7fa5,0x356e17967206efb413b60ab0ba44e269063a26c9,0.0,2026-04-18T20:23:11+00:00,0x7536f309b4688083dd7ff6280500b897add60cae05e1d8f38df75bad4b545ff4
0x782ad740c44eebd3a915a3df66572f238ace7fa5,0x66a9893cc07d91d95644aedd05d03f95e1dba8af,0.03,2026-04-18T20:23:35+00:00,0x50eacaa5fd953305a8dafe48f3462ba40c08207c9008acd43e571ba9bac7c3f2
0x782ad740c44eebd3a915a3df66572f238ace7fa5,0x95fe5961368664c3da8879d7542149ddf0738d82,0.05,2026-04-18T20:24:47+00:00,0xdb66ec6fda7f343e70cbeed776209aa016cd4524373db2c4eaa8ee42261ddb50
0x782ad740c44eebd3a915a3df66572f238ace7fa5,0x95fe5961368664c3da8879d7542149ddf0738d82,0.05,2026-04-18T20:26:59+00:00,0x2a699c4e0e2750f03bdf34cf99b02fdb0d2f8c47fa4a46f8cf553fbee528138d
0x782ad740c44eebd3a915a3df66572f238ace7fa5,0x6862d2f41454c9e10b4dd108a87c703338408b09,0.0,2026-04-18T20:27:11+00:00,0x4901716b3a2aca3425d8f1a7765c0c907a5f4a4fd39eaace44bd8953404ee027
0x782ad740c44eebd3a915a3df66572f238ace7fa5,0x95fe5961368664c3da8879d7542149ddf0738d82,0.066,2026-04-18T20:28:23+00:00,0x92d2d794b44bf036b93b820153c12d035ad6839362c894ea9533feb9894a5b75
0x782ad740c44eebd3a915a3df66572f238ace7fa5,0xf3e9a653ad5bfcb63616f247faba43a95c9fbaf9,0.0,2026-04-18T20:28:47+00:00,0xa3007c27443bfe655337b83d69cc2cc45bc658bcd6b9e2e553eed00befb3b941
0x782ad740c44eebd3a915a3df66572f238ace7fa5,0x95fe5961368664c3da8879d7542149ddf0738d82,0.05,2026-04-18T20:29:47+00:00,0x4cdc09419a9b70a1d88a93273bdf53c2d0e64b0928f3a70abf6dc540cc4e75be
0x782ad740c44eebd3a915a3df66572f238ace7fa5,0xc8a5c747dadf1e9cf3fc8bf4ff2f76e7ac340ea7,0.0,2026-04-18T20:29:59+00:00,0xecccbb9401ce77dedaa7ed1d558f760002cfaee8413f7f3a61856903f31562bd
0x782ad740c44eebd3a915a3df66572f238ace7fa5,0x95fe5961368664c3da8879d7542149ddf0738d82,0.05,2026-04-18T20:31:59+00:00,0x0865510ac247fa29f552f623c277b4efce4e70643e84d4c7f6cd810101a42ca7
0x782ad740c44eebd3a915a3df66572f238ace7fa5,0x4aa3b248e048d502619ac6dae1b43150fb58184d,0.0,2026-04-18T20:32:11+00:00,0x499f92261021abf50236a19e94e4883f6c3c4b57cba7672bd82f8ecded26b93c
0x782ad740c44eebd3a915a3df66572f238ace7fa5,0x95fe5961368664c3da8879d7542149ddf0738d82,0.1,2026-04-18T20:36:11+00:00,0x54a40735c3574b9b535388ec789ec68828be707f7b5a427412d615285c2d2fa2
0x782ad740c44eebd3a915a3df66572f238ace7fa5,0x182cb4588c8042aed9860ba0ec7f4f05102ff191,0.0,2026-04-18T20:36:23+00:00,0x5ba64bad62e9a7a94192e46f4d4fd030b7c03f445a22e476177843c29001e7da
0x782ad740c44eebd3a915a3df66572f238ace7fa5,0x95fe5961368664c3da8879d7542149ddf0738d82,0.0,2026-04-18T21:54:11+00:00,0x21a1244d3910c5b69e817b4cd5c5878d23685ede987f15c089243884921de24e
0x782ad740c44eebd3a915a3df66572f238ace7fa5,0x95fe5961368664c3da8879d7542149ddf0738d82,0.04,2026-04-18T21:54:47+00:00,0x0167e7ac79af5bcf130974f8c4218b5cbb94cec46219dbe316000ccbb112704e
0x782ad740c44eebd3a915a3df66572f238ace7fa5,0x82322e28c5fda9ca15b7d71726caec753ec1b296,0.0,2026-04-18T21:54:59+00:00,0xe27e232b0f83dcf027de42ebb3ba16861f28c838be84182dba5a4d0d12b12398
0x782ad740c44eebd3a915a3df66572f238ace7fa5,0x95fe5961368664c3da8879d7542149ddf0738d82,0.0,2026-04-18T22:07:47+00:00,0xd9d797cdf2ae3381b3777724a508ff61a8d6ea6de56e10fa054d5447c52fb5d3
0x782ad740c44eebd3a915a3df66572f238ace7fa5,0x95fe5961368664c3da8879d7542149ddf0738d82,0.05,2026-04-18T22:19:11+00:00,0x292004f2e20a288096dafbc16361b5106b85b0e593e077ba63723860dcc78277
0x782ad740c44eebd3a915a3df66572f238ace7fa5,0x07f1f0dcded2ec17815524cb16a82f25a78c9f6c,0.0,2026-04-18T22:19:23+00:00,0x8add6f38daed0acd6cb524ed1fbf6cd807db7d552cd9faef9ebdbffe0d2655d3
0x782ad740c44eebd3a915a3df66572f238ace7fa5,0x95fe5961368664c3da8879d7542149ddf0738d82,0.0,2026-04-19T04:40:47+00:00,0xfcf13421c0d38b9490fa2bc337df5fbf649191f9e1d8a11bad11a3d47a77c5c9
0x782ad740c44eebd3a915a3df66572f238ace7fa5,0x95fe5961368664c3da8879d7542149ddf0738d82,0.0,2026-04-19T04:42:47+00:00,0x9e4eb2da260ead7e9fceda21df4ec7bffa950449e88bc415c2dee0c58ffb00b7
0x782ad740c44eebd3a915a3df66572f238ace7fa5,0x95fe5961368664c3da8879d7542149ddf0738d82,0.0,2026-04-19T04:44:47+00:00,0x81a4346989c99b536488a08f731b153769e033b1019a86dc395c048c8b3e48b9
0x782ad740c44eebd3a915a3df66572f238ace7fa5,0x95fe5961368664c3da8879d7542149ddf0738d82,0.06,2026-04-19T04:53:47+00:00,0x095195d4e57b5a2e94df9756f033a00cb410b80c092352da04d7a91b195aeb23
0x782ad740c44eebd3a915a3df66572f238ace7fa5,0xee3c722d177559f73288cec91fa3e4bbfd8c27fc,0.0,2026-04-19T04:53:59+00:00,0x1298830c8f8ed7b8939d87e2d95722816f75ea405af729c00871394f99162466
0x782ad740c44eebd3a915a3df66572f238ace7fa5,0x95fe5961368664c3da8879d7542149ddf0738d82,0.0,2026-04-19T05:15:11+00:00,0x9e6998cd53fa4adec3c406de9e72aafd9f312ab7d0b8c50a0460b074f874b5d0
0x782ad740c44eebd3a915a3df66572f238ace7fa5,0x95fe5961368664c3da8879d7542149ddf0738d82,0.0,2026-04-19T05:16:47+00:00,0x94796ee0af100eaf9f0fed0749cbcfddf3813b2ecda001cdda60ea0ed35ff16c
0x782ad740c44eebd3a915a3df66572f238ace7fa5,0x95fe5961368664c3da8879d7542149ddf0738d82,0.088,2026-04-19T05:19:11+00:00,0x7a929400f1af83605f633d15f865fd4831865626f42d1be9168ce86232fe44b4
0x782ad740c44eebd3a915a3df66572f238ace7fa5,0x8cdda18f0fd28096c839efc487456b50702f7d09,0.0,2026-04-19T05:19:23+00:00,0x6ace66fd46d8d345a94f3cf04c2c62341aebf645ee76f21a14d809ff0f87c99f
0x782ad740c44eebd3a915a3df66572f238ace7fa5,0x95fe5961368664c3da8879d7542149ddf0738d82,0.05,2026-04-19T05:24:35+00:00,0x6e9d6312db486b3c58c842411f18de1e5538a883768792605e010b6d87f4d004
0x782ad740c44eebd3a915a3df66572f238ace7fa5,0x36d701f1e67263b2678eebdfefc0d2acc668bb54,0.0,2026-04-19T05:24:47+00:00,0xf09bd9a836fc08890e6ad0a3a714d2446b752302349104647fd7efca21c5f7f1
0x782ad740c44eebd3a915a3df66572f238ace7fa5,0x66a9893cc07d91d95644aedd05d03f95e1dba8af,0.04,2026-04-19T05:27:47+00:00,0x1d634a4dd92989308a08c8eba885505bfc908e42d3539e61d1118536658c3373
0x782ad740c44eebd3a915a3df66572f238ace7fa5,0x95fe5961368664c3da8879d7542149ddf0738d82,0.0,2026-04-19T05:50:35+00:00,0x16639145c7b452516e0883e6cdd54087e0254d724665def473fd1186b63c165a
0x782ad740c44eebd3a915a3df66572f238ace7fa5,0x95fe5961368664c3da8879d7542149ddf0738d82,0.0,2026-04-19T05:51:35+00:00,0x93b143a13eac8d8d12681d4638ee60598f98da1895cb6d2dc294a59ee2696e85
0x782ad740c44eebd3a915a3df66572f238ace7fa5,0x95fe5961368664c3da8879d7542149ddf0738d82,0.03,2026-04-19T05:56:47+00:00,0xabde5c51d37889e8b723b5a31c7e636775fcab242fd5623868c3fe4fc71c2056
0x782ad740c44eebd3a915a3df66572f238ace7fa5,0xc7bdf5b1a2bd7e24da58b0e54674a63868a1991e,0.0,2026-04-19T05:56:59+00:00,0xe2602d0a71108bd1e48116aa00ae1104f915746802b7e2e2db57e4d00be6f1be
0x782ad740c44eebd3a915a3df66572f238ace7fa5,0x95fe5961368664c3da8879d7542149ddf0738d82,0.05,2026-04-19T05:57:23+00:00,0x89686e67d1b4c6c54169fd9081d09635a3830b99fbb87973ba23b5ede782094f
0x782ad740c44eebd3a915a3df66572f238ace7fa5,0x8e5df6becff13c19ebc3b755210756ccd372d268,0.0,2026-04-19T05:57:35+00:00,0x62fd6ef1f9bcdf6977577d33c954b52fd57a58a53bc530bc44a8c884f8d621e7
0x782ad740c44eebd3a915a3df66572f238ace7fa5,0x95fe5961368664c3da8879d7542149ddf0738d82,0.03,2026-04-19T06:02:47+00:00,0xa9c6aa64b0e863e9bcf663d44c82f539863f018918a4cc3137759f1f373e9d05
0x782ad740c44eebd3a915a3df66572f238ace7fa5,0x0146b2c3311748e1c40fb1985b5fd952ce26e578,0.0,2026-04-19T06:02:59+00:00,0xb61e125b9c4b828742f893157a6cea76657308e458e2093bd0f529460dbeccfd
0x49bde726930f4e844bc5bc1f982d8dff3a33fe8b,0x782ad740c44eebd3a915a3df66572f238ace7fa5,0.027265798293148,2026-04-19T06:17:23+00:00,0xc079d51d0da1c20f3f95e00c32b07ecb6e33f5dc02f1e76bf8d2671ec341c921
0x782ad740c44eebd3a915a3df66572f238ace7fa5,0x95fe5961368664c3da8879d7542149ddf0738d82,0.05,2026-04-19T06:26:11+00:00,0xf6ff9906e1d8eb8a5ec57b7e63ea30ad503f75192181ba74079c3b484fc874b2
0x782ad740c44eebd3a915a3df66572f238ace7fa5,0xc4c721ad1589a9b08881ab0461aefd1d0fc2fc61,0.0,2026-04-19T06:26:23+00:00,0xfb1c6860fc8e8dc939ae3ea76c4225b0b1f0c317bbe2caf6b0113564ea2af584
0x782ad740c44eebd3a915a3df66572f238ace7fa5,0x95fe5961368664c3da8879d7542149ddf0738d82,0.025,2026-04-19T06:29:47+00:00,0x90cb7f5707951f31543c736e65022592c671923f6b6f015319741654afb3b254
0x782ad740c44eebd3a915a3df66572f238ace7fa5,0x95fe5961368664c3da8879d7542149ddf0738d82,0.05,2026-04-19T06:42:23+00:00,0x43261be6fa27a7716b57bfb18c79afbd13da325c7624f95bd6125f61cb91ff9e
0x782ad740c44eebd3a915a3df66572f238ace7fa5,0x0ccae1bc46fb018dd396ed4c45565d4cb9d41098,0.0,2026-04-19T06:42:59+00:00,0x95c20fa70c2938f29ab88a8b516951c461d251f065c6b7ff7c3bbd117af38cfb
0x782ad740c44eebd3a915a3df66572f238ace7fa5,0x95fe5961368664c3da8879d7542149ddf0738d82,0.0,2026-04-19T07:06:35+00:00,0xeb441fa0a935e98a0212040e6ac5a5ac9897fbdd4c29a4c323450e9bb9ac7e3e
0x782ad740c44eebd3a915a3df66572f238ace7fa5,0x95fe5961368664c3da8879d7542149ddf0738d82,0.0,2026-04-19T07:10:47+00:00,0x7d293e19f333287fe2019f4eaa67cb85f8face391316c5ef5cb72535281e8c43
0x782ad740c44eebd3a915a3df66572f238ace7fa5,0x95fe5961368664c3da8879d7542149ddf0738d82,0.0,2026-04-19T07:11:59+00:00,0xf6e0f52f48ae45241b1fdf7b6e5ca96d9ee3b72cd1612dfdf25570cec182bfbb
0x782ad740c44eebd3a915a3df66572f238ace7fa5,0x95fe5961368664c3da8879d7542149ddf0738d82,0.1,2026-04-19T07:19:47+00:00,0xaac14077cf7fc0d1e245ce3d9acf170f28cbba9e269e4a5ff7a9c122617ceb31
0x782ad740c44eebd3a915a3df66572f238ace7fa5,0x11bce3d6e2aec3bfaa4b47fb654c850418ce861b,0.0,2026-04-19T07:19:59+00:00,0x59d8a22cdc403984a7c3f6e091990836941f6791d45809dbc78906afdd64f5a9
0x782ad740c44eebd3a915a3df66572f238ace7fa5,0x95fe5961368664c3da8879d7542149ddf0738d82,0.03,2026-04-19T07:22:11+00:00,0x962f11dcb5d40363bce356137a5f87818c0470c47661700ca7448e4e94f5bb6f
0x782ad740c44eebd3a915a3df66572f238ace7fa5,0xec967b4ea82917945a8921cb9495dfe65e855a1f,0.0,2026-04-19T07:22:23+00:00,0x44252ba429c6f977a258fe7934cc648c31534f6bd80169b024de48d549169234
0x782ad740c44eebd3a915a3df66572f238ace7fa5,0x95fe5961368664c3da8879d7542149ddf0738d82,0.05,2026-04-19T07:24:35+00:00,0xda1cffef3b1d3392692321017c7814f9f927de11607368cd1687e39fd9cb8a1b
0x782ad740c44eebd3a915a3df66572f238ace7fa5,0xc8052717cd30efcfea2714c02f963406bf3911e5,0.0,2026-04-19T07:24:47+00:00,0x48552903955e5756fe306981dafa0755b0032e9be24e5fd85ec2a26643ce92dd
0x782ad740c44eebd3a915a3df66572f238ace7fa5,0x95fe5961368664c3da8879d7542149ddf0738d82,0.045,2026-04-19T07:26:23+00:00,0x5e5011c80540131c2b788261feb9e7f152b2a98347bbb4e3c91c29e50fa8fc64
0x782ad740c44eebd3a915a3df66572f238ace7fa5,0xfa6f1e5a800284982928b1e647880859611ab1aa,0.0,2026-04-19T07:26:35+00:00,0x41bfb5ab4919ea303267698fa418c16946ce298c32945bec5d674637dedf39b4
0x782ad740c44eebd3a915a3df66572f238ace7fa5,0x95fe5961368664c3da8879d7542149ddf0738d82,0.0,2026-04-19T08:15:35+00:00,0x0e3472e80849f2dbf271ab15b9a7ae1384f8d3208b361560d8696b38cb7820c6
0x782ad740c44eebd3a915a3df66572f238ace7fa5,0x95fe5961368664c3da8879d7542149ddf0738d82,0.0,2026-04-19T08:15:47+00:00,0xab706e4910ffac158dba43702a6b396d57e78d3d1c30fb5f0f2f4e2ba1228f10
0x782ad740c44eebd3a915a3df66572f238ace7fa5,0x95fe5961368664c3da8879d7542149ddf0738d82,0.0,2026-04-19T08:16:35+00:00,0xd6e2f7e9b92b1b9d570ba2aac4b9edceac4a342af7036074138ce71c0787ae92
0x782ad740c44eebd3a915a3df66572f238ace7fa5,0x95fe5961368664c3da8879d7542149ddf0738d82,0.05,2026-04-19T08:19:35+00:00,0x2bf54865db524ddaf805093be5d32e5ec955ef648fadf490ea6290f5a36c5eb2
0x782ad740c44eebd3a915a3df66572f238ace7fa5,0xd3130c2bfacf9f6a2f2c598f93d9d73c3bfc001c,0.0,2026-04-19T08:19:47+00:00,0x6c273cd2328b30ef6624f795e5ef9747562f93a1375b7e89a5696817cbbafbf1
0x782ad740c44eebd3a915a3df66572f238ace7fa5,0x95fe5961368664c3da8879d7542149ddf0738d82,0.05,2026-04-19T08:22:23+00:00,0x3864782da7db4d07b26c819de9705aeb4121672f5cf0b2d8ecfe292ff2c6d1cd
0x782ad740c44eebd3a915a3df66572f238ace7fa5,0xd8adceefc97621a7085aec3c420a1cf3a37ac26a,0.0,2026-04-19T08:22:35+00:00,0x10b77b3d0eba5ac132e33d706366bac5f9f1202dc63b398057a1c783b285597b
0x782ad740c44eebd3a915a3df66572f238ace7fa5,0x95fe5961368664c3da8879d7542149ddf0738d82,0.05,2026-04-19T08:26:35+00:00,0x918afd9a33d779790c3bdd8db98b2aeaba06a320b4436b772766714c5f331e34
0x782ad740c44eebd3a915a3df66572f238ace7fa5,0x947406c6e5cccfcf5c86ff15516be3d2c4d2361e,0.0,2026-04-19T08:26:47+00:00,0x79909dc854ef325fec5792b87dce728fcebd722e70060764a4d267eee0ddf74d
0x782ad740c44eebd3a915a3df66572f238ace7fa5,0x95fe5961368664c3da8879d7542149ddf0738d82,0.0,2026-04-19T08:36:23+00:00,0x55070843e9b748016b81c1a063fcaba4ca3af8c673a7d870b94137a69d725f79
0x782ad740c44eebd3a915a3df66572f238ace7fa5,0x95fe5961368664c3da8879d7542149ddf0738d82,0.0,2026-04-19T08:37:35+00:00,0x50ea3cfdbb8ca1ca160f9cb2df94b17f36f384b24e144aabab7acfe81f6170a3
0x782ad740c44eebd3a915a3df66572f238ace7fa5,0x95fe5961368664c3da8879d7542149ddf0738d82,0.0,2026-04-19T08:39:35+00:00,0xb9769c2bb5d2eccd32e713aa2bd7f918d0c02b12107c5c1e07263320f42b0380
0x782ad740c44eebd3a915a3df66572f238ace7fa5,0x95fe5961368664c3da8879d7542149ddf0738d82,0.0,2026-04-19T08:46:59+00:00,0xb2f84ec4577e4849c0b8d4eb690a788b514cb4765c7ada8f62d39d51fb7e9526
0x782ad740c44eebd3a915a3df66572f238ace7fa5,0x95fe5961368664c3da8879d7542149ddf0738d82,0.0,2026-04-19T08:48:11+00:00,0xddd4d780c78306bf78861e9b5b142bca41de7c56821c6bccea0a8cd422d816bb
0x782ad740c44eebd3a915a3df66572f238ace7fa5,0x95fe5961368664c3da8879d7542149ddf0738d82,0.03,2026-04-19T09:02:11+00:00,0x0ec421cf8ae8927ec87a919ecc13f71c238a6fdbf97bdc6d2922680b0c6995f3
0x782ad740c44eebd3a915a3df66572f238ace7fa5,0xc3c35c886736b9e7b87864479d8ba3f5c7ce108a,0.0,2026-04-19T09:02:23+00:00,0x50e8f977f0e6e0cf5e1f21db7b5d70bfa8a008b47a7de51a0da475c6a2b20223
0x782ad740c44eebd3a915a3df66572f238ace7fa5,0x95fe5961368664c3da8879d7542149ddf0738d82,0.05,2026-04-19T09:07:23+00:00,0xd4a2b958dd854f3a2894fe29963477e574a0a60727af1927e477a0d5379e5030
0x782ad740c44eebd3a915a3df66572f238ace7fa5,0xa1000870e20c03fab9744969164e91e14edda850,0.0,2026-04-19T09:07:35+00:00,0x43bd59e15e6921ad6307da71a6c1e9bc9908d92f1f62287d140bd2271ff07356
0x782ad740c44eebd3a915a3df66572f238ace7fa5,0x95fe5961368664c3da8879d7542149ddf0738d82,0.08,2026-04-19T09:10:47+00:00,0x36a18633e208d7b6dc2b42f78ab6e09acac635f2c8b224301b1f29e74599a0c1
0x782ad740c44eebd3a915a3df66572f238ace7fa5,0x90dbe678f660318ade3bbd29a09fa05f01ce3052,0.0,2026-04-19T09:10:59+00:00,0xdbff4503f104c6722311fa5a1db3a882ab981117a612908ce445f2f14468125b
0x782ad740c44eebd3a915a3df66572f238ace7fa5,0x95fe5961368664c3da8879d7542149ddf0738d82,0.066,2026-04-19T09:12:59+00:00,0x108f514ebeb14cc32e39e5825204cc0961900b7b46dc16994e6c2ff6c481fa22
0x782ad740c44eebd3a915a3df66572f238ace7fa5,0xe5fefd27cd8f03e6301ea36760810f0467c3ed76,0.0,2026-04-19T09:13:23+00:00,0xf1519116ff83316182af5cb4f0e7600e2a06e4f8fe8213ad40756ee560eeaadc
0x782ad740c44eebd3a915a3df66572f238ace7fa5,0x95fe5961368664c3da8879d7542149ddf0738d82,0.05,2026-04-19T09:16:11+00:00,0x72a42df2345d1d07728b7d94e8b9b077b6427a56ee668041e89d1806de70261d
0x782ad740c44eebd3a915a3df66572f238ace7fa5,0xd85a8262fe64f3bc9b5204b65cc75c8f69ea0144,0.0,2026-04-19T09:16:23+00:00,0x25df8ed257fc839a5ce5731bb26998c148dc8d7bc42396dce0bcb3e50813e795
0x782ad740c44eebd3a915a3df66572f238ace7fa5,0x95fe5961368664c3da8879d7542149ddf0738d82,0.0,2026-04-19T09:30:23+00:00,0x1a0e88f3344d1bbdc486eb149cf949d3a078423e85d434102f9eded884f27615
0x782ad740c44eebd3a915a3df66572f238ace7fa5,0x95fe5961368664c3da8879d7542149ddf0738d82,0.05,2026-04-19T09:43:47+00:00,0x542ca8471424db94009e45c6ebbf02c66e8ae63c264ad0baaa696f2f1b5b1438
0x782ad740c44eebd3a915a3df66572f238ace7fa5,0x5408d3883ec28c2de205064ae9690142b035fed2,0.0,2026-04-19T09:44:11+00:00,0x77023eb55e83718d9dd4d1ab4f39dbdaeb8076479a5639800a19e5dc9d25f571
0x782ad740c44eebd3a915a3df66572f238ace7fa5,0x95fe5961368664c3da8879d7542149ddf0738d82,0.03,2026-04-19T09:52:35+00:00,0x9587177c60116976d6e867d9ddb8b3ca7b92852ef44fb483cd19d24aab9cd02f
0x782ad740c44eebd3a915a3df66572f238ace7fa5,0x90647bcb574e478ecbe9b50a6cd37683afd98dba,0.0,2026-04-19T09:52:47+00:00,0x7fb3f9f891646345d10a1ffcc90d609c88682ae85141bb6bc540f20b89709737
0x782ad740c44eebd3a915a3df66572f238ace7fa5,0x95fe5961368664c3da8879d7542149ddf0738d82,0.0,2026-04-19T10:10:11+00:00,0x4c652ca90bafa09d24a9daeced1bdb99de0fe421f5ed2691daa46056faf50bf4
0x782ad740c44eebd3a915a3df66572f238ace7fa5,0x95fe5961368664c3da8879d7542149ddf0738d82,0.0,2026-04-19T10:10:35+00:00,0x72561209d8032486ae2a8679e608317de88119e2ae0ac453ff5da35f77b308c9
0x782ad740c44eebd3a915a3df66572f238ace7fa5,0x95fe5961368664c3da8879d7542149ddf0738d82,0.0,2026-04-19T10:12:59+00:00,0xe0921cd3531cce7ff48a5e9bcd326a5583dae0670737153d99821492cd68c7c9
0x782ad740c44eebd3a915a3df66572f238ace7fa5,0x95fe5961368664c3da8879d7542149ddf0738d82,0.0,2026-04-19T10:22:35+00:00,0x044d92ce08da61cd9c4f0d4fdfd0041ae86df1ad5e38f310dfdc62e22a5bd2f9
0x782ad740c44eebd3a915a3df66572f238ace7fa5,0x95fe5961368664c3da8879d7542149ddf0738d82,0.05,2026-04-19T10:26:23+00:00,0xed2770b4d8818269208b009e925cccbd1d657bf496c249f8cc78f88e7e2dc6cc
0x782ad740c44eebd3a915a3df66572f238ace7fa5,0x6933ac68e00c691e346bb5020a4efaaba07b8cfc,0.0,2026-04-19T10:26:35+00:00,0x92a44a3e8db977378eaab8d09ba81bfe811ac13b76f7ddc97468c2e4c30b75de
0x782ad740c44eebd3a915a3df66572f238ace7fa5,0x66a9893cc07d91d95644aedd05d03f95e1dba8af,0.03,2026-04-19T10:27:47+00:00,0x322c0fef0b18d40da1cef67d06dccd2ed191a3020c71cb965ad629eb61e41128
0x782ad740c44eebd3a915a3df66572f238ace7fa5,0x95fe5961368664c3da8879d7542149ddf0738d82,0.03,2026-04-19T12:12:35+00:00,0xfdd5260cc2105aeed1fa6dc0c56324aec9a6740e1c9a7943ded2c3e2dc8662a8
0x782ad740c44eebd3a915a3df66572f238ace7fa5,0x12419a0427c2a27a61c1cb4a49f5fad24fd4e671,0.0,2026-04-19T12:12:47+00:00,0x40afaa81f7b102f715b37eca41a76f7ab855940719c4917e527e4f99e58512b0
0x782ad740c44eebd3a915a3df66572f238ace7fa5,0x95fe5961368664c3da8879d7542149ddf0738d82,0.05,2026-04-19T12:13:23+00:00,0x5584e41e6b6ffd720d2ac87e9f88c2017d64c4f3e0a23e226c301f12e3e8c10e
0x782ad740c44eebd3a915a3df66572f238ace7fa5,0xa8fa06fed7827a22b81a7ea2fd235d0e58fbd520,0.0,2026-04-19T12:13:35+00:00,0xff7ccae49954257182ee76e7f21760c20881097f3132acc999bad68a096a585c
0x782ad740c44eebd3a915a3df66572f238ace7fa5,0x95fe5961368664c3da8879d7542149ddf0738d82,0.066,2026-04-19T12:19:47+00:00,0xf639a559f2d26eabc4c5452415864e18909970deb2d7bb9efb599eb61649f25f
0x782ad740c44eebd3a915a3df66572f238ace7fa5,0x1160e3a9efeccaf8cf30fc514093fe99ee69d06a,0.0,2026-04-19T12:19:59+00:00,0x8a30bab885fbaeb38f8e0c3f4826604c525197e70c288d9f7c2eefd40c277cdf
0x782ad740c44eebd3a915a3df66572f238ace7fa5,0x95fe5961368664c3da8879d7542149ddf0738d82,0.0,2026-04-19T13:08:11+00:00,0x09c1deeb17438b51c3cd8def3f510add19d69416410ca4e3a365121fc99597f5
0x782ad740c44eebd3a915a3df66572f238ace7fa5,0x95fe5961368664c3da8879d7542149ddf0738d82,0.05,2026-04-19T13:12:23+00:00,0xe1c5149c6afca3b668231e35aa312279dd702f99b344a3bf4f81f818ec41a24c
0x782ad740c44eebd3a915a3df66572f238ace7fa5,0x95fe5961368664c3da8879d7542149ddf0738d82,0.0,2026-04-19T13:15:35+00:00,0x3433a8c45c414b8dd9ffeaa4c82c77aa09a866fb8d54fd7a855e6a91dba31064
0x782ad740c44eebd3a915a3df66572f238ace7fa5,0x95fe5961368664c3da8879d7542149ddf0738d82,0.05,2026-04-19T13:17:59+00:00,0xf566f3cdcb2ff8d5b303faf4fee699775b6af7923c62751c11078fa9b01d41f9
0x782ad740c44eebd3a915a3df66572f238ace7fa5,0x1ad797daa9034a34e634b398c82b25f249280673,0.0,2026-04-19T13:18:11+00:00,0x2b9f704baee5325b859243212edeb1501ed927f852ac736ae18e4902f67c7e7e
0x782ad740c44eebd3a915a3df66572f238ace7fa5,0x95fe5961368664c3da8879d7542149ddf0738d82,0.05,2026-04-19T13:18:23+00:00,0xee32a7319c4c506a0254683a06f04ac324a0e583cd06455f867062ab30a6c589
0x782ad740c44eebd3a915a3df66572f238ace7fa5,0xb11ba5b416cbd1c118852a5645d869c156d41f7b,0.0,2026-04-19T13:18:35+00:00,0xc034551f37da35c327fcbac83700bc4ac9ae2787cf32adda02e93e3128f23057
0x782ad740c44eebd3a915a3df66572f238ace7fa5,0x95fe5961368664c3da8879d7542149ddf0738d82,0.03,2026-04-19T13:22:59+00:00,0xe2341869468c4b2458f91ef2ad325890e7278f917110c72c45e4d09553437fb4
0x782ad740c44eebd3a915a3df66572f238ace7fa5,0xa11b499369522864c0d5bfdaf6c84bafe5cda608,0.0,2026-04-19T13:23:11+00:00,0xdb786028911a1b6427f79f59d4d9e33d6e8e9300e33984ada5cf77d91906ddb8
0x782ad740c44eebd3a915a3df66572f238ace7fa5,0x95fe5961368664c3da8879d7542149ddf0738d82,0.0,2026-04-19T13:24:35+00:00,0xbc53d396800a006895a61effddbf08248384f5ebbbf55627d1f68b9f426e9f56
0x782ad740c44eebd3a915a3df66572f238ace7fa5,0x95fe5961368664c3da8879d7542149ddf0738d82,0.05,2026-04-19T13:25:11+00:00,0x3af4c72caab83a26f4bd4a0c17dc2f74b7f1e857ff57ca12037eb790984e40e4
0x782ad740c44eebd3a915a3df66572f238ace7fa5,0x34268e3ae4159752cdfa58a08d15fde56dc7bd45,0.0,2026-04-19T13:25:23+00:00,0xd2a84029c1d94e4e427fb891706af659da623a4fa6791e4dafdb499b460d9d47
0x782ad740c44eebd3a915a3df66572f238ace7fa5,0x95fe5961368664c3da8879d7542149ddf0738d82,0.0,2026-04-19T14:37:35+00:00,0xcc56494c6f5f97fee221e18c715dba163fc8fc6a808179fc6aa0a035e9083877
0x782ad740c44eebd3a915a3df66572f238ace7fa5,0x95fe5961368664c3da8879d7542149ddf0738d82,0.0,2026-04-19T14:38:35+00:00,0x9e02c6a8e78d3d87a445198214e2065fb8d992047ea81b692ac36e7cb7aea83c
0x782ad740c44eebd3a915a3df66572f238ace7fa5,0x95fe5961368664c3da8879d7542149ddf0738d82,0.0,2026-04-19T14:39:35+00:00,0x749e5c387a2c5f66c472eaad5d00e0ff4479200206f07759b3631fa46a9c7223
0x782ad740c44eebd3a915a3df66572f238ace7fa5,0x95fe5961368664c3da8879d7542149ddf0738d82,0.0,2026-04-19T15:03:59+00:00,0xa2142a1ad086e3c92f422968cb8bba9c9ab253432cbbed419628b344bccb0188
0x782ad740c44eebd3a915a3df66572f238ace7fa5,0x95fe5961368664c3da8879d7542149ddf0738d82,0.0,2026-04-19T15:06:59+00:00,0x76d058b44c6eb70c71314a4be405fb0eeb8eae0017a7c0df7c3c7c0239e0c23b
0x782ad740c44eebd3a915a3df66572f238ace7fa5,0x95fe5961368664c3da8879d7542149ddf0738d82,0.05,2026-04-19T15:44:11+00:00,0x48f71ade44d959e1bf609552648b7bd69d19ba2c834d6893af71c237df80875c
0x782ad740c44eebd3a915a3df66572f238ace7fa5,0x0db5cf386a9fe104fe3597f013db71bfae89416c,0.0,2026-04-19T15:44:23+00:00,0xe2bcb49a31c46cba34b57780290c0b0556204174fdb35f982df455ab0ce3e1c1
0x782ad740c44eebd3a915a3df66572f238ace7fa5,0x95fe5961368664c3da8879d7542149ddf0738d82,0.05,2026-04-19T15:44:59+00:00,0xa1b2644a26dc33ddce3d2e7ba23500fcdad8c5f2636e02c89a3ffd2f5b5acdde
0x782ad740c44eebd3a915a3df66572f238ace7fa5,0xf1187276e688b902f667d61345f7241cf77cb0fa,0.0,2026-04-19T15:45:11+00:00,0x13061a189c7a275e3df2b45f31995bdb3259975245209d30bb5cc3423751a282
0x782ad740c44eebd3a915a3df66572f238ace7fa5,0x95fe5961368664c3da8879d7542149ddf0738d82,0.0,2026-04-19T15:46:59+00:00,0xc55bd62840323eb66fb75230c9ce295796a0eeef8631a9812b672932b0a80a65
0x782ad740c44eebd3a915a3df66572f238ace7fa5,0x95fe5961368664c3da8879d7542149ddf0738d82,0.0,2026-04-19T15:56:59+00:00,0x007da29c9b307beb45e698938c92f59442a7d154b98ad07123724ab9869e7f3a
0x782ad740c44eebd3a915a3df66572f238ace7fa5,0x95fe5961368664c3da8879d7542149ddf0738d82,0.035,2026-04-19T16:02:59+00:00,0xa4be55360d16a3512f1b29688eb1130db951925fae37c03deb7021dba8199138
0x782ad740c44eebd3a915a3df66572f238ace7fa5,0x6fea2cbeee23e3fa88f4436f9d83cb6bafe9e444,0.0,2026-04-19T16:03:11+00:00,0xb107914d55ab648dd0ba9085675fccfd85ed252926cc9099c4ee021d6a877d75
0x782ad740c44eebd3a915a3df66572f238ace7fa5,0x95fe5961368664c3da8879d7542149ddf0738d82,0.05,2026-04-19T16:04:47+00:00,0x3c71393c38fa642ad71a0ba65326625ed09229dd785812e3e8b61638989c87a8
0x782ad740c44eebd3a915a3df66572f238ace7fa5,0xf9de704f52978f5b0288dbec6dd9fa872e174d2f,0.0,2026-04-19T16:04:59+00:00,0x5b520a248952ced2461bc82c4b57f9a9a39015f527001126995237b5a01cc3e2
0x782ad740c44eebd3a915a3df66572f238ace7fa5,0x95fe5961368664c3da8879d7542149ddf0738d82,0.08,2026-04-19T16:08:23+00:00,0xbca1aebdec349b7e8977e8c4b134fc0bb1270cbaac041b910672d75341b99b67
0x782ad740c44eebd3a915a3df66572f238ace7fa5,0xd1fad600b2eb277521b12a95c7d1bd5d614c2fe5,0.0,2026-04-19T16:08:47+00:00,0x17b2ef80ac0c95272aefd01830711e6b84bf1e1347827e0d7c8bd2b307ac7697
0x782ad740c44eebd3a915a3df66572f238ace7fa5,0x95fe5961368664c3da8879d7542149ddf0738d82,0.05,2026-04-19T16:12:11+00:00,0x9b0dc9bbfd861a3beaa067f7c73b887ce8672e9ffa6cfe8172ba65d84d458dc5
0x782ad740c44eebd3a915a3df66572f238ace7fa5,0x2e3fb0298a8dde91860ee8d7b1b0a11d7a1101c0,0.0,2026-04-19T16:12:23+00:00,0xbc2055b9f802ea78ecc7f3ff19c3f8a58bc44e9b5a4278d283c698bb9d41a1d9
0x782ad740c44eebd3a915a3df66572f238ace7fa5,0x95fe5961368664c3da8879d7542149ddf0738d82,0.0,2026-04-19T17:22:59+00:00,0x39cf9ab99682ec48bf4505013eb65e33b45b0be0e96658a61e38127c72ce8864
0x782ad740c44eebd3a915a3df66572f238ace7fa5,0x95fe5961368664c3da8879d7542149ddf0738d82,0.03,2026-04-19T17:48:23+00:00,0xc2495141dfc4183d62f5aaf44311d40009ee5af5101ae1e9f3d424acf14248dd
0x782ad740c44eebd3a915a3df66572f238ace7fa5,0xf5219a5acd5570df5cb968fe10fc2631ee7b1110,0.0,2026-04-19T17:48:35+00:00,0xbaa8fd9f60508017c7f957acbca2ef52d0925d08a1b51713025a2aa99ed58c72
0x782ad740c44eebd3a915a3df66572f238ace7fa5,0x95fe5961368664c3da8879d7542149ddf0738d82,0.01,2026-04-19T17:50:35+00:00,0xabecbc97bf06c4464a9eabb23d1d4bb77d410636dc6483006c2af3ce2e4a17b7
0x782ad740c44eebd3a915a3df66572f238ace7fa5,0x1e8fd89fa547c7f154e572ed634a735da31dd46a,0.0,2026-04-19T17:50:47+00:00,0x3674dac0aa8abaddceb4264837aee2eaf054bda657add23bb726050993cefe3a
0x782ad740c44eebd3a915a3df66572f238ace7fa5,0x95fe5961368664c3da8879d7542149ddf0738d82,0.0,2026-04-19T17:58:11+00:00,0xab44b216fef8c4bb4d8b0112bc8f2bab304aab53de1c7a856c8b751ea7a08300
0x782ad740c44eebd3a915a3df66572f238ace7fa5,0x95fe5961368664c3da8879d7542149ddf0738d82,0.0,2026-04-19T17:59:11+00:00,0x7110f537e99292acb5629952a2328ad2e0d2b6943c4f946b692b01ae508ac874
0x782ad740c44eebd3a915a3df66572f238ace7fa5,0x95fe5961368664c3da8879d7542149ddf0738d82,0.0,2026-04-19T17:59:59+00:00,0x6dcaada70043523c1983093d6b2c97c3a649bfabb21a9fb6a5d100ab702c43e5
0x782ad740c44eebd3a915a3df66572f238ace7fa5,0x95fe5961368664c3da8879d7542149ddf0738d82,0.0,2026-04-19T18:00:35+00:00,0xbdacebbd47794bd72b9d2398fc5cdb2915d96581d69c3972ebaafe25a4e21730
0x782ad740c44eebd3a915a3df66572f238ace7fa5,0x95fe5961368664c3da8879d7542149ddf0738d82,0.0,2026-04-19T18:01:35+00:00,0x7009274f0806e40a25eae078ffa88b98807bf338831c17081626ddd26338f9ce
0x782ad740c44eebd3a915a3df66572f238ace7fa5,0x95fe5961368664c3da8879d7542149ddf0738d82,0.0,2026-04-19T18:01:59+00:00,0x2ae8711fe66f246eb8ecac49c1a9f3f06d166638fee30b325561bb66cf98c83d
0x782ad740c44eebd3a915a3df66572f238ace7fa5,0x95fe5961368664c3da8879d7542149ddf0738d82,0.0,2026-04-19T18:05:11+00:00,0xb34fcd68b1f9ef1a8b322f0f5c6dc8d000064835fc510d68c757634df0d9f379
0x782ad740c44eebd3a915a3df66572f238ace7fa5,0x95fe5961368664c3da8879d7542149ddf0738d82,0.0,2026-04-19T18:06:11+00:00,0x12a0ca6093fe167d0e8f9e326c951d0db4de13c004fc1a6e437bf31238247167
0x782ad740c44eebd3a915a3df66572f238ace7fa5,0x95fe5961368664c3da8879d7542149ddf0738d82,0.0,2026-04-19T18:06:47+00:00,0x1b53b93975c05e6f9b6e140a6aa1667b7c5a2bf76527ecbbf85749bb7093748b
0x782ad740c44eebd3a915a3df66572f238ace7fa5,0x95fe5961368664c3da8879d7542149ddf0738d82,0.0,2026-04-19T18:07:35+00:00,0x145d45b5549deba1c5446a251769a260e0f0ad4790b68d5f1381c7387011a8c6
0x782ad740c44eebd3a915a3df66572f238ace7fa5,0x95fe5961368664c3da8879d7542149ddf0738d82,0.0,2026-04-19T18:08:59+00:00,0x3011ba377d32ffe91991321eab38260dfe47d163624e06dfaf7063f102ef3692
0x782ad740c44eebd3a915a3df66572f238ace7fa5,0x95fe5961368664c3da8879d7542149ddf0738d82,0.0,2026-04-19T18:09:47+00:00,0x35c9634232a616e65bc6cb34a7513935a1c0f65224fb3d98f8dd298872ea9b3e
0x782ad740c44eebd3a915a3df66572f238ace7fa5,0x95fe5961368664c3da8879d7542149ddf0738d82,0.1,2026-04-19T18:17:47+00:00,0x0f08db7195fc8c5c196fe42a59a50c50bc8f2298070dce2177c9f2221579b3b3
0x782ad740c44eebd3a915a3df66572f238ace7fa5,0x4728bac93acd3b601cfb3a4bc2d7cd09ac5212b4,0.0,2026-04-19T18:17:59+00:00,0xe8862428cfb60459daedbc52cf6d737fb4304b06393ebecb9438370d3a5668fe
0x782ad740c44eebd3a915a3df66572f238ace7fa5,0x95fe5961368664c3da8879d7542149ddf0738d82,0.03,2026-04-19T18:19:11+00:00,0x565c513038e6c69cf4a5d6fc6554e7a82dd8d05a99507774bc21cbf1df50d168
0x782ad740c44eebd3a915a3df66572f238ace7fa5,0xbecc95619e5afa39d2b62a57761843d549ca6fef,0.0,2026-04-19T18:19:23+00:00,0x4795387a57a59e8547f57388907feac42b6182cf0250d4b9a7be0f130c927552
0x782ad740c44eebd3a915a3df66572f238ace7fa5,0x95fe5961368664c3da8879d7542149ddf0738d82,0.1,2026-04-19T19:56:35+00:00,0x7300f6022605ab1fa5ac2bcba2de248607d0e1a1cdab4e9b5d013ae66a253a0c
0x782ad740c44eebd3a915a3df66572f238ace7fa5,0x95fe5961368664c3da8879d7542149ddf0738d82,0.1,2026-04-19T19:58:23+00:00,0xbf036693388656cc22605c2085bb9bfdcd4cd8f03e88e15ec04dd06eb4b68728
0x782ad740c44eebd3a915a3df66572f238ace7fa5,0x47c215e35e1a884c808b21f78bc2abfcf4dbf028,0.0,2026-04-19T19:58:35+00:00,0xe772db34d5e8f630a0c11359d41787f2b54aea8977525c57fbec16589a6623f2
0x782ad740c44eebd3a915a3df66572f238ace7fa5,0x95fe5961368664c3da8879d7542149ddf0738d82,0.05,2026-04-19T19:59:35+00:00,0x3c5c70b2c899509fd06e95773e19f86ef75eafc4d712feb49da034966516d2f5
0x782ad740c44eebd3a915a3df66572f238ace7fa5,0xc918e90e02f3d08a0da95c22fe4831a8f232d8c0,0.0,2026-04-19T19:59:47+00:00,0x847f04bd0ed12dff304cadad0d25739f9c379b211fcac86eb63e09394eebab0a
0x782ad740c44eebd3a915a3df66572f238ace7fa5,0x95fe5961368664c3da8879d7542149ddf0738d82,0.2,2026-04-19T20:00:59+00:00,0xc522f6999a3b6860c9c1dcc609949615c152bf6aed29c75314a8fe9c496a2fa9
0x782ad740c44eebd3a915a3df66572f238ace7fa5,0x7d4a23832fad83258b32ce4fd3109ceef4332af4,0.0,2026-04-19T20:01:11+00:00,0xe2fe77d756bdfff0299053c6c9e947e64e31a728c31d574b764d2065ecc19251
0x782ad740c44eebd3a915a3df66572f238ace7fa5,0x95fe5961368664c3da8879d7542149ddf0738d82,0.05,2026-04-19T20:01:35+00:00,0x05f124f1e809ae61f08f87b254406f73dd51842a926e6e6915bc2ae00708105d
0x782ad740c44eebd3a915a3df66572f238ace7fa5,0x69ade4ab21100dc2b125b2f9b2235c66a6e2e38c,0.0,2026-04-19T20:01:47+00:00,0x2f38e547e378106f14f8934166f5f62ba741db29c25ab4295c354160397349c2
0x782ad740c44eebd3a915a3df66572f238ace7fa5,0x95fe5961368664c3da8879d7542149ddf0738d82,0.15,2026-04-19T20:11:59+00:00,0x9d6c8e2928b4470f7fce199bc6df3596fc8c90dbee5c8fc95049cb8f3559d341
0x782ad740c44eebd3a915a3df66572f238ace7fa5,0x81ba3931816759d3fbb4a98a448a0dfdcd2a89bc,0.0,2026-04-19T20:12:11+00:00,0x4db0952bbaea648d64021b7f360e1d4bbc1e73f86905e9ef6ea874dfbb2c1311
0x782ad740c44eebd3a915a3df66572f238ace7fa5,0x95fe5961368664c3da8879d7542149ddf0738d82,0.05,2026-04-19T20:13:23+00:00,0x48865e73771c64ec1f8540a3c2d23569706ca98a52e9fba5bba3059bd9e694e7
0x782ad740c44eebd3a915a3df66572f238ace7fa5,0xfb758c2904dd80d92c2c3ab6ec6184cf6ed4840f,0.0,2026-04-19T20:13:47+00:00,0x6023a6385b85698a0f21784902526970c5f6e1bc191f91a067949809175103f9
0x782ad740c44eebd3a915a3df66572f238ace7fa5,0x95fe5961368664c3da8879d7542149ddf0738d82,0.1,2026-04-19T20:13:59+00:00,0xf660151cca99c8bea355fb422927eb6ec70bfed6c45e7421e2dd20f4066987e0
0x782ad740c44eebd3a915a3df66572f238ace7fa5,0xed4e879087ebd0e8a77d66870012b5e0dffd0fa4,0.0,2026-04-19T20:14:11+00:00,0x5d35e56651a8963f2269ee2596ce51e3d84db215c308f3dab157555ca44588f4
0x782ad740c44eebd3a915a3df66572f238ace7fa5,0x76ba7c0ddf1e992dd5b1631e09e17d39a5b3834e,0.0,2026-04-19T20:40:23+00:00,0x3a6bd6585b9cb50c1554e32e5ad535197f4000d53f4e986576de16254ba0e17f
0x782ad740c44eebd3a915a3df66572f238ace7fa5,0x95fe5961368664c3da8879d7542149ddf0738d82,0.0,2026-04-19T20:40:35+00:00,0x1af47f9db7facabe6da4746cdb848a1777f9c8e61d54b0bf5b94c9d6090f9e93
0x782ad740c44eebd3a915a3df66572f238ace7fa5,0x95fe5961368664c3da8879d7542149ddf0738d82,0.05,2026-04-19T20:40:59+00:00,0x83a37caa8d800ff93b57318b424e836467fe46f085876cd72e9bd0e2cb4661af
0x782ad740c44eebd3a915a3df66572f238ace7fa5,0x07609e3acd353fbdb53984b1c3e1d3553619eb74,0.0,2026-04-19T20:41:11+00:00,0x107e87b89a73052ba93f29e86fa6963e70e21d7002a0a2b0f896ac36005da98e
0x782ad740c44eebd3a915a3df66572f238ace7fa5,0x95fe5961368664c3da8879d7542149ddf0738d82,0.05,2026-04-19T20:43:47+00:00,0x4e4630083370127f0c8c448445e2b33e3b15c8a7cd7853a9a2639e8265bd5170
0x782ad740c44eebd3a915a3df66572f238ace7fa5,0x991384f91e02795d2766d0097a33e0b96c0a9045,0.0,2026-04-19T20:43:59+00:00,0x93ac798078cea577c5f7cf0d773d01fcbe9d50b82c842a8c068f462f9f0bec5c
0x782ad740c44eebd3a915a3df66572f238ace7fa5,0x95fe5961368664c3da8879d7542149ddf0738d82,0.0,2026-04-19T21:01:11+00:00,0x8ec0186a25e1f6ab188372324ccf550061aec7cb6e628badc94f7362d4262fa1
0x782ad740c44eebd3a915a3df66572f238ace7fa5,0x95fe5961368664c3da8879d7542149ddf0738d82,0.05,2026-04-19T21:11:23+00:00,0x760d5dfb0959abc005c7b2cee059902f5606f7236f3c7fb695db1ba976aa5338
0x782ad740c44eebd3a915a3df66572f238ace7fa5,0xf7d8080d1cbad87c131c93477c34ca2da1466ece,0.0,2026-04-19T21:11:35+00:00,0x240d527d1197ddce1ed62c64b86397a9ca1d8ae073d6c2a3e2c60e76c37e01b2
0x782ad740c44eebd3a915a3df66572f238ace7fa5,0x95fe5961368664c3da8879d7542149ddf0738d82,0.0,2026-04-19T21:18:35+00:00,0xc8369aed7c6918fa76c9218e2c7420d20aab74e8cfdfa902a8cd350e23ba37af
0x782ad740c44eebd3a915a3df66572f238ace7fa5,0x95fe5961368664c3da8879d7542149ddf0738d82,0.0,2026-04-20T04:04:35+00:00,0x246fd6076f2625c2aebb88e946495f2360cb81994854a954bda94bf1cf70d2a9
0x782ad740c44eebd3a915a3df66572f238ace7fa5,0x95fe5961368664c3da8879d7542149ddf0738d82,0.0,2026-04-20T05:05:23+00:00,0x7d887d784d3931a977013de2d3d11e06789b9d9bd7e83eaaf812454832f350db
0x782ad740c44eebd3a915a3df66572f238ace7fa5,0x95fe5961368664c3da8879d7542149ddf0738d82,0.1,2026-04-20T06:00:59+00:00,0x691854f9bb07c798dede4d8cf1277446ca5ef420a8beda987bcc27dcbe006b91
0x782ad740c44eebd3a915a3df66572f238ace7fa5,0xa9efd29931cdda74e27c1ca9043a9624ed9888d2,0.0,2026-04-20T06:01:11+00:00,0x4d9f4bc7f4861895fa34e6f10bca6a11c7b3dee080d8871b1095be66d0f63010
0x782ad740c44eebd3a915a3df66572f238ace7fa5,0x95fe5961368664c3da8879d7542149ddf0738d82,0.05,2026-04-20T06:02:59+00:00,0xb7d3d86f5cc825d953703fc1651d29ea9afba2e191db6fd124242792569a791b
0x782ad740c44eebd3a915a3df66572f238ace7fa5,0xd6f8ab9b0f0a06a87ec2599c97e8b867b0fa7814,0.0,2026-04-20T06:03:11+00:00,0x38fdbb937c357f82429202a1eb15b528969b78f772da44ad30468ebf9e236d7d
0x782ad740c44eebd3a915a3df66572f238ace7fa5,0x95fe5961368664c3da8879d7542149ddf0738d82,0.05,2026-04-20T06:04:35+00:00,0x593137b3832451822688c036999c55dfaec8f6f80ce9849ff904cb96e28cd614
0x782ad740c44eebd3a915a3df66572f238ace7fa5,0x7ca4abddda71c61c172b670997130a1e4da32079,0.0,2026-04-20T06:04:47+00:00,0xd3c35fb7bae939c38fc1ebc3b3a7d4b502ff465e3269f446ab4c11e8c627f242
0x782ad740c44eebd3a915a3df66572f238ace7fa5,0x95fe5961368664c3da8879d7542149ddf0738d82,0.05,2026-04-20T06:04:59+00:00,0xcf8c1801acea81ec1e2e4182d85f232887da704fdb1978a5fa56273881f21602
0x782ad740c44eebd3a915a3df66572f238ace7fa5,0x57914df4324a7f9e17062728ca44e566c485af97,0.0,2026-04-20T06:05:11+00:00,0xd7e27e1183ea5566abe4d3eb6512cb2b1be616336c29bd3123b755ea9d468d53
0x782ad740c44eebd3a915a3df66572f238ace7fa5,0x95fe5961368664c3da8879d7542149ddf0738d82,0.05,2026-04-20T06:05:47+00:00,0x2b18ba11feee319bee45a359ec5471f9514226ce723051c8655e13128caf42cb
0x782ad740c44eebd3a915a3df66572f238ace7fa5,0x9c616f1d606efb4b294bdf00e55252ea0a1a0921,0.0,2026-04-20T06:05:59+00:00,0x80d2646ebad6730ab143c6e3e1a97cc01e77796e25bbbabd070d02420e07a669
0x782ad740c44eebd3a915a3df66572f238ace7fa5,0x693475ad37e34017806dbb7898cb943679a1819c,0.0,2026-04-20T06:21:59+00:00,0x67c28f7e0eda5821dbc7a67de6d694c741bb1bd877488bc9cd184b161044ec98
0x782ad740c44eebd3a915a3df66572f238ace7fa5,0x95fe5961368664c3da8879d7542149ddf0738d82,0.0,2026-04-20T06:22:11+00:00,0xbfe5ad0ca29c0ef8dafe64035f22cde6cc9f1a6519fecf921103b67ffde87d10
0x782ad740c44eebd3a915a3df66572f238ace7fa5,0x95fe5961368664c3da8879d7542149ddf0738d82,0.05,2026-04-20T06:29:11+00:00,0x1c2688c78e02a576ec393cad171774a6b20fb4e1417d8ee1269fda31e452cfe5
0x782ad740c44eebd3a915a3df66572f238ace7fa5,0xf2fdd9c25d7bc8002ce89716d1be484b2d976944,0.0,2026-04-20T06:29:23+00:00,0x1812c4db4162b5c15fb727b24e8670d19306b7a271e4dbd3b7957ddfcbaeb468
0x782ad740c44eebd3a915a3df66572f238ace7fa5,0x95fe5961368664c3da8879d7542149ddf0738d82,0.03,2026-04-20T06:29:35+00:00,0x3fde77ea10b09d3d5683791fdaf6c1a7c3a6df0e397e974f1bb2971225133b71
0x782ad740c44eebd3a915a3df66572f238ace7fa5,0x95fe5961368664c3da8879d7542149ddf0738d82,0.05,2026-04-20T06:30:23+00:00,0x99620332e36ef762535ca4b998504bd1b2a761956e66e9dbff2cabe4d64fe1ed
0x782ad740c44eebd3a915a3df66572f238ace7fa5,0x133070a5f65fa729a0c3580ecde22313d5e07f2b,0.0,2026-04-20T06:30:35+00:00,0xf64c4e2014071fb46a254e568062a424f207dd09ee8d9bb424341687a0fc8082
0x782ad740c44eebd3a915a3df66572f238ace7fa5,0x95fe5961368664c3da8879d7542149ddf0738d82,0.0,2026-04-20T07:10:47+00:00,0x9ea39a4693b8ba4b631da7e0b4323f3e44a1957c5d328ac2b0e49a3717f7b7eb
0x782ad740c44eebd3a915a3df66572f238ace7fa5,0x95fe5961368664c3da8879d7542149ddf0738d82,0.0,2026-04-20T07:11:35+00:00,0xb3eef1fb9a2867f565bdd3df989a5f8a501e1c8e18c1a3a2b9a142e52efbc54d
0x782ad740c44eebd3a915a3df66572f238ace7fa5,0x95fe5961368664c3da8879d7542149ddf0738d82,0.05,2026-04-20T07:11:47+00:00,0xe54c579011a7dcd16a38a180a97ba3c5d035d3a26d8bcd242575e020c48806ea
0x782ad740c44eebd3a915a3df66572f238ace7fa5,0xb94e1b3f22601c15494948c8295cb776c87a369e,0.0,2026-04-20T07:11:59+00:00,0x5398cb241199c1ef199d06d18dbb91c5312414c5a3ce54719a71fed4d960cc35
0x782ad740c44eebd3a915a3df66572f238ace7fa5,0x95fe5961368664c3da8879d7542149ddf0738d82,0.0,2026-04-20T09:08:11+00:00,0x3cd63ab9edb074708486ba3b8d5b2c9f7ea967eb09d83585444d205bfef13615
0x782ad740c44eebd3a915a3df66572f238ace7fa5,0x95fe5961368664c3da8879d7542149ddf0738d82,0.0,2026-04-20T09:16:35+00:00,0x97755380f63c4d2547b71dd52d7e18170401490143c9ec4f3b66f52ca1148d1e
0x782ad740c44eebd3a915a3df66572f238ace7fa5,0x95fe5961368664c3da8879d7542149ddf0738d82,0.07,2026-04-20T09:31:35+00:00,0x73e94cde834d228c459c772c21abf230f14b29aeb44dffe3f2dfdebe12902efa
0x782ad740c44eebd3a915a3df66572f238ace7fa5,0x95fe5961368664c3da8879d7542149ddf0738d82,0.05,2026-04-20T09:32:11+00:00,0x11f07468b70ffc8605c277678244dafb2dbbb6d9d4c38d36c740ad691d21bf7d
0x782ad740c44eebd3a915a3df66572f238ace7fa5,0x6fb5f4645c8dd236a2e82c34406c45ba2d200220,0.0,2026-04-20T09:32:23+00:00,0x8b7582c5df605bfe25229555e28c8bec4005cfc4af4e2b2b3ec1ba3d8df7fc8c
0x782ad740c44eebd3a915a3df66572f238ace7fa5,0x95fe5961368664c3da8879d7542149ddf0738d82,0.0,2026-04-20T10:48:23+00:00,0xebcbcb5cf96957e5c77a3118080db35a94f9e6c01a41907d3f0e444f88379924
0x782ad740c44eebd3a915a3df66572f238ace7fa5,0x95fe5961368664c3da8879d7542149ddf0738d82,0.05,2026-04-20T10:48:35+00:00,0x0c58a88eaee878d9e56a6f5e070a704832f9757ee57cb5e1a095e2064cbcd75e
0x782ad740c44eebd3a915a3df66572f238ace7fa5,0xa31551296758d738e693c88cfe2f97a1a665e440,0.0,2026-04-20T10:48:47+00:00,0xf150c837f17501476432ee90ea0966076671e234c51b6e194825878b963a185a
0x782ad740c44eebd3a915a3df66572f238ace7fa5,0x95fe5961368664c3da8879d7542149ddf0738d82,0.0,2026-04-20T10:49:11+00:00,0x88941e05090a076e5a4b487a8ca1fd50931ad3755108d2a282ddddf90074d43a
0x782ad740c44eebd3a915a3df66572f238ace7fa5,0x95fe5961368664c3da8879d7542149ddf0738d82,0.05,2026-04-20T10:49:47+00:00,0xb2c2e09110f65934c90f7d63c40d6561c65b41082821774edca51e394eb16de3
0x782ad740c44eebd3a915a3df66572f238ace7fa5,0xd045b7dc605e96b0d99369dd7d2e274ec77d0006,0.0,2026-04-20T10:49:59+00:00,0x1e3114505ef8acc458e07a61dbb03371fa277c9411c84ef4ac47f23ce948b075
0x782ad740c44eebd3a915a3df66572f238ace7fa5,0x95fe5961368664c3da8879d7542149ddf0738d82,0.03,2026-04-20T10:50:35+00:00,0x7ff76fc8aa58b96c90b7be3b4e5514525c2cbdb58d2be9e48a50e74edcbf6892
0x782ad740c44eebd3a915a3df66572f238ace7fa5,0x011bcdda5f0ea7ff42690580b49da79097cf021c,0.0,2026-04-20T10:50:47+00:00,0x73d8b70d3f26cd051d96db4708a6a2c15235bd2bda4f76ab49a966c0215a9945
0x782ad740c44eebd3a915a3df66572f238ace7fa5,0x95fe5961368664c3da8879d7542149ddf0738d82,0.0,2026-04-20T11:08:59+00:00,0xbe130ade6ee3dcf39221c4857202cc3a998f72e07c8bcc3babaf202837e52047
0x782ad740c44eebd3a915a3df66572f238ace7fa5,0x95fe5961368664c3da8879d7542149ddf0738d82,0.05,2026-04-20T11:11:11+00:00,0x29ce8281b46e0462247aae72cbfc231aec516eb26b8ef30737d3f0232d075cda
0x782ad740c44eebd3a915a3df66572f238ace7fa5,0xc4e176ac90866d1c6e564c6401ddadd1b7cc0128,0.0,2026-04-20T11:11:35+00:00,0xdf9dd8c8db85d1fe2140ce6e52e78cac36746bc5c2f748e25b96598acbc209e4
0x782ad740c44eebd3a915a3df66572f238ace7fa5,0x95fe5961368664c3da8879d7542149ddf0738d82,0.03,2026-04-20T11:13:35+00:00,0x409cb9b44b32051f02df88e3d774e32396c22902f9f3134353d75efb0a500fe0
0x782ad740c44eebd3a915a3df66572f238ace7fa5,0x851dc39bb146265eb081798562f1f7ea62301d68,0.0,2026-04-20T11:13:47+00:00,0x76a32c8f25a088987f46015729caaa36d194929ce901bf6f46ba827f1c6db104
0x782ad740c44eebd3a915a3df66572f238ace7fa5,0x95fe5961368664c3da8879d7542149ddf0738d82,0.0,2026-04-20T11:16:59+00:00,0x9ac23bb5d0a092a22436846819d55c85b09992d727541fc272b2f86a9b6d3497
0x782ad740c44eebd3a915a3df66572f238ace7fa5,0x95fe5961368664c3da8879d7542149ddf0738d82,0.05,2026-04-20T11:20:11+00:00,0xc6a59cd5210206af45b7d4615ddda7b6ace17bad0103a73a83c1af4852b3882e
0x782ad740c44eebd3a915a3df66572f238ace7fa5,0xd4fb60cefb84657e752cabde68e0325cef104ad2,0.0,2026-04-20T11:20:23+00:00,0xdb951ea0f05662af466c50f893571c8b74a1ea5661e8da5fa4e1f2da25e29a2a
0x782ad740c44eebd3a915a3df66572f238ace7fa5,0x95fe5961368664c3da8879d7542149ddf0738d82,0.0,2026-04-20T11:26:59+00:00,0x9866b58a196d5d95ce48bc70ff93c000b3bef1f566ed3b15b8c6e9ad8a078dbc
0x782ad740c44eebd3a915a3df66572f238ace7fa5,0x95fe5961368664c3da8879d7542149ddf0738d82,0.05,2026-04-20T11:27:35+00:00,0xfef1dc186125fb3d47d015c32c502d861e7533ef9a23eb0d2ae7b79a22ef60a3
0x782ad740c44eebd3a915a3df66572f238ace7fa5,0x8685dd92869e30db74b90243506ebcd726b5da22,0.0,2026-04-20T11:27:47+00:00,0xbd1e83c9b4b3e6807c78fe9cbaa9d0cd3568a4dc580994a921d1190aa5664418
0x782ad740c44eebd3a915a3df66572f238ace7fa5,0x95fe5961368664c3da8879d7542149ddf0738d82,0.0,2026-04-20T11:29:35+00:00,0xcb44d16e5fdbe572249b9815748392621b655a602feebf51634e8edb074019bf
0x782ad740c44eebd3a915a3df66572f238ace7fa5,0x95fe5961368664c3da8879d7542149ddf0738d82,0.03,2026-04-20T11:30:59+00:00,0xe47b86c164def4fef280138015bfaa5ecd5e5db5a1ed2604f5769435f73d9dc6
0x782ad740c44eebd3a915a3df66572f238ace7fa5,0x759a0fbf5b32721bcc05b31a284ab42299951a22,0.0,2026-04-20T11:31:11+00:00,0x37f7640bd23f6fc84958592ed4966a8556d3df4165e3bfc484a9417b0e649e40
0x782ad740c44eebd3a915a3df66572f238ace7fa5,0x95fe5961368664c3da8879d7542149ddf0738d82,0.05,2026-04-20T11:32:47+00:00,0x2782f6ed583204510ab2fd7347364d758552ccb399248be1ccb141b88209eb6f
0x782ad740c44eebd3a915a3df66572f238ace7fa5,0xdb5562cab8024d62699ae83ea3872ae0de1fddcf,0.0,2026-04-20T11:32:59+00:00,0xee7b0aa826d59975681b8c6bcf9fb8e27cab6760605082ac9b8796145225d324
0x782ad740c44eebd3a915a3df66572f238ace7fa5,0x95fe5961368664c3da8879d7542149ddf0738d82,0.0,2026-04-20T12:07:23+00:00,0xc17ce64473f0b66e362e4882a35a1683ac752c3fa774819b9cc87d3e8e6de3aa
0x782ad740c44eebd3a915a3df66572f238ace7fa5,0x95fe5961368664c3da8879d7542149ddf0738d82,0.0,2026-04-20T12:13:47+00:00,0x13ed2584266daef78470eb37a621f1dc4760ee44f5bd7fef74ba50b14073d3b9
0x782ad740c44eebd3a915a3df66572f238ace7fa5,0x95fe5961368664c3da8879d7542149ddf0738d82,0.07,2026-04-20T12:15:11+00:00,0x0da3231591a7b7f5ca2086b51e0c6022ae90f41b4b2b3adcbfbfccc63716f051
0x782ad740c44eebd3a915a3df66572f238ace7fa5,0x19818b752cd6ef63e6a7dafbc5de479f16a04a7e,0.0,2026-04-20T12:15:23+00:00,0x35e00c46ee0d9d0648f59e536f0661b6454506e4aeec28a2bed2763a5a75c5d1
0x782ad740c44eebd3a915a3df66572f238ace7fa5,0x95fe5961368664c3da8879d7542149ddf0738d82,0.05,2026-04-20T12:18:23+00:00,0x9def218d421e44cacacf5b92baa70996f2ffba87f1bb006239b987db68fbc722
0x782ad740c44eebd3a915a3df66572f238ace7fa5,0x60d75d518fd8af8cbce2d8def096729c352477ff,0.0,2026-04-20T12:18:35+00:00,0xed209d614d2b948e4b6c2ec8920e77e55ad372dc59b456c802f58c2e399a959b
0x782ad740c44eebd3a915a3df66572f238ace7fa5,0x95fe5961368664c3da8879d7542149ddf0738d82,0.05,2026-04-20T12:18:59+00:00,0x31028d46343045111d8cbd70e543a3c429eadf7cd80635fa76fdffae9a4d1ff7
0x782ad740c44eebd3a915a3df66572f238ace7fa5,0xdbca6d0ede269fc798726f7283589de0fd37ded3,0.0,2026-04-20T12:19:11+00:00,0x399331de548239e10e45b6e4c986eec8b7b88c663389ea8cf8eb2371d84fe656
0x782ad740c44eebd3a915a3df66572f238ace7fa5,0x95fe5961368664c3da8879d7542149ddf0738d82,0.0,2026-04-20T12:19:59+00:00,0x754e922b4e02109161a5e6abba62acd2cbb072817d7e62f3f3a9099c3f351274
0x782ad740c44eebd3a915a3df66572f238ace7fa5,0x95fe5961368664c3da8879d7542149ddf0738d82,0.03,2026-04-20T12:20:35+00:00,0xdda1bc9272c35c228793f72502090545eae81fd95b37bf2ebb689fa12b92d031
0x782ad740c44eebd3a915a3df66572f238ace7fa5,0x7ddc68614eb75d958663e479bdd6bb6255add57a,0.0,2026-04-20T12:20:47+00:00,0xa97ad6fd55313d2adb3ce3350bef2965cbb1f9927edb5d558ff3c2c82db5de80
0x782ad740c44eebd3a915a3df66572f238ace7fa5,0x95fe5961368664c3da8879d7542149ddf0738d82,0.0,2026-04-20T12:23:35+00:00,0x16c8ed2b70296145118a9bb8b6464001e149e8c0f422542130536d334797c83a
0x782ad740c44eebd3a915a3df66572f238ace7fa5,0x95fe5961368664c3da8879d7542149ddf0738d82,0.05,2026-04-20T12:23:47+00:00,0x8784964950b17e6de99f1a4f3b18a8bb2bc8156c5b714f591fc6ee928e15afa9
0x782ad740c44eebd3a915a3df66572f238ace7fa5,0x56521224bd80add2725ddae0df521e630185234e,0.0,2026-04-20T12:23:59+00:00,0x8ac9ab6a22be72da0962f61ff12064b5484d3c0fcee688905b6eea1abea4dceb
0x782ad740c44eebd3a915a3df66572f238ace7fa5,0x95fe5961368664c3da8879d7542149ddf0738d82,0.0,2026-04-20T12:39:23+00:00,0xf644eaf532cc2d9db2557115c732bd86d7de6592e0e47517b4261baba3f75777
0x782ad740c44eebd3a915a3df66572f238ace7fa5,0x95fe5961368664c3da8879d7542149ddf0738d82,0.05,2026-04-20T12:42:23+00:00,0xb2c418302190dbdd6f57326d652b4f10e88bc7102708089a5b9113196c0cf664
0x782ad740c44eebd3a915a3df66572f238ace7fa5,0x0b88b6e09718a4c9fafe4acdda2b07a5fb83897b,0.0,2026-04-20T12:42:35+00:00,0x9abca20f22ec664f9732871242471e3659b462a88b2504d3dd41fafb09d51779
0x782ad740c44eebd3a915a3df66572f238ace7fa5,0xfa3e941d1f6b7b10ed84a0c211bfa8aee907965e,0.0,2026-04-20T17:11:11+00:00,0x0548ecc5716cb5dc16908027cf03e56071d846531614c78bd1e66645cffd57fc
0x782ad740c44eebd3a915a3df66572f238ace7fa5,0x95fe5961368664c3da8879d7542149ddf0738d82,0.0,2026-04-20T17:11:23+00:00,0x5117de00a824979360dad6d8574b2e047bf0974c0c0518e685cf7a5ce21e02ba
0x782ad740c44eebd3a915a3df66572f238ace7fa5,0x95fe5961368664c3da8879d7542149ddf0738d82,0.0,2026-04-20T17:26:47+00:00,0x4c821259e528b351880ff8eb7da55c3713ac2a9f60ff76446bfc48c0baa58bfc
0x782ad740c44eebd3a915a3df66572f238ace7fa5,0x95fe5961368664c3da8879d7542149ddf0738d82,0.05,2026-04-20T19:51:35+00:00,0xb7ce9f0948c7e70ea37d29b3816279b1e5e4ab0569657e528c68db844a1f2679
0x782ad740c44eebd3a915a3df66572f238ace7fa5,0xb5b2a1dbf9109d7d2e2504cd6cdd10e6287d926b,0.0,2026-04-20T19:51:59+00:00,0xb506ce8fd1bd78bdd1ec44a0b6515bc2f775b933b4a7d58a946177460aa1adb8
0x782ad740c44eebd3a915a3df66572f238ace7fa5,0x95fe5961368664c3da8879d7542149ddf0738d82,0.0,2026-04-21T05:01:59+00:00,0x52a64f82eee331aa4ebf4d1696045a05cbc1e6af2f77038ad0e2de3280fbb061
0x782ad740c44eebd3a915a3df66572f238ace7fa5,0x95fe5961368664c3da8879d7542149ddf0738d82,0.0,2026-04-21T05:41:11+00:00,0x56cd6a68b054f1272e68b50ff570bf2372a2ad5a1faa56881eab408d4afb8d88
0x782ad740c44eebd3a915a3df66572f238ace7fa5,0x95fe5961368664c3da8879d7542149ddf0738d82,0.0,2026-04-21T05:41:59+00:00,0x825cfcf16625df46c89bff0bab62ae42c1c8ba83d9a56280a6ee64490f116089
0x782ad740c44eebd3a915a3df66572f238ace7fa5,0x95fe5961368664c3da8879d7542149ddf0738d82,0.0,2026-04-21T05:42:59+00:00,0x7550df144ec526d28393db8d34e5da3b6ec2518aab9c62a7993c070fbc06eaab
0x782ad740c44eebd3a915a3df66572f238ace7fa5,0x95fe5961368664c3da8879d7542149ddf0738d82,0.0,2026-04-21T05:43:23+00:00,0xc1521ff2eb209d79a27223e95037ebc8a0e35f85f100088029810928d1a99595
0x782ad740c44eebd3a915a3df66572f238ace7fa5,0x95fe5961368664c3da8879d7542149ddf0738d82,0.0,2026-04-21T05:44:59+00:00,0xe65fafa5e521dd1332665a8dcd7fdafd2a2072bed14d4de76c368ca1ecc61b6b
0x782ad740c44eebd3a915a3df66572f238ace7fa5,0x95fe5961368664c3da8879d7542149ddf0738d82,0.0,2026-04-21T07:16:11+00:00,0x064ae0670354d89c97a28c90ebc294e3378bdc894fbf7805e830626e607a9d30
0x782ad740c44eebd3a915a3df66572f238ace7fa5,0x95fe5961368664c3da8879d7542149ddf0738d82,0.05,2026-04-21T10:37:47+00:00,0x4e7c20ead01ee4cffcf6becda0b1c182f1174775602c70d0178a31683581be46
0x782ad740c44eebd3a915a3df66572f238ace7fa5,0x118334d7c2387cdfea318f91c8fccf9600ca5994,0.0,2026-04-21T10:38:11+00:00,0xd5befbecb1d89ae57f353062b8e85de5e063051860a15f2758a40ce8e9a0a2ac
0x782ad740c44eebd3a915a3df66572f238ace7fa5,0x95fe5961368664c3da8879d7542149ddf0738d82,0.05,2026-04-21T10:38:23+00:00,0x696496085c6b11bd3b8017d6f2cf4c6d68c57c57906c45d4d379540131cb0dce
0x782ad740c44eebd3a915a3df66572f238ace7fa5,0xdf0de03575a5335cc29679386967a1ea5c2d5cf8,0.0,2026-04-21T10:38:35+00:00,0xc8d8ff412618aad96cb34a46416a3876e905d4e0771a0b32573b2b51d66cb4f0
0x782ad740c44eebd3a915a3df66572f238ace7fa5,0x95fe5961368664c3da8879d7542149ddf0738d82,0.03,2026-04-21T10:38:59+00:00,0x6e0a717d3de6a10153d22e357583e5a8c98755e8e39332ce8fc072e553d300de
0x782ad740c44eebd3a915a3df66572f238ace7fa5,0x074e4ce53e804ec9d50e14eb819d80fe96ce8f27,0.0,2026-04-21T10:39:11+00:00,0x447dd48013a50d55a8eab820db80320762baba99568255d4aa8843d04857c6cf
0x782ad740c44eebd3a915a3df66572f238ace7fa5,0x95fe5961368664c3da8879d7542149ddf0738d82,0.03,2026-04-21T10:39:35+00:00,0xf7a10e08988cec0adf40301bdb066c91e285343df13acc16855199ab1507b5ee
0x782ad740c44eebd3a915a3df66572f238ace7fa5,0xa46e1e0cf3df66e3eb106ea831db67c582a616bd,0.0,2026-04-21T10:39:47+00:00,0x221b55160e38b97f9028e141f5a9b32372d793f27253727f8a48490c503e6ab5
0x782ad740c44eebd3a915a3df66572f238ace7fa5,0x95fe5961368664c3da8879d7542149ddf0738d82,0.0,2026-04-21T10:44:35+00:00,0x1a878f790b776256c808fee8e8cbeb45f2f07b21da079b6eeb00c7616b8944b2
0x782ad740c44eebd3a915a3df66572f238ace7fa5,0x95fe5961368664c3da8879d7542149ddf0738d82,0.08,2026-04-21T10:51:35+00:00,0x6b871c119404563859921677e85590ba406214a291e2cbb72f624f5e25fc8c84
0x782ad740c44eebd3a915a3df66572f238ace7fa5,0xf1d66c6076e2aa2db86c8496f600d7188a92d956,0.0,2026-04-21T10:51:47+00:00,0x1f63b3f592cb185116b4b56e51ec094787f4966304e645fe3b8c7021352ea7e5
0x782ad740c44eebd3a915a3df66572f238ace7fa5,0x95fe5961368664c3da8879d7542149ddf0738d82,0.05,2026-04-21T10:52:11+00:00,0xc29070a850aa15f716fc3a72384f6ee3480a56e1b92a44c7273c0b1f3c8ea52e
0x782ad740c44eebd3a915a3df66572f238ace7fa5,0x9994460d920fa6f4f93e13aa7967b81ee8b21e68,0.0,2026-04-21T10:52:23+00:00,0x39642e36460eb786fa084767366fe6fc0bd79b15461d6e427bc4a5f213e2d01c
0x782ad740c44eebd3a915a3df66572f238ace7fa5,0xa46e1e0cf3df66e3eb106ea831db67c582a616bd,0.0,2026-04-21T10:59:23+00:00,0xd04db1dd7d8fb41e3d94693bb75ee07e47c686a38aeacb244d78f76a602236c9
0x782ad740c44eebd3a915a3df66572f238ace7fa5,0x2405ca2138b3ca20fde463320ca567a195140726,0.0,2026-04-21T10:59:23+00:00,0x9351b7248f4c02982dd9f7a43a9a84f95c1cc7dd5a472852e8e91fcc8d38e2e2
0x782ad740c44eebd3a915a3df66572f238ace7fa5,0x133070a5f65fa729a0c3580ecde22313d5e07f2b,0.0,2026-04-21T11:24:47+00:00,0x591eeae0430ae98c47d92fe3b49d695c1b11d778b6649ea873e62ae90ebf8fb9
0x782ad740c44eebd3a915a3df66572f238ace7fa5,0x2405ca2138b3ca20fde463320ca567a195140726,0.0,2026-04-21T11:24:47+00:00,0xbe550737cedb8f18a51de691d36fce6f2bc498fc39e8c4b1bad6f97bab506b2f
0x782ad740c44eebd3a915a3df66572f238ace7fa5,0x2405ca2138b3ca20fde463320ca567a195140726,0.05,2026-04-21T11:33:47+00:00,0xf2df208b69ba2630c49d6852bfdd73271ea016d779c4bab518d5063c5394919d
0x782ad740c44eebd3a915a3df66572f238ace7fa5,0x2cf277a4f670f640f5ff4ce8692057dcac2e000f,0.0,2026-04-21T11:33:47+00:00,0xcee9480c38a0ee7cd775ae5206ff6547c1a1ea480bb707c31e0697324614471b
0x782ad740c44eebd3a915a3df66572f238ace7fa5,0x2405ca2138b3ca20fde463320ca567a195140726,0.0,2026-04-21T11:34:59+00:00,0x74e002de2ff1f967f7a9aa615b8d0f38b85f59afc2601505b879a47d1e695433
0x782ad740c44eebd3a915a3df66572f238ace7fa5,0x2405ca2138b3ca20fde463320ca567a195140726,0.05,2026-04-21T11:48:59+00:00,0xb8fe9f370fec1dda57713b35a853bc944a3c286ff8c2aa5a375bea663ed5e3f4
0x782ad740c44eebd3a915a3df66572f238ace7fa5,0xb254cf23437d9c13561b659e9ae587281d798f0b,0.0,2026-04-21T11:48:59+00:00,0x23d2aa71fb49a3fdbd7ee6e9b7944f3855dd50b55a00beac59120cbdfed0bbd5
0x782ad740c44eebd3a915a3df66572f238ace7fa5,0xa0f48cb0cde07d336cec707f6f1e18a6ffcfb0d6,0.0,2026-04-21T12:11:47+00:00,0xf33aca18f831d78dea9b244cf8248c239e14878a0666ec6bdd4ea1c624e5bf58
0x782ad740c44eebd3a915a3df66572f238ace7fa5,0x2405ca2138b3ca20fde463320ca567a195140726,0.0,2026-04-21T12:11:47+00:00,0xd65ca304664b2cae38a5d6a771e7528d10cbfac365bd0ee793b0aa072093e3f1
0x782ad740c44eebd3a915a3df66572f238ace7fa5,0x2405ca2138b3ca20fde463320ca567a195140726,0.06,2026-04-21T14:51:23+00:00,0x6508cb83f4df000584c318d656918228fab710371418b3b2e6d5f80dc2d4acf8
0x782ad740c44eebd3a915a3df66572f238ace7fa5,0x6abd955ad9f52e565327cb21b256e2549d80c7cf,0.0,2026-04-21T14:51:23+00:00,0x8ad156a05429947da7771b315b58f5b1432f66f62419d1c89979126012fb3671
0x782ad740c44eebd3a915a3df66572f238ace7fa5,0x2405ca2138b3ca20fde463320ca567a195140726,0.05,2026-04-21T15:31:11+00:00,0x61d712bdd18f52a174fefbd3246944acf9487346328f7b48346ba785e9ad0df6
0x782ad740c44eebd3a915a3df66572f238ace7fa5,0x4a6bd7f1279979cce5f0cfcfe84d203ab373dcc7,0.0,2026-04-21T15:31:11+00:00,0x330bca8a3771cd1a962c9c0d09c7cde74f5fe3c1827027b66ba6a7c88d91ac92
0x782ad740c44eebd3a915a3df66572f238ace7fa5,0x2405ca2138b3ca20fde463320ca567a195140726,0.03,2026-04-21T15:31:59+00:00,0x8c7b95a50b924eecbaf13c2299fc9072ed7874082dfec20733de02acb0c5683e
0x782ad740c44eebd3a915a3df66572f238ace7fa5,0xc8de6f1286c95dfd0bd5c3e191ea8d3b27b5ae22,0.0,2026-04-21T15:31:59+00:00,0xaef604216b82f24d4dc0254564dafad8e6788c380544f5d2bd5dfa97806a051b
0x782ad740c44eebd3a915a3df66572f238ace7fa5,0x2405ca2138b3ca20fde463320ca567a195140726,0.05,2026-04-21T15:32:59+00:00,0xdb8166f92845d5c6737099b3c2f286b78f59601416f434b543123a92d7db2107
