sender_address,recipient_address,amount,timestamp,metadata
0x2f0f35765563ba038ba80ffb80d76eb6106b946a,0x0d0c6ca8d55d5f352f2718c2b99faa5db639379d,0.0,2026-08-11T12:28:47+00:00,0x886ca5a8b31361d4a50f8708969c818e43b186f9bfec5ae50c14a5d63c2dabb5
0x2f0f35765563ba038ba80ffb80d76eb6106b946a,0x2472fb714ff1ab686765a4e4e5dd4048f2e5686f,0.0,2026-08-11T12:33:59+00:00,0x664d705e8f4c4fedceef1834f034ff9ad2b34a39d0982f301dd28dc28447039d
0x2f0f35765563ba038ba80ffb80d76eb6106b946a,0x2472fb714ff1ab686765a4e4e5dd4048f2e5686f,0.0,2026-08-11T12:35:23+00:00,0x3d4b3847a9f7df061f8c82183560c355171189816ab8e39aeca6c0d5accb2fc2
0x2f0f35765563ba038ba80ffb80d76eb6106b946a,0xc36442b4a4522e871399cd717abdd847ab11fe88,0.0,2026-08-11T12:35:35+00:00,0x6bc383be52e7ea2dbed250b3eb0605b5c37653643139066ef608777355212bc0
0x2f0f35765563ba038ba80ffb80d76eb6106b946a,0x0000000000001ff3684f28c67538d4d072c22734,2.2162385204621e-05,2026-08-11T12:36:11+00:00,0xf4533a309304be5e8135158c9f00976a75b0802ec3e1ff9c8eca59de3e0b81b6
0x2f0f35765563ba038ba80ffb80d76eb6106b946a,0x4c82d1fbfe28c977cbb58d8c7ff8fcf9f70a2cca,3.4909784396233e-05,2026-08-11T12:36:35+00:00,0x35433b1973940a2b41ed8e29e586910c88b424d4a4e32d8876a508043e61508a
0x2f0f35765563ba038ba80ffb80d76eb6106b946a,0xbb0cdd098bae7ec5c79b6ea59a873008f1425b6d,0.0,2026-08-11T12:50:35+00:00,0xc9f580121daffe761788993baf2776e3fb63d2e9f35059fe57d00674057a11f1
0x2f0f35765563ba038ba80ffb80d76eb6106b946a,0x36e7e455f89d6618b30da22bb497b68db63f7012,0.0,2026-08-11T12:54:23+00:00,0x76a9ce5cfa4d729dc4f4e4c302fe052242a233efc12e041947f61ed9b8f12bd1
0x2f0f35765563ba038ba80ffb80d76eb6106b946a,0x36e7e455f89d6618b30da22bb497b68db63f7012,0.0,2026-08-11T12:55:47+00:00,0x4e4bf031bbe5b8eb4b4e7cb5e758b4fe004cf537dafe7ac0744f830377f84130
0x2f0f35765563ba038ba80ffb80d76eb6106b946a,0xc36442b4a4522e871399cd717abdd847ab11fe88,0.0,2026-08-11T12:55:59+00:00,0xb02e052842bd0964ea8409012cd1332d94a72db6cc7e0f52707463ae21a6dc74
0x2f0f35765563ba038ba80ffb80d76eb6106b946a,0x0000000000001ff3684f28c67538d4d072c22734,0.000111053970946877,2026-08-11T12:56:59+00:00,0x18b1dfebdb96aacdf8f9a9f453912bda018bdfc67852a4396049962c91b17705
0x2f0f35765563ba038ba80ffb80d76eb6106b946a,0x4c82d1fbfe28c977cbb58d8c7ff8fcf9f70a2cca,0.00010298576116235,2026-08-11T12:57:23+00:00,0xca9a1c1c89048daeeeaa9c5172d7edbde65ce7af997b8ee4d752f02f0fbba383
0x2f0f35765563ba038ba80ffb80d76eb6106b946a,0xd8f9812db0f393167a42e8970808da0918dad7fc,0.0,2026-08-11T13:01:47+00:00,0x3e29f2a309e8f3ca01a9edf257a8546f8d09b7b157c527eb0da2bea6432d65e0
0x2f0f35765563ba038ba80ffb80d76eb6106b946a,0xd8f9812db0f393167a42e8970808da0918dad7fc,0.0,2026-08-11T13:03:23+00:00,0xc270620752cbe1bd7645979e4d6888bd8f2d006e857b3d6ffc00ee8531efca93
0x2f0f35765563ba038ba80ffb80d76eb6106b946a,0xc36442b4a4522e871399cd717abdd847ab11fe88,0.0,2026-08-11T13:03:47+00:00,0x7700828950e2ce433f3790e45d704ef46f016f64109a8dfb018cce9ac7e3d935
0x2f0f35765563ba038ba80ffb80d76eb6106b946a,0x0000000000001ff3684f28c67538d4d072c22734,2.2209145753152e-05,2026-08-11T13:04:23+00:00,0x238ef8cb9273e3c9cce753d4d51afc758ccac252e882b3eee9197dd840e8f5b7
0x2f0f35765563ba038ba80ffb80d76eb6106b946a,0x4c82d1fbfe28c977cbb58d8c7ff8fcf9f70a2cca,2.2005451545398e-05,2026-08-11T13:05:59+00:00,0x07fe4d30635f807bf66db50b13aa49b4bce50e1bbfebe1d72c0914f3e82cf68e
0x2f0f35765563ba038ba80ffb80d76eb6106b946a,0x4c82d1fbfe28c977cbb58d8c7ff8fcf9f70a2cca,2.2005451633418e-05,2026-08-11T13:06:35+00:00,0x2f9452b97684164d55a239d964c0c24b6ab6b227b6aa24d0749e8bbd4697752b
0x2f0f35765563ba038ba80ffb80d76eb6106b946a,0xbca66a23c30182d0d0acd4588377e5981fbf5aa4,0.0,2026-08-11T13:16:23+00:00,0x42b97fa8cd71684be3e652651fbef9f9377de43bc1d11e0ed168cb6b25a05332
0x2f0f35765563ba038ba80ffb80d76eb6106b946a,0xbca66a23c30182d0d0acd4588377e5981fbf5aa4,0.0,2026-08-11T13:18:35+00:00,0xcaa0a0dc67d55eaebe9bc04420e4ec061735a11f3b084c8a83977c6051755c61
0x2f0f35765563ba038ba80ffb80d76eb6106b946a,0xc36442b4a4522e871399cd717abdd847ab11fe88,0.0,2026-08-11T13:18:47+00:00,0x01517dea893310fe15985dcddcef47c37b5bf2e0df6632181d8ae6b0fbd81c53
0x2f0f35765563ba038ba80ffb80d76eb6106b946a,0x0000000000001ff3684f28c67538d4d072c22734,2.2224933687003e-05,2026-08-11T13:20:35+00:00,0xd2e733a2a72d207b0254a88012984e242ebd934ff78fc07429a2c515a8f14845
0x2f0f35765563ba038ba80ffb80d76eb6106b946a,0x1231deb6f5749ef6ce6943a275a1d3e7486f4eae,2.221585877387e-05,2026-08-11T13:20:47+00:00,0xa5bc63445f81eff462dc6de4d50d4de34952bf2a9c54dc31bb7781d7494b8efe
0x2f0f35765563ba038ba80ffb80d76eb6106b946a,0x4c82d1fbfe28c977cbb58d8c7ff8fcf9f70a2cca,0.000220054466230432,2026-08-11T13:20:59+00:00,0xe54012da0021fed102411deba514c03e7f8f20988c4d6c38f831fe3964728620
0x2f0f35765563ba038ba80ffb80d76eb6106b946a,0x07f5b6823751c2e2cd4560f28af75ff887102241,0.0,2026-08-11T13:40:35+00:00,0x84c0e836c9fb6330a80de87e00861486bdfda29cf741fd867eb1956e266c8671
0x2f0f35765563ba038ba80ffb80d76eb6106b946a,0x07f5b6823751c2e2cd4560f28af75ff887102241,0.0,2026-08-11T13:41:59+00:00,0x73b5b6d5cbd83f6e0c906d1f43cfc012e20616cf59566cb78c03f03f662cdb09
0x2f0f35765563ba038ba80ffb80d76eb6106b946a,0xc36442b4a4522e871399cd717abdd847ab11fe88,0.0,2026-08-11T13:42:23+00:00,0x2ba53069e3bbf35d5d7db0819bdfe776bfad11b1a16b360d58e52c37831087a6
0x2f0f35765563ba038ba80ffb80d76eb6106b946a,0x0000000000001ff3684f28c67538d4d072c22734,0.000110898752673599,2026-08-11T13:43:11+00:00,0x724d4de8c14437f5969b5dbc3cdeb3094228ff6eb6ca036d576c7816dd73b863
0x2f0f35765563ba038ba80ffb80d76eb6106b946a,0x4c82d1fbfe28c977cbb58d8c7ff8fcf9f70a2cca,2.1998851600225e-05,2026-08-11T13:43:47+00:00,0xdadb212e65a77f5f893121381bd080ba208506aaabf08446addf3e369d398eac
0x2f0f35765563ba038ba80ffb80d76eb6106b946a,0xf70dc7163645d22aad12ac95f74e12d275cd295d,0.0,2026-08-11T13:49:11+00:00,0xaa2d4093767bd9eff0b1a336b526a0584918e84b7f25c4bcce03ce603360877b
0x2f0f35765563ba038ba80ffb80d76eb6106b946a,0x97da0bdb44a72a8cf12d1a764dff3eac37ec98b2,0.0,2026-08-11T14:01:59+00:00,0x6e5f864366d7426c2a30732f710039eb2abdedf6bf68930fd7cbe5a957f9c400
0x2f0f35765563ba038ba80ffb80d76eb6106b946a,0x97da0bdb44a72a8cf12d1a764dff3eac37ec98b2,0.0,2026-08-11T14:04:23+00:00,0xaed1c0c3cf4fec2e7b4ac7298b3ec1d60b88f2b81794b0e9434bfdf3d4a83b68
0x2f0f35765563ba038ba80ffb80d76eb6106b946a,0xc36442b4a4522e871399cd717abdd847ab11fe88,0.0,2026-08-11T14:04:35+00:00,0xfa9421ecb52132683b222f84b0fa259d3825649e7360a9141819479c7bebc2dc
0x2f0f35765563ba038ba80ffb80d76eb6106b946a,0x0000000000001ff3684f28c67538d4d072c22734,0.000110965725486041,2026-08-11T14:05:11+00:00,0x2076ca968f1a9d60553499e5a1f0777baf196ca1d8a0ca3801ff462810d22f0d
0x2f0f35765563ba038ba80ffb80d76eb6106b946a,0x4c82d1fbfe28c977cbb58d8c7ff8fcf9f70a2cca,2.8607099898448e-05,2026-08-11T14:05:47+00:00,0x88724c0d827810f0c5cf6b17b50e06310f40390bf5a1dbe4fd02175c05fe4a02
0x2f0f35765563ba038ba80ffb80d76eb6106b946a,0x4c82d1fbfe28c977cbb58d8c7ff8fcf9f70a2cca,2.8607101386017e-05,2026-08-11T14:06:11+00:00,0x3d3e22d21ecd2515eb2bc90cb6da6c1272fb8644bdf12455212cbe04d8871818
0x2f0f35765563ba038ba80ffb80d76eb6106b946a,0xac4cde21a3e2b47613972f263f7162f52c442bb3,0.0,2026-08-11T14:12:23+00:00,0xaf2b40242b01c5f8ed2412c0e81291a5ed9342e2b66e58a92cb98928a424b9cd
0x2f0f35765563ba038ba80ffb80d76eb6106b946a,0xac4cde21a3e2b47613972f263f7162f52c442bb3,0.0,2026-08-11T14:15:47+00:00,0xedb145551a68d44fdb84a26b987e7f5d806ac6af27d9368b1c528b3a0954a103
0x2f0f35765563ba038ba80ffb80d76eb6106b946a,0xc36442b4a4522e871399cd717abdd847ab11fe88,0.0,2026-08-11T14:15:59+00:00,0xc0f00341123dbeae3ac68a2e883730ed2465dd33990f9e1abaee919e242f9b13
0x2f0f35765563ba038ba80ffb80d76eb6106b946a,0x0000000000001ff3684f28c67538d4d072c22734,0.000110855322346765,2026-08-11T14:16:59+00:00,0x6b0817ddf56f3e81b376fa4abad331128e293e0235c6329d16c3610e21ffcff9
0x2f0f35765563ba038ba80ffb80d76eb6106b946a,0x4c82d1fbfe28c977cbb58d8c7ff8fcf9f70a2cca,0.000286042277538382,2026-08-11T14:17:35+00:00,0x8828c89589162528614002effaf97efde31076366d45251bb3c0f6ca0867041f
0x2f0f35765563ba038ba80ffb80d76eb6106b946a,0x2e2c02cc6ce7690130200ea26444f5790c698de1,0.0,2026-08-11T19:18:35+00:00,0xe3155c153ce36ad27ab5ac566ced2f5d3413489a455a62c390de9234dc41dc33
0x2f0f35765563ba038ba80ffb80d76eb6106b946a,0x2e2c02cc6ce7690130200ea26444f5790c698de1,0.0,2026-08-11T19:19:59+00:00,0x5fb95cea2d8463154119110c464eb5b99840f4dd265a7252fe0a3c157445ab69
0x2f0f35765563ba038ba80ffb80d76eb6106b946a,0xc36442b4a4522e871399cd717abdd847ab11fe88,0.0,2026-08-11T19:20:11+00:00,0x52fc74476e8ae9857bc3d64e4b27fa44bfe6909c29e5868a502858d0ba8fcb54
0x2f0f35765563ba038ba80ffb80d76eb6106b946a,0x0000000000001ff3684f28c67538d4d072c22734,2.2465800438655e-05,2026-08-11T19:20:59+00:00,0x9593e2f324e15c0f62cac1692fc47bc745e409059a9cf1695e2edc622c4c3ada
0x2f0f35765563ba038ba80ffb80d76eb6106b946a,0x4c82d1fbfe28c977cbb58d8c7ff8fcf9f70a2cca,1.4889964379348e-05,2026-08-11T19:21:35+00:00,0xe89c9d22be8a4744bdc0bc5343958c745833cd2a5a10ffb9407480ccd2b5abab
0x2f0f35765563ba038ba80ffb80d76eb6106b946a,0xb56f2c0def2257a333e924bf8790f908737e5c2d,0.0,2026-08-12T13:20:59+00:00,0xc243b9fc5e8e3a0358223d8f4f6bdce46547a301e31209bb9b5f780d062bf1f7
0x2f0f35765563ba038ba80ffb80d76eb6106b946a,0xb56f2c0def2257a333e924bf8790f908737e5c2d,0.0,2026-08-12T13:36:47+00:00,0x1df66ea66ba72b8ca22d11a08ab9f31435436a7f2e2a9812c0f0b41a9e0fc080
0x2f0f35765563ba038ba80ffb80d76eb6106b946a,0xc36442b4a4522e871399cd717abdd847ab11fe88,0.0,2026-08-12T13:37:11+00:00,0xc92a56fbc104b9ad89bb68c82fa5293fd99d7f7eea5fc202acd7e174b8c0d01c
0x2f0f35765563ba038ba80ffb80d76eb6106b946a,0x0000000000001ff3684f28c67538d4d072c22734,1.1011253681111e-05,2026-08-12T13:40:11+00:00,0x427c99f601744084e4f58b079b473829335dd7f32a7830598ffe08e6a80bd46a
0x2f0f35765563ba038ba80ffb80d76eb6106b946a,0x4c82d1fbfe28c977cbb58d8c7ff8fcf9f70a2cca,6.97301684068e-07,2026-08-12T13:41:11+00:00,0x2cdc677ceb24f504897afea5193502815119f2dc703626d7de96a8c1dcbea194
0x2f0f35765563ba038ba80ffb80d76eb6106b946a,0x110bd4b618f8c14add38019a58d998d189ff1a35,0.0,2026-08-12T23:28:11+00:00,0x98b54d3aff39f3009a83b37c8f0dfaa642983ee038dca389978698eb5337a17e
0x2f0f35765563ba038ba80ffb80d76eb6106b946a,0x110bd4b618f8c14add38019a58d998d189ff1a35,0.0,2026-08-12T23:29:47+00:00,0x1d709020fa0a2f6f810b531c1f1467d3e505e221c02a91df7ee420ec50cddcbc
0x2f0f35765563ba038ba80ffb80d76eb6106b946a,0xc36442b4a4522e871399cd717abdd847ab11fe88,0.0,2026-08-12T23:30:11+00:00,0x671a4ebda84ebe2fc823ef30bf41b01059c5fa50ff6df3910235eb0fcee02620
0x2f0f35765563ba038ba80ffb80d76eb6106b946a,0x0000000000001ff3684f28c67538d4d072c22734,0.000111655041488023,2026-08-12T23:30:59+00:00,0x9a3b2e67295190a77ac9576c717adb9a2d55d3e1f9a27e3b7a9e32dda70d1c7a
0x2f0f35765563ba038ba80ffb80d76eb6106b946a,0x4c82d1fbfe28c977cbb58d8c7ff8fcf9f70a2cca,0.000220054466510867,2026-08-12T23:31:23+00:00,0x1eee29479fbdc6b8b80086e2b8888b5af3ac25f2f3ceafe2819f189aaba6b243
0x2f0f35765563ba038ba80ffb80d76eb6106b946a,0x4c82d1fbfe28c977cbb58d8c7ff8fcf9f70a2cca,3.591915259531e-06,2026-08-13T00:03:59+00:00,0x888b0946da23a63eaaa7e244ef62678e314ebfb8c96286c67232f92faa3308e7
0x2f0f35765563ba038ba80ffb80d76eb6106b946a,0xbb0e5a31c50007c5d23c5b0e757e5486cdb055a0,0.0,2026-08-13T12:26:11+00:00,0x9beb853b93e04ba56e926ada8e3f514574533e51826135e187982fa253eae672
0x2f0f35765563ba038ba80ffb80d76eb6106b946a,0x9557cf90befc1bfed473baccbee15a72dca9874d,0.0,2026-08-13T12:37:47+00:00,0x57d4510329a796995e0b66a5887fa01f8429d84c4c3f37349af429599bf203c3
0x2f0f35765563ba038ba80ffb80d76eb6106b946a,0x9557cf90befc1bfed473baccbee15a72dca9874d,0.0,2026-08-13T12:40:23+00:00,0x259633032a04d6ae458b1fbf827949db080f21ae73d1953b887301c40cafbe29
0x2f0f35765563ba038ba80ffb80d76eb6106b946a,0xc36442b4a4522e871399cd717abdd847ab11fe88,0.0,2026-08-13T12:40:47+00:00,0xf9f0d218920af02bb6a4e649bc8d7c3c5b9cf6d97fbb8ee437abf66d1fed9af6
0x2f0f35765563ba038ba80ffb80d76eb6106b946a,0x4c82d1fbfe28c977cbb58d8c7ff8fcf9f70a2cca,2.20054653323e-07,2026-08-13T12:42:47+00:00,0x632c8bf8f53a1eda2600d34113379bf6cb627846daddd2ad48dec0608a78467c
0x2f0f35765563ba038ba80ffb80d76eb6106b946a,0xfee09bb90e9a3fdd021f1626d2fdb1b8a73ccea6,0.0,2026-08-13T18:29:35+00:00,0xccbb88d3941eb2cea18a28c414c5893757b9df2026663819a77490df8c03b600
0x2f0f35765563ba038ba80ffb80d76eb6106b946a,0xfee09bb90e9a3fdd021f1626d2fdb1b8a73ccea6,0.0,2026-08-13T18:35:35+00:00,0xea0d52ed6880731cf8c8956cb078d6d6a0e9cebd1334d2908e3d568642638bde
0x2f0f35765563ba038ba80ffb80d76eb6106b946a,0xc36442b4a4522e871399cd717abdd847ab11fe88,0.0,2026-08-13T18:35:59+00:00,0xa9ec36d6fa0c2b7b546b638994b775cbefdfb60588ad2a3268859babc03f57ee
0x2f0f35765563ba038ba80ffb80d76eb6106b946a,0x0000000000001ff3684f28c67538d4d072c22734,1.1160638116362e-05,2026-08-13T18:36:35+00:00,0x1f1c9a1f65050a741a8da7574757b3144150a34e4ce76118a72740d4bedc96f3
0x2f0f35765563ba038ba80ffb80d76eb6106b946a,0x4c82d1fbfe28c977cbb58d8c7ff8fcf9f70a2cca,1.4894431201625e-05,2026-08-13T18:37:23+00:00,0x8c93d909cd4450639084f1888f3ae8b02245e4a641ade680adcd85871c4b4c81
0x2f0f35765563ba038ba80ffb80d76eb6106b946a,0x12694ac2147fa31c7c2f985d87316371b100f0d6,0.0,2026-08-13T19:06:59+00:00,0x77fe8fc49fedf2060827036c1c6d5dac08f15a983dcbc8e0fdb72a3a0fc82c2e
0x2f0f35765563ba038ba80ffb80d76eb6106b946a,0x12694ac2147fa31c7c2f985d87316371b100f0d6,0.0,2026-08-13T19:11:23+00:00,0x7829127adf96029bf49d7b5d02cf440924dfbf210518c7c1ce00781e4d459df7
0x2f0f35765563ba038ba80ffb80d76eb6106b946a,0xc36442b4a4522e871399cd717abdd847ab11fe88,0.0,2026-08-13T19:11:35+00:00,0x9083e0e8b801eb46f27b243458a8ece276c2bd11459d5e2f371cb61312317d03
0x2f0f35765563ba038ba80ffb80d76eb6106b946a,0x0000000000001ff3684f28c67538d4d072c22734,1.108539653118e-05,2026-08-13T19:12:59+00:00,0xf2940896e4f2e344489ae2af53cec8cd09e359ee3a309b180cceff96e632dc82
0x2f0f35765563ba038ba80ffb80d76eb6106b946a,0x4c82d1fbfe28c977cbb58d8c7ff8fcf9f70a2cca,1.380614147748e-05,2026-08-13T19:14:11+00:00,0x61b7106611194f0661b74746b3e717104aaa28b7b84640e01cd8a93d0b8e43b9
0x2f0f35765563ba038ba80ffb80d76eb6106b946a,0x6378a693f1a8e0de9f5d7f2c357ac1fcb10a3488,0.0,2026-08-13T19:49:35+00:00,0x735cd3498b782f8af6d8c0d7f230727010db890bcaa60cc35b0b3b3511ceafb5
0x2f0f35765563ba038ba80ffb80d76eb6106b946a,0x5381269e09bd50c50de211fd939bcdfc3c63ffe8,0.0,2026-08-13T19:52:47+00:00,0xb107a45146d3417e1aaad40326b9b9617f98b1dd3d7d1b893a1aa3ebea5d09fa
0x2f0f35765563ba038ba80ffb80d76eb6106b946a,0x5381269e09bd50c50de211fd939bcdfc3c63ffe8,0.0,2026-08-13T19:54:47+00:00,0x0dbd9af98eac2b2bbde8ff5b535156dd33359bbfc3722d2afb660458f2949a54
0x2f0f35765563ba038ba80ffb80d76eb6106b946a,0xc36442b4a4522e871399cd717abdd847ab11fe88,0.0,2026-08-13T19:55:11+00:00,0x6d3f6ce6a0c7e99c6dae1190564afa14d1f3c10a7dce262d21e71318d01bce2b
0x2f0f35765563ba038ba80ffb80d76eb6106b946a,0x0000000000001ff3684f28c67538d4d072c22734,1.1103095627082e-05,2026-08-13T19:55:59+00:00,0x7d882f6e53c2734474ab0ab23d27201f329693c4c5abf7b79ef2b07e1497441b
0x2f0f35765563ba038ba80ffb80d76eb6106b946a,0x4c82d1fbfe28c977cbb58d8c7ff8fcf9f70a2cca,0.000114549578797136,2026-08-13T19:56:35+00:00,0x5ed70ef41fb09b3e975e4df2c2da1d4014c82128e4eccf1ed463411d0bd303e8
0x2f0f35765563ba038ba80ffb80d76eb6106b946a,0x4c82d1fbfe28c977cbb58d8c7ff8fcf9f70a2cca,2.1998851688221e-05,2026-08-13T21:08:35+00:00,0xf10eb3b77f1a42ff7d20a3615ff881cc2711175ab65ec5de4dd9e500495441f5
0x2f0f35765563ba038ba80ffb80d76eb6106b946a,0x3a424b14ee0b6bdf9629b1bba2669aa0d3aad331,0.0,2026-08-13T23:07:23+00:00,0xe19210a1b9a82da6959d1f6298c9e4e6ebcf61c907de262da4eb367492acf86e
0x2f0f35765563ba038ba80ffb80d76eb6106b946a,0x3a424b14ee0b6bdf9629b1bba2669aa0d3aad331,0.0,2026-08-13T23:08:59+00:00,0x5b68ab4cc1036fd12c3804023f9849aabf8437710eb2eeb6c08434e85889cb5b
0x2f0f35765563ba038ba80ffb80d76eb6106b946a,0xc36442b4a4522e871399cd717abdd847ab11fe88,0.0,2026-08-13T23:09:11+00:00,0x8ac40bc74299e15de6317ac34a434f76d126e591c9b3461d26d64851407ca71a
0x2f0f35765563ba038ba80ffb80d76eb6106b946a,0x0000000000001ff3684f28c67538d4d072c22734,1.1093487244506e-05,2026-08-13T23:09:47+00:00,0x32b7cb793f396ed6b65c664df40ecbb602167047abe50d5f96c07337b5e092cf
0x2f0f35765563ba038ba80ffb80d76eb6106b946a,0x4c82d1fbfe28c977cbb58d8c7ff8fcf9f70a2cca,4.232320442428e-06,2026-08-13T23:10:23+00:00,0xc786b11128bfed7104ab27c2b4e3d54a015f9eaaec2b4e813c6bacd43b221aca
0x2f0f35765563ba038ba80ffb80d76eb6106b946a,0x07dc880dbfbd8c505358cd2a7f48ad5efe9d9c91,0.0,2026-08-13T23:13:47+00:00,0x27eb3d0ed3dc85c86860019e46929f099e070f6b38439907be6879ea377d6507
0x2f0f35765563ba038ba80ffb80d76eb6106b946a,0x07dc880dbfbd8c505358cd2a7f48ad5efe9d9c91,0.0,2026-08-13T23:15:23+00:00,0xeae080302eba1fbe1a99a20d9653d1bcc0ef5cd5f63ccbfc019216f7d7785079
0x2f0f35765563ba038ba80ffb80d76eb6106b946a,0xc36442b4a4522e871399cd717abdd847ab11fe88,0.0,2026-08-13T23:15:35+00:00,0x1ff4dbfedf7abbe64755691a21ac73ed5205c2bed622a5b36cdd93fe6cbe9020
0x2f0f35765563ba038ba80ffb80d76eb6106b946a,0x0000000000001ff3684f28c67538d4d072c22734,0.000110946078561388,2026-08-13T23:16:35+00:00,0xba5d0dc0781eb02cf89d294b43bf76a9de624448f6fe1a9608fe13bc2089ce7c
0x2f0f35765563ba038ba80ffb80d76eb6106b946a,0x4c82d1fbfe28c977cbb58d8c7ff8fcf9f70a2cca,0.000110895357733968,2026-08-13T23:17:11+00:00,0xd157691733aa2e5afbfba7a3afee5334c3eb0a28e640812405701d6e9689317c
0x2f0f35765563ba038ba80ffb80d76eb6106b946a,0x0fb60e5444fa643b99a494bdab61bf570eeb953c,0.0,2026-08-13T23:25:35+00:00,0xfd1197837ada3abf3c4be2bb490427ae80d1a6e99b1a67f397a147a158660541
0x2f0f35765563ba038ba80ffb80d76eb6106b946a,0x0fb60e5444fa643b99a494bdab61bf570eeb953c,0.0,2026-08-13T23:27:23+00:00,0x85458e3cc919060e5dbbaddfca7c2005b95135741dd255d4c721cbb679f924b9
0x2f0f35765563ba038ba80ffb80d76eb6106b946a,0xc36442b4a4522e871399cd717abdd847ab11fe88,0.0,2026-08-13T23:27:47+00:00,0x743ef861dd80aad517891ba4df582edb712386752b3eae872a4dee1ce719ce98
0x2f0f35765563ba038ba80ffb80d76eb6106b946a,0x0000000000001ff3684f28c67538d4d072c22734,0.000144224431200013,2026-08-13T23:28:23+00:00,0xe114dc11d4f1ec4b575afb190ee155397bf512cc86103ca60dafd26033c6d24a
0x2f0f35765563ba038ba80ffb80d76eb6106b946a,0x1231deb6f5749ef6ce6943a275a1d3e7486f4eae,0.00110941870153856,2026-08-13T23:28:47+00:00,0xbc07a27acaa8843e92ce1e0cf2e5a7f942299a073bdfd08cbd3733597bddd2da
0x2f0f35765563ba038ba80ffb80d76eb6106b946a,0x0000000000001ff3684f28c67538d4d072c22734,1.1094187015386e-05,2026-08-13T23:29:23+00:00,0x29d05482ccd2236e356ef4feff7a9665a2e52d7f5d97fffd9f8692c06026f187
0x2f0f35765563ba038ba80ffb80d76eb6106b946a,0x4c82d1fbfe28c977cbb58d8c7ff8fcf9f70a2cca,1.246283630619e-06,2026-08-13T23:29:35+00:00,0xa88e4ca6a80bcc285cea565b9b4e15eaab7bb2f2c116209bccd829766638d1a9
0x2f0f35765563ba038ba80ffb80d76eb6106b946a,0x819cef100b177529035d035434cbac49fa9660ce,0.0,2026-08-14T21:15:47+00:00,0x6dd03ae9d2d74119324cd741e1f792808b3bd2c098b846bc4d00d0933007c6a5
0x2f0f35765563ba038ba80ffb80d76eb6106b946a,0x819cef100b177529035d035434cbac49fa9660ce,0.0,2026-08-14T21:17:59+00:00,0x2b0bf2ef33267c58c198efd357c4190e3b93d4db0db5b7df9129257f19c33f67
0x2f0f35765563ba038ba80ffb80d76eb6106b946a,0xc36442b4a4522e871399cd717abdd847ab11fe88,0.0,2026-08-14T21:19:47+00:00,0xd35f11e5ec4ba1e0995c19de375f6ecac8a773b254c9fec9e7fca85e969aadb9
0x2f0f35765563ba038ba80ffb80d76eb6106b946a,0x0000000000001ff3684f28c67538d4d072c22734,1.1131245836109e-05,2026-08-14T21:20:35+00:00,0xbbc493206f5be8c7d4c4faaf08c253295a9ef914b4bc7ae9809f6480acce2aa4
0x2f0f35765563ba038ba80ffb80d76eb6106b946a,0x4c82d1fbfe28c977cbb58d8c7ff8fcf9f70a2cca,0.000114893650086697,2026-08-14T21:21:23+00:00,0xce9d74c235414a5e4eb18249c26cdba69c8f56b222aa823635c52143070e8f14
0x2f0f35765563ba038ba80ffb80d76eb6106b946a,0x4c82d1fbfe28c977cbb58d8c7ff8fcf9f70a2cca,0.000114893650108581,2026-08-14T21:22:59+00:00,0x187f657230493d6d38ac40e8c992dacd0a734e46ea301d2d291508c276068785
0x2f0f35765563ba038ba80ffb80d76eb6106b946a,0xa4ee98084dc1b1e738a0bb2f630977e6c958f260,0.0,2026-08-14T21:28:35+00:00,0x7f64d3ff4fe43ee7e6c7d798ae86327b640ca76ea04643c2b2b2da59f0049eff
0x2f0f35765563ba038ba80ffb80d76eb6106b946a,0xea7b2fc6df1294732b8cf1f95c27b05e6e990e9b,0.0,2026-08-14T21:31:59+00:00,0x991f80aa7aac98b71f7eedc17d8c04b1744158e2a3603d50fca37b23129fa0d0
0x2f0f35765563ba038ba80ffb80d76eb6106b946a,0xea7b2fc6df1294732b8cf1f95c27b05e6e990e9b,0.0,2026-08-14T21:33:23+00:00,0x90a7835a60123b3fae6775b3c906e5bd55dd128098a10a69aa3ea405d483fbb9
0x2f0f35765563ba038ba80ffb80d76eb6106b946a,0xc36442b4a4522e871399cd717abdd847ab11fe88,0.0,2026-08-14T21:33:35+00:00,0x5f2522098733a9dadcadbe35cd72f160a338d6a3b43c2bad08e2b6462f14d50a
0x2f0f35765563ba038ba80ffb80d76eb6106b946a,0x0000000000001ff3684f28c67538d4d072c22734,1.1127272339791e-05,2026-08-14T21:39:11+00:00,0x00108e5dc2d5463441b220dc00c783b30a6ff632a2da3f35b066ca001bea3b67
0x2f0f35765563ba038ba80ffb80d76eb6106b946a,0x4c82d1fbfe28c977cbb58d8c7ff8fcf9f70a2cca,3.2556291275819e-05,2026-08-14T21:39:35+00:00,0x7221eea1d6a23089e629effe7d60a02babf6594e1a13d143ffe91bfc6ab2b425
0x2f0f35765563ba038ba80ffb80d76eb6106b946a,0x09d3dec1d9fd75ee21fbdebba5b3805363781515,0.0,2026-08-14T21:44:47+00:00,0x52fb5a6626f6b10bebe62d1b32483e453427bc658a4a31af8789054cb8753bbd
0x2f0f35765563ba038ba80ffb80d76eb6106b946a,0x4c82d1fbfe28c977cbb58d8c7ff8fcf9f70a2cca,0.9304563897520269,2026-08-14T22:07:11+00:00,0x57d4b180c94b6d708a28f5c2b4ee4f717968be7ea6dbe25ba6644c614a13208a
0x2f0f35765563ba038ba80ffb80d76eb6106b946a,0x985f0dd9be4e2edbdcf989f9d20da8b6ccc5da01,0.0,2026-08-14T22:07:35+00:00,0xc9c8c5422b11d20542619a280f1b59068e4f8255123889dab7e864043cf75670
0x2f0f35765563ba038ba80ffb80d76eb6106b946a,0x4c82d1fbfe28c977cbb58d8c7ff8fcf9f70a2cca,0.0,2026-08-14T22:07:59+00:00,0x742de73fa5028ee61d80167e8ca25b987eefbdc850d78cce401661c22ba9253e
0x2f0f35765563ba038ba80ffb80d76eb6106b946a,0x4c82d1fbfe28c977cbb58d8c7ff8fcf9f70a2cca,0.830186815643506,2026-08-14T22:08:35+00:00,0x8b4031c9f6c7174a1ca03448c072f2499a600b2a2dd6608f2fb929f45536a7b3
0x2f0f35765563ba038ba80ffb80d76eb6106b946a,0x4c82d1fbfe28c977cbb58d8c7ff8fcf9f70a2cca,0.0,2026-08-14T22:08:59+00:00,0x6ac08540d2baad7a8aefe17f93db2a53b9c5bb45b1381b40e3b4a807fea4e998
0x2f0f35765563ba038ba80ffb80d76eb6106b946a,0x4c82d1fbfe28c977cbb58d8c7ff8fcf9f70a2cca,0.8300282157675514,2026-08-14T22:09:59+00:00,0x06145ece8363247ca43ead1e9eb8644ff1cf06b6a7a634728e45fdf46106120d
0x2f0f35765563ba038ba80ffb80d76eb6106b946a,0xe75a95806b978b27382ce3de92ffef456c18d14d,0.0,2026-08-14T22:10:35+00:00,0x0e9fd0a2d133d810446344a6e95e65c9dbc15a1d4f07573db11634bc6799b560
0x2f0f35765563ba038ba80ffb80d76eb6106b946a,0x4c82d1fbfe28c977cbb58d8c7ff8fcf9f70a2cca,0.0,2026-08-14T22:11:11+00:00,0x616dac1af625f3cb1708c2b847b17419f87c3a73c765bebffb76cf24ef030e6d
0x2f0f35765563ba038ba80ffb80d76eb6106b946a,0x4c82d1fbfe28c977cbb58d8c7ff8fcf9f70a2cca,0.8262253134537954,2026-08-14T22:11:47+00:00,0x5ba18a26d62c18e1682135f8aee85570133fde4351fe8f976bbaff66486ab0d5
0x2f0f35765563ba038ba80ffb80d76eb6106b946a,0x4c82d1fbfe28c977cbb58d8c7ff8fcf9f70a2cca,0.0,2026-08-14T22:11:59+00:00,0x38bc4014fa4ce4bf778a01263dee8f046fa7cf33df9e49238c4c1b562828a6de
0x2f0f35765563ba038ba80ffb80d76eb6106b946a,0x4c82d1fbfe28c977cbb58d8c7ff8fcf9f70a2cca,0.8224495870446535,2026-08-14T22:12:23+00:00,0x598f9384b466fdbbb5fd75cc70d4a9ae956d8030504980e9259cc6a49cb3d925
0x2f0f35765563ba038ba80ffb80d76eb6106b946a,0x4c82d1fbfe28c977cbb58d8c7ff8fcf9f70a2cca,0.0,2026-08-14T22:13:47+00:00,0xa8f576b8039345fdeaebbc6789f60d54cc88cef6c519820eb68ba1441fbb82c0
0x2f0f35765563ba038ba80ffb80d76eb6106b946a,0x4c82d1fbfe28c977cbb58d8c7ff8fcf9f70a2cca,0.8187185033460107,2026-08-14T22:18:35+00:00,0x60a0855241bea7d44c6792cc85668eca189b25a016113f093934c0ac7705903d
0x2f0f35765563ba038ba80ffb80d76eb6106b946a,0xbea37662bf8846674ae12d1b4a2a7c4868c044ef,0.0,2026-08-14T22:19:11+00:00,0x497464135a0e9a17a26ec27d2bea70e29284620357db2d67c9f9cfac89bf3891
0x2f0f35765563ba038ba80ffb80d76eb6106b946a,0x4c82d1fbfe28c977cbb58d8c7ff8fcf9f70a2cca,0.0,2026-08-14T22:19:35+00:00,0x9e9478d7ebc880797f82e78391c45c593dac3b0cc955c0a8772c384bb7d5a746
0x2f0f35765563ba038ba80ffb80d76eb6106b946a,0x5c7bcd6e7de5423a257d81b442095a1a6ced35c5,1.0716471494613193,2026-08-14T22:24:47+00:00,0x249aa96757ddad6a4c1cc0aa5c0a34adf02af5f65224a23df358d2b87493a7c5
0x2f0f35765563ba038ba80ffb80d76eb6106b946a,0x56e6f30e8d5e70e30aa4aded6c94b45128ad8a64,0.0,2026-08-18T21:46:11+00:00,0xb076b77c5cab56ebd815f0c6c01a5dfeb40ad6049e24dedd51e86cb6d54ccd98
0x2f0f35765563ba038ba80ffb80d76eb6106b946a,0x32dc0ada2cac046535821dda587d4f51fa5a3948,0.0,2026-08-18T21:49:47+00:00,0x275f0e1393f25ca0bdcd67e3c4af7c99dfe1d4c692febf7a9b0ebb54f31f54c3
0x2f0f35765563ba038ba80ffb80d76eb6106b946a,0x32dc0ada2cac046535821dda587d4f51fa5a3948,0.0,2026-08-18T22:01:35+00:00,0x7aea1e260cc32d3d13192edea3baa896b625b871db7be9d723580b9a537c878a
0x2f0f35765563ba038ba80ffb80d76eb6106b946a,0xc36442b4a4522e871399cd717abdd847ab11fe88,0.0,2026-08-18T22:01:59+00:00,0xe08b657bba829d21dff54e7116d917559afbb464791ffe439a79e490965873e8
0x2f0f35765563ba038ba80ffb80d76eb6106b946a,0x0000000000001ff3684f28c67538d4d072c22734,1.091969061051e-05,2026-08-18T22:03:11+00:00,0xea839583fb87101af69e8245ea045dd5d115b1a9d16217e838e8faeb54d612d0
0x2f0f35765563ba038ba80ffb80d76eb6106b946a,0x4c82d1fbfe28c977cbb58d8c7ff8fcf9f70a2cca,0.0001145381265776,2026-08-18T22:03:23+00:00,0x74883c0ebf0f192b6344898d8f67785703408ec357eb6f87fe636bcdf389a9ae
0x2f0f35765563ba038ba80ffb80d76eb6106b946a,0xea7b2fc6df1294732b8cf1f95c27b05e6e990e9b,0.0,2026-08-18T22:05:23+00:00,0xe93ac5e5acde4df61c344d3a163665be3d141d83ef14003c3baf2c8a022dabf0
0x2f0f35765563ba038ba80ffb80d76eb6106b946a,0x4c82d1fbfe28c977cbb58d8c7ff8fcf9f70a2cca,0.0,2026-08-18T22:05:47+00:00,0xf4df55474df4ab3298157504b6a6a782d76c237561eb39c8f85de86393a4a584
0x2f0f35765563ba038ba80ffb80d76eb6106b946a,0x4c82d1fbfe28c977cbb58d8c7ff8fcf9f70a2cca,3.255629131913e-05,2026-08-18T22:06:11+00:00,0x04940af7dc1044cdf47746b651dd937906402677df48ef0e29c57b254f594824
0x2f0f35765563ba038ba80ffb80d76eb6106b946a,0x4c82d1fbfe28c977cbb58d8c7ff8fcf9f70a2cca,0.8287155067016819,2026-08-19T10:49:59+00:00,0x607d5958d9f9eef8267da1e05e682c7d55ef11ab236c501a4792b3d0b3a79357
0x2f0f35765563ba038ba80ffb80d76eb6106b946a,0x4c82d1fbfe28c977cbb58d8c7ff8fcf9f70a2cca,0.20716533470066664,2026-08-19T10:50:47+00:00,0xd0765e1b1845dfd79d6444cc156c959ef7421374de8b681f3d477d6e58eaed5c
0x2f0f35765563ba038ba80ffb80d76eb6106b946a,0x4c82d1fbfe28c977cbb58d8c7ff8fcf9f70a2cca,0.0,2026-08-19T10:51:23+00:00,0xeb86bde4a0a8b9a1fe1e3fd17672ee693ff94f474eb59ce965ea06059c1a1e53
0x2f0f35765563ba038ba80ffb80d76eb6106b946a,0x4c82d1fbfe28c977cbb58d8c7ff8fcf9f70a2cca,1.0733544607715941,2026-08-19T10:51:59+00:00,0x4eb600ef69a04851afd76802acf06b46beac6788d6ae6c9d586d597507d5100e
0x2f0f35765563ba038ba80ffb80d76eb6106b946a,0x4c82d1fbfe28c977cbb58d8c7ff8fcf9f70a2cca,0.0,2026-08-19T10:52:35+00:00,0x4325d0bcce3d2913a5fb3ce6ba9a5b6e5c962ae358be75ce2b9d493034452369
0x2f0f35765563ba038ba80ffb80d76eb6106b946a,0x4c82d1fbfe28c977cbb58d8c7ff8fcf9f70a2cca,0.8191334523204984,2026-08-19T10:53:11+00:00,0x39abbab062378167baa0ede1d2a7f594ae69b8fc08d8c1548089120a59d1c310
0x2f0f35765563ba038ba80ffb80d76eb6106b946a,0x4c82d1fbfe28c977cbb58d8c7ff8fcf9f70a2cca,0.20477475709954943,2026-08-19T10:53:35+00:00,0x216ad4fffd56299470be69e738c4b66996e9527d90491cc6f9da699eaa30f24c
0x2f0f35765563ba038ba80ffb80d76eb6106b946a,0x4c82d1fbfe28c977cbb58d8c7ff8fcf9f70a2cca,0.0,2026-08-19T10:53:59+00:00,0x4eac2141d33bee8122cafbc55f2a1d1e34cf0bf5cc21dd4b9ef4b1fd368302c4
0x2f0f35765563ba038ba80ffb80d76eb6106b946a,0x4c82d1fbfe28c977cbb58d8c7ff8fcf9f70a2cca,6.4363186149185e-05,2026-08-19T10:54:35+00:00,0xc88156456ae1b06c27546aac5e653d4c79d35bab7f7fa87de4c37d011b214e30
0x2f0f35765563ba038ba80ffb80d76eb6106b946a,0x4c82d1fbfe28c977cbb58d8c7ff8fcf9f70a2cca,0.8145158056793885,2026-08-19T11:04:35+00:00,0x4428d8245d0d8a2af78c22bd00d6aee9bb40277698b27bdf03eb236010815ed5
0x2f0f35765563ba038ba80ffb80d76eb6106b946a,0x4c82d1fbfe28c977cbb58d8c7ff8fcf9f70a2cca,0.20357896835441847,2026-08-19T11:05:11+00:00,0x2fea89d5c2f03369d6ac7f84eb6da857e88e434f73d25280a3948be3ba3efdcb
0x2f0f35765563ba038ba80ffb80d76eb6106b946a,0x4c82d1fbfe28c977cbb58d8c7ff8fcf9f70a2cca,0.0,2026-08-19T12:17:59+00:00,0xe6058a9d8738de365157320eb313e0cf7503697f215ed91cb2786e48684d559b
0x2f0f35765563ba038ba80ffb80d76eb6106b946a,0x4c82d1fbfe28c977cbb58d8c7ff8fcf9f70a2cca,0.8142675964026466,2026-08-19T12:18:23+00:00,0xdd7822b4e23603a6f0fe8645da28444098f6f4bb4b0c7fe227e1b2ee794343d4
0x2f0f35765563ba038ba80ffb80d76eb6106b946a,0x4c82d1fbfe28c977cbb58d8c7ff8fcf9f70a2cca,0.20355275930207478,2026-08-19T12:18:47+00:00,0xd4073aa9bdf0de41729d6ce7c1b7aec3c3cd1ed71313ef911c8ee10b5e9a4d05
0x2f0f35765563ba038ba80ffb80d76eb6106b946a,0x4c82d1fbfe28c977cbb58d8c7ff8fcf9f70a2cca,0.0,2026-08-19T12:19:35+00:00,0xf89a968425fd847acf22708af8f166b21cd2fe8d848034fb698175defbe644b2
0x2f0f35765563ba038ba80ffb80d76eb6106b946a,0x4c82d1fbfe28c977cbb58d8c7ff8fcf9f70a2cca,3.2556306784667e-05,2026-08-19T12:19:59+00:00,0x7e4a4bb45854c9698a3fee30087954f2cda077d5a47638e7c709a247d106b62f
0x2f0f35765563ba038ba80ffb80d76eb6106b946a,0x4c82d1fbfe28c977cbb58d8c7ff8fcf9f70a2cca,0.8140099306207601,2026-08-19T12:20:59+00:00,0x45052f4f5a5a4e874e7339f7c93c56b711c3e12a31cc0c1d1a333ba1889d30c9
0x2f0f35765563ba038ba80ffb80d76eb6106b946a,0x4c82d1fbfe28c977cbb58d8c7ff8fcf9f70a2cca,0.2034747034564103,2026-08-19T12:21:23+00:00,0x671b59bcecab64c399ef523fb1ee51a8d3c454c02821b6bf331a8228f1a79693
0x2f0f35765563ba038ba80ffb80d76eb6106b946a,0x4c82d1fbfe28c977cbb58d8c7ff8fcf9f70a2cca,0.0,2026-08-19T12:21:59+00:00,0x19ee12670de0b6131450bfef31b238d6aea24cc6dc79442201d160601814875a
0x2f0f35765563ba038ba80ffb80d76eb6106b946a,0x4c82d1fbfe28c977cbb58d8c7ff8fcf9f70a2cca,0.8092745681817058,2026-08-19T12:22:35+00:00,0xb41167eafec9e09587af300ba7aab3a074dcc8c69cb3b03b057b92055ed1e2b0
0x2f0f35765563ba038ba80ffb80d76eb6106b946a,0x4c82d1fbfe28c977cbb58d8c7ff8fcf9f70a2cca,0.20230373080238762,2026-08-19T12:23:11+00:00,0xe159d68d85e3ca2b118acbbb8ac3bb7ad8672b9aee98c229aaf11ec792a84ec2
0x2f0f35765563ba038ba80ffb80d76eb6106b946a,0x4c82d1fbfe28c977cbb58d8c7ff8fcf9f70a2cca,0.0,2026-08-19T12:25:35+00:00,0xd52668ab7486e04671288c6f81623fad8bb821460957dee4281b3932110883a1
0x2f0f35765563ba038ba80ffb80d76eb6106b946a,0x4c82d1fbfe28c977cbb58d8c7ff8fcf9f70a2cca,0.8046808998526286,2026-08-19T12:53:59+00:00,0x4071bd7fe56d5c1d4d493e50c3820c7304ea2eeffec52911296accd227202515
0x2f0f35765563ba038ba80ffb80d76eb6106b946a,0x4c82d1fbfe28c977cbb58d8c7ff8fcf9f70a2cca,0.20101060014529487,2026-08-19T12:54:23+00:00,0x771570537cf0d0eb23cf23c62afad6f87c7a802bb812913fb6c32ae9f896142a
0x2f0f35765563ba038ba80ffb80d76eb6106b946a,0x4c82d1fbfe28c977cbb58d8c7ff8fcf9f70a2cca,0.0,2026-08-19T13:51:59+00:00,0xda794ff9e44e9c569eb4659ae39ba748d63b80b0cf61429ad403b99cd2c0c2e3
0x2f0f35765563ba038ba80ffb80d76eb6106b946a,0x4c82d1fbfe28c977cbb58d8c7ff8fcf9f70a2cca,6.4363216578461e-05,2026-08-19T13:52:23+00:00,0x1224bc6037f8d6b02c32097ad8385c55a92acead4010df2e692a08ff761e25cf
0x2f0f35765563ba038ba80ffb80d76eb6106b946a,0x05d2a2b028ea5e6bca8795065af6a0a1964b46b3,1.0273544414033342,2026-08-19T14:36:11+00:00,0xbeefe21af3b0dd8b8e340661be1da1ba274370794227c0c0d25b8ede6d0b0d1a
0x05d2d98239f690909b1b167750e59603a37046b3,0x2f0f35765563ba038ba80ffb80d76eb6106b946a,1e-09,2026-08-19T19:58:59+00:00,0x70948519e1e4337434f84a8f803959d5cdf1e3e6f26e8e7d56877a3218629025
0x05d29c0ab62b9fb1a59304a9cbabfbf034f546b3,0x2f0f35765563ba038ba80ffb80d76eb6106b946a,1e-09,2026-08-19T20:24:59+00:00,0x8c2ff8c2968acee802267abcfcd850950ecb9d2d289937556f7ac92afe48b90d
0x2f0f35765563ba038ba80ffb80d76eb6106b946a,0xcae1e34b94a30ab99fae93921d62c95095afc4a8,0.0,2026-08-20T08:18:11+00:00,0xf89835b9093802595361bf5e20728ae09338a44bfb0bc99b65d1d3fc8fea1398
0x2f0f35765563ba038ba80ffb80d76eb6106b946a,0xcae1e34b94a30ab99fae93921d62c95095afc4a8,0.0,2026-08-20T08:22:47+00:00,0xeb36b424cce9287a0d81f4eb705d56c3720cfdf122afa81102730b7bfe6db472
0x2f0f35765563ba038ba80ffb80d76eb6106b946a,0xc36442b4a4522e871399cd717abdd847ab11fe88,0.0,2026-08-20T08:23:23+00:00,0xee84b944ee062fd48ae9a59b0573c23f65bf9d986939a4284b62e24ae8ac19c3
0x2f0f35765563ba038ba80ffb80d76eb6106b946a,0x1231deb6f5749ef6ce6943a275a1d3e7486f4eae,9.1740172895449e-05,2026-08-20T08:24:59+00:00,0xc94acabc805c9e3e631bd1d465a0975dbb886aef2b2c7a66179eac51a55d2c0a
0x2f0f35765563ba038ba80ffb80d76eb6106b946a,0x4c82d1fbfe28c977cbb58d8c7ff8fcf9f70a2cca,2.6466532182786e-05,2026-08-20T08:26:23+00:00,0x21079567f0f1783be1b762a09efbd6f04647b1537d8db3c0b37f894144aa84a3
0x2f0f35765563ba038ba80ffb80d76eb6106b946a,0x4c82d1fbfe28c977cbb58d8c7ff8fcf9f70a2cca,3.2556291321734e-05,2026-08-24T08:21:23+00:00,0x476b1f5cb72ed9c745f9697665cbc2a6e1433eb296d51b6ce1cac72c9f59ae2e
0x2f0f35765563ba038ba80ffb80d76eb6106b946a,0x07f5b6823751c2e2cd4560f28af75ff887102241,0.0,2026-08-24T11:41:35+00:00,0x5bef372ddf273ac11fc845f53a27946b315d3ccbdfcb12be0e6aaab6a7c88470
0x2f0f35765563ba038ba80ffb80d76eb6106b946a,0x4c82d1fbfe28c977cbb58d8c7ff8fcf9f70a2cca,0.0,2026-08-24T11:42:11+00:00,0xc5dcaa7204e4953ccfd1307da8463ffb0b16fc252c9497628461b916ef664298
0x2f0f35765563ba038ba80ffb80d76eb6106b946a,0x4c82d1fbfe28c977cbb58d8c7ff8fcf9f70a2cca,2.1998852119398e-05,2026-08-24T11:42:35+00:00,0x9bfa60bfe9249d9a296345e0aa80e38a957120f39b48a43a60ebc9f2005691b5
0x2f0f35765563ba038ba80ffb80d76eb6106b946a,0x4c82d1fbfe28c977cbb58d8c7ff8fcf9f70a2cca,0.838317166766892,2026-08-24T11:46:35+00:00,0x71db2539a3611376785e10aea239a7ca1ec7bcf74daf04f665048a22af1225a3
0x2f0f35765563ba038ba80ffb80d76eb6106b946a,0x4c82d1fbfe28c977cbb58d8c7ff8fcf9f70a2cca,0.0,2026-08-24T11:46:59+00:00,0x498ed43f5da31352df0e8c966028e60b07228ecea80c28b8d46400a5434923f1
0x2f0f35765563ba038ba80ffb80d76eb6106b946a,0x4c82d1fbfe28c977cbb58d8c7ff8fcf9f70a2cca,0.8383171801805037,2026-08-24T11:47:59+00:00,0xc1910a86375c7ca191f42b68c86ab2695892c79f14fa27246a589230cbaa5e50
0x2f0f35765563ba038ba80ffb80d76eb6106b946a,0x4c82d1fbfe28c977cbb58d8c7ff8fcf9f70a2cca,0.0,2026-08-24T11:48:47+00:00,0xcbf4af7a7d345e274e3584b7dfec1aaa3a4e3c898815b33cc775e45b0f1cba81
0x2f0f35765563ba038ba80ffb80d76eb6106b946a,0x4c82d1fbfe28c977cbb58d8c7ff8fcf9f70a2cca,2.1998852911356e-05,2026-08-24T11:56:11+00:00,0x5913c3719f472e30d9a916ad3a79ed8dcd0b78ef0b5bd59ba7a4b9930d937249
0x2f0f35765563ba038ba80ffb80d76eb6106b946a,0x95ab71873c17e41ba4eadbca7cccf36d4ba162a4,0.0,2026-08-24T11:59:47+00:00,0xc7e15cc84ec2affd42925c8fa2d7cd4e1be081fd534a232282fc9d276eecaa67
0x2f0f35765563ba038ba80ffb80d76eb6106b946a,0x95ab71873c17e41ba4eadbca7cccf36d4ba162a4,0.0,2026-08-24T12:02:11+00:00,0x0ae62f5995439684f6af93cb76bef5273b4a6b38c8947404a5d4113d347a1753
0x2f0f35765563ba038ba80ffb80d76eb6106b946a,0xc36442b4a4522e871399cd717abdd847ab11fe88,0.0,2026-08-24T12:02:35+00:00,0x6c5adba162bdf067a1885526247bedadf7490462ca13d053f9e6ed6dfb780651
0x2f0f35765563ba038ba80ffb80d76eb6106b946a,0x0000000000001ff3684f28c67538d4d072c22734,8.361273930418e-06,2026-08-24T12:03:35+00:00,0x5826ea44dc2a2ef9e3910c915b8f9d538d9aaa4ff563f90dd1fec938d60b885d
0x2f0f35765563ba038ba80ffb80d76eb6106b946a,0x4c82d1fbfe28c977cbb58d8c7ff8fcf9f70a2cca,0.000116694292734048,2026-08-24T12:04:23+00:00,0x6b6607cbcd6575bd4516e4ea5aa42ada812bdbe9ad5d7f559cc037084d7a9594
0x2f0f35765563ba038ba80ffb80d76eb6106b946a,0x4c82d1fbfe28c977cbb58d8c7ff8fcf9f70a2cca,0.000116694293200824,2026-08-24T12:06:11+00:00,0x3d6bc70d880014878ce09cdfe350bd0abc4ea0b1dc9dda3bb36bd018f02ced38
0xef561bc2c0bb77538e0fcbc1dc6ee27e3db22009,0x2f0f35765563ba038ba80ffb80d76eb6106b946a,1.1839980458474e-05,2026-08-24T13:18:59+00:00,0x92b4700c5ef0643b639631e7be57ce69be295901e4be16e8bd57f18049e11c0d
0x2f0f35765563ba038ba80ffb80d76eb6106b946a,0x4a1cea06bfb228898fab450ca66ce74279f094d6,0.0,2026-08-24T13:40:11+00:00,0xf92213072fdc79c49939f456c5f80335f8f6e0859125983358226dfb3ef6d46a
0x2f0f35765563ba038ba80ffb80d76eb6106b946a,0x4a1cea06bfb228898fab450ca66ce74279f094d6,0.0,2026-08-24T13:43:47+00:00,0x3f0a0df7677f25e2ac163b26dc26a5f0ab033a6f534efc6b9e9db9c0ce20d89d
0x2f0f35765563ba038ba80ffb80d76eb6106b946a,0xc36442b4a4522e871399cd717abdd847ab11fe88,0.0,2026-08-24T13:43:59+00:00,0x471a55608b7ce5b2203b93159c747cbfe04f3e39a19d3ffd12fe47917b025c8f
0x2f0f35765563ba038ba80ffb80d76eb6106b946a,0x0000000000001ff3684f28c67538d4d072c22734,8.357477245786e-06,2026-08-24T13:44:59+00:00,0xebd3af8d0f3e522c89ffcb70e433a8646f554393cf0d939a8cc5d91c4f6455d6
0x2f0f35765563ba038ba80ffb80d76eb6106b946a,0x4c82d1fbfe28c977cbb58d8c7ff8fcf9f70a2cca,2.2122487691114e-05,2026-08-24T13:45:23+00:00,0xc3106ea57242391aab166662a1f9477a14e85d69532b1349b8fa899ce85dd271
0x2f0f35765563ba038ba80ffb80d76eb6106b946a,0x4c82d1fbfe28c977cbb58d8c7ff8fcf9f70a2cca,0.7963981512525352,2026-08-24T16:00:47+00:00,0xd5c0834489c238683c3327f5adc06231cde4938f809ed8fb5b69f3f97476ba5e
0x2f0f35765563ba038ba80ffb80d76eb6106b946a,0x4c82d1fbfe28c977cbb58d8c7ff8fcf9f70a2cca,0.0,2026-08-24T16:24:23+00:00,0xc143de9f6f78c8a2775a9347a99ddde9718b60017ed260e5bf99fe5dc9ea3945
0x2f0f35765563ba038ba80ffb80d76eb6106b946a,0x4c82d1fbfe28c977cbb58d8c7ff8fcf9f70a2cca,0.7963981633582479,2026-08-24T16:50:47+00:00,0x1f920451d0a8472f186aa7c98537188e8ada7f91867b31641bec745e02542458
0x2f0f35765563ba038ba80ffb80d76eb6106b946a,0x4c82d1fbfe28c977cbb58d8c7ff8fcf9f70a2cca,0.0,2026-08-24T18:37:11+00:00,0x8c2065efcd6509c2463d384556ffc686c14a30dde91a4ee954c3a454a464c9e0
0x2f0f35765563ba038ba80ffb80d76eb6106b946a,0x4c82d1fbfe28c977cbb58d8c7ff8fcf9f70a2cca,0.7963981754639607,2026-08-24T18:52:47+00:00,0x2e65d3d4dc9554d9fbd06ac7d72e526c5c562b842ea3021fe1cd5bb879897979
0x2f0f35765563ba038ba80ffb80d76eb6106b946a,0x4c82d1fbfe28c977cbb58d8c7ff8fcf9f70a2cca,0.0,2026-08-24T20:25:59+00:00,0x8303ff90fbb200f54204e40f60114a557ac46367856d4d77afbab06ab2b98ed4
0x2f0f35765563ba038ba80ffb80d76eb6106b946a,0x4c82d1fbfe28c977cbb58d8c7ff8fcf9f70a2cca,0.7963981875696738,2026-08-24T20:26:35+00:00,0x5e83d4269770f733598f3da1f5ce0a01d0af1b8f4bd1b97af4bd8460ca6827a7
0x2f0f35765563ba038ba80ffb80d76eb6106b946a,0x4c82d1fbfe28c977cbb58d8c7ff8fcf9f70a2cca,0.0,2026-08-24T20:27:23+00:00,0xe638d2ffac919b45135ea50224691d09f1d0bb180cb3edb62bd522aca5c8332b
0x2f0f35765563ba038ba80ffb80d76eb6106b946a,0x4c82d1fbfe28c977cbb58d8c7ff8fcf9f70a2cca,0.7963981996753873,2026-08-24T20:31:35+00:00,0x4343595b8ae4e26672ca08838d54af637c2e274a05c8e644c5f7b63b3e52c934
0x2f0f35765563ba038ba80ffb80d76eb6106b946a,0x4c82d1fbfe28c977cbb58d8c7ff8fcf9f70a2cca,0.0,2026-08-24T20:49:59+00:00,0x7bc68c720e92c721c10869db37ea86ca7f0452f1328908b24377958fb2716b69
0x2f0f35765563ba038ba80ffb80d76eb6106b946a,0x4c82d1fbfe28c977cbb58d8c7ff8fcf9f70a2cca,2.1998854671264e-05,2026-08-24T21:02:11+00:00,0x545a1020e04f6201d660307621857dde66e04659cf9eb5f7c58e17b62aba44f7
0x2f0f35765563ba038ba80ffb80d76eb6106b946a,0x4c82d1fbfe28c977cbb58d8c7ff8fcf9f70a2cca,0.6466683263546725,2026-08-24T21:03:35+00:00,0x558a776bd3aef7bd0d1babcc2802b4048f589053897c9adb8081df41b56f1061
0x2f0f35765563ba038ba80ffb80d76eb6106b946a,0x5bcd57e64668bfb3586e906a5e64b692c7bfa5df,0.0,2026-08-24T21:05:47+00:00,0x269ce1ccca43272ef2e925d7d9f2578549ee2fe2e1716b9e8acfcd502deda2ea
0x2f0f35765563ba038ba80ffb80d76eb6106b946a,0x4c82d1fbfe28c977cbb58d8c7ff8fcf9f70a2cca,0.0,2026-08-24T21:06:23+00:00,0x7b797da2a955a9bc032daa800bf1aab5857cac1aa6ea6129c23ff56da883356a
0x2f0f35765563ba038ba80ffb80d76eb6106b946a,0x4c82d1fbfe28c977cbb58d8c7ff8fcf9f70a2cca,0.6052965791088893,2026-08-24T21:06:47+00:00,0x25c1454642ef1b8bb11388e80f6fd63a99c757c222f239a6452ba5361cd3ef45
0x2f0f35765563ba038ba80ffb80d76eb6106b946a,0x4c82d1fbfe28c977cbb58d8c7ff8fcf9f70a2cca,0.0,2026-08-24T21:11:11+00:00,0xb047fd6566891e2a1e38e001bbb82b041a75e5b81f417a5e324b00663a9db891
0x2f0f35765563ba038ba80ffb80d76eb6106b946a,0x4c82d1fbfe28c977cbb58d8c7ff8fcf9f70a2cca,0.6047109587627194,2026-08-24T21:11:35+00:00,0x24f3d3a4905f1e8e0a80807b0bd4faa48a98522916c9185ecfcc046ee4dfc762
0x2f0f35765563ba038ba80ffb80d76eb6106b946a,0x4c82d1fbfe28c977cbb58d8c7ff8fcf9f70a2cca,0.0,2026-08-24T21:20:35+00:00,0x429b5eae8be24b31c267bc5d214dda154d31da7100cf439656132d67b8d2f185
0x2f0f35765563ba038ba80ffb80d76eb6106b946a,0x4c82d1fbfe28c977cbb58d8c7ff8fcf9f70a2cca,0.6041647101788191,2026-08-24T21:21:11+00:00,0x6ad1e9fb1d8572e77bfdd71356e76297a4c447eccc4bfdf6331a25ea8ff679e7
0x2f0f35765563ba038ba80ffb80d76eb6106b946a,0x4c82d1fbfe28c977cbb58d8c7ff8fcf9f70a2cca,0.15085492893151825,2026-08-24T21:21:35+00:00,0xa1d206df0644473d81c6be8959ef3c4b1d1f5fdcb03411880fd521f612303972
0x2f0f35765563ba038ba80ffb80d76eb6106b946a,0x4c82d1fbfe28c977cbb58d8c7ff8fcf9f70a2cca,0.0,2026-08-24T21:22:11+00:00,0x445f41fd045e35f855a720058615747991f674980bb5de0c5f14b739428d4e8e
0x2f0f35765563ba038ba80ffb80d76eb6106b946a,0x4c82d1fbfe28c977cbb58d8c7ff8fcf9f70a2cca,0.603501338947177,2026-08-24T21:22:59+00:00,0x4f2146cf23c75a78d9c34ce1e2e67ccdf29340b8921145200f9f75a2b3a99ffa
0x2f0f35765563ba038ba80ffb80d76eb6106b946a,0x4c82d1fbfe28c977cbb58d8c7ff8fcf9f70a2cca,0.0,2026-08-24T21:40:59+00:00,0x7f734b6e22a28a4f50791d2def3b61d59e5dbd17d10003ce9458f12e9b002879
0x2f0f35765563ba038ba80ffb80d76eb6106b946a,0x4c82d1fbfe28c977cbb58d8c7ff8fcf9f70a2cca,0.000169709491733723,2026-08-24T21:41:23+00:00,0x76fcc1f32bf30095c9ac73ce12bd9fae8164430e906b3e3bd6a7569a895f1220
0x2f0f35765563ba038ba80ffb80d76eb6106b946a,0x05d2a2b028ea5e6bca8795065af6a0a1964b46b3,0.7539904703982213,2026-08-24T21:56:23+00:00,0xf3a8bfe1325c5909510e60c934b4c37fff0c8d036d8ba60ca6c76b1b733bdd18
0x2f0f35765563ba038ba80ffb80d76eb6106b946a,0x4c82d1fbfe28c977cbb58d8c7ff8fcf9f70a2cca,2.1998854759261e-05,2026-08-25T08:45:59+00:00,0x92efb6344c02e7218ca40c03c64e70acc7501280da8bd8fe67d3ac62c4e42f74
0x2f0f35765563ba038ba80ffb80d76eb6106b946a,0xbab042a74a265b1e9ea39d0d871f553d4427c9e2,0.0,2026-08-25T09:24:11+00:00,0xa455711f29aa56bd6f861a748a8641492e09d9d2b0129715882758d349d9b918
0x2f0f35765563ba038ba80ffb80d76eb6106b946a,0xbab042a74a265b1e9ea39d0d871f553d4427c9e2,0.0,2026-08-25T09:27:11+00:00,0xd5783d6358e3ecf1985f34a1e3a7c20d8dc1518851afb6382902cc8e7c8ebfc5
0x2f0f35765563ba038ba80ffb80d76eb6106b946a,0xc36442b4a4522e871399cd717abdd847ab11fe88,0.0,2026-08-25T09:27:23+00:00,0x7e161108e9029a5362de90dc848eefb8e31cb1c96a27864d2f748c6e56de2dd9
0x2f0f35765563ba038ba80ffb80d76eb6106b946a,0x1231deb6f5749ef6ce6943a275a1d3e7486f4eae,8.367038937519e-06,2026-08-25T09:30:23+00:00,0x07f7109aef84d644c124f6e517600dd923c47355de4cf8231cdcb9391ff5bb76
0x2f0f35765563ba038ba80ffb80d76eb6106b946a,0x4c82d1fbfe28c977cbb58d8c7ff8fcf9f70a2cca,0.000221301413576459,2026-08-25T09:38:59+00:00,0x1870f9b65ea2a2c997015d7b03ca2ee56be106a7b427f42ed32e234e65a3ec75
0x2f0f35765563ba038ba80ffb80d76eb6106b946a,0x4c82d1fbfe28c977cbb58d8c7ff8fcf9f70a2cca,0.4230025211104662,2026-08-25T10:18:59+00:00,0x81272da0f21b637f79d82860663e87eafa87d14cdd84fb586a81630d0ff14d08
0x2f0f35765563ba038ba80ffb80d76eb6106b946a,0x1ba039795fd84d3017d18e48974cca5c04379b23,0.0,2026-08-25T10:19:59+00:00,0x7bf153a99fe447d5c582ba0a15b2aa6ddf6e1db654564aa057e30b11fec4270d
0x2f0f35765563ba038ba80ffb80d76eb6106b946a,0x4c82d1fbfe28c977cbb58d8c7ff8fcf9f70a2cca,0.0,2026-08-25T10:20:35+00:00,0x2920a3d1c41c0661d1d3962bb78fef25eb47fba1403e6cfe667d0408381ad96e
0x2f0f35765563ba038ba80ffb80d76eb6106b946a,0x4c82d1fbfe28c977cbb58d8c7ff8fcf9f70a2cca,0.4208143256993901,2026-08-25T10:23:35+00:00,0x71f5bb4ba81302c7515f522cb0908fdc8290c1ee4f3ec65fbc6537c96a8c4bde
0x2f0f35765563ba038ba80ffb80d76eb6106b946a,0x4c82d1fbfe28c977cbb58d8c7ff8fcf9f70a2cca,0.0,2026-08-25T10:23:59+00:00,0xcf0f6456f5e3b963cc6b5a9ea16f8df26b537d0b03a8d64c71cddbec8a114b0a
0x2f0f35765563ba038ba80ffb80d76eb6106b946a,0x4c82d1fbfe28c977cbb58d8c7ff8fcf9f70a2cca,0.41885316713727766,2026-08-25T16:19:59+00:00,0xe37a9bb5d6d5d73841a409e317b7ff166003d3848f09a870b421453e1e957ca0
0x2f0f35765563ba038ba80ffb80d76eb6106b946a,0x4c82d1fbfe28c977cbb58d8c7ff8fcf9f70a2cca,0.10457072520918183,2026-08-25T16:20:47+00:00,0xf8e2df4384324066b2c83a736d5400f169f2e54b868688a4ac22b33ac1b464b1
0x2f0f35765563ba038ba80ffb80d76eb6106b946a,0x4c82d1fbfe28c977cbb58d8c7ff8fcf9f70a2cca,0.0,2026-08-25T16:22:11+00:00,0xd17792efe6ca663129bdde0a744d7d4dcb526b9ea0cb6eed3577a8e4c115596f
0x2f0f35765563ba038ba80ffb80d76eb6106b946a,0x4c82d1fbfe28c977cbb58d8c7ff8fcf9f70a2cca,0.523932788947689,2026-08-25T16:22:35+00:00,0xa18b70665564fe5c0fd3c45e58b7b5baceb3d7e6ef9f02ca5ed87fedc88336a7
0x2f0f35765563ba038ba80ffb80d76eb6106b946a,0x4c82d1fbfe28c977cbb58d8c7ff8fcf9f70a2cca,0.0,2026-08-25T16:44:11+00:00,0xddc4b03946ff0d92b6744b820951f92e706b30225cf6e75777795e0450a3732a
0x2f0f35765563ba038ba80ffb80d76eb6106b946a,0x4c82d1fbfe28c977cbb58d8c7ff8fcf9f70a2cca,0.5239327941871496,2026-08-25T16:44:47+00:00,0x25ba4a22d6d01309b3659b86b2c31990075311fd0226f7d5935c3579d121d33f
0x2f0f35765563ba038ba80ffb80d76eb6106b946a,0x4c82d1fbfe28c977cbb58d8c7ff8fcf9f70a2cca,0.0,2026-08-25T17:28:11+00:00,0x6e15f63760a7886561a5238bd9ad93a5242b1256dfba658d36d7d08be5f62277
0x2f0f35765563ba038ba80ffb80d76eb6106b946a,0x4c82d1fbfe28c977cbb58d8c7ff8fcf9f70a2cca,2.1998864359684e-05,2026-08-25T17:28:47+00:00,0x82e2e0dd2a6543b7411d451ed3a46da44c252bf0483e60a2293051816829b506
0x2f0f35765563ba038ba80ffb80d76eb6106b946a,0x05d2a2b028ea5e6bca8795065af6a0a1964b46b3,0.5071257265964798,2026-08-25T17:29:59+00:00,0xdc4a2f90c2383f4ac70b40bf2d8a1ea9f7693fc412ebe6b94ccfdd22e82e398f
0x2f0f35765563ba038ba80ffb80d76eb6106b946a,0x4c82d1fbfe28c977cbb58d8c7ff8fcf9f70a2cca,0.03254857990151933,2026-08-25T22:44:47+00:00,0xee3173cdb0cb6d2856f6c623736b55361cb4a5470c7d406f680c602f578120dd
0x2f0f35765563ba038ba80ffb80d76eb6106b946a,0x88e02ce472ac92ac8fb562668dc806e6ae7ed1ff,0.0,2026-08-25T22:45:11+00:00,0x81c510f9e74a3833f0e63781bf0d8da66b4f948f0346e9f8867e1da11da84283
0x2f0f35765563ba038ba80ffb80d76eb6106b946a,0x4c82d1fbfe28c977cbb58d8c7ff8fcf9f70a2cca,0.0,2026-08-25T22:45:35+00:00,0x38fcf8f3d6f3903a89ed3377b9219226ce8acecba050329eeb037e44b65443c2
0x2f0f35765563ba038ba80ffb80d76eb6106b946a,0x4c82d1fbfe28c977cbb58d8c7ff8fcf9f70a2cca,0.032312262255376194,2026-08-25T22:45:59+00:00,0x3530a744aa084a4032652ec17e4e1bf9e454cf233393d5ecc64685da5c8c2d94
0x2f0f35765563ba038ba80ffb80d76eb6106b946a,0x4c82d1fbfe28c977cbb58d8c7ff8fcf9f70a2cca,0.0,2026-08-25T22:46:23+00:00,0x44d0283d62ac8a5df6c14e7427fa44ad1e192af0d50209595f35377b428600fc
0x2f0f35765563ba038ba80ffb80d76eb6106b946a,0x4c82d1fbfe28c977cbb58d8c7ff8fcf9f70a2cca,5.369127724125e-06,2026-08-25T22:46:59+00:00,0x8f6c62d1cdabcc4269c1de7758e3dd563fd700039d27faf8e875b1930d869265
0x2f0f35765563ba038ba80ffb80d76eb6106b946a,0x01a29b12a01065fb16ba158aeaf3ac20501be0af,0.0,2026-08-26T21:53:59+00:00,0xb214e16131164434bdba0e9fcedfb926c5bf28a6aa5f7b1b69cb5d28e6a1865d
0x2f0f35765563ba038ba80ffb80d76eb6106b946a,0x01a29b12a01065fb16ba158aeaf3ac20501be0af,0.0,2026-08-26T21:56:23+00:00,0x0aa52e3422f6e3e70cd31ce4c0f059fba54c212890186514ca2f651345aacaa4
0x2f0f35765563ba038ba80ffb80d76eb6106b946a,0xc36442b4a4522e871399cd717abdd847ab11fe88,0.0,2026-08-26T21:56:35+00:00,0x121326d5308c6dc5ae8435d651a39511bdbb1b0dd9078690eab7e47d1178ff4e
0x2f0f35765563ba038ba80ffb80d76eb6106b946a,0x0000000000001ff3684f28c67538d4d072c22734,8.328357132265e-06,2026-08-26T21:57:23+00:00,0x20d5932dd637e57c006dc8e5c98807d67df999d769f508677349bdeca859ea96
0x2f0f35765563ba038ba80ffb80d76eb6106b946a,0x4c82d1fbfe28c977cbb58d8c7ff8fcf9f70a2cca,4.3317685946603e-05,2026-08-26T21:57:47+00:00,0x6f59cf9b4da2b49511230d04b39684e5b5caf7d034896c09ca623ea452c13793
0x2f0f35765563ba038ba80ffb80d76eb6106b946a,0xa706330788301e7e289a25aac64c0eddcf5ca095,0.0,2026-08-26T22:09:47+00:00,0xad95120cf1e8c3135cb8418f136e3b2f60a2a3f8a75e99b44c7b132a287c01aa
0x2f0f35765563ba038ba80ffb80d76eb6106b946a,0xa706330788301e7e289a25aac64c0eddcf5ca095,0.0,2026-08-26T22:11:35+00:00,0x84acbd17ec8bf19e4c7937a3ec9fa9f5caea4e0eb58f4797c18580456488ec91
0x2f0f35765563ba038ba80ffb80d76eb6106b946a,0xc36442b4a4522e871399cd717abdd847ab11fe88,0.0,2026-08-26T22:11:47+00:00,0x9a8a5ff3c0b479cd6a8fb1d25f7a0b86c8af025ef8fa5c87f67f95b6a4d72f8e
0x2f0f35765563ba038ba80ffb80d76eb6106b946a,0x0000000000001ff3684f28c67538d4d072c22734,8.31030359264e-06,2026-08-26T22:12:35+00:00,0xcf178b950d49ae316bcfde1a464964abefb52c7f0ec76b5ab93dc860c1416d49
0x2f0f35765563ba038ba80ffb80d76eb6106b946a,0x4c82d1fbfe28c977cbb58d8c7ff8fcf9f70a2cca,2.330088499943e-06,2026-08-26T22:12:59+00:00,0x3d81c256ed5ddfb0808f6ff0aa8c57e860ea63fd418a454c5d0a15dbc6bbd006
0x2f0f35765563ba038ba80ffb80d76eb6106b946a,0x28ec1201faa65dafc51f069decb54d296ac32505,0.0,2026-08-27T08:00:59+00:00,0xd7a73e1ba8fd689a3593135ca08fc7f0535f1c6b602b27e949c7a4d6a0ec008a
0x2f0f35765563ba038ba80ffb80d76eb6106b946a,0x28ec1201faa65dafc51f069decb54d296ac32505,0.0,2026-08-27T08:03:23+00:00,0xf8faf8ddaeb573d65a93f669910400679d57123fbd78e31f63ceac2a382f6063
0x2f0f35765563ba038ba80ffb80d76eb6106b946a,0xc36442b4a4522e871399cd717abdd847ab11fe88,0.0,2026-08-27T08:03:47+00:00,0xe7fd4fac82ac83789efffb7f436b391bd802dc7b6f40e6c7e02ec7e573ce1d0c
0x2f0f35765563ba038ba80ffb80d76eb6106b946a,0x0000000000001ff3684f28c67538d4d072c22734,8.298117096318e-06,2026-08-27T08:05:11+00:00,0x14fd0b79f197dc7ba8c909ae2a13788a2de4a60afb05d9ceb5d200c4480aa96e
0x2f0f35765563ba038ba80ffb80d76eb6106b946a,0x0000000000001ff3684f28c67538d4d072c22734,8.25564483441e-06,2026-08-27T08:05:59+00:00,0xb98dc9c9f717e53830c6f28dea0b125ab02895002cb7b560d36b10ec4b53a2de
0x2f0f35765563ba038ba80ffb80d76eb6106b946a,0x4c82d1fbfe28c977cbb58d8c7ff8fcf9f70a2cca,2.200545665697e-06,2026-08-27T08:05:59+00:00,0x23d6bcbba9d69f50d02053f0c7bcd87d2e16bdf00aaf6ff8d09fb72d8b1ddddb
0x2f0f35765563ba038ba80ffb80d76eb6106b946a,0x4c82d1fbfe28c977cbb58d8c7ff8fcf9f70a2cca,0.000280997766955607,2026-08-27T11:15:47+00:00,0x72fdb2658b3afc131295a91c6511c0815aec4635f83b2a2633079c8ab0541a89
0x2f0f35765563ba038ba80ffb80d76eb6106b946a,0x4c82d1fbfe28c977cbb58d8c7ff8fcf9f70a2cca,2.1998851414388e-05,2026-08-27T13:01:47+00:00,0x7680e754097eadafd6df873acb28173f7c9673b0d54ba0bd94a2ddfad8375ef3
0x2f0f35765563ba038ba80ffb80d76eb6106b946a,0x4c82d1fbfe28c977cbb58d8c7ff8fcf9f70a2cca,0.0,2026-08-27T16:26:23+00:00,0x0576a9babeaab1fcff3a8762bef42aa38183e3119ea134ea40d57c82e035d230
0x2f0f35765563ba038ba80ffb80d76eb6106b946a,0x4c82d1fbfe28c977cbb58d8c7ff8fcf9f70a2cca,2.1998851599178e-05,2026-08-27T16:26:47+00:00,0xf5be5bb5dcde7046e5ef3ef8ea51ce9e0b189e98ad349fc3fb8a3f367a82866b
0x2f0f35765563ba038ba80ffb80d76eb6106b946a,0x4c82d1fbfe28c977cbb58d8c7ff8fcf9f70a2cca,2.1998851687174e-05,2026-08-27T16:27:23+00:00,0xb1e4cbb5be266fc73dc370f26163e2a25d7338824c76650ad1d86530b780394e
0x2f0f35765563ba038ba80ffb80d76eb6106b946a,0x05d2a2b028ea5e6bca8795065af6a0a1964b46b3,1.2350388395688014,2026-08-27T16:33:35+00:00,0x9c544ad718ec13d9784bdb0ca7bf595d796527eaad8304aa467dd4ef6da811b9
0x05d29c0ab62b9fb1a59304a9cbabfbf034f546b3,0x2f0f35765563ba038ba80ffb80d76eb6106b946a,1e-09,2026-08-27T16:38:35+00:00,0xb5e1a1c15a97bfe95ff6d6db687b3b9ff913352fcc7254bda8b07e92cf99e77f
0x2f0f35765563ba038ba80ffb80d76eb6106b946a,0x681bcb84ee10a39cc8cc9dafd94fc6779b2c40cf,0.04971364303490524,2026-08-27T19:01:35+00:00,0xa2877b0e9932dcc535adc1556c91111abc838828aed8dd683c5cd1f716846a08
0x2f0f35765563ba038ba80ffb80d76eb6106b946a,0x1231deb6f5749ef6ce6943a275a1d3e7486f4eae,8.283030452846e-06,2026-08-27T19:02:11+00:00,0x93e10b588408435267d4ac807bbfd6d4016cfeafcd64d218ac6631ca06622e76
0x2f0f35765563ba038ba80ffb80d76eb6106b946a,0x1231deb6f5749ef6ce6943a275a1d3e7486f4eae,8.283030452846e-06,2026-08-27T19:02:23+00:00,0xdcc3cb260ab161bdf6a5b766a40032be8e84c70cd0bc0a23ce1da14a967d3049
0x2f0f35765563ba038ba80ffb80d76eb6106b946a,0x1231deb6f5749ef6ce6943a275a1d3e7486f4eae,8.283030452846e-06,2026-08-27T19:02:47+00:00,0x7331867c286af3d9a19a7a017c8c640c96115fd36a87c06a0273322a6b9b8231
0x2f0f35765563ba038ba80ffb80d76eb6106b946a,0x1231deb6f5749ef6ce6943a275a1d3e7486f4eae,8.284648974139e-06,2026-08-27T19:03:23+00:00,0xfbfd52893f6b7c66ffade55bd3263964c641c9b78b91e312a6498a3e628f3a66
0x2f0f35765563ba038ba80ffb80d76eb6106b946a,0x1231deb6f5749ef6ce6943a275a1d3e7486f4eae,8.284648974139e-06,2026-08-27T19:12:59+00:00,0x76b24f14d1a0257df9aa2fc528bd16d034cd9e76eef3c387b6efbf6c1956c676
0x2f0f35765563ba038ba80ffb80d76eb6106b946a,0x4c82d1fbfe28c977cbb58d8c7ff8fcf9f70a2cca,0.6287252872095321,2026-08-27T19:17:23+00:00,0x5efdb441bb9fe0e72c38594e6114e1a0d85d45450509f10ef436199012c5daf0
0x2f0f35765563ba038ba80ffb80d76eb6106b946a,0x4c82d1fbfe28c977cbb58d8c7ff8fcf9f70a2cca,0.0,2026-08-27T19:17:59+00:00,0x491c9cb9e9b91eefe92ee9af0f04fda474a02e6a039a615539bb592b6bf24223
0x2f0f35765563ba038ba80ffb80d76eb6106b946a,0x4c82d1fbfe28c977cbb58d8c7ff8fcf9f70a2cca,0.6287252947544621,2026-08-27T19:18:23+00:00,0x8d4e90b0b58520ed0fb3696937c33ee77eb56c55bf9587df777f910deddea2fd
0x2f0f35765563ba038ba80ffb80d76eb6106b946a,0x4c82d1fbfe28c977cbb58d8c7ff8fcf9f70a2cca,2.1998851144393e-05,2026-08-27T19:21:59+00:00,0x9ad4ebe0d2404d523497b81aa7e0a00b2b0e6f8edb31ecf3a6a03300b0f81ba2
0x2f0f35765563ba038ba80ffb80d76eb6106b946a,0x5c7bcd6e7de5423a257d81b442095a1a6ced35c5,0.4453182276301221,2026-08-27T20:16:11+00:00,0x32d04cd71a2f29ac67e30481ed089e96ba18ecdafb0e48baf0876e56a5e34311
0x2f0f35765563ba038ba80ffb80d76eb6106b946a,0x5c7bcd6e7de5423a257d81b442095a1a6ced35c5,0.22262771946813076,2026-08-27T20:19:11+00:00,0x31d65522645430a4a008e9e9048c38a268a531711100a46b0cac70c3e1e1ed08
0x2f0f35765563ba038ba80ffb80d76eb6106b946a,0x5c7bcd6e7de5423a257d81b442095a1a6ced35c5,0.33186775769492366,2026-08-27T21:10:11+00:00,0x5377a95f366cfa1ab94e5ef3758cf1857a16d9e7cc869f9bb6d8864b27b65901
0x681b5d2c323e4d2c7f49c3fccace6ad8d05940cf,0x2f0f35765563ba038ba80ffb80d76eb6106b946a,1e-09,2026-08-27T22:02:23+00:00,0x6acabd03342a722e25fe2be5ee32016d16820ce551f89f1828158d20d26a4b60
0x05de7dd59174a17f3d41487726ab4fa9542b46b3,0x2f0f35765563ba038ba80ffb80d76eb6106b946a,0.0,2026-08-27T23:46:35+00:00,0x74d213c8cd0887575a67c3060747a3b4e8f838aaf9062c8046539851bf98cc2b
0x05d29c0ab62b9fb1a59304a9cbabfbf034f546b3,0x2f0f35765563ba038ba80ffb80d76eb6106b946a,0.0,2026-08-27T23:54:23+00:00,0xb327755f8e66ab19cb5b456a77875117116c3844e1e826d9423268c2234f34ff
0x2f0f35765563ba038ba80ffb80d76eb6106b946a,0x4c82d1fbfe28c977cbb58d8c7ff8fcf9f70a2cca,7.8455477815432e-05,2026-08-28T09:31:11+00:00,0x6b281c9c7c9c1840bc712f14a9b5bea5026e72c74841ce1ba34cb0336a5fbc5d
0x2f0f35765563ba038ba80ffb80d76eb6106b946a,0x4c82d1fbfe28c977cbb58d8c7ff8fcf9f70a2cca,2.1998851232388e-05,2026-08-28T10:12:11+00:00,0x4a4747c0e508f0ecbc53a37acb7804ee0a7b092e086a0ebec5c7858c35869ed0
0x2f0f35765563ba038ba80ffb80d76eb6106b946a,0xcdb4910a89edad25581c545f05018d45a387c9a5,0.0,2026-08-28T10:15:23+00:00,0xdeb283456149667a1efdf815f63fcc0789cc54b7b908da7d76975dc549e2849c
0x2f0f35765563ba038ba80ffb80d76eb6106b946a,0xcdb4910a89edad25581c545f05018d45a387c9a5,0.0,2026-08-28T10:17:47+00:00,0xe1288a3fd0d600b805d9e9ec8250dad86cbcaad37f8419431c700a8aad07f623
0x2f0f35765563ba038ba80ffb80d76eb6106b946a,0xc36442b4a4522e871399cd717abdd847ab11fe88,0.0,2026-08-28T10:17:59+00:00,0x5476cde8b5bacdd93d24726e21a8ea26ff470278483e6cf513b8787f9d64fe46
0x2f0f35765563ba038ba80ffb80d76eb6106b946a,0x0000000000001ff3684f28c67538d4d072c22734,8.336584365285e-06,2026-08-28T10:19:11+00:00,0xe101960b1a2f37cf17e58f090f629772c0703cad90d207863f58d65ee3577e75
0x2f0f35765563ba038ba80ffb80d76eb6106b946a,0x4c82d1fbfe28c977cbb58d8c7ff8fcf9f70a2cca,7.0002931569824e-05,2026-08-28T10:19:35+00:00,0xe0dd41abeb715e6ea8ce04cf9edd61077304c36795d27a9d8f34983728cbd317
0x2f0f35765563ba038ba80ffb80d76eb6106b946a,0x4c82d1fbfe28c977cbb58d8c7ff8fcf9f70a2cca,7.0002944903719e-05,2026-08-28T10:43:11+00:00,0x27beb2c11fbde933167bb6c1bef6d6d496f7cf7bf812849a2ca52e43490d6415
0x2f0f35765563ba038ba80ffb80d76eb6106b946a,0x4c82d1fbfe28c977cbb58d8c7ff8fcf9f70a2cca,0.10004220595776507,2026-08-28T10:43:59+00:00,0x1bafaa90e5d5e8945eec6d1d3dd18e16a9d67fa5d9188c0913996639b2e4f006
0x2f0f35765563ba038ba80ffb80d76eb6106b946a,0xcdb4910a89edad25581c545f05018d45a387c9a5,0.0,2026-08-28T10:44:35+00:00,0x89825f0e0c63c0023ebef1e408e6c8262fdd5544fa23f6fd6940ef5ecc4cb4b9
0x2f0f35765563ba038ba80ffb80d76eb6106b946a,0x4c82d1fbfe28c977cbb58d8c7ff8fcf9f70a2cca,0.0,2026-08-28T10:44:59+00:00,0x2187c7108037738d4665ae47f83a88caca215daa8213ef8a0dfc5ed295938cb1
0x2f0f35765563ba038ba80ffb80d76eb6106b946a,0x4c82d1fbfe28c977cbb58d8c7ff8fcf9f70a2cca,0.0933719162161698,2026-08-28T10:45:35+00:00,0x2721ff7e52e56756360ab41dc07abac334adc9c8b46cd07088e7f4ac1adf8e30
0x2f0f35765563ba038ba80ffb80d76eb6106b946a,0x4c82d1fbfe28c977cbb58d8c7ff8fcf9f70a2cca,0.0,2026-08-28T10:45:59+00:00,0x857dd56dcd5a92a41229b1f10e924cd10b9c9587753e6de1c2b919c16d00791c
0x2f0f35765563ba038ba80ffb80d76eb6106b946a,0x4c82d1fbfe28c977cbb58d8c7ff8fcf9f70a2cca,7.0002930090636e-05,2026-08-28T10:46:23+00:00,0x0a694f33a7df01fbc75874710aa08ed33bc062fc046fde5c59c53c6c0f47ec4f
0x2f0f35765563ba038ba80ffb80d76eb6106b946a,0xbe6441b7c86eca116bfd29b5063bd3b33a7c3962,0.0,2026-08-28T10:49:11+00:00,0x5f85ca3222d07e933234b654a2ba3119e8f95e0632c5326253ed46c48c869287
0x2f0f35765563ba038ba80ffb80d76eb6106b946a,0xbe6441b7c86eca116bfd29b5063bd3b33a7c3962,0.0,2026-08-28T10:50:47+00:00,0xfc0a653da652f1b30c419f12e3c52d597d0099ca985cda1f971ccd520ecdf0eb
0x2f0f35765563ba038ba80ffb80d76eb6106b946a,0xc36442b4a4522e871399cd717abdd847ab11fe88,0.0,2026-08-28T10:50:59+00:00,0x25cdafa925ba94bdbb880bbbbe03e7c5813342e0ef0a361fbf7d81481e687f5e
0x2f0f35765563ba038ba80ffb80d76eb6106b946a,0x0000000000001ff3684f28c67538d4d072c22734,8.303661188835e-06,2026-08-28T10:51:59+00:00,0x51609a4b8ec821e22be52233977f4413b02cc434c0bf196ab5be34f21cbb4ab5
0x2f0f35765563ba038ba80ffb80d76eb6106b946a,0xc36442b4a4522e871399cd717abdd847ab11fe88,0.0,2026-08-28T10:52:23+00:00,0x9e06c5d446bee9cadfb45bad9ba2ebefbedf7609deb514eb3167a48e1e6876c1
0x2f0f35765563ba038ba80ffb80d76eb6106b946a,0x4c82d1fbfe28c977cbb58d8c7ff8fcf9f70a2cca,1.1712145741112e-05,2026-08-28T10:52:59+00:00,0xeb2593c8d646e6625e97e6b0044f87339d86a0d38e53ee254f4d8e802486b5ee
0x2f0f35765563ba038ba80ffb80d76eb6106b946a,0x0b009da46e7e612db236374e73db651956e8bf17,0.0,2026-08-28T16:09:47+00:00,0xfd80a5cf750abaa4e740097f05398509bd9df8731e04d8136eabbe0b1aa104c8
0x2f0f35765563ba038ba80ffb80d76eb6106b946a,0x0b009da46e7e612db236374e73db651956e8bf17,0.0,2026-08-28T16:11:59+00:00,0x23d4c399b48cad76df9613f840b02762de5c559fa0df151480db253f20311aa3
0x2f0f35765563ba038ba80ffb80d76eb6106b946a,0xc36442b4a4522e871399cd717abdd847ab11fe88,0.0,2026-08-28T16:12:23+00:00,0xd54e76f20894dff580b1d8cd71109bcd69886dfa445af9df78400904ac633761
0x2f0f35765563ba038ba80ffb80d76eb6106b946a,0x0000000000001ff3684f28c67538d4d072c22734,8.446864264144e-06,2026-08-28T16:12:59+00:00,0x7ee466bd04861676a68416dcb514ddcda58949432483c7432c576ca4ff828729
0x2f0f35765563ba038ba80ffb80d76eb6106b946a,0x4c82d1fbfe28c977cbb58d8c7ff8fcf9f70a2cca,1.48959959292e-07,2026-08-28T16:13:47+00:00,0x24df443ba6d16365bf156a916645713c02cb9c545e9aff435e6d00ff534f77d6
0x2f0f35765563ba038ba80ffb80d76eb6106b946a,0x4c82d1fbfe28c977cbb58d8c7ff8fcf9f70a2cca,1.4895995937e-07,2026-08-28T16:15:59+00:00,0x3227d7f17b10665692671854aa42cdc06c40f8257378e88c7a70a19ddab9f205
0x2f0f35765563ba038ba80ffb80d76eb6106b946a,0x4c82d1fbfe28c977cbb58d8c7ff8fcf9f70a2cca,0.0648731866842718,2026-08-28T16:20:23+00:00,0xa27ffdc7bc97edfc475406a62cb94ee6d848e686c95943cf057d8a191abd8d41
0x2f0f35765563ba038ba80ffb80d76eb6106b946a,0x4c82d1fbfe28c977cbb58d8c7ff8fcf9f70a2cca,0.0,2026-08-28T16:21:59+00:00,0x47e2f7e88f6939e569de13e756d8d48bbd53ecebb7d10b8f46f4c986733ad987
0x2f0f35765563ba038ba80ffb80d76eb6106b946a,0x4c82d1fbfe28c977cbb58d8c7ff8fcf9f70a2cca,2.1998852325051e-05,2026-08-28T16:22:35+00:00,0x3be14773146c1bb5c0465c9fc45396591fdf0f9d43dcb8a8f6af68ec1a1283d6
0x2f0f35765563ba038ba80ffb80d76eb6106b946a,0x05d2a2b028ea5e6bca8795065af6a0a1964b46b3,0.7668871558539263,2026-08-28T16:29:23+00:00,0x6893b240ca16177306b686626c55e71cf8c196b23a3471544bea63f44de4ebac
0x2f0f35765563ba038ba80ffb80d76eb6106b946a,0x4c82d1fbfe28c977cbb58d8c7ff8fcf9f70a2cca,3.2556291325031e-05,2026-08-28T17:22:35+00:00,0xf84690b24557929fc47b93530be2bc73982cc3559f407b0e5df3f362e8c05060
0x2f0f35765563ba038ba80ffb80d76eb6106b946a,0x4c82d1fbfe28c977cbb58d8c7ff8fcf9f70a2cca,0.0930400285571183,2026-08-28T17:25:47+00:00,0xd4bf8635257cbd43965750ef748f1207beecfb5238f73677b8374fd58343f0a1
0x2f0f35765563ba038ba80ffb80d76eb6106b946a,0x4c82d1fbfe28c977cbb58d8c7ff8fcf9f70a2cca,0.0,2026-08-28T17:26:11+00:00,0x06ca4d2e956b4d0117bab9bbd9fab64d9f032bd7e00cce346ca4ff3b9b66d4b8
0x2f0f35765563ba038ba80ffb80d76eb6106b946a,0x4c82d1fbfe28c977cbb58d8c7ff8fcf9f70a2cca,0.09304002855935127,2026-08-28T17:27:59+00:00,0x854ca4dbd5c57e16142e6a802322d82cceba1eacef40a081afa1ed573bd4ac8a
0x2f0f35765563ba038ba80ffb80d76eb6106b946a,0x4c82d1fbfe28c977cbb58d8c7ff8fcf9f70a2cca,0.0,2026-08-28T17:30:11+00:00,0x36a42d37a1fe7b324a6bcb216990da38de716f7162b9757fccb157e732ea4bf7
0x2f0f35765563ba038ba80ffb80d76eb6106b946a,0x4c82d1fbfe28c977cbb58d8c7ff8fcf9f70a2cca,0.09304002856158423,2026-08-28T17:30:35+00:00,0xd31fb9e651828faf36f43a17cc86fe696ad932fd838b1fcdff537ee449b14cd9
0x2f0f35765563ba038ba80ffb80d76eb6106b946a,0x4c82d1fbfe28c977cbb58d8c7ff8fcf9f70a2cca,7.000294342453e-05,2026-08-28T17:32:59+00:00,0x140ce61d35f5046656f1c348b8cc616ef0a9f113a09b72397033fe7bddabc021
0x2f0f35765563ba038ba80ffb80d76eb6106b946a,0x4c82d1fbfe28c977cbb58d8c7ff8fcf9f70a2cca,0.0,2026-08-28T17:37:59+00:00,0xa22d31b23650f3f72a5b48ced70a24c4ed01ae0c24e34680070f9abfef333a86
0x2f0f35765563ba038ba80ffb80d76eb6106b946a,0x4c82d1fbfe28c977cbb58d8c7ff8fcf9f70a2cca,0.0899386939186018,2026-08-28T17:40:23+00:00,0x8e7dc9c9ecd1368b2567d1a4484c9e04d81d885682ad635837313f17a78fa03c
0x2f0f35765563ba038ba80ffb80d76eb6106b946a,0x4c82d1fbfe28c977cbb58d8c7ff8fcf9f70a2cca,0.0,2026-08-28T21:02:35+00:00,0x7ddff1c391beb61f6a101b8bf3a87fbd4262d574f4621bf663b4f04ead49cf60
0x2f0f35765563ba038ba80ffb80d76eb6106b946a,0x4c82d1fbfe28c977cbb58d8c7ff8fcf9f70a2cca,3.2556291330735e-05,2026-08-28T21:03:11+00:00,0xc6ebbd6d0329bbae456f7912f55ede293a1d888bf175d59426d5fb11601fbb3d
0x2f0f35765563ba038ba80ffb80d76eb6106b946a,0x4c82d1fbfe28c977cbb58d8c7ff8fcf9f70a2cca,1.2405355503050888,2026-08-28T21:37:11+00:00,0x02786f86ecf171ed30589dc27db7e049acb8171f112572ffcc3dbeec7b6e7d6b
0x2f0f35765563ba038ba80ffb80d76eb6106b946a,0x4c82d1fbfe28c977cbb58d8c7ff8fcf9f70a2cca,0.0,2026-08-28T21:37:47+00:00,0x7405d3ad4ff03127bbb5290b26b722adad042d06db64e45f8db440cba4c61cdb
0x2f0f35765563ba038ba80ffb80d76eb6106b946a,0x4c82d1fbfe28c977cbb58d8c7ff8fcf9f70a2cca,1.2405355507020606,2026-08-28T21:39:11+00:00,0x2a3d99b8fb8269d40146d4d7d3d28fe614d4dd3c243d999891779fb55892e802
0x2f0f35765563ba038ba80ffb80d76eb6106b946a,0x4c82d1fbfe28c977cbb58d8c7ff8fcf9f70a2cca,0.0,2026-08-28T21:41:35+00:00,0x28596d50ffb2aee73991d8db51b1bb89f8d6d751e6e4390757ee63340759cb17
0x2f0f35765563ba038ba80ffb80d76eb6106b946a,0x4c82d1fbfe28c977cbb58d8c7ff8fcf9f70a2cca,3.2556291354175e-05,2026-08-28T21:42:23+00:00,0xa5b3f8c8ea79dcf31f07ea66632b919cebe478f44bc300c50afca4cba68b58a7
0x2f0f35765563ba038ba80ffb80d76eb6106b946a,0x4c82d1fbfe28c977cbb58d8c7ff8fcf9f70a2cca,1.467143091188052,2026-08-28T21:44:23+00:00,0x5d091403bfee3621dd01753795665a14b6e20a41a225c5e50a8dc0fcd9e62f0f
0x2f0f35765563ba038ba80ffb80d76eb6106b946a,0x4c82d1fbfe28c977cbb58d8c7ff8fcf9f70a2cca,0.0,2026-08-28T21:45:47+00:00,0x89584beade63a0f1ea65cd834ec71334910a8d1e67d9649fe892668b805546ed
0x2f0f35765563ba038ba80ffb80d76eb6106b946a,0x4c82d1fbfe28c977cbb58d8c7ff8fcf9f70a2cca,1.2575259940488008,2026-08-28T21:46:11+00:00,0x708dd6ecbca31ecc76ffe5c1c7742bed748a4ef2b88d35bc7652daa0f0401dea
0x2f0f35765563ba038ba80ffb80d76eb6106b946a,0x4c82d1fbfe28c977cbb58d8c7ff8fcf9f70a2cca,0.0,2026-08-28T21:47:47+00:00,0x0f94aaee88f8287232f9eec56af0790ab8a0ee7fee7a64db9b172c3b92a856d1
0x2f0f35765563ba038ba80ffb80d76eb6106b946a,0x4c82d1fbfe28c977cbb58d8c7ff8fcf9f70a2cca,2.1998851665348e-05,2026-08-28T21:48:59+00:00,0x45542e5bad319ce83287140b9698734eb1a2e795b4f29cf76f096e237f5a83b7
0x2f0f35765563ba038ba80ffb80d76eb6106b946a,0x4c82d1fbfe28c977cbb58d8c7ff8fcf9f70a2cca,2.1998851635919e-05,2026-08-28T21:54:23+00:00,0xa07cda156a759b27b647bcd49d945e25ecb235ff7bd1b0e3819d49815e938bc0
0x2f0f35765563ba038ba80ffb80d76eb6106b946a,0x4c82d1fbfe28c977cbb58d8c7ff8fcf9f70a2cca,1.2575260275793247,2026-08-28T21:59:11+00:00,0xbec9f1e2c18e0a2575fd0b27c7b826c287c0a990a7fa88f190b0d96d9b9b55b7
0x2f0f35765563ba038ba80ffb80d76eb6106b946a,0x4c82d1fbfe28c977cbb58d8c7ff8fcf9f70a2cca,0.0,2026-08-28T21:59:35+00:00,0x10e21dd8932241ea1ca9665fe5d8d4b89cbab8def72d300690adcf968e86a812
0x2f0f35765563ba038ba80ffb80d76eb6106b946a,0x4c82d1fbfe28c977cbb58d8c7ff8fcf9f70a2cca,0.628725614013743,2026-08-28T22:01:23+00:00,0xab23a1656f9c77d71fd7aaa03a95e5cc4508606fbf2f096cd37c846ace4fcfce
0x2f0f35765563ba038ba80ffb80d76eb6106b946a,0x4c82d1fbfe28c977cbb58d8c7ff8fcf9f70a2cca,0.0,2026-08-28T22:01:47+00:00,0xeb764318a3503f57dd9de1c69e5c3eac7e77b45fbb2ad80dd490b33f333cc1cc
0x2f0f35765563ba038ba80ffb80d76eb6106b946a,0x4c82d1fbfe28c977cbb58d8c7ff8fcf9f70a2cca,2.1998863473564e-05,2026-08-28T22:04:11+00:00,0xdbbdd8cd6df63fef00834bd315025b08d08207fe168898c9769e9a6bc3871a09
0x2f0f35765563ba038ba80ffb80d76eb6106b946a,0x05d2a2b028ea5e6bca8795065af6a0a1964b46b3,1.4516482520536207,2026-08-28T22:12:11+00:00,0x1166ad89bbeda0a4433534cc90ab5273ea5d4b293b9631ad0e32149c8d23ffcc
0x05d29c0ab62b9fb1a59304a9cbabfbf034f546b3,0x2f0f35765563ba038ba80ffb80d76eb6106b946a,0.0,2026-08-29T04:59:59+00:00,0xcdad3f9e169c91374f291e7834a275e8f97ac7220538db8e1a16672c7657d650
0x2f0f35765563ba038ba80ffb80d76eb6106b946a,0x73fcb098cadff88e1548168324b114f336012d0b,0.0,2026-08-29T08:03:59+00:00,0xdb800c61a5679c8cd8f2650cb0ea40b25ffac8877bc42441062d67746d9104e1
0x2f0f35765563ba038ba80ffb80d76eb6106b946a,0x73fcb098cadff88e1548168324b114f336012d0b,0.0,2026-08-29T08:05:47+00:00,0xffe3b0a8ffe2af9d00003730f28618549220cceeabac2f0f87243faeec15379b
0x2f0f35765563ba038ba80ffb80d76eb6106b946a,0xc36442b4a4522e871399cd717abdd847ab11fe88,0.0,2026-08-29T08:06:11+00:00,0x5c57aa44ec986c9c1d4427c9d458a03f2e93d5b403cf2807dbd9c54492b10e61
0x2f0f35765563ba038ba80ffb80d76eb6106b946a,0x0000000000001ff3684f28c67538d4d072c22734,8.519768345164e-06,2026-08-29T08:06:59+00:00,0x52848016c402766d15359d5c81d120444ff3fd81cb44c9a45bc0ab0ce1896b92
0x2f0f35765563ba038ba80ffb80d76eb6106b946a,0x4c82d1fbfe28c977cbb58d8c7ff8fcf9f70a2cca,2.8721879661773e-05,2026-08-29T08:07:47+00:00,0xdcf74c612aa16ad33395eabc38187b6a8040d65db30d234585e9beecd9f6ab85
0x2f0f35765563ba038ba80ffb80d76eb6106b946a,0xdc67eb72ba4ea0c5f141f02d47106854d5ea9400,0.0,2026-08-29T08:12:23+00:00,0x143c538f239f8f73c4ba218109c445a7859e521e2676768651480acdd65b1590
0x2f0f35765563ba038ba80ffb80d76eb6106b946a,0xdc67eb72ba4ea0c5f141f02d47106854d5ea9400,0.0,2026-08-29T08:14:11+00:00,0x050616aa9eb0454c13f8d391a5edcfa20e0ba6aecd2d3925222a4b311b8ff679
0x2f0f35765563ba038ba80ffb80d76eb6106b946a,0xc36442b4a4522e871399cd717abdd847ab11fe88,0.0,2026-08-29T08:14:35+00:00,0x43629cf0a1e372a61f2c24803ace6715bca439cad2d79747da57a257810929b8
0x2f0f35765563ba038ba80ffb80d76eb6106b946a,0x0000000000001ff3684f28c67538d4d072c22734,8.521554665724e-06,2026-08-29T08:15:35+00:00,0x48fceae076372764c00571f8e78beeff738eb754362c555a016d0a3758713550
0x2f0f35765563ba038ba80ffb80d76eb6106b946a,0x4c82d1fbfe28c977cbb58d8c7ff8fcf9f70a2cca,1.4934767775815e-05,2026-08-29T08:16:11+00:00,0x2377c63fe566090c8213bc21915a6d85a0d84ccf6894b853760b9ee19e1e3b34
0x2f0f35765563ba038ba80ffb80d76eb6106b946a,0x4c82d1fbfe28c977cbb58d8c7ff8fcf9f70a2cca,1.2575267042982494,2026-08-29T09:12:35+00:00,0xcdf1a946a261e740d9609dde4c4307d3549cb8ffe2ff2309bc192898300030fb
0x2f0f35765563ba038ba80ffb80d76eb6106b946a,0x4c82d1fbfe28c977cbb58d8c7ff8fcf9f70a2cca,0.0,2026-08-29T09:13:11+00:00,0xa66eb95154f18e295294d72f5531531ca45ed1648c2cf8ff967f2c59bb64e8eb
0x2f0f35765563ba038ba80ffb80d76eb6106b946a,0x4c82d1fbfe28c977cbb58d8c7ff8fcf9f70a2cca,1.240535551198275,2026-08-29T09:14:47+00:00,0xbf01bf62c6d53acc9954d3fe8c24cc0815417c9e21693e303c4df22860d67d24
0x2f0f35765563ba038ba80ffb80d76eb6106b946a,0x4c82d1fbfe28c977cbb58d8c7ff8fcf9f70a2cca,0.0,2026-08-29T09:15:23+00:00,0xf1ae07e95fba4096df6b43711832868c5b64ea5eaff5344087288869f4e94e8f
0x2f0f35765563ba038ba80ffb80d76eb6106b946a,0x4c82d1fbfe28c977cbb58d8c7ff8fcf9f70a2cca,1.2405355515952468,2026-08-29T09:16:11+00:00,0xe864948469f0b86b547e36b5f0acd072e690530b2cd551fe4e7e1e3d78c30e73
0x2f0f35765563ba038ba80ffb80d76eb6106b946a,0x4c82d1fbfe28c977cbb58d8c7ff8fcf9f70a2cca,2.1998864089532e-05,2026-08-29T09:17:23+00:00,0xb2525b5c22beb0760ec72bdac791cd7c0c93a023d5a3cee0fa2a34f1259596d1
0x2f0f35765563ba038ba80ffb80d76eb6106b946a,0x4c82d1fbfe28c977cbb58d8c7ff8fcf9f70a2cca,0.0,2026-08-29T09:18:47+00:00,0x74a89e8e33729d5d2c5e0b8515e3c0ff801e10bce252a074985ecc430c99b4e5
0x2f0f35765563ba038ba80ffb80d76eb6106b946a,0x4c82d1fbfe28c977cbb58d8c7ff8fcf9f70a2cca,3.255639554758e-05,2026-08-29T09:19:11+00:00,0x985a1fc0785ad95476227640b2f80483b1169f37c3ff6b0e7ba628b4452657bc
0x2f0f35765563ba038ba80ffb80d76eb6106b946a,0x4c82d1fbfe28c977cbb58d8c7ff8fcf9f70a2cca,1.257526739511121,2026-08-29T10:58:23+00:00,0x61ed0729015c497d9fdda275bde6876e6397cdab4f70cd5be84a2cef6b352977
0x2f0f35765563ba038ba80ffb80d76eb6106b946a,0x4c82d1fbfe28c977cbb58d8c7ff8fcf9f70a2cca,0.0,2026-08-29T10:58:59+00:00,0x6e085ccfead4e4f1ad508250f2a11c25363ee819bf92a95df67c48f48b2fc057
0x2f0f35765563ba038ba80ffb80d76eb6106b946a,0x4c82d1fbfe28c977cbb58d8c7ff8fcf9f70a2cca,1.257526769693583,2026-08-29T10:59:35+00:00,0x569ec9b2b505c37b4e02f60bd5f6053ccb648080c8f04ad9fd2ae950af81cc21
0x2f0f35765563ba038ba80ffb80d76eb6106b946a,0x4c82d1fbfe28c977cbb58d8c7ff8fcf9f70a2cca,0.0,2026-08-29T11:04:35+00:00,0x734accb686fca9f3743feaa090b1dc6bce1a6f5a762ad57925767bbec59c0b9e
0x2f0f35765563ba038ba80ffb80d76eb6106b946a,0x4c82d1fbfe28c977cbb58d8c7ff8fcf9f70a2cca,1.2575267998760464,2026-08-29T11:05:11+00:00,0xf2f1c313041519a64687e6f5980d19ed596258912949fb3be2da2c7db94c19e4
0x2f0f35765563ba038ba80ffb80d76eb6106b946a,0x4c82d1fbfe28c977cbb58d8c7ff8fcf9f70a2cca,0.0,2026-08-29T11:05:35+00:00,0xefa97b60ca6da76994b94616ac825ba86206afffefc3be7639bf1bad21edda20
0x2f0f35765563ba038ba80ffb80d76eb6106b946a,0x7806662c384a244a91cc8be638ff7202ca94af40,0.0,2026-08-29T11:10:35+00:00,0x2f87bcf82f668d39a529123ed1241fa06ede5adb27b2b2b2614e1ce11514ba67
0x2f0f35765563ba038ba80ffb80d76eb6106b946a,0x7806662c384a244a91cc8be638ff7202ca94af40,0.0,2026-08-29T11:12:47+00:00,0x8a28583d71aefe36367e11b8e34d2ee2d6dd3be8acdf2bfcefdbc9e417ee732b
0x2f0f35765563ba038ba80ffb80d76eb6106b946a,0xc36442b4a4522e871399cd717abdd847ab11fe88,0.0,2026-08-29T11:13:11+00:00,0x0db54e0d9f467d44edc3f004c13d9b2510611ab18a03eedfc1b7aa9ac5e95184
0x2f0f35765563ba038ba80ffb80d76eb6106b946a,0x0000000000001ff3684f28c67538d4d072c22734,8.508402498994e-06,2026-08-29T11:14:11+00:00,0x3e3656f277a691373a7e3a5d75a231f680b7cd042d25202b766fabc4a6ec4fd8
0x2f0f35765563ba038ba80ffb80d76eb6106b946a,0x4c82d1fbfe28c977cbb58d8c7ff8fcf9f70a2cca,0.000159253283783359,2026-08-29T11:14:47+00:00,0x24820f9934041247988510956c5f1405c583ccdf558192a61bf82ec730a4cdc8
0x2f0f35765563ba038ba80ffb80d76eb6106b946a,0x4c82d1fbfe28c977cbb58d8c7ff8fcf9f70a2cca,0.9102834007574487,2026-08-29T11:17:59+00:00,0xd6eaf3c97c88403244a2643e75ff1e6ac517299fa03294609da669036c616c84
0x2f0f35765563ba038ba80ffb80d76eb6106b946a,0x7806662c384a244a91cc8be638ff7202ca94af40,0.0,2026-08-29T11:18:47+00:00,0x6a986ac7a9abb34246f662e0973079c6448be2c70abe3bc3d85b2f4082ff7266
0x2f0f35765563ba038ba80ffb80d76eb6106b946a,0x4c82d1fbfe28c977cbb58d8c7ff8fcf9f70a2cca,0.0,2026-08-29T11:19:35+00:00,0x1d146b64b1cf56bc7fc260cf0d69e58d4eb00185b8ca02a1d303aa5147497c2a
0x2f0f35765563ba038ba80ffb80d76eb6106b946a,0x4c82d1fbfe28c977cbb58d8c7ff8fcf9f70a2cca,0.000159253338058034,2026-08-29T11:20:23+00:00,0x174f6908cc4d6037544682f35909ee415ddf8ea3facfa071c8f6ae5daaa3dd93
0x2f0f35765563ba038ba80ffb80d76eb6106b946a,0x4c82d1fbfe28c977cbb58d8c7ff8fcf9f70a2cca,0.9062007438374688,2026-08-29T11:44:59+00:00,0x63309496acbb4aeeec259fd4d78715c6a68304513aa7e16218d96b050b6d93c8
0x2f0f35765563ba038ba80ffb80d76eb6106b946a,0x2c5c341b0926f81e200e1c1fb5cc93aef3daa4b3,0.0,2026-08-29T11:45:47+00:00,0x1bc71edade5871f5f19c48bc2784cc32163aeb62bd97b05a5dcc79fd1fa3cbed
0x2f0f35765563ba038ba80ffb80d76eb6106b946a,0x4c82d1fbfe28c977cbb58d8c7ff8fcf9f70a2cca,0.0,2026-08-29T11:46:23+00:00,0x7949b813a909a20228a8f5aaf9a9425082c6f9d257ffc61993349c8e770554fd
0x2f0f35765563ba038ba80ffb80d76eb6106b946a,0x4c82d1fbfe28c977cbb58d8c7ff8fcf9f70a2cca,0.9062009613300469,2026-08-29T11:47:11+00:00,0xc52d45eadfd68b9839b4a374a40fa83b9df980690a34dd37bc912b0ae5c2b22d
0x2f0f35765563ba038ba80ffb80d76eb6106b946a,0x4c82d1fbfe28c977cbb58d8c7ff8fcf9f70a2cca,0.0,2026-08-29T11:47:35+00:00,0x555d6b420a1d31914fd09167149e6de524e360b9a4a1826d9a7346a26295bc68
0x2f0f35765563ba038ba80ffb80d76eb6106b946a,0x4c82d1fbfe28c977cbb58d8c7ff8fcf9f70a2cca,1.1576558985284373,2026-08-29T11:49:35+00:00,0x0e9457589169a050778571cba9d3b746a0529e025fa2a94c23647f729d63f501
0x2f0f35765563ba038ba80ffb80d76eb6106b946a,0x4c82d1fbfe28c977cbb58d8c7ff8fcf9f70a2cca,0.0,2026-08-29T11:50:11+00:00,0xf9d149fc092e39ece32dcdf7542c1dc18fd1d6a7202093a11817bfa9c11266e7
0x2f0f35765563ba038ba80ffb80d76eb6106b946a,0x4c82d1fbfe28c977cbb58d8c7ff8fcf9f70a2cca,4.3317686119874e-05,2026-08-29T12:02:23+00:00,0x8dd93e527b8c63370cc9cd9aca35a79967e7338e10e0f12fa0efa1873f65646a
0x2f0f35765563ba038ba80ffb80d76eb6106b946a,0x4c82d1fbfe28c977cbb58d8c7ff8fcf9f70a2cca,1.257526830058511,2026-08-29T12:08:35+00:00,0xf8ea1509e5a9b1c35ea55c171b664c85c7cfe1baf66b7661bd0a51a98f1eed9a
0x2f0f35765563ba038ba80ffb80d76eb6106b946a,0x4c82d1fbfe28c977cbb58d8c7ff8fcf9f70a2cca,0.0,2026-08-29T12:09:47+00:00,0xbef0317d297dfdbe642019145d726ad08b9aac2d7cc878edacc20fd6ebb3431b
0x2f0f35765563ba038ba80ffb80d76eb6106b946a,0x4c82d1fbfe28c977cbb58d8c7ff8fcf9f70a2cca,1.2575274622119992,2026-08-29T12:10:11+00:00,0x3e1e11e5e0dd43f1ba63f342c5cfe9c0760f4ac5621aedb80449be72c29483b6
0x2f0f35765563ba038ba80ffb80d76eb6106b946a,0x4c82d1fbfe28c977cbb58d8c7ff8fcf9f70a2cca,0.0,2026-08-29T12:10:47+00:00,0x35b33ed7107ae8450857bf6cdbabfb739e1513e703d8e9db599531fe2a25e3ed
0x2f0f35765563ba038ba80ffb80d76eb6106b946a,0x4c82d1fbfe28c977cbb58d8c7ff8fcf9f70a2cca,1.2575274923944877,2026-08-29T12:12:23+00:00,0x191d12173d51d230d49db5bbc2bf76a5a977a833d054499afc1c79872f511980
0x2f0f35765563ba038ba80ffb80d76eb6106b946a,0x4c82d1fbfe28c977cbb58d8c7ff8fcf9f70a2cca,0.0,2026-08-29T12:44:47+00:00,0xfb278a3b665a39566dcce0713f8ec10909ef00dfa32301c2fa486d793be288a2
0x2f0f35765563ba038ba80ffb80d76eb6106b946a,0x4c82d1fbfe28c977cbb58d8c7ff8fcf9f70a2cca,1.257527522576977,2026-08-29T12:45:11+00:00,0xfa3627e01ce70a89510e2b2d2c422da5c3c8a2f33337fea5172ee0a824ac2285
0x2f0f35765563ba038ba80ffb80d76eb6106b946a,0x4c82d1fbfe28c977cbb58d8c7ff8fcf9f70a2cca,0.0,2026-08-29T12:57:11+00:00,0xa35e66617b958989803dd2b5e75a34b0f7f61b3622691b3d490ef22b6323e955
0x2f0f35765563ba038ba80ffb80d76eb6106b946a,0x4c82d1fbfe28c977cbb58d8c7ff8fcf9f70a2cca,1.2575275527594674,2026-08-29T12:58:11+00:00,0x43fc79bb255d8dc585c26a9f11264a2cc035a386be1ed1ba5010166824b4f1f0
0x2f0f35765563ba038ba80ffb80d76eb6106b946a,0x4c82d1fbfe28c977cbb58d8c7ff8fcf9f70a2cca,0.0,2026-08-29T12:59:59+00:00,0xefa8be522f4c0c43afb21378ca05b3b2c6db45dabcfacbadeb3fb6de9f3494f7
0x2f0f35765563ba038ba80ffb80d76eb6106b946a,0x4c82d1fbfe28c977cbb58d8c7ff8fcf9f70a2cca,2.1998878931414e-05,2026-08-29T13:00:47+00:00,0xdf0e44bb6d6909b3c9dd9eabf2523852096b0423b90899854475200b2ec75d64
0x2f0f35765563ba038ba80ffb80d76eb6106b946a,0x4c82d1fbfe28c977cbb58d8c7ff8fcf9f70a2cca,1.2575275879723744,2026-08-29T14:12:11+00:00,0x47f1a9362d508cd819cd841bc278a12a91c365d2a63dca36ec1f3f17e6767e8e
0x2f0f35765563ba038ba80ffb80d76eb6106b946a,0x4c82d1fbfe28c977cbb58d8c7ff8fcf9f70a2cca,0.0,2026-08-29T14:13:11+00:00,0x28be31e77900d0bb7cc9b688704fcd1c3068640fed4b764ad40732a2876baf8c
0x2f0f35765563ba038ba80ffb80d76eb6106b946a,0x4c82d1fbfe28c977cbb58d8c7ff8fcf9f70a2cca,1.2575282459492154,2026-08-29T14:13:59+00:00,0x529d3c124612ee57c63f9dde875f584f970adc34bd6a86b362a0f281e1ddea59
0x2f0f35765563ba038ba80ffb80d76eb6106b946a,0x4c82d1fbfe28c977cbb58d8c7ff8fcf9f70a2cca,0.0,2026-08-29T14:15:47+00:00,0xbd0435a5cdfc2a3a4895f49987e9262ecf6881fb87eb233adb396a2b4bdaba55
0x2f0f35765563ba038ba80ffb80d76eb6106b946a,0x4c82d1fbfe28c977cbb58d8c7ff8fcf9f70a2cca,1.257528276131732,2026-08-29T14:16:11+00:00,0xe22a4513a94a7811f3006870743ee3818f9569c6255add008c7b208d17ed848f
0x2f0f35765563ba038ba80ffb80d76eb6106b946a,0x4c82d1fbfe28c977cbb58d8c7ff8fcf9f70a2cca,0.0,2026-08-29T14:19:11+00:00,0xd7d6358e610a7fe5652322ef5b071c0d66c9c24bab4f375a5785e44dd6966df4
0x2f0f35765563ba038ba80ffb80d76eb6106b946a,0x4c82d1fbfe28c977cbb58d8c7ff8fcf9f70a2cca,2.1998891585152e-05,2026-08-29T14:20:23+00:00,0x532e035268f81f37c16cef1c2199623c2499a4e4074386023d173368dce80d41
0x2f0f35765563ba038ba80ffb80d76eb6106b946a,0x4c82d1fbfe28c977cbb58d8c7ff8fcf9f70a2cca,1.2575283113446691,2026-08-29T14:24:59+00:00,0x37e7e744b31984ebcf714678ece87889a896935af2f153c3aba98546a91bd9eb
0x2f0f35765563ba038ba80ffb80d76eb6106b946a,0x4c82d1fbfe28c977cbb58d8c7ff8fcf9f70a2cca,0.0,2026-08-29T14:31:35+00:00,0xba475b5063dc5f4af5d6cc6cca849a4241746819fa76b84a67743c5a5574a81c
0x2f0f35765563ba038ba80ffb80d76eb6106b946a,0x4c82d1fbfe28c977cbb58d8c7ff8fcf9f70a2cca,1.2688540331040679,2026-08-29T14:36:47+00:00,0x5f7d20b2d42e4be5e6043ee16fa732bf186ee7b120d95d428690558d03ef9e29
0x2f0f35765563ba038ba80ffb80d76eb6106b946a,0xa10fb4b535055a0a139bd893d30b4d79b53ce446,0.0,2026-08-29T14:37:23+00:00,0x0a16a3b08f63fbdf1c857d6025c303d96f97876fa868c4c0aca0cc2a3d65f524
0x2f0f35765563ba038ba80ffb80d76eb6106b946a,0x4c82d1fbfe28c977cbb58d8c7ff8fcf9f70a2cca,0.0,2026-08-29T14:37:47+00:00,0x3dd362e1fd6aaa30a6e23bb6b6deb5cafd3fd0be67535cffbf54c4383d4884b5
0x2f0f35765563ba038ba80ffb80d76eb6106b946a,0x4c82d1fbfe28c977cbb58d8c7ff8fcf9f70a2cca,1.257528341527188,2026-08-29T14:38:47+00:00,0x170ee33b8f470d7c050e42920f1a65f68116534fdbd6f7f6fdd1af515ca3e318
0x2f0f35765563ba038ba80ffb80d76eb6106b946a,0x4c82d1fbfe28c977cbb58d8c7ff8fcf9f70a2cca,0.0,2026-08-29T14:48:11+00:00,0xc7389b14286223b699c1003fe0a6c02a7ba7805d3de7f469a9fb7709e6e74dfe
0x2f0f35765563ba038ba80ffb80d76eb6106b946a,0x4c82d1fbfe28c977cbb58d8c7ff8fcf9f70a2cca,1.257528371709708,2026-08-29T14:48:47+00:00,0x68db353a46a6ce0e0311c70036fb96fdbae84db846e28e7a1a677c4a9cb76372
0x2f0f35765563ba038ba80ffb80d76eb6106b946a,0x4c82d1fbfe28c977cbb58d8c7ff8fcf9f70a2cca,0.0,2026-08-29T14:49:47+00:00,0x2f9d9b8c71f5414b0e86faac02c94e4792910caca26b1916a0c58ca5d530405c
0x2f0f35765563ba038ba80ffb80d76eb6106b946a,0x4c82d1fbfe28c977cbb58d8c7ff8fcf9f70a2cca,2.199889325707e-05,2026-08-29T14:50:35+00:00,0xd50e18db94ab8073fd838dc0726f81ccfd60179bbde83dcd9046853a1f7d0f27
0x2f0f35765563ba038ba80ffb80d76eb6106b946a,0x4c82d1fbfe28c977cbb58d8c7ff8fcf9f70a2cca,1.2575284069226493,2026-08-29T15:45:35+00:00,0x13b774458120e6b690aee96f3c5a0de4306d4255c15f51b6885c230554c217bd
0x2f0f35765563ba038ba80ffb80d76eb6106b946a,0x4c82d1fbfe28c977cbb58d8c7ff8fcf9f70a2cca,0.0,2026-08-29T15:46:23+00:00,0x20c27e35d37efb982a3766d7d139f3bb5e3c59ed52d13864bc3b18c74ea36aa2
0x2f0f35765563ba038ba80ffb80d76eb6106b946a,0x4c82d1fbfe28c977cbb58d8c7ff8fcf9f70a2cca,1.2575290650339033,2026-08-29T15:47:11+00:00,0x5f1b46e02b59a76ac1cd2fd375c516b10670da5ea88cd6b97cb30c35429d6136
0x2f0f35765563ba038ba80ffb80d76eb6106b946a,0x4c82d1fbfe28c977cbb58d8c7ff8fcf9f70a2cca,0.0,2026-08-29T15:48:35+00:00,0x92c1d055f420f18428c3ba21a2812b37ccf98b929dfd07a44d4472b460b0380d
0x2f0f35765563ba038ba80ffb80d76eb6106b946a,0x4c82d1fbfe28c977cbb58d8c7ff8fcf9f70a2cca,1.2575290952164493,2026-08-29T15:48:59+00:00,0x95cd9696185df036814fa2edfa6279f2976da62a29eff5e6df27f941afb1c772
0x2f0f35765563ba038ba80ffb80d76eb6106b946a,0x4c82d1fbfe28c977cbb58d8c7ff8fcf9f70a2cca,0.0,2026-08-29T16:24:47+00:00,0x605ed05ef0c7bd02a246d283cd4375d6adffa58adc680be9bf433e98b5dd00e0
0x2f0f35765563ba038ba80ffb80d76eb6106b946a,0x4c82d1fbfe28c977cbb58d8c7ff8fcf9f70a2cca,1.2575291253989962,2026-08-29T16:25:11+00:00,0x0d0926612d487c3dde5527104834817030f56d7844aabd553b994ef8807d1684
0x2f0f35765563ba038ba80ffb80d76eb6106b946a,0x4c82d1fbfe28c977cbb58d8c7ff8fcf9f70a2cca,0.0,2026-08-29T16:27:47+00:00,0x50fc0e78b6d1259e00fb32f23ea7268d53f51ab8c2c6e3c5453995417e0294b4
0x2f0f35765563ba038ba80ffb80d76eb6106b946a,0x4c82d1fbfe28c977cbb58d8c7ff8fcf9f70a2cca,1.2575297835076413,2026-08-29T16:28:11+00:00,0xebe553fe75da61385e831881e7a3f86b73337d9f11670a7018f995aaca751b2f
0x2f0f35765563ba038ba80ffb80d76eb6106b946a,0x4c82d1fbfe28c977cbb58d8c7ff8fcf9f70a2cca,0.0,2026-08-29T16:29:11+00:00,0x349c1dbf04130fec08a3002dc72f19f3e035dfd3d0df44b84886a36c51374dd1
0x2f0f35765563ba038ba80ffb80d76eb6106b946a,0xc36442b4a4522e871399cd717abdd847ab11fe88,0.0,2026-08-29T16:30:23+00:00,0x8c956e707301b90682c0b43bf6fbdcb1afb8c5bd5862b90debf900ebcfa9939c
0x2f0f35765563ba038ba80ffb80d76eb6106b946a,0xc36442b4a4522e871399cd717abdd847ab11fe88,0.0,2026-08-29T16:30:59+00:00,0xb68ac4f7dd497c65aa38da5011b8120d7342a56d8ed6b925c7dd90d48dc98e69
0x2f0f35765563ba038ba80ffb80d76eb6106b946a,0x4c82d1fbfe28c977cbb58d8c7ff8fcf9f70a2cca,2.1998917953236e-05,2026-08-29T16:31:59+00:00,0xa61efb8b453ab5a1a49f695c11d379fcc6c2d137cdf138fc8178bdbf99bccf4d
0x2f0f35765563ba038ba80ffb80d76eb6106b946a,0x4c82d1fbfe28c977cbb58d8c7ff8fcf9f70a2cca,1.2575298187206418,2026-08-29T17:52:35+00:00,0x121e7c897ce04e133eb986fa1073990bcb1ac97212c2c6ed98d061c4b8ac2acb
0x2f0f35765563ba038ba80ffb80d76eb6106b946a,0x4c82d1fbfe28c977cbb58d8c7ff8fcf9f70a2cca,0.0,2026-08-29T17:53:47+00:00,0x23752b051c017d065b0f19035ebbb77b2c402e97299f2eef44ba54153c1ca518
0x2f0f35765563ba038ba80ffb80d76eb6106b946a,0x4c82d1fbfe28c977cbb58d8c7ff8fcf9f70a2cca,1.257530466905795,2026-08-29T17:55:23+00:00,0xcc47ddc4a0a8aba59c28202a88a443342ff5f291a1c567afbf24f07ebd48f01c
0x2f0f35765563ba038ba80ffb80d76eb6106b946a,0x4c82d1fbfe28c977cbb58d8c7ff8fcf9f70a2cca,0.0,2026-08-29T17:56:35+00:00,0x5b50e171277e4bdf871cb9ec5c30e794b734eca904df58eadf94616b00c88315
0x2f0f35765563ba038ba80ffb80d76eb6106b946a,0x4c82d1fbfe28c977cbb58d8c7ff8fcf9f70a2cca,1.2575304970883914,2026-08-29T18:11:23+00:00,0x5d2d7a57ea5607fda6967c88ba48e6262932d7c102104f15fe3d52d9ffaf0c21
0x2f0f35765563ba038ba80ffb80d76eb6106b946a,0x4c82d1fbfe28c977cbb58d8c7ff8fcf9f70a2cca,0.0,2026-08-29T18:12:11+00:00,0xa0d786987b931c918839a857c512b90ad8193d198102e6ddc66f0d8ee4d7c28e
0x2f0f35765563ba038ba80ffb80d76eb6106b946a,0x4c82d1fbfe28c977cbb58d8c7ff8fcf9f70a2cca,1.257530527270989,2026-08-29T18:57:11+00:00,0xd6bd747c951399574d25001738d1855af2e9c646e65f0dc8d715f9c0b7db6373
0x2f0f35765563ba038ba80ffb80d76eb6106b946a,0x4c82d1fbfe28c977cbb58d8c7ff8fcf9f70a2cca,0.0,2026-08-29T18:58:23+00:00,0xd40b31f214bc719d909b6e16cc726aa28419286494caa8b199b146e2c158c56a
0x2f0f35765563ba038ba80ffb80d76eb6106b946a,0x4c82d1fbfe28c977cbb58d8c7ff8fcf9f70a2cca,2.199894177418e-05,2026-08-29T18:58:47+00:00,0xa11938e2fe12ef5ab97042b5bdfbd6bfc4216f2ca7007294aaebed6b40e5d187
0x2f0f35765563ba038ba80ffb80d76eb6106b946a,0x4c82d1fbfe28c977cbb58d8c7ff8fcf9f70a2cca,1.2575311804851528,2026-08-29T19:38:11+00:00,0x5327e0c18f90b03800662590889fbe5ea3c0e5fbc75d8deb882e497f1a2bdc74
0x2f0f35765563ba038ba80ffb80d76eb6106b946a,0x4c82d1fbfe28c977cbb58d8c7ff8fcf9f70a2cca,0.0,2026-08-29T19:39:11+00:00,0xa6765e545b9f8376281f230538c82f6b25fc46b92b3f897128e61d4d75e2cfc8
0x2f0f35765563ba038ba80ffb80d76eb6106b946a,0x4c82d1fbfe28c977cbb58d8c7ff8fcf9f70a2cca,1.257531210667775,2026-08-29T19:39:47+00:00,0xae40936babfbb73d095153044fabe5c023e95b0a038df362924ef35c07d22624
0x2f0f35765563ba038ba80ffb80d76eb6106b946a,0x4c82d1fbfe28c977cbb58d8c7ff8fcf9f70a2cca,0.0,2026-08-29T19:40:35+00:00,0x77aab7073fc5c9f24fddcdc3c3b9bdd6e6cc3a3659955d261cf34a59e7cbf764
0x2f0f35765563ba038ba80ffb80d76eb6106b946a,0x4c82d1fbfe28c977cbb58d8c7ff8fcf9f70a2cca,1.2575312408503982,2026-08-29T20:02:11+00:00,0x5b3f513be54fc2d015c7acf6e7824110676b717dca86a31c9d1f69817c4fd084
0x2f0f35765563ba038ba80ffb80d76eb6106b946a,0xc36442b4a4522e871399cd717abdd847ab11fe88,0.0,2026-08-29T20:03:11+00:00,0x0ca4b17bec9403e48ffda5ca6dc2432120143568bb5883768f115df97b3ed281
0x2f0f35765563ba038ba80ffb80d76eb6106b946a,0x4c82d1fbfe28c977cbb58d8c7ff8fcf9f70a2cca,0.0,2026-08-29T20:04:47+00:00,0x04e6d9bc40bfeda908c064a53feb31fad21235a920d08a4c377ee549b84fab23
0x2f0f35765563ba038ba80ffb80d76eb6106b946a,0x4c82d1fbfe28c977cbb58d8c7ff8fcf9f70a2cca,2.1998954256598e-05,2026-08-29T20:05:23+00:00,0xeb0c92bb01fdcf5ccd655796dade09653a405d665898930b8addc1bee86bac80
0x2f0f35765563ba038ba80ffb80d76eb6106b946a,0x4c82d1fbfe28c977cbb58d8c7ff8fcf9f70a2cca,1.2575318940635851,2026-08-29T20:36:35+00:00,0xa05492a1a07db4a4c7e549e1ba36329c6f2a780b7dab50656c5aaabc5e94a60b
0x2f0f35765563ba038ba80ffb80d76eb6106b946a,0x4c82d1fbfe28c977cbb58d8c7ff8fcf9f70a2cca,0.0,2026-08-29T20:41:35+00:00,0xeef2d4fbaab278194548380c7d3c497dd3884c4d070bdc233c6b9dc641cc2faa
0x2f0f35765563ba038ba80ffb80d76eb6106b946a,0x4c82d1fbfe28c977cbb58d8c7ff8fcf9f70a2cca,1.2575319594593235,2026-08-29T21:06:23+00:00,0xfc76aeb20d391ce30a71746463a13b2d1fe4c191c0ed6f46014385abf9f095ff
0x2f0f35765563ba038ba80ffb80d76eb6106b946a,0x4c82d1fbfe28c977cbb58d8c7ff8fcf9f70a2cca,0.0,2026-08-29T21:07:35+00:00,0x43a2fd2a4ae7e253608b0f87ed0f1ba34ad487c615212f279495ec461bb87012
0x2f0f35765563ba038ba80ffb80d76eb6106b946a,0x4c82d1fbfe28c977cbb58d8c7ff8fcf9f70a2cca,1.264316588368197,2026-08-29T21:08:47+00:00,0x31dd4c9259b26ceb67712d089f23f0c21c917e6b315b14e4d4b37271a058f730
0x2f0f35765563ba038ba80ffb80d76eb6106b946a,0x73fcb098cadff88e1548168324b114f336012d0b,0.0,2026-08-29T21:09:11+00:00,0xffbc9b854b2d1ea7ae3350455e8872dacbaabdb4676e875a76fb57a41ea7e206
0x2f0f35765563ba038ba80ffb80d76eb6106b946a,0x4c82d1fbfe28c977cbb58d8c7ff8fcf9f70a2cca,0.0,2026-08-29T21:09:59+00:00,0x3d4f0fecf4d16608c66a9404311c05bc5576ed40a1ec1feba20de51f1bed8bd8
0x2f0f35765563ba038ba80ffb80d76eb6106b946a,0x4c82d1fbfe28c977cbb58d8c7ff8fcf9f70a2cca,2.20939132805e-06,2026-08-29T21:10:59+00:00,0x1e863cc362a9caab19e206961a9a2d34eabc380f44e29a11a5ce0a7dd3f48970
0x2f0f35765563ba038ba80ffb80d76eb6106b946a,0x28b7059f76de65adeeaeaca55a5173036bee599d,0.0,2026-08-29T21:14:23+00:00,0x245cf8c9282a45e861d02d676db9c33c9f2ce123e4e08e93a491352b2c9fce78
0x2f0f35765563ba038ba80ffb80d76eb6106b946a,0x4c82d1fbfe28c977cbb58d8c7ff8fcf9f70a2cca,0.000114549579255335,2026-08-29T21:31:47+00:00,0x7e8b3dc6615f0c2c68944ae1042b8826b879d059fea46565ed30e8dbd1e1c51f
0x2f0f35765563ba038ba80ffb80d76eb6106b946a,0x4c82d1fbfe28c977cbb58d8c7ff8fcf9f70a2cca,1.309479701050648,2026-08-29T21:32:35+00:00,0x6c76cc672eb434243b5c09cf17c53d3f1cf2af53365d046261b0a8b48f87eae5
0x2f0f35765563ba038ba80ffb80d76eb6106b946a,0x5381269e09bd50c50de211fd939bcdfc3c63ffe8,0.0,2026-08-29T21:32:59+00:00,0x67507361e0e7d91c68ed828d8b9cfb4d09eb2e2bdca4758edd226d68c6112062
0x2f0f35765563ba038ba80ffb80d76eb6106b946a,0x4c82d1fbfe28c977cbb58d8c7ff8fcf9f70a2cca,0.0,2026-08-29T21:33:35+00:00,0xe7e4ede88290096f4084357d918deb86f8531b66bf3c5a7e4036c918d8b84cae
0x2f0f35765563ba038ba80ffb80d76eb6106b946a,0x4c82d1fbfe28c977cbb58d8c7ff8fcf9f70a2cca,1.309479707336226,2026-08-29T21:33:59+00:00,0x97f1ea255af60316ae05bea596a1ab7189a57bac9cda193830710b7521213868
0x2f0f35765563ba038ba80ffb80d76eb6106b946a,0x4c82d1fbfe28c977cbb58d8c7ff8fcf9f70a2cca,0.0,2026-08-29T21:34:59+00:00,0x38d725543500136511a625a375e8d3cfa30b229b6183d6447511d35d97a0d93f
0x2f0f35765563ba038ba80ffb80d76eb6106b946a,0x4c82d1fbfe28c977cbb58d8c7ff8fcf9f70a2cca,1.3094797136218042,2026-08-29T21:35:35+00:00,0x68390c46fbe09fb1cb6e389fe455c343dcd3ade614bc65fecf94e4879dd54940
0x2f0f35765563ba038ba80ffb80d76eb6106b946a,0x4c82d1fbfe28c977cbb58d8c7ff8fcf9f70a2cca,0.0,2026-08-29T21:36:59+00:00,0x4c947770f6d6bbe3fb0e055a16ace3fd95e81c7485155a5453144343b97e5d4c
0x2f0f35765563ba038ba80ffb80d76eb6106b946a,0x4c82d1fbfe28c977cbb58d8c7ff8fcf9f70a2cca,1.3094797199073824,2026-08-29T21:37:23+00:00,0x12ed1698ab9e4e4b1743a5ee42bcbffc9d59ee31b4d314bf4ebdcbf546996be4
0x2f0f35765563ba038ba80ffb80d76eb6106b946a,0x4c82d1fbfe28c977cbb58d8c7ff8fcf9f70a2cca,0.0,2026-08-29T21:42:47+00:00,0x397166937d0666074fb45d7cd6d40e389b792c0db9887ce25a157cff97f7f98c
0x2f0f35765563ba038ba80ffb80d76eb6106b946a,0x4c82d1fbfe28c977cbb58d8c7ff8fcf9f70a2cca,1.3094797261929605,2026-08-29T21:43:11+00:00,0xdec8afc3d7f19b0cfacfba5a2e75004f7df6263f18314c8fa9460c7f1cd0de04
0x2f0f35765563ba038ba80ffb80d76eb6106b946a,0x4c82d1fbfe28c977cbb58d8c7ff8fcf9f70a2cca,0.0,2026-08-29T21:43:47+00:00,0x9a9a25df7d74f8f717ef326c3f43619294c003400e5d8b0f9baf1a93e50c0526
0x2f0f35765563ba038ba80ffb80d76eb6106b946a,0x4c82d1fbfe28c977cbb58d8c7ff8fcf9f70a2cca,1.3094797324785388,2026-08-29T21:44:11+00:00,0xb5637a92571f29c3f3f51baee872b1f30687eaa9fe9e142deb84c4ff1f61a964
0x2f0f35765563ba038ba80ffb80d76eb6106b946a,0x4c82d1fbfe28c977cbb58d8c7ff8fcf9f70a2cca,0.0,2026-08-29T21:44:35+00:00,0xdfe4b814b2173d533e1c3355efea4a016496955c73f5186ec577e96139ca951c
0x2f0f35765563ba038ba80ffb80d76eb6106b946a,0x4c82d1fbfe28c977cbb58d8c7ff8fcf9f70a2cca,1.309479738764117,2026-08-29T21:45:11+00:00,0x68b07191c08075750f236378eec8c4e9d100b08d77b8d37237ec20e3bc8d2fc0
0x2f0f35765563ba038ba80ffb80d76eb6106b946a,0x4c82d1fbfe28c977cbb58d8c7ff8fcf9f70a2cca,0.0,2026-08-29T21:45:47+00:00,0x29dfac77a40a68d671fdc29759fd7a8a3eff928d00ae5e147ba1e8f9e8a7f520
0x2f0f35765563ba038ba80ffb80d76eb6106b946a,0x4c82d1fbfe28c977cbb58d8c7ff8fcf9f70a2cca,1.3094797450496953,2026-08-29T21:46:35+00:00,0x5d2d41dc91bca1f1a7f58345a820731f0caf3da0bbb7cc99d6ccec6b9ebac318
0x2f0f35765563ba038ba80ffb80d76eb6106b946a,0x4c82d1fbfe28c977cbb58d8c7ff8fcf9f70a2cca,0.0,2026-08-29T21:47:47+00:00,0x298489177c15612de7af96fce48548f85ca1a9f8bb678574c6876f98a0aad80f
0x2f0f35765563ba038ba80ffb80d76eb6106b946a,0x4c82d1fbfe28c977cbb58d8c7ff8fcf9f70a2cca,0.000114549584112237,2026-08-29T21:48:11+00:00,0x2217f8f6de527213c74cfd380b780a78f8454b90840f5143810ff2c9405b6576
0x2f0f35765563ba038ba80ffb80d76eb6106b946a,0x4c82d1fbfe28c977cbb58d8c7ff8fcf9f70a2cca,1.2575319944662748,2026-08-29T21:58:59+00:00,0x056f93d3f922ff4af22ffcdf9e6467d265257769e414037d0e810f6899e3c683
0x2f0f35765563ba038ba80ffb80d76eb6106b946a,0x4c82d1fbfe28c977cbb58d8c7ff8fcf9f70a2cca,0.0,2026-08-29T21:59:47+00:00,0x2aa0aa5afe3572946ed3f1c99fc8beda291db858487b42bf9d4090dd86f1dd87
0x2f0f35765563ba038ba80ffb80d76eb6106b946a,0x4c82d1fbfe28c977cbb58d8c7ff8fcf9f70a2cca,0.0,2026-08-29T22:00:47+00:00,0x6b70fb6c1a59d52b053616e2d443b24833a651896c24992c4f953fe329f83447
0x2f0f35765563ba038ba80ffb80d76eb6106b946a,0x4c82d1fbfe28c977cbb58d8c7ff8fcf9f70a2cca,2.1999067345495e-05,2026-08-29T22:00:59+00:00,0x2bcf68cb09b258bf878f0c2907a3b9026849a4d47b424940513542c43c399978
0x2f0f35765563ba038ba80ffb80d76eb6106b946a,0x4c82d1fbfe28c977cbb58d8c7ff8fcf9f70a2cca,1.2575324412686488,2026-08-30T07:26:35+00:00,0x07997b8b4e41e6aeb789d9647738185ac54b99b48858288f667dd93c6f4c25c0
0x2f0f35765563ba038ba80ffb80d76eb6106b946a,0x4c82d1fbfe28c977cbb58d8c7ff8fcf9f70a2cca,0.0,2026-08-30T07:27:47+00:00,0x840311a6dd9e94310a2fdeea5cf1094bffb2fe8b7ed87efa1bbafdeba26e6a05
0x2f0f35765563ba038ba80ffb80d76eb6106b946a,0x4c82d1fbfe28c977cbb58d8c7ff8fcf9f70a2cca,2.1998864470842e-05,2026-08-30T07:29:35+00:00,0xb6ebc99758a76bd9caf286718f8f3e852f5bd45a5fec25e9efa1f613bfba1656
0x2f0f35765563ba038ba80ffb80d76eb6106b946a,0x4c82d1fbfe28c977cbb58d8c7ff8fcf9f70a2cca,1.257526761309345,2026-08-30T09:00:35+00:00,0x631b5a194c5e540cb9059d57724ab53f1033c8322dd729c34ae4b7c40bbb8bb5
0x3c13b61ec287591a533132805976cf84b044ad52,0x2f0f35765563ba038ba80ffb80d76eb6106b946a,9.570483151878e-06,2026-08-30T09:00:47+00:00,0xc742cb7ab3ceb485f17303f9dc57bd0199763b95e51c7d62d11868fcb6f72801
0x2f0f35765563ba038ba80ffb80d76eb6106b946a,0x4c82d1fbfe28c977cbb58d8c7ff8fcf9f70a2cca,0.0,2026-08-30T09:02:47+00:00,0x9e2c98163f74cb3f2bd3da019547f130de858b035b75ab66e202571c46c4034a
0x2f0f35765563ba038ba80ffb80d76eb6106b946a,0x4c82d1fbfe28c977cbb58d8c7ff8fcf9f70a2cca,2.1998865086811e-05,2026-08-30T09:03:23+00:00,0xf843bdb8815dc69662c9ff67cc985761a6f2f7e4fdbf18a7945619fd30fcfb70
0x2f0f35765563ba038ba80ffb80d76eb6106b946a,0x4c82d1fbfe28c977cbb58d8c7ff8fcf9f70a2cca,1.2575269159377542,2026-08-30T09:42:35+00:00,0x1c02f76eb2a7bf970e24761e44655b7c168e471b90cb3d2bbabb2dac5f0b04f8
0x2f0f35765563ba038ba80ffb80d76eb6106b946a,0x4c82d1fbfe28c977cbb58d8c7ff8fcf9f70a2cca,0.0,2026-08-30T09:49:59+00:00,0xcc563983988a171b7318f51045c0d0a8f2d4bf6a01b2f53504acb4731dbf1857
0x69c864dfaec175ff41839619377b968c220fe42a,0x2f0f35765563ba038ba80ffb80d76eb6106b946a,5.578096073789e-06,2026-08-30T09:50:35+00:00,0x390567b4180ff051aeeec0d6cd67cc7dd71a88d4a03cbbb284df7254ccbd14e1
0x2f0f35765563ba038ba80ffb80d76eb6106b946a,0x4c82d1fbfe28c977cbb58d8c7ff8fcf9f70a2cca,2.199886779168e-05,2026-08-30T10:35:59+00:00,0x5ced198429b43cca23533f118024a2c765ab6a2cd21604ae5343d264f8070e52
0x2f0f35765563ba038ba80ffb80d76eb6106b946a,0x4c82d1fbfe28c977cbb58d8c7ff8fcf9f70a2cca,1.2575269511506344,2026-08-30T11:23:11+00:00,0x91f5ce629c2b344b98da47518424df68c7ce7edf06cf2135ac8ca3d0e996e909
0x2f0f35765563ba038ba80ffb80d76eb6106b946a,0x4c82d1fbfe28c977cbb58d8c7ff8fcf9f70a2cca,0.0,2026-08-30T11:23:59+00:00,0xd3017ddf76f2871d5173ef259d0b0bbd009d948150196d717b390c8ba6751a27
0x2f0f35765563ba038ba80ffb80d76eb6106b946a,0x4c82d1fbfe28c977cbb58d8c7ff8fcf9f70a2cca,1.2575276092606,2026-08-30T11:24:47+00:00,0x3ccbf09bce8b8d68bd45a4f6201016a832e32e2bbe976d16a5ee9468a7a00074
0x2f0f35765563ba038ba80ffb80d76eb6106b946a,0x4c82d1fbfe28c977cbb58d8c7ff8fcf9f70a2cca,0.0,2026-08-30T11:25:11+00:00,0x7024b4e8fc3a3d291d349d2c549d2fd39997fa7ebf0ed37c58cfcd6ec7e5328f
0x2f0f35765563ba038ba80ffb80d76eb6106b946a,0x4c82d1fbfe28c977cbb58d8c7ff8fcf9f70a2cca,2.1998879919772e-05,2026-08-30T11:25:59+00:00,0x598f0383eb4db69e1a9f194ba639578a475a9d428c254dcea8e4c2e55f187108
0x2f0f35765563ba038ba80ffb80d76eb6106b946a,0x4c82d1fbfe28c977cbb58d8c7ff8fcf9f70a2cca,1.3094797565732557,2026-08-30T11:30:35+00:00,0xba8282866763ccbb46737fc4904f352775165050f16450e7fac01aad3787eedd
0x2f0f35765563ba038ba80ffb80d76eb6106b946a,0x4c82d1fbfe28c977cbb58d8c7ff8fcf9f70a2cca,0.0,2026-08-30T11:31:11+00:00,0xd0604c3c792021debcb7fed5f68a561014d3a579878e3168cd6d10a8d5843071
0x2f0f35765563ba038ba80ffb80d76eb6106b946a,0x4c82d1fbfe28c977cbb58d8c7ff8fcf9f70a2cca,1.3094797628588342,2026-08-30T11:31:47+00:00,0xa28e204c7eb8069df9e5c72beaf833683a80155087498e3bf979b8350ed320a0
0x2f0f35765563ba038ba80ffb80d76eb6106b946a,0x4c82d1fbfe28c977cbb58d8c7ff8fcf9f70a2cca,0.000114555083698466,2026-08-30T11:32:11+00:00,0x52774f4f7f18144e9422be4e59e987a4e836221cc3830bb2b028b6a46378deb8
0x2f0f35765563ba038ba80ffb80d76eb6106b946a,0x4c82d1fbfe28c977cbb58d8c7ff8fcf9f70a2cca,0.0,2026-08-30T11:33:11+00:00,0x30cb9bea371122905037fe584b83d04e844d8c6e3b06585aa4ab47be9f9eaab0
0x2f0f35765563ba038ba80ffb80d76eb6106b946a,0x4c82d1fbfe28c977cbb58d8c7ff8fcf9f70a2cca,0.00011454958612831,2026-08-30T11:33:47+00:00,0xe3840270c1c2138a14e4a637df32e835e0caacd9c52b17487232433b6b60fffd
0x2f0f35765563ba038ba80ffb80d76eb6106b946a,0x4c82d1fbfe28c977cbb58d8c7ff8fcf9f70a2cca,1.2575276444735093,2026-08-30T12:58:11+00:00,0x5ab56ed0644fd8808f802ed9e403b6bd89f25ca2c2e8864a87ed61666c2e1940
0x2f0f35765563ba038ba80ffb80d76eb6106b946a,0x4c82d1fbfe28c977cbb58d8c7ff8fcf9f70a2cca,0.0,2026-08-30T12:59:11+00:00,0x97f2b5d65301ca54532707a43131b7338d0d7a2e3f750ac17bcd6b74a4c3b3a2
0x2f0f35765563ba038ba80ffb80d76eb6106b946a,0x4c82d1fbfe28c977cbb58d8c7ff8fcf9f70a2cca,1.257528302452494,2026-08-30T12:59:35+00:00,0xc0b61fc7b44a10627086a01e87d6fe3f52af6bfa3301f42e5442b9282691031e
0x2f0f35765563ba038ba80ffb80d76eb6106b946a,0x4c82d1fbfe28c977cbb58d8c7ff8fcf9f70a2cca,0.0,2026-08-30T13:00:23+00:00,0xc6edb6a0f5442101c1a23a3aac6a87267d1b57534a41996c619f5362f8e491a2
0x2f0f35765563ba038ba80ffb80d76eb6106b946a,0x4c82d1fbfe28c977cbb58d8c7ff8fcf9f70a2cca,1.3094797796203768,2026-08-30T13:08:11+00:00,0x760b03239f8760f10d962273fd17744649f2ad5a9e9bfd46575679dc742359a5
0x2f0f35765563ba038ba80ffb80d76eb6106b946a,0x4c82d1fbfe28c977cbb58d8c7ff8fcf9f70a2cca,0.0,2026-08-30T13:08:47+00:00,0xd9ffefde1a7c588d1d29d5de2180f4dbba5a881aa1daaf9cdf6b6530b6a516f0
0x2f0f35765563ba038ba80ffb80d76eb6106b946a,0x4c82d1fbfe28c977cbb58d8c7ff8fcf9f70a2cca,1.3094797859059555,2026-08-30T13:09:11+00:00,0x53d480abf8ef9fef94fdbaf82fd692dc3e603ad569529a44e524c77afab2b3e0
0x2f0f35765563ba038ba80ffb80d76eb6106b946a,0x4c82d1fbfe28c977cbb58d8c7ff8fcf9f70a2cca,0.0,2026-08-30T13:09:35+00:00,0x93b55c95c026549cf3f45acc92a78dfa6ec5e1b7cbf15121161e954b7d698f5f
0x2f0f35765563ba038ba80ffb80d76eb6106b946a,0x4c82d1fbfe28c977cbb58d8c7ff8fcf9f70a2cca,1.3094797921915342,2026-08-30T13:10:11+00:00,0xda999abf18bc1c58dfad66b710926d05e2d4e8f23de0f3fe152c4af894a4aead
0x2f0f35765563ba038ba80ffb80d76eb6106b946a,0x4c82d1fbfe28c977cbb58d8c7ff8fcf9f70a2cca,0.0,2026-08-30T13:10:35+00:00,0x4e7ad3b39c4e7a37220ecf65471ccdd339a8995213ce82eaec610164b496525e
0x2f0f35765563ba038ba80ffb80d76eb6106b946a,0x4c82d1fbfe28c977cbb58d8c7ff8fcf9f70a2cca,0.000114549588236022,2026-08-30T13:10:59+00:00,0x1e480689c85846a4cb1ad4a519af8e8f5a28e80c67317e6c1d2e9c1256ac7397
0x2f0f35765563ba038ba80ffb80d76eb6106b946a,0x4c82d1fbfe28c977cbb58d8c7ff8fcf9f70a2cca,0.0,2026-08-30T13:14:47+00:00,0x2f20ae20f0b49b7994b053df438beeb2bb8f05226ff78b0d6a8ecc3727ad9e3f
0x2f0f35765563ba038ba80ffb80d76eb6106b946a,0x4c82d1fbfe28c977cbb58d8c7ff8fcf9f70a2cca,2.1998884445994e-05,2026-08-30T13:15:47+00:00,0x466f334e98c397045d888926d7434473bfe61ed351b92b26ed81774868c8320f
0x2f0f35765563ba038ba80ffb80d76eb6106b946a,0x4c82d1fbfe28c977cbb58d8c7ff8fcf9f70a2cca,1.3094798037150952,2026-08-30T13:17:47+00:00,0x561dca29f4f4e0583cbd8366c8e82165d9e06eb32e3d8ff71fbf60d98cb40b87
0x2f0f35765563ba038ba80ffb80d76eb6106b946a,0x4c82d1fbfe28c977cbb58d8c7ff8fcf9f70a2cca,0.0,2026-08-30T13:18:35+00:00,0x33d29eeb896e3f8c14cf011fafb1bd2864ea6931ebbccb364fb4a2f3927e2bde
0x2f0f35765563ba038ba80ffb80d76eb6106b946a,0x4c82d1fbfe28c977cbb58d8c7ff8fcf9f70a2cca,1.309479810000674,2026-08-30T13:18:47+00:00,0x27e48b1d0799ee8c90eec1ddf2d8d55e872994fd293932990ad31564776d81e0
0x2f0f35765563ba038ba80ffb80d76eb6106b946a,0x4c82d1fbfe28c977cbb58d8c7ff8fcf9f70a2cca,0.0,2026-08-30T13:21:23+00:00,0x5b370cb525c95a6548be995692ccb8f2d32f698bcf2a3db2a8357bdc25606627
0x2f0f35765563ba038ba80ffb80d76eb6106b946a,0x4c82d1fbfe28c977cbb58d8c7ff8fcf9f70a2cca,1.3094798162862527,2026-08-30T13:21:59+00:00,0xf528174aa79d09af6551b58eccacd523b2434671f7e545835ef60e85eef6f94c
0x2f0f35765563ba038ba80ffb80d76eb6106b946a,0x4c82d1fbfe28c977cbb58d8c7ff8fcf9f70a2cca,0.0,2026-08-30T13:22:35+00:00,0x3872a1fa601b5cb961b48f07cfaa717c1550cd8fdf8b2e6b32062973fbd1448f
0x2f0f35765563ba038ba80ffb80d76eb6106b946a,0x4c82d1fbfe28c977cbb58d8c7ff8fcf9f70a2cca,0.000114549590343735,2026-08-30T13:23:35+00:00,0x9965a91bb9cd16be6dac51637de9ca154ad60ff689e4f74d8b0815ba92b94acb
0x2f0f35765563ba038ba80ffb80d76eb6106b946a,0x4c82d1fbfe28c977cbb58d8c7ff8fcf9f70a2cca,1.257527903222604,2026-08-30T14:34:59+00:00,0xd8f7682262507c12e1f608daab1e10b9e7bc41b7e00514c671ec2a0591af215b
0x2f0f35765563ba038ba80ffb80d76eb6106b946a,0x4c82d1fbfe28c977cbb58d8c7ff8fcf9f70a2cca,0.0,2026-08-30T14:35:23+00:00,0xdeea30e62076c187323793c8c165205b78393db45123cef0ecc6859e11f1affd
0x2f0f35765563ba038ba80ffb80d76eb6106b946a,0x4c82d1fbfe28c977cbb58d8c7ff8fcf9f70a2cca,2.1998885061963e-05,2026-08-30T14:36:11+00:00,0x10409400407c12c3dfafa932176c162e87175baf82570256313149078b6421bc
0x2f0f35765563ba038ba80ffb80d76eb6106b946a,0x4c82d1fbfe28c977cbb58d8c7ff8fcf9f70a2cca,1.2575281041298878,2026-08-30T15:31:59+00:00,0x14b3396d0f4aa6185187fc0ce5bcfc2444a601bc095705424a0c8dae870be8bf
0x2f0f35765563ba038ba80ffb80d76eb6106b946a,0x4c82d1fbfe28c977cbb58d8c7ff8fcf9f70a2cca,0.0,2026-08-30T15:32:35+00:00,0xa8a760da111602bffc9f9fd476ceae7b9562e7edfa3337937674fbd12269609d
0x2f0f35765563ba038ba80ffb80d76eb6106b946a,0x4c82d1fbfe28c977cbb58d8c7ff8fcf9f70a2cca,2.1998888576375e-05,2026-08-30T15:33:23+00:00,0x85004bd19368e3c970c881955c7703eab2c28cd371d8fa74fa760c6ae9fd21e0
0x2f0f35765563ba038ba80ffb80d76eb6106b946a,0x4c82d1fbfe28c977cbb58d8c7ff8fcf9f70a2cca,1.257528139342818,2026-08-30T16:38:47+00:00,0x0799446c1f5710b0aa465e041ef851e42d44f78363eef2687e056e84fdf07382
0x2f0f35765563ba038ba80ffb80d76eb6106b946a,0x4c82d1fbfe28c977cbb58d8c7ff8fcf9f70a2cca,2.1998851190937e-05,2026-08-30T17:04:35+00:00,0x3f1ea5af4e2c96d524038c047fbcadc6e377cd67aee5f81e09508a5ba2890845
0x2f0f35765563ba038ba80ffb80d76eb6106b946a,0x4c82d1fbfe28c977cbb58d8c7ff8fcf9f70a2cca,1.257526002141126,2026-08-30T17:22:11+00:00,0xd471eabcb4deb49bca28faad58ecb64d96aea72e19a0aae8d3a7308a53c61fee
0x2f0f35765563ba038ba80ffb80d76eb6106b946a,0x4c82d1fbfe28c977cbb58d8c7ff8fcf9f70a2cca,0.0,2026-08-30T17:22:35+00:00,0x814e994ed502e0a6171e3e30518feb61901303d8fef15d13bdea6b5aef23e5d3
0x2f0f35765563ba038ba80ffb80d76eb6106b946a,0x4c82d1fbfe28c977cbb58d8c7ff8fcf9f70a2cca,2.1998851806904e-05,2026-08-30T17:22:59+00:00,0x73b81837baa88dc71d603e59dc275a24f0d810f51a002ab059f1b9a5cced9b22
0x2f0f35765563ba038ba80ffb80d76eb6106b946a,0x4c82d1fbfe28c977cbb58d8c7ff8fcf9f70a2cca,0.000159253340914596,2026-08-30T18:44:11+00:00,0x6ecd02a77bc88b0bca41b40a48f4c45073d5605e9640f386161a539ed30c71be
0x2f0f35765563ba038ba80ffb80d76eb6106b946a,0x4c82d1fbfe28c977cbb58d8c7ff8fcf9f70a2cca,1.2752690311924948,2026-08-30T18:58:35+00:00,0x4ddb858f3016549f0ad7d144c74a5fdab75847ef36fde978b6abe50cb84f2084
0x2f0f35765563ba038ba80ffb80d76eb6106b946a,0x500424f6573a3196ba7989b86dc498d280fddb09,0.0,2026-08-30T18:58:59+00:00,0xbff8352a55ded1e1c732f584a0ea035d624c1f63bd4b824981b817d99d2ce0ee
0x2f0f35765563ba038ba80ffb80d76eb6106b946a,0x4c82d1fbfe28c977cbb58d8c7ff8fcf9f70a2cca,0.0,2026-08-30T18:59:35+00:00,0xa980faf215fd9a2dddc79ccb6649b4749346a87c00e1325980404e93d7d0ab84
0x2f0f35765563ba038ba80ffb80d76eb6106b946a,0x4c82d1fbfe28c977cbb58d8c7ff8fcf9f70a2cca,1.2745014927004161,2026-08-30T19:00:23+00:00,0xd4bf256447961eadc16ac5e2778ff5d86b8726524411777c5944650a0682915f
0x2f0f35765563ba038ba80ffb80d76eb6106b946a,0x4c82d1fbfe28c977cbb58d8c7ff8fcf9f70a2cca,0.0,2026-08-30T19:00:47+00:00,0x794ba4b5b800dd3c58e431da2291d0a7de4f5b61d2a4a45f6a965ed7c9c343d0
0x2f0f35765563ba038ba80ffb80d76eb6106b946a,0x4c82d1fbfe28c977cbb58d8c7ff8fcf9f70a2cca,1.2575260373539678,2026-08-30T19:06:59+00:00,0xdc0fcb72d7cccac8a1893132fc356e41d8a9cd0fdce44cd97b9c88171b0a606c
0x2f0f35765563ba038ba80ffb80d76eb6106b946a,0x4c82d1fbfe28c977cbb58d8c7ff8fcf9f70a2cca,0.0,2026-08-30T19:07:23+00:00,0x0d056b16ef60739118ce0329f08c6c9078d3cf8b2f99e4c8085c94a48b37a53c
0x2f0f35765563ba038ba80ffb80d76eb6106b946a,0x4c82d1fbfe28c977cbb58d8c7ff8fcf9f70a2cca,2.1998852422872e-05,2026-08-30T19:08:35+00:00,0xb702be432ae96463cd8bf349904fc3f3e8c3b57366bf1c7e8e22ad6e7bb2c0a1
0x2f0f35765563ba038ba80ffb80d76eb6106b946a,0x4c82d1fbfe28c977cbb58d8c7ff8fcf9f70a2cca,1.2575267680515638,2026-08-30T20:19:11+00:00,0x69651db9e7bbf44c8105a8e9ffb4ecd40c82380b70ca345b1698287f1cfcc029
0x2f0f35765563ba038ba80ffb80d76eb6106b946a,0x4c82d1fbfe28c977cbb58d8c7ff8fcf9f70a2cca,0.0,2026-08-30T20:19:47+00:00,0x564d0c84e01de2aa5879c5c9a8fe1fb336bac896611e8519d91e2f48be853bc2
0x2f0f35765563ba038ba80ffb80d76eb6106b946a,0x4c82d1fbfe28c977cbb58d8c7ff8fcf9f70a2cca,2.199886520475e-05,2026-08-30T20:20:35+00:00,0x831a47b0cd2897db880d11051fdb7768fb6f9a5922dc7b6a9338d5f9744dc808
0x2f0f35765563ba038ba80ffb80d76eb6106b946a,0x4c82d1fbfe28c977cbb58d8c7ff8fcf9f70a2cca,1.2575268032644378,2026-08-30T20:27:47+00:00,0x39f19606170790bb7ddc605f9b3481d5ceb525f3a1d1867d182c76cee8e006bb
0x2f0f35765563ba038ba80ffb80d76eb6106b946a,0x4c82d1fbfe28c977cbb58d8c7ff8fcf9f70a2cca,0.0,2026-08-30T20:28:11+00:00,0x8d712f40be41e65aa638618de79529ad0255a9aa7fd213c7fa028bd49fbc6cd9
0x2f0f35765563ba038ba80ffb80d76eb6106b946a,0x4c82d1fbfe28c977cbb58d8c7ff8fcf9f70a2cca,2.1998865820718e-05,2026-08-30T20:28:47+00:00,0x8b75a0d7d3515ce71e907bd40d3367afd6368a8a88aa56242f4273c300cdaef7
0x2f0f35765563ba038ba80ffb80d76eb6106b946a,0x4c82d1fbfe28c977cbb58d8c7ff8fcf9f70a2cca,1.2575268384773133,2026-08-30T21:02:11+00:00,0x19aff4ff6f7c1851705aa2dedf170d08dc318d01632276f6cc4090f7376e8ab5
0x2f0f35765563ba038ba80ffb80d76eb6106b946a,0x4c82d1fbfe28c977cbb58d8c7ff8fcf9f70a2cca,0.0,2026-08-30T21:02:59+00:00,0x9c3879607be555ad85072512ea23681bf78a442a3cefd29b6600257e37aa30b4
0x2f0f35765563ba038ba80ffb80d76eb6106b946a,0x4c82d1fbfe28c977cbb58d8c7ff8fcf9f70a2cca,2.1998866436687e-05,2026-08-30T21:03:35+00:00,0xb5e078fdc171be400f7ed2b88d49f5880908788a606e3d01d69478382229c8e1
0x2f0f35765563ba038ba80ffb80d76eb6106b946a,0x4c82d1fbfe28c977cbb58d8c7ff8fcf9f70a2cca,1.2713916340639841,2026-08-30T21:23:47+00:00,0xa1061e2dc597aeb4be0d31a98d5729ec73c9176eda5567a5a4f1923325473b33
0x2f0f35765563ba038ba80ffb80d76eb6106b946a,0xfc806f9c787c600db276fab13d0bd27a796bff2b,0.0,2026-08-30T21:25:23+00:00,0xc381781c8b574d313b3a924b933b94f1f1bb4dc6823f4a2ad6eabec388a17c5c
0x2f0f35765563ba038ba80ffb80d76eb6106b946a,0x4c82d1fbfe28c977cbb58d8c7ff8fcf9f70a2cca,0.0,2026-08-30T21:25:47+00:00,0x4ca8bf9df3eb7d03fa9735506320b005d73b960b07792b02ac46fd08a4795aa2
0x2f0f35765563ba038ba80ffb80d76eb6106b946a,0x4c82d1fbfe28c977cbb58d8c7ff8fcf9f70a2cca,1.2649440080223626,2026-08-30T21:26:11+00:00,0xccf57a1a41189707651d5c7e3d51dfeeffd5d4e43f0ac07726f96266ee0dab3c
0x2f0f35765563ba038ba80ffb80d76eb6106b946a,0x4c82d1fbfe28c977cbb58d8c7ff8fcf9f70a2cca,0.0,2026-08-30T21:28:23+00:00,0xd9f33b7b186505ab505a2bf22db13363456c343a96618dd7f95b053437854b53
0x2f0f35765563ba038ba80ffb80d76eb6106b946a,0x4c82d1fbfe28c977cbb58d8c7ff8fcf9f70a2cca,6.1346836621341e-05,2026-08-30T21:28:59+00:00,0x18d0dc89f0b6cf986eebbe81f36065cedcef08c758dd4db61884f00ad2c99306
0x2f0f35765563ba038ba80ffb80d76eb6106b946a,0x4c82d1fbfe28c977cbb58d8c7ff8fcf9f70a2cca,1.2588845216484832,2026-08-30T21:31:35+00:00,0x6429209fff832034492500abc458bb8320d16d38bb419f9be3fc9b2006ff0d35
0x2f0f35765563ba038ba80ffb80d76eb6106b946a,0x4f041e4ad7ca9e7dce9b2807a000db3674de1485,0.0,2026-08-30T21:32:11+00:00,0xae91f27d66afcbb028f01420660f6e64bfd0f973348c3fa80ccc6c2df6056407
0x2f0f35765563ba038ba80ffb80d76eb6106b946a,0x4c82d1fbfe28c977cbb58d8c7ff8fcf9f70a2cca,0.0,2026-08-30T21:32:35+00:00,0x3223406a3095d9b8911b3e89e292266d8e04dd975210be038d3f246258a26ec9
0x2f0f35765563ba038ba80ffb80d76eb6106b946a,0x4c82d1fbfe28c977cbb58d8c7ff8fcf9f70a2cca,1.2530529254523979,2026-08-30T21:32:59+00:00,0xaa2e3d80d3f41687fff3fa82fa47deba3e7350b780165b1392bf0704b29ce0f7
0x2f0f35765563ba038ba80ffb80d76eb6106b946a,0x4c82d1fbfe28c977cbb58d8c7ff8fcf9f70a2cca,0.0,2026-08-30T21:34:23+00:00,0xad6caf5c90161a12033d3510dec3ea0bb89638aad76f59ba5e330b107c69bb39
0x2f0f35765563ba038ba80ffb80d76eb6106b946a,0x4c82d1fbfe28c977cbb58d8c7ff8fcf9f70a2cca,1.2472096937283679,2026-08-30T21:34:47+00:00,0x530c15151b404e610ee0168974889a6f14e7e3644eb5764e992825ca1e2d329f
0x2f0f35765563ba038ba80ffb80d76eb6106b946a,0x4c82d1fbfe28c977cbb58d8c7ff8fcf9f70a2cca,0.0,2026-08-30T21:35:23+00:00,0x13122d8839525eaeacaf767883829f2c0ef09583e6b0f92efa09f9449ac71c9b
0x2f0f35765563ba038ba80ffb80d76eb6106b946a,0x4c82d1fbfe28c977cbb58d8c7ff8fcf9f70a2cca,1.2412877051026425,2026-08-30T21:35:47+00:00,0x9e58d5d0a41cfc5e159515df32066bac6b9067c0017b4984b94e92dbde7b5b60
0x2f0f35765563ba038ba80ffb80d76eb6106b946a,0x4c82d1fbfe28c977cbb58d8c7ff8fcf9f70a2cca,0.0,2026-08-30T21:36:47+00:00,0x7dc6a6a3dd9688f40f66f2ade3f6505836864e95cc4940be8619daec62417ea2
0x2f0f35765563ba038ba80ffb80d76eb6106b946a,0x4c82d1fbfe28c977cbb58d8c7ff8fcf9f70a2cca,1.2354887454722911,2026-08-30T21:37:23+00:00,0xc4e568b5896813acd8e58af3f30c14df5f2c9476cca5831d9b3337ae2d0ad168
0x2f0f35765563ba038ba80ffb80d76eb6106b946a,0x4c82d1fbfe28c977cbb58d8c7ff8fcf9f70a2cca,0.0,2026-08-30T21:37:59+00:00,0x1d63c12dfd20ee051ad6c310ebee4d9b09fffd1f446cb619f2f04f801093cffc
0x2f0f35765563ba038ba80ffb80d76eb6106b946a,0x4c82d1fbfe28c977cbb58d8c7ff8fcf9f70a2cca,3.2870530570262e-05,2026-08-30T21:38:47+00:00,0x868e831ea3e5f3eb90e37b19b294b18cf46880cc7ead58f605d55b655db6af59
0x2f0f35765563ba038ba80ffb80d76eb6106b946a,0x4c82d1fbfe28c977cbb58d8c7ff8fcf9f70a2cca,1.2575268736901903,2026-08-30T21:46:23+00:00,0x105b097aa159cbb25a26743c135afb844a3a1f995a54ad99ca569e5774155308
0x2f0f35765563ba038ba80ffb80d76eb6106b946a,0x4c82d1fbfe28c977cbb58d8c7ff8fcf9f70a2cca,0.0,2026-08-30T21:46:47+00:00,0x5ec1cf66915618a0669b428ef77c4c98084270dbfcbed9f0049d8a0484815b48
0x2f0f35765563ba038ba80ffb80d76eb6106b946a,0x4c82d1fbfe28c977cbb58d8c7ff8fcf9f70a2cca,2.1998867052656e-05,2026-08-30T21:47:23+00:00,0x600a73929642e30bc7a8c141b0f5ce1229caf24935f51a56a8c077eb3e56f7c6
0x2f0f35765563ba038ba80ffb80d76eb6106b946a,0x4c82d1fbfe28c977cbb58d8c7ff8fcf9f70a2cca,1.257526811007479,2026-08-31T07:11:59+00:00,0x2bcf62ea8b2cc3161438ac5069046105b163d3a9eb18c76539302007631324e4
0x2f0f35765563ba038ba80ffb80d76eb6106b946a,0x4c82d1fbfe28c977cbb58d8c7ff8fcf9f70a2cca,0.0,2026-08-31T07:12:11+00:00,0x15cfec0dfb5001ac9a930284d626365ff7821ac776b09cc41ea4512a11b3751b
0x2f0f35765563ba038ba80ffb80d76eb6106b946a,0x4c82d1fbfe28c977cbb58d8c7ff8fcf9f70a2cca,2.1998877023432e-05,2026-08-31T07:12:59+00:00,0x4b6f4dffaea21e16b243e0d225520b24f8087cb39dccf80270a94af5b9e74965
0x2f0f35765563ba038ba80ffb80d76eb6106b946a,0x4c82d1fbfe28c977cbb58d8c7ff8fcf9f70a2cca,1.2575274788993585,2026-08-31T08:56:59+00:00,0x6fd55206ed08cc2f4d5d00c2bbeda2c1a4acaae250d0287338e547befc7c26dc
0x2f0f35765563ba038ba80ffb80d76eb6106b946a,0x4c82d1fbfe28c977cbb58d8c7ff8fcf9f70a2cca,0.0,2026-08-31T09:00:35+00:00,0xc20d4c369a473959c0e52feedb42824c536da1d58f6ddd0e04e5dfff0194f9b2
0x2f0f35765563ba038ba80ffb80d76eb6106b946a,0x4c82d1fbfe28c977cbb58d8c7ff8fcf9f70a2cca,0.0,2026-08-31T09:01:11+00:00,0x153d302a9882895aaf2f65ba7daf7936fc1c1fbaf98fa167b69fc7f25b7902b0
0x2f0f35765563ba038ba80ffb80d76eb6106b946a,0x4c82d1fbfe28c977cbb58d8c7ff8fcf9f70a2cca,0.0,2026-08-31T09:01:59+00:00,0xfbd28f7cb2cf079d7cbbf6da56681c5dce41ba5e88b2f8f36b6fee300c026d65
0x2f0f35765563ba038ba80ffb80d76eb6106b946a,0x4c82d1fbfe28c977cbb58d8c7ff8fcf9f70a2cca,2.1998856994844e-05,2026-08-31T09:03:11+00:00,0x3888c1de10d8242752dfc395ee6f61669f78e02190ba4868a0c9ca007f1317ad
0x2f0f35765563ba038ba80ffb80d76eb6106b946a,0x4c82d1fbfe28c977cbb58d8c7ff8fcf9f70a2cca,1.2575263339312455,2026-08-31T09:03:47+00:00,0xf49dac0bf6da4400e60a0a8a85faa60b043de4bd48158929dfe5ff0a66c54cde
0x2f0f35765563ba038ba80ffb80d76eb6106b946a,0x4c82d1fbfe28c977cbb58d8c7ff8fcf9f70a2cca,0.0,2026-08-31T09:04:11+00:00,0x95e9c1c21f4a28f181bec2749621842914e2914f08fed001e030887569c4f4c0
0x2f0f35765563ba038ba80ffb80d76eb6106b946a,0x4c82d1fbfe28c977cbb58d8c7ff8fcf9f70a2cca,2.1998857610812e-05,2026-08-31T09:04:59+00:00,0xc0be1d396303840e18618f11a6934326807a5b995436cbc20547e6a28a51e1ed
0x2f0f35765563ba038ba80ffb80d76eb6106b946a,0x35bd14b819d12539d1f549eac3cd4449a53c823e,0.0,2026-08-31T09:09:59+00:00,0xef2327015a6b7dfe4844be59a730a3a5a5f0cf284ba52679864846666a1278c5
0x2f0f35765563ba038ba80ffb80d76eb6106b946a,0xc36442b4a4522e871399cd717abdd847ab11fe88,0.0,2026-08-31T09:11:23+00:00,0xde13c8d92a1e758ded2cbe2ef8da9cabf5a045ac760a3cac11f637862497bceb
0x2f0f35765563ba038ba80ffb80d76eb6106b946a,0xc36442b4a4522e871399cd717abdd847ab11fe88,0.0,2026-08-31T09:11:47+00:00,0xc548948f761c4f75670d4982a5aacfe5b04fcec76295246cf8cefae839ee2af4
0x2f0f35765563ba038ba80ffb80d76eb6106b946a,0x4c82d1fbfe28c977cbb58d8c7ff8fcf9f70a2cca,1.2575263691441012,2026-08-31T10:25:11+00:00,0x4361b16c45724bfba7a376247e929da3952d39f90bbfb99d1ff32e93d99dac28
0x2f0f35765563ba038ba80ffb80d76eb6106b946a,0x4c82d1fbfe28c977cbb58d8c7ff8fcf9f70a2cca,0.0,2026-08-31T10:25:35+00:00,0x3a567434ffb690b837c744a9ad64848334eef36e89295085f8ba17edd3418404
0x2f0f35765563ba038ba80ffb80d76eb6106b946a,0x4c82d1fbfe28c977cbb58d8c7ff8fcf9f70a2cca,2.1998869037426e-05,2026-08-31T10:26:47+00:00,0x7cd2759ed54801a28ec265c36bb37364151cde8f1a82d9a29ec7aa13389438a7
0x2f0f35765563ba038ba80ffb80d76eb6106b946a,0x4c82d1fbfe28c977cbb58d8c7ff8fcf9f70a2cca,1.2575270223658301,2026-08-31T11:36:59+00:00,0x0467d7ea417e5ad557a028767439e24911dd874f79a47c5d488c6964ef83394f
0x2f0f35765563ba038ba80ffb80d76eb6106b946a,0x4c82d1fbfe28c977cbb58d8c7ff8fcf9f70a2cca,0.0,2026-08-31T11:37:35+00:00,0x44e6eb3c7fb74ad5b1b132da735a5f9219f7a22e09940819f0951f30dddef376
0x2f0f35765563ba038ba80ffb80d76eb6106b946a,0x4c82d1fbfe28c977cbb58d8c7ff8fcf9f70a2cca,2.1998880720664e-05,2026-08-31T11:38:11+00:00,0x832ea2292712b401ba37044f346bdafe45b1cb86a48389f6581b0d63a093ad9c
0x2f0f35765563ba038ba80ffb80d76eb6106b946a,0x4c82d1fbfe28c977cbb58d8c7ff8fcf9f70a2cca,1.2575276902577834,2026-08-31T13:02:35+00:00,0x7413968afbfb64da7b7db5caf38975295d590475b8050c0eae9124bcfa8be82a
0x2f0f35765563ba038ba80ffb80d76eb6106b946a,0x4c82d1fbfe28c977cbb58d8c7ff8fcf9f70a2cca,0.0,2026-08-31T13:03:11+00:00,0x23aa40bcc84cf3b4b2994c7d01b84cc5022e2821802db6ac59d395cb4924bbd7
0x2f0f35765563ba038ba80ffb80d76eb6106b946a,0x4c82d1fbfe28c977cbb58d8c7ff8fcf9f70a2cca,2.1998892318583e-05,2026-08-31T13:04:47+00:00,0xe7c4a719898ff538b92895db9b32b5995bae214989188b5b5eeb9b6561cf10f4
0x2f0f35765563ba038ba80ffb80d76eb6106b946a,0x4c82d1fbfe28c977cbb58d8c7ff8fcf9f70a2cca,3.4909784546899e-05,2026-08-31T13:58:23+00:00,0x36844098c85bd4961c9a14308cfeb6a176e056cb34c922bc6f0c1e936f7c220c
0x2f0f35765563ba038ba80ffb80d76eb6106b946a,0x4c82d1fbfe28c977cbb58d8c7ff8fcf9f70a2cca,0.0,2026-08-31T15:48:35+00:00,0x520c296efd8de37e769dd9c4e01a2086eb0c9cd3444fe5dff152b3a2167478b7
0x2f0f35765563ba038ba80ffb80d76eb6106b946a,0x4c82d1fbfe28c977cbb58d8c7ff8fcf9f70a2cca,0.0,2026-08-31T15:49:11+00:00,0x6492b6ffef0857e1dde0036c0e8252dc1408971179c6f2900f46b0e42fd12078
0x2f0f35765563ba038ba80ffb80d76eb6106b946a,0x4c82d1fbfe28c977cbb58d8c7ff8fcf9f70a2cca,0.0,2026-08-31T15:57:47+00:00,0x0a92659fe0c98f85ad62aaa0ecd0e89a7a9a5669e3e766c6d49598f48fcc285e
0x2f0f35765563ba038ba80ffb80d76eb6106b946a,0x4c82d1fbfe28c977cbb58d8c7ff8fcf9f70a2cca,2.1998865890767e-05,2026-08-31T15:59:11+00:00,0xf6eda6c8c2bfb5dd9dd1a749082a5220d69cdede2d2a6124eb1a88eb01b0872e
0x2f0f35765563ba038ba80ffb80d76eb6106b946a,0x4c82d1fbfe28c977cbb58d8c7ff8fcf9f70a2cca,0.0,2026-08-31T16:38:35+00:00,0x9179a2b4821cd26b33243cd932077140b103dc17dd6aa120fc5b41a9b8da6cc5
0x2f0f35765563ba038ba80ffb80d76eb6106b946a,0x4c82d1fbfe28c977cbb58d8c7ff8fcf9f70a2cca,2.1998872738034e-05,2026-08-31T17:02:47+00:00,0xf12d085f0bc925b1146b9d22b6ff413a5726be2de2cd340e442fe92ab401e38e
0x2f0f35765563ba038ba80ffb80d76eb6106b946a,0x4c82d1fbfe28c977cbb58d8c7ff8fcf9f70a2cca,1.2575272339173231,2026-08-31T17:51:47+00:00,0x5c6075c29f3d184589e8a01cf312366df1cbcba839e3206aca4ad06ab60aaeb3
0x2f0f35765563ba038ba80ffb80d76eb6106b946a,0x4c82d1fbfe28c977cbb58d8c7ff8fcf9f70a2cca,0.0,2026-08-31T17:51:59+00:00,0xdf60944c4a2b8064b8cef779b9401727d347496519e9f56d12fa94c378aaea0e
0x2f0f35765563ba038ba80ffb80d76eb6106b946a,0x4c82d1fbfe28c977cbb58d8c7ff8fcf9f70a2cca,2.1998884421275e-05,2026-08-31T17:52:35+00:00,0x23d1123a3297c4cf0eecf43bd7ffd96a516b5d7c7882961ba402dcad4afe6eb6
0x2f0f35765563ba038ba80ffb80d76eb6106b946a,0x4c82d1fbfe28c977cbb58d8c7ff8fcf9f70a2cca,1.2575281639272016,2026-08-31T19:55:47+00:00,0x30a082b7ebb2823f2d5cd1414ed084610929ec30d2553690aaf26c4737910856
0x2f0f35765563ba038ba80ffb80d76eb6106b946a,0x4c82d1fbfe28c977cbb58d8c7ff8fcf9f70a2cca,0.0,2026-08-31T19:56:23+00:00,0xdacebaf356e756da56eb4b11dd19892be1c940bf3655ad0d5a0c35487d99eac9
0x2f0f35765563ba038ba80ffb80d76eb6106b946a,0x4c82d1fbfe28c977cbb58d8c7ff8fcf9f70a2cca,2.1998900604221e-05,2026-08-31T19:56:59+00:00,0xb371f94467499aca150e0fccd6e88c5688aefdcba60b97a6ecc7bb9f1b717213
0x2f0f35765563ba038ba80ffb80d76eb6106b946a,0xc36442b4a4522e871399cd717abdd847ab11fe88,0.0,2026-08-31T19:58:47+00:00,0xdbc38f2d7f9c387fd6ed15acf2b6a1660f7b8fb2810fdd48bf958ad16f6e9b8f
0x2f0f35765563ba038ba80ffb80d76eb6106b946a,0xc36442b4a4522e871399cd717abdd847ab11fe88,0.0,2026-08-31T19:59:23+00:00,0x90c07a3f1061e5b065afdfeb70bc5a9d2a4a7cce87ad3d614a75ca7ef00d01df
0x2f0f35765563ba038ba80ffb80d76eb6106b946a,0x5c7bcd6e7de5423a257d81b442095a1a6ced35c5,1.7,2026-08-31T20:01:11+00:00,0x0b83d3c4284b389f966e246a1d1b8d9a88b7377febcf6334da35f7b93042ba42
0x2f0f35765563ba038ba80ffb80d76eb6106b946a,0x4c82d1fbfe28c977cbb58d8c7ff8fcf9f70a2cca,7.8455477819616e-05,2026-08-31T21:00:47+00:00,0x4bad91bab11021cd38ee1f8ef7bdba088cd35cfa3bb5501785375cd0c040bd27
0x2f0f35765563ba038ba80ffb80d76eb6106b946a,0x4c82d1fbfe28c977cbb58d8c7ff8fcf9f70a2cca,1.2575288269349747,2026-08-31T21:27:47+00:00,0xd27001bb4affbf25cc0830efdd087d1d84ce39b4948cbd7f3094ceefe657f893
0x2f0f35765563ba038ba80ffb80d76eb6106b946a,0x4c82d1fbfe28c977cbb58d8c7ff8fcf9f70a2cca,0.0,2026-08-31T21:28:35+00:00,0x132d710899ff9a8c8948a3505279c2df2db3e5b669ead2b2ca3ce7c57ba0cd1e
0x2f0f35765563ba038ba80ffb80d76eb6106b946a,0x4c82d1fbfe28c977cbb58d8c7ff8fcf9f70a2cca,0.00028533513909151,2026-08-31T21:29:35+00:00,0xb9819fafb0f3d91194b0f71d9ed56b43b22c1ff8687ed614bab43a015f442b79
0x2f0f35765563ba038ba80ffb80d76eb6106b946a,0x4c82d1fbfe28c977cbb58d8c7ff8fcf9f70a2cca,1.2405355520914614,2026-08-31T21:49:59+00:00,0x73c43bcc66c82090f8174a6eb6a6517864034aac7853286bbe3f0ec171cae75e
0x2f0f35765563ba038ba80ffb80d76eb6106b946a,0x4c82d1fbfe28c977cbb58d8c7ff8fcf9f70a2cca,1.1489365012227e-05,2026-08-31T21:51:35+00:00,0x8d0784376d188065ba34103ab7d8e5216be9b7418e663261f8eafab396c18291
0x2f0f35765563ba038ba80ffb80d76eb6106b946a,0x4c82d1fbfe28c977cbb58d8c7ff8fcf9f70a2cca,0.0,2026-08-31T22:00:47+00:00,0x4d0b17041dde3ca1151845c2dd95011463fb12395cabc0fb4e29ea5e8bbf1bec
0x2f0f35765563ba038ba80ffb80d76eb6106b946a,0x4c82d1fbfe28c977cbb58d8c7ff8fcf9f70a2cca,1.2405355531831335,2026-08-31T22:01:11+00:00,0xa7df8525bb4c2b964eb4c24eeeeda8acd0e5375e000c4ec70fe267d52c11157d
0x2f0f35765563ba038ba80ffb80d76eb6106b946a,0x4c82d1fbfe28c977cbb58d8c7ff8fcf9f70a2cca,0.0,2026-08-31T22:01:47+00:00,0x136b5f061b7961d100520d3904f3cf04882f1d07592a58df9b9181051dde8fae
0x2f0f35765563ba038ba80ffb80d76eb6106b946a,0x4c82d1fbfe28c977cbb58d8c7ff8fcf9f70a2cca,0.0,2026-09-01T06:38:47+00:00,0x4ea2a4aa73bd8545f7e9c579d835d3b1583c7df9cd747601deff55fc48216f44
0x2f0f35765563ba038ba80ffb80d76eb6106b946a,0x4c82d1fbfe28c977cbb58d8c7ff8fcf9f70a2cca,1.2575270730771895,2026-09-01T06:39:11+00:00,0x5134ac3be4bca9d55a44286ff483af36d41fc6728d4cc0c5a93e22d1da87c790
0x2f0f35765563ba038ba80ffb80d76eb6106b946a,0x4c82d1fbfe28c977cbb58d8c7ff8fcf9f70a2cca,0.0,2026-09-01T06:39:35+00:00,0xf2203e4a39a8587efb0c9913683d0eb7f55bba26c7f6e2fce1e259f0f9626cce
0x2f0f35765563ba038ba80ffb80d76eb6106b946a,0x4c82d1fbfe28c977cbb58d8c7ff8fcf9f70a2cca,2.1998870540474e-05,2026-09-01T06:42:47+00:00,0xe2acdb4336660b15a2d1d0ed1b65ac531719b29668682ec481acfac9f0dfd23a
0x2f0f35765563ba038ba80ffb80d76eb6106b946a,0x4c82d1fbfe28c977cbb58d8c7ff8fcf9f70a2cca,1.2575271082900763,2026-09-01T09:03:59+00:00,0x17aff6e94114dcc832234d9a8a03d84254703d6b89690515f1034d25ec93e1ae
0x2f0f35765563ba038ba80ffb80d76eb6106b946a,0x4c82d1fbfe28c977cbb58d8c7ff8fcf9f70a2cca,0.0,2026-09-01T09:04:35+00:00,0xee476b8868365afdced5c482b8c45188e44553352d6436c881644f5a39999f8e
0x2f0f35765563ba038ba80ffb80d76eb6106b946a,0x4c82d1fbfe28c977cbb58d8c7ff8fcf9f70a2cca,2.1998881967067e-05,2026-09-01T09:04:59+00:00,0x29870f3f341f51c414aaf4aaa5fc0c6a5ee952c432d3e28c2a2216733644a3ea
0x2f0f35765563ba038ba80ffb80d76eb6106b946a,0x4c82d1fbfe28c977cbb58d8c7ff8fcf9f70a2cca,1.2575277615105511,2026-09-01T10:28:47+00:00,0x0b3f9bf6c8682d5fbcaf336480cb125e3d86640915b9382122a58c69b224ee7c
0x2f0f35765563ba038ba80ffb80d76eb6106b946a,0x4c82d1fbfe28c977cbb58d8c7ff8fcf9f70a2cca,0.0,2026-09-01T10:29:11+00:00,0xabfc5c6f8dab4eb56453be680afd657241706d48b83d73cd1805270416314e9d
0x2f0f35765563ba038ba80ffb80d76eb6106b946a,0x4c82d1fbfe28c977cbb58d8c7ff8fcf9f70a2cca,0.0,2026-09-01T10:31:11+00:00,0x611de166908e13618e891e445b8317a992c483ae9a7b5957df2cd5c7722cdd8b
0x2f0f35765563ba038ba80ffb80d76eb6106b946a,0x4c82d1fbfe28c977cbb58d8c7ff8fcf9f70a2cca,6.5996692331143e-05,2026-09-01T10:31:23+00:00,0x646db8f58a8d903325f38005c7e87eb2499529b7400f2a0ce30659a70646ba4e
0x2f0f35765563ba038ba80ffb80d76eb6106b946a,0x5c7bcd6e7de5423a257d81b442095a1a6ced35c5,1.347250473247713,2026-09-01T12:24:11+00:00,0x0fd9d34175fc776c544d0a981d3ca87fb26284bb8c48659591290cc6d4caecad
0x2f0f35765563ba038ba80ffb80d76eb6106b946a,0x4c82d1fbfe28c977cbb58d8c7ff8fcf9f70a2cca,0.0,2026-09-01T12:28:47+00:00,0x3487e4be157fd62bf9579e487fe9d6c81e1c3e37437fb93b6bb28143afc68d22
0x2f0f35765563ba038ba80ffb80d76eb6106b946a,0x4c82d1fbfe28c977cbb58d8c7ff8fcf9f70a2cca,0.0001,2026-09-01T12:29:47+00:00,0x9b9a3ab6bf60e26c4bc36beb5a643e5836819cf4e0b78ddfaae7422fe411af63
0x05d29c0ab62b9fb1a59304a9cbabfbf034f546b3,0x2f0f35765563ba038ba80ffb80d76eb6106b946a,0.0,2026-09-01T12:33:11+00:00,0x3cb711cc94ffdfb378420db3058176a75aeca6a434e391d3487cb7371ac6e97c
0x2f0f35765563ba038ba80ffb80d76eb6106b946a,0x4b3f5adc79f3669d9886bca186b1c92af9970721,0.0,2026-09-01T13:45:11+00:00,0xe73e14924e03d0720ccb2f57b8444d8c528bce7b53f78777710bab9d36ceee89
0x2f0f35765563ba038ba80ffb80d76eb6106b946a,0x4b3f5adc79f3669d9886bca186b1c92af9970721,0.0,2026-09-01T13:46:59+00:00,0x122254fca99fac5bd48b111d8cfadcdae64de19a2e91b55cb718d1d1f2413f47
0x2f0f35765563ba038ba80ffb80d76eb6106b946a,0xc36442b4a4522e871399cd717abdd847ab11fe88,0.0,2026-09-01T13:47:23+00:00,0xb75e67f7c46dd57d8fb8cec9c1d04410f6dbfb0b13804738df3b5541c3c2954a
0x887ce823fe0b3ad4ed1118c33cfe1c8ce6a951fd,0x2f0f35765563ba038ba80ffb80d76eb6106b946a,4.446049835931e-06,2026-09-01T13:47:47+00:00,0x66a6f9c67bcbe2f172fddd3e34308216c60df5cfe4616219c251c9f2c897b97d
0x2f0f35765563ba038ba80ffb80d76eb6106b946a,0x0000000000001ff3684f28c67538d4d072c22734,8.478842800658e-06,2026-09-01T13:48:35+00:00,0x0c310970516c00421d142a3e244baabd0829d5d79eedb78eff8ade2eb946a8ed
0x2f0f35765563ba038ba80ffb80d76eb6106b946a,0x4c82d1fbfe28c977cbb58d8c7ff8fcf9f70a2cca,0.000431706441109917,2026-09-01T13:48:59+00:00,0x92e95a5f1d0e4d48603da8b579f97985eaa45dcdfcbccb7aab785326550a3f2d
0x2f0f35765563ba038ba80ffb80d76eb6106b946a,0x4c82d1fbfe28c977cbb58d8c7ff8fcf9f70a2cca,1.233740001103449,2026-09-01T13:50:35+00:00,0x28bd8ce273c92a4d5dafe813f90611bc5fd3c4a75638881c79b0e123daa5ca61
0x2f0f35765563ba038ba80ffb80d76eb6106b946a,0x4b3f5adc79f3669d9886bca186b1c92af9970721,0.0,2026-09-01T13:54:59+00:00,0x4bd50272f2817e34e81e7e71f1f376f1b070834f81622b61b945886ba10bad49
0x2f0f35765563ba038ba80ffb80d76eb6106b946a,0x4c82d1fbfe28c977cbb58d8c7ff8fcf9f70a2cca,0.0,2026-09-01T13:55:35+00:00,0x8889efb4d5637b23c95d2017dc198f66a7986165fd16cab897ec027d7e64ad3a
0x2f0f35765563ba038ba80ffb80d76eb6106b946a,0x4c82d1fbfe28c977cbb58d8c7ff8fcf9f70a2cca,4.3170644104372e-05,2026-09-01T13:55:59+00:00,0xa0268647fea807e3c240f016b4b4c8558446ed40c1dc9c20636e4cadc23992b7
0x2f0f35765563ba038ba80ffb80d76eb6106b946a,0x0e79eb78df24660609824d5b2a680886d00d2007,0.0,2026-09-01T15:31:11+00:00,0x33bb40b5d374529038bbb7dcabcd231b438bb02dc539d3914b352101202d2944
0x2f0f35765563ba038ba80ffb80d76eb6106b946a,0x0e79eb78df24660609824d5b2a680886d00d2007,0.0,2026-09-01T15:33:59+00:00,0x45eac12e32b80f27a62d5ece0b7cb360a35fd5470b4ab882a6e6d9e785865f8f
0x2f0f35765563ba038ba80ffb80d76eb6106b946a,0xc36442b4a4522e871399cd717abdd847ab11fe88,0.0,2026-09-01T15:34:23+00:00,0x87a685c24d48ca56b69f0058edf54c5e277b1e53a1317a8422ec55aec05a818c
0x2f0f35765563ba038ba80ffb80d76eb6106b946a,0x0000000000001ff3684f28c67538d4d072c22734,8.47704559778e-06,2026-09-01T15:35:11+00:00,0x9bccd27f752c3afffa4c769f0d7f027cb56b13838899f8b946ee2fb1d8b8d476
0x2f0f35765563ba038ba80ffb80d76eb6106b946a,0x4c82d1fbfe28c977cbb58d8c7ff8fcf9f70a2cca,1.023508944021428,2026-09-01T15:36:11+00:00,0xc53468fdefc467e80dc3915997cecc9694cb522ab99c813804041820bf7433cc
0x2f0f35765563ba038ba80ffb80d76eb6106b946a,0x0e79eb78df24660609824d5b2a680886d00d2007,0.0,2026-09-01T15:40:11+00:00,0x0638e378864bd329512e3f028424adb078a68d3d4d1982acb728fa973d04745a
0x2f0f35765563ba038ba80ffb80d76eb6106b946a,0x4c82d1fbfe28c977cbb58d8c7ff8fcf9f70a2cca,0.0,2026-09-01T15:40:47+00:00,0x5fe606f51b924f2f14981e3be588bf2461e5295f1d426c2d04bb6f8fae0f5bb2
0x2f0f35765563ba038ba80ffb80d76eb6106b946a,0x4c82d1fbfe28c977cbb58d8c7ff8fcf9f70a2cca,5.3718066114399e-05,2026-09-01T15:41:59+00:00,0xc3b472f323fb26f2995b6e84c32c31a7d463ba53412a3e2a112c4e852442773d
0x2f0f35765563ba038ba80ffb80d76eb6106b946a,0x5c7bcd6e7de5423a257d81b442095a1a6ced35c5,2.1625510083277035,2026-09-01T16:42:11+00:00,0xadaec1b7b3360227629f64627e7f297b9ea5672b5985b3a9ce0d5d135c3fc0fa
0x2f0f35765563ba038ba80ffb80d76eb6106b946a,0x4c82d1fbfe28c977cbb58d8c7ff8fcf9f70a2cca,1.5506700622441503,2026-09-01T18:42:11+00:00,0x8d7f5763bd9c7f453bd7f520e655d391e29246db3e60eeed660eb2daad4e5b28
0x2f0f35765563ba038ba80ffb80d76eb6106b946a,0x4c82d1fbfe28c977cbb58d8c7ff8fcf9f70a2cca,0.0,2026-09-01T18:42:47+00:00,0xc67eb5ffe1fed6a847164b77672042b25b4ae44befa077db271c11030983a886
0x2f0f35765563ba038ba80ffb80d76eb6106b946a,0x4c82d1fbfe28c977cbb58d8c7ff8fcf9f70a2cca,1.550670062864419,2026-09-01T18:43:59+00:00,0x30ce89b405040342c4b3fd5848293573e92b26bdeaf69978e91c76b740306efa
0x2f0f35765563ba038ba80ffb80d76eb6106b946a,0x4c82d1fbfe28c977cbb58d8c7ff8fcf9f70a2cca,0.0,2026-09-01T19:09:11+00:00,0xa89abd950ff30404f7d4f000fbab22b3005179d5ea8fd67640bc44462e2e9319
0x2f0f35765563ba038ba80ffb80d76eb6106b946a,0x4c82d1fbfe28c977cbb58d8c7ff8fcf9f70a2cca,3.2556291445333e-05,2026-09-01T19:09:59+00:00,0x3630ab8ea7341362256af2c5c5aa365607452db765c0ddc1b50cbbb66188b909
0x2f0f35765563ba038ba80ffb80d76eb6106b946a,0x4c82d1fbfe28c977cbb58d8c7ff8fcf9f70a2cca,0.000285985719608746,2026-09-01T19:49:11+00:00,0x6147734806dfee411a866f8588b1e86c82fb4b2fa7ed171889f402993cb4b869
0x2f0f35765563ba038ba80ffb80d76eb6106b946a,0x4c82d1fbfe28c977cbb58d8c7ff8fcf9f70a2cca,7.84554778238e-05,2026-09-01T20:57:47+00:00,0x5a91f94e5fa6669c3efa938e24eb52456a3704401eedb0e52a09cc7b80f47af0
0x2f0f35765563ba038ba80ffb80d76eb6106b946a,0x5c7bcd6e7de5423a257d81b442095a1a6ced35c5,2.0,2026-09-01T21:03:23+00:00,0xf0ee23e4b7ab0b3c2576680b0e5771f3b1191df06c8bd09ff1b77d58c432f216
0x2f0f35765563ba038ba80ffb80d76eb6106b946a,0x4c82d1fbfe28c977cbb58d8c7ff8fcf9f70a2cca,1.1489365012445e-05,2026-09-01T21:14:35+00:00,0x516c75410c79cc75df26608ade8deb32818e278e632ca550efa181a29ab7db94
0x2f0f35765563ba038ba80ffb80d76eb6106b946a,0x4c82d1fbfe28c977cbb58d8c7ff8fcf9f70a2cca,1.3133829422546748,2026-09-01T21:21:35+00:00,0xd9500aa951cbb33b93cc8ea8a684c9f923144d15f5d66e45bad167bc24e27036
0x2f0f35765563ba038ba80ffb80d76eb6106b946a,0x819cef100b177529035d035434cbac49fa9660ce,0.0,2026-09-01T21:22:23+00:00,0xc5fcd9825534e03352dccc44de668c53a484a9ca0106b272e65440849430ece5
0x2f0f35765563ba038ba80ffb80d76eb6106b946a,0x4c82d1fbfe28c977cbb58d8c7ff8fcf9f70a2cca,0.0,2026-09-01T21:22:59+00:00,0xbe662c6485d5d2876bf803403c7588e3e7edcb1372e8aae10454cb7713e454cf
0x2f0f35765563ba038ba80ffb80d76eb6106b946a,0x4c82d1fbfe28c977cbb58d8c7ff8fcf9f70a2cca,1.3133829425548769,2026-09-01T21:23:23+00:00,0x4fd96882c7f6bc80e26ddb848fae5ce76fee2b5dd19de0ebb679f185e02f0115
0x2f0f35765563ba038ba80ffb80d76eb6106b946a,0x4c82d1fbfe28c977cbb58d8c7ff8fcf9f70a2cca,0.0,2026-09-01T21:28:59+00:00,0xb2772676b169cd3de003982264bdae418e6145bbc7507318383d4d9c89693f9a
0x2f0f35765563ba038ba80ffb80d76eb6106b946a,0x4c82d1fbfe28c977cbb58d8c7ff8fcf9f70a2cca,0.000114893650189013,2026-09-01T21:31:35+00:00,0x8a4db60dc8cf3a231ae60f2f9dd5fe69886f941f90c775345292d12e101b7fbb
0x2f0f35765563ba038ba80ffb80d76eb6106b946a,0x4c82d1fbfe28c977cbb58d8c7ff8fcf9f70a2cca,0.2095671922087855,2026-09-02T07:01:23+00:00,0xaf438ea0321ade5834184877e4d999faa803b5fee529bb6ad74ad832665ee50f
0x2f0f35765563ba038ba80ffb80d76eb6106b946a,0x4c82d1fbfe28c977cbb58d8c7ff8fcf9f70a2cca,0.0,2026-09-02T07:01:59+00:00,0x96d4d1aae8b220b7fb47e014a1e8ede10d7e7e069c17197400362adf1d7c6e83
0x2f0f35765563ba038ba80ffb80d76eb6106b946a,0x4c82d1fbfe28c977cbb58d8c7ff8fcf9f70a2cca,6.599670690098e-05,2026-09-02T07:03:11+00:00,0x2cd8bb90d65906b29410b80a190078f131ea18ba9cc5e8dab1a374f5c70911b4
0x2f0f35765563ba038ba80ffb80d76eb6106b946a,0x5c7bcd6e7de5423a257d81b442095a1a6ced35c5,2.0,2026-09-02T07:07:11+00:00,0x33c3bdc28fe2db71800e8608162d7d86a15e29aec5e4a643c50ac5df4ee25767
0x05d29c0ab62b9fb1a59304a9cbabfbf034f546b3,0x2f0f35765563ba038ba80ffb80d76eb6106b946a,0.0,2026-09-02T07:09:47+00:00,0xac105411fef3393d0d8ff7280394206d4a316d01291274efd3bf97579d91c727
0x2f0f35765563ba038ba80ffb80d76eb6106b946a,0x4c82d1fbfe28c977cbb58d8c7ff8fcf9f70a2cca,2.1998854699591e-05,2026-09-02T07:31:35+00:00,0xd1deaf4b8c932afd7d2c89a05a094f1b40543a31a15bd7f1e2a01d8c297c28ae
0x2f0f35765563ba038ba80ffb80d76eb6106b946a,0x7938a0440985d65b4453a84f4078ba02dfd25ab7,0.0,2026-09-02T08:04:59+00:00,0x37eabe965d3ad6d86b02963e6cc15441c07a323a6fb75670a6b19ce545ad893f
0x2f0f35765563ba038ba80ffb80d76eb6106b946a,0x7938a0440985d65b4453a84f4078ba02dfd25ab7,0.0,2026-09-02T08:07:11+00:00,0xd239bfef6727fec8fb7df5fd167b969fffbed190751ce2a6c25f888024519514
0x2f0f35765563ba038ba80ffb80d76eb6106b946a,0xc36442b4a4522e871399cd717abdd847ab11fe88,0.0,2026-09-02T08:07:35+00:00,0xdf36fcb315d865f2b764c56f3e1e2ca5fa0e8044654c39284f880814f4db9c48
0x2f0f35765563ba038ba80ffb80d76eb6106b946a,0x0000000000001ff3684f28c67538d4d072c22734,8.559817434659e-06,2026-09-02T08:08:35+00:00,0x2471c936dafeb7b443f562d1f24d2faa1f9da398ffc990ebdce9813de77267b6
0x2f0f35765563ba038ba80ffb80d76eb6106b946a,0x4c82d1fbfe28c977cbb58d8c7ff8fcf9f70a2cca,3.319239303574e-06,2026-09-02T08:09:11+00:00,0x991cb6be4c811657047c7825cc27db84d0f4cd7857144533e3b37feed3402522
0x2f0f35765563ba038ba80ffb80d76eb6106b946a,0x4c82d1fbfe28c977cbb58d8c7ff8fcf9f70a2cca,3.31923931685e-06,2026-09-02T08:13:35+00:00,0xcd4bdf37e468c03034ea674b124c70e0e678bd6e6a1301d91fbc3c785e99944d
0x2f0f35765563ba038ba80ffb80d76eb6106b946a,0x183a566f7fd7411e73a6bc86c8acbaa2e95665dd,0.0,2026-09-02T11:43:23+00:00,0x13dede83fae0283b42d396420fc21f7a2e3154edd115b28b5eea454f71b7ccac
0x2f0f35765563ba038ba80ffb80d76eb6106b946a,0x183a566f7fd7411e73a6bc86c8acbaa2e95665dd,0.0,2026-09-02T11:47:35+00:00,0xbdd645c9ed739c6268d6ebf7e6690567820ee1daa388c87618aaeb6114ee07d5
0x2f0f35765563ba038ba80ffb80d76eb6106b946a,0xc36442b4a4522e871399cd717abdd847ab11fe88,0.0,2026-09-02T11:48:11+00:00,0x356a9de1a862f4cc2942746758cb4a259d810509e50fd37ad73440ec26791276
0x2f0f35765563ba038ba80ffb80d76eb6106b946a,0x0000000000001ff3684f28c67538d4d072c22734,9.5839943444103e-05,2026-09-02T11:49:11+00:00,0xfd7d8d0b99fda90f669c6b562fae44ba59caf8549c5f8ad2826a5916deb21679
0x2f0f35765563ba038ba80ffb80d76eb6106b946a,0x4c82d1fbfe28c977cbb58d8c7ff8fcf9f70a2cca,0.000330136311873511,2026-09-02T11:51:11+00:00,0x516ef2ded63d69d74cffadb704d3e372752bc0d04fa64745629e6078b9120898
0x2f0f35765563ba038ba80ffb80d76eb6106b946a,0x4c82d1fbfe28c977cbb58d8c7ff8fcf9f70a2cca,2.054269621975904,2026-09-02T12:08:47+00:00,0xcba0161c440940fc2b1240644de1b4c2d18ea83af14e967d6abb1f1c814d24d4
0x2f0f35765563ba038ba80ffb80d76eb6106b946a,0x4c82d1fbfe28c977cbb58d8c7ff8fcf9f70a2cca,2.1998854787586e-05,2026-09-02T12:20:59+00:00,0x9ccbaef446bbc474c00925db646a598d7c968becab9c863d8b573f3887ca9273
0x2f0f35765563ba038ba80ffb80d76eb6106b946a,0x2a6fb3e7a44218bbe3680de3f450e471a5a3bb1d,0.0,2026-09-02T12:47:11+00:00,0x9ef556e9216fe8256d325829f7f1e915a64896771e4b3487562b8d5dfd2477fc
0x2f0f35765563ba038ba80ffb80d76eb6106b946a,0x4c82d1fbfe28c977cbb58d8c7ff8fcf9f70a2cca,0.0,2026-09-02T12:47:35+00:00,0xaa49e4b9af4d1c4ee6b83d736087388534361bb8633d3d1c6ae985927c1017c7
0x2f0f35765563ba038ba80ffb80d76eb6106b946a,0x4c82d1fbfe28c977cbb58d8c7ff8fcf9f70a2cca,2.054269630368261,2026-09-02T12:47:59+00:00,0xa4d5e2e9e6b9b0e0ba77388c64cb8d3e4e6f737eccc7070dd056e13a59180efc
0x2f0f35765563ba038ba80ffb80d76eb6106b946a,0x4c82d1fbfe28c977cbb58d8c7ff8fcf9f70a2cca,0.0,2026-09-02T12:48:35+00:00,0xdabd94eefac79132c82c73aeab7cef267d6dd02fb60d0127f6143badc18c859a
0x2f0f35765563ba038ba80ffb80d76eb6106b946a,0x4c82d1fbfe28c977cbb58d8c7ff8fcf9f70a2cca,5.3911582467544e-05,2026-09-02T12:49:11+00:00,0x74955eba276824889638f2097c378289fea2c39bd7753ed0fe0165058789541f
0x05d29c0ab62b9fb1a59304a9cbabfbf034f546b3,0x2f0f35765563ba038ba80ffb80d76eb6106b946a,0.0,2026-09-02T13:09:59+00:00,0xa8a303f9cb69726c0b998864941e659b0e9e2b08a6a3f6fa9a66ca4ac3b5b63f
0x2f0f35765563ba038ba80ffb80d76eb6106b946a,0x4c82d1fbfe28c977cbb58d8c7ff8fcf9f70a2cca,0.04191267780378983,2026-09-02T14:13:23+00:00,0x111db5940ab9e53dce132bc93518afd707ef31c347f5f7a85fa9c4db77b1b4f2
0x2f0f35765563ba038ba80ffb80d76eb6106b946a,0x4c82d1fbfe28c977cbb58d8c7ff8fcf9f70a2cca,0.0,2026-09-02T14:13:59+00:00,0x5cccd13b2949fb2e6cf029541bb1a55d1e0884ddde88d120c765f4d69847ff0e
0x2f0f35765563ba038ba80ffb80d76eb6106b946a,0x4c82d1fbfe28c977cbb58d8c7ff8fcf9f70a2cca,0.04191301310792318,2026-09-02T14:14:23+00:00,0x70ccc195e8ab4d028f0d3d7d531f84c8a996daf692e18c11e4fd03f839b2ad68
0x2f0f35765563ba038ba80ffb80d76eb6106b946a,0x4c82d1fbfe28c977cbb58d8c7ff8fcf9f70a2cca,0.0,2026-09-02T14:14:47+00:00,0xb4fa88c74238b12171aa938c93de36787d0e59d9d0c0d40314b6d05160c8abe0
0x2f0f35765563ba038ba80ffb80d76eb6106b946a,0x4c82d1fbfe28c977cbb58d8c7ff8fcf9f70a2cca,0.000285985120703776,2026-09-02T14:15:47+00:00,0x81d07c111e5f3abcffecb70e0e4199e93d9bcef2760c6aaa4b593d5e288e7205
0x2f0f35765563ba038ba80ffb80d76eb6106b946a,0x4c82d1fbfe28c977cbb58d8c7ff8fcf9f70a2cca,1.296447255807795,2026-09-02T15:25:23+00:00,0x2a2e10ff3a19a7307450b7b4b9d0c861feaa8843b90cc2ef93422a5df3198dbe
0x2f0f35765563ba038ba80ffb80d76eb6106b946a,0xf386c016d4db9f17f7c64c15451d9f1b117c65e3,0.0,2026-09-02T15:26:11+00:00,0x56514ff78d750cab8f470b20a52649ac967b340d97a3f434000b5393e915b3d9
0x2f0f35765563ba038ba80ffb80d76eb6106b946a,0x4c82d1fbfe28c977cbb58d8c7ff8fcf9f70a2cca,0.0,2026-09-02T15:26:47+00:00,0xb9a3987e2612cbc11a65f12d70db8e690453e0836b5a2f6ea5238f6c5597b5a4
0x2f0f35765563ba038ba80ffb80d76eb6106b946a,0x4c82d1fbfe28c977cbb58d8c7ff8fcf9f70a2cca,1.2964472713651778,2026-09-02T15:27:35+00:00,0x53930089fb359e2889c55c7b7114db5dc1c26d1ceba0795cded23f9229f9c2a7
0x2f0f35765563ba038ba80ffb80d76eb6106b946a,0x4c82d1fbfe28c977cbb58d8c7ff8fcf9f70a2cca,0.0,2026-09-02T15:33:11+00:00,0x4ebe5901ce9e3121636a1d158000792fdb54ed9d6ec99c30c2137256d4383f9c
0x2f0f35765563ba038ba80ffb80d76eb6106b946a,0x4c82d1fbfe28c977cbb58d8c7ff8fcf9f70a2cca,1.7164795764035794,2026-09-02T15:42:23+00:00,0x7ff24ff18abcda2e91a5bd8a8b5dac33e2ba18ac475a53cbb7f3377fffa14ca3
0x2f0f35765563ba038ba80ffb80d76eb6106b946a,0x4c82d1fbfe28c977cbb58d8c7ff8fcf9f70a2cca,0.0,2026-09-02T15:43:11+00:00,0x2d10443450d8feaca0615c22f0e5e4f6859826a4ec4f501ad0f0e3573c86bea2
0x2f0f35765563ba038ba80ffb80d76eb6106b946a,0x05d2a2b028ea5e6bca8795065af6a0a1964b46b3,3.0313462053272655,2026-09-02T16:09:23+00:00,0x42e4dfe07b40117b77de1b0f14f3eda04cf9ebd331ab08c3fbcaec1d699ed329
0x2f0f35765563ba038ba80ffb80d76eb6106b946a,0x4c82d1fbfe28c977cbb58d8c7ff8fcf9f70a2cca,0.0,2026-09-02T16:56:11+00:00,0xc175c0a28f7f982bc4f770ed0642c8ce8e33642a493132bcf8b45d870620503e
0x2f0f35765563ba038ba80ffb80d76eb6106b946a,0x4c82d1fbfe28c977cbb58d8c7ff8fcf9f70a2cca,2.1998854492204e-05,2026-09-02T16:56:35+00:00,0xab06c6dc86fad76ba856af5e0f9b85a848ea80c93b027837b65194c79d863428
0x2f0f35765563ba038ba80ffb80d76eb6106b946a,0x4c82d1fbfe28c977cbb58d8c7ff8fcf9f70a2cca,0.04191267724102194,2026-09-02T17:07:47+00:00,0x4718327392484f4fe4dbe0e084de9c93234fc46dcbc281a9fccd5e2df39ddbdc
0x2f0f35765563ba038ba80ffb80d76eb6106b946a,0x4c82d1fbfe28c977cbb58d8c7ff8fcf9f70a2cca,0.0,2026-09-02T17:09:11+00:00,0xd572e5e92e20a61ca829f12c2e292fad7db6b45edaa92488f0fa3c51d92f1626
0x2f0f35765563ba038ba80ffb80d76eb6106b946a,0x4c82d1fbfe28c977cbb58d8c7ff8fcf9f70a2cca,0.0,2026-09-02T17:09:59+00:00,0x9e8e99d819a23df357e2d42c186701598fdbac1c65b83267cee690505ac2dad1
0x2f0f35765563ba038ba80ffb80d76eb6106b946a,0x4c82d1fbfe28c977cbb58d8c7ff8fcf9f70a2cca,0.000285985082526756,2026-09-02T17:10:23+00:00,0x6386f4dc9b530112c2168f3d17aff64c6b3379325a3489c3cd4c7a446012d355
0x2f0f35765563ba038ba80ffb80d76eb6106b946a,0x4c82d1fbfe28c977cbb58d8c7ff8fcf9f70a2cca,0.3773301975331868,2026-09-02T17:53:11+00:00,0xa9c3d87a3de5e34c9546730723dc8534d70f2b2b43239b056be4f6414a2fdc61
0x2f0f35765563ba038ba80ffb80d76eb6106b946a,0x0538c9058f340ecf3ccda3ccc185ab5ef206fef3,0.0,2026-09-02T17:54:47+00:00,0xc10f84907ba3a19008b8b23b11579df892010a3dade0a60bff29d44aeb13ba30
0x2f0f35765563ba038ba80ffb80d76eb6106b946a,0x4c82d1fbfe28c977cbb58d8c7ff8fcf9f70a2cca,0.0,2026-09-02T17:55:11+00:00,0x7e6ab6bc3d288a6a4a66de385b6970af1b1bd3ad256d234b05d597fc4b0c0b5f
0x2f0f35765563ba038ba80ffb80d76eb6106b946a,0x4c82d1fbfe28c977cbb58d8c7ff8fcf9f70a2cca,0.37733019845355403,2026-09-02T17:55:35+00:00,0xa03fe204a12a7243db5d74097d3de01620806ca111f64a0838dc1cbe88f80681
0x2f0f35765563ba038ba80ffb80d76eb6106b946a,0x4c82d1fbfe28c977cbb58d8c7ff8fcf9f70a2cca,0.0,2026-09-02T17:55:59+00:00,0xfb9ba5309b0d7737c2c760a0d0ee2d9d20d286ec9d9e8cebb173370e53073293
0x2f0f35765563ba038ba80ffb80d76eb6106b946a,0x4c82d1fbfe28c977cbb58d8c7ff8fcf9f70a2cca,0.3773301993739213,2026-09-02T17:56:35+00:00,0xf3cfc2a48d3c7c8693b86c0894734d083cf98ce597180db4d7a870c8e8215360
0x2f0f35765563ba038ba80ffb80d76eb6106b946a,0x4c82d1fbfe28c977cbb58d8c7ff8fcf9f70a2cca,0.0,2026-09-02T17:57:11+00:00,0x21438dea5547e0fced55ff8bb72069ea0c03e7bf65ca4210e2c5a3a0899ae7d6
0x2f0f35765563ba038ba80ffb80d76eb6106b946a,0x4c82d1fbfe28c977cbb58d8c7ff8fcf9f70a2cca,0.3773302002942886,2026-09-02T17:57:35+00:00,0xa437b43db4e03d4923b17a2d46898e8cb58f86a2ec91fef58fa3ec3a4675258e
0x2f0f35765563ba038ba80ffb80d76eb6106b946a,0x4c82d1fbfe28c977cbb58d8c7ff8fcf9f70a2cca,0.0,2026-09-02T17:58:23+00:00,0xfbc3ec4cb2d49eb651e258d262bd595fd4b8046b855e4beb179fbd890859103b
0x2f0f35765563ba038ba80ffb80d76eb6106b946a,0x4c82d1fbfe28c977cbb58d8c7ff8fcf9f70a2cca,0.000220054455539427,2026-09-02T17:58:59+00:00,0x2076c053ca285b6692db7cbef26aaf0b8b719b4b590294e55851a7e65b435289
0x2f0f35765563ba038ba80ffb80d76eb6106b946a,0x4c82d1fbfe28c977cbb58d8c7ff8fcf9f70a2cca,1.7011805647673e-05,2026-09-02T18:25:23+00:00,0x5ccf965d6cc13394583fc35319534dbc698528545d7806bafac7022d7b287c95
0x2f0f35765563ba038ba80ffb80d76eb6106b946a,0x4c82d1fbfe28c977cbb58d8c7ff8fcf9f70a2cca,6.5996559618065e-05,2026-09-02T19:31:23+00:00,0x7d79c852e2f0381d7f8cd6d4ed624efa94b91fb86ac99088a719e7cf9b7f1e37
0x05d29c0ab62b9fb1a59304a9cbabfbf034f546b3,0x2f0f35765563ba038ba80ffb80d76eb6106b946a,1e-09,2026-09-02T20:46:47+00:00,0x8cad45ffb1ccef7d81a1ab960291495c320ed2d75f939c961ec9911d01dd6133
0x2f0f35765563ba038ba80ffb80d76eb6106b946a,0x4c82d1fbfe28c977cbb58d8c7ff8fcf9f70a2cca,2.1998853382191e-05,2026-09-02T21:41:23+00:00,0x476de4a7825c0e9dff5ad5c505dfba448da7754a0a649febf63e6f5a5c35a099
0x2f0f35765563ba038ba80ffb80d76eb6106b946a,0x4c82d1fbfe28c977cbb58d8c7ff8fcf9f70a2cca,6.5996560674545e-05,2026-09-02T21:41:59+00:00,0x69aab5f3bc722e931416c0cb3007d5fa8eea653e35a383ce76f437dd58c73791
0x2f0f35765563ba038ba80ffb80d76eb6106b946a,0x4c82d1fbfe28c977cbb58d8c7ff8fcf9f70a2cca,0.06286913918251259,2026-09-02T22:21:23+00:00,0xbbb89f7c33e76b0ba45a3da90fb8b55f41c6537aa910cfeaca77573ba137602f
0x2f0f35765563ba038ba80ffb80d76eb6106b946a,0x4c82d1fbfe28c977cbb58d8c7ff8fcf9f70a2cca,0.0,2026-09-02T22:21:47+00:00,0x3ef1cd95b70418d8736b7541c3aee5c53ecbb48c94c1181d11532ff27ae5ae44
0x2f0f35765563ba038ba80ffb80d76eb6106b946a,0x4c82d1fbfe28c977cbb58d8c7ff8fcf9f70a2cca,0.000131993123883357,2026-09-02T22:22:23+00:00,0xa100e32869fc7629c56758481d36bab09fa39f8e4aeb790843ed1e6b830da3b1
0x2f0f35765563ba038ba80ffb80d76eb6106b946a,0x4c82d1fbfe28c977cbb58d8c7ff8fcf9f70a2cca,4.3997708665083e-05,2026-09-02T22:22:59+00:00,0x59c942da1a2f59c6fa974c9d37d0ffc2e62f61fdd316f862cc315b8a02e0480d
0x2f0f35765563ba038ba80ffb80d76eb6106b946a,0x4c82d1fbfe28c977cbb58d8c7ff8fcf9f70a2cca,6.599656365759e-05,2026-09-03T06:52:35+00:00,0xf28bc5139c006027ef68d5d1f67e3f34418c7e888fc572dbd754a9c1232aa709
0x2f0f35765563ba038ba80ffb80d76eb6106b946a,0x4c82d1fbfe28c977cbb58d8c7ff8fcf9f70a2cca,0.06286914202420647,2026-09-03T09:42:59+00:00,0x80070a46c93548397c74f3b0a037fcb2c1c225c4e1537ae7e7dc0a450b975998
0x2f0f35765563ba038ba80ffb80d76eb6106b946a,0x4c82d1fbfe28c977cbb58d8c7ff8fcf9f70a2cca,0.0,2026-09-03T09:43:23+00:00,0xfcad4351c90085eb16f47d713a28ab031760f68a5dd12200e89de564d888db08
0x2f0f35765563ba038ba80ffb80d76eb6106b946a,0x4c82d1fbfe28c977cbb58d8c7ff8fcf9f70a2cca,0.06286914209964968,2026-09-03T09:43:47+00:00,0x980817e10023ff4ed520edd5047192d479cd4d58603dcbfb6c28ed18152c0c75
0x2f0f35765563ba038ba80ffb80d76eb6106b946a,0x4c82d1fbfe28c977cbb58d8c7ff8fcf9f70a2cca,0.0,2026-09-03T09:44:23+00:00,0xb5b430acf0b978c85d8b2133729362c9cbcaeb9307b91fb030c4372362d9df49
0x2f0f35765563ba038ba80ffb80d76eb6106b946a,0x4c82d1fbfe28c977cbb58d8c7ff8fcf9f70a2cca,2.1998854781319e-05,2026-09-03T09:45:23+00:00,0xd628c892e94b9c3ecc74daaa1adae669759c97f189355e1e3c6b5edb237f3527
0x2f0f35765563ba038ba80ffb80d76eb6106b946a,0x4c82d1fbfe28c977cbb58d8c7ff8fcf9f70a2cca,0.000149082408840547,2026-09-03T10:24:23+00:00,0xfc1f12a91752ca269c57735594b461727b9e8b78cb330a95e1f406891cdc08ee
0x2f0f35765563ba038ba80ffb80d76eb6106b946a,0x4c82d1fbfe28c977cbb58d8c7ff8fcf9f70a2cca,0.2876636727097011,2026-09-03T10:25:23+00:00,0xf6f84c3282f8a857b644e548edc6941b08faf6679857a4e21fbc10181726f685
0x2f0f35765563ba038ba80ffb80d76eb6106b946a,0xd679587e15945ff6e88250cedf1462fc17859c8e,0.0,2026-09-03T10:25:47+00:00,0xef97e97df247323916e26b06aaf47fd2068917daa13172863efb5389ef9eb85f
0x2f0f35765563ba038ba80ffb80d76eb6106b946a,0x4c82d1fbfe28c977cbb58d8c7ff8fcf9f70a2cca,0.0,2026-09-03T10:26:23+00:00,0xa4634248b98cad474f451e60713d3d31eb80f167b30b530e502eb768f43c7352
0x2f0f35765563ba038ba80ffb80d76eb6106b946a,0x4c82d1fbfe28c977cbb58d8c7ff8fcf9f70a2cca,0.2860767266934661,2026-09-03T10:26:47+00:00,0x05132227caf89eb080320a4dbce8addb98e5e1ebdc4a2a64f975c6e7c45c7c3f
0x2f0f35765563ba038ba80ffb80d76eb6106b946a,0x4c82d1fbfe28c977cbb58d8c7ff8fcf9f70a2cca,0.0,2026-09-03T10:55:23+00:00,0xc1fee7081ae2e7a84ff8b3fc25330c2ccdde262f7f91820b88a1729fb215f754
0x2f0f35765563ba038ba80ffb80d76eb6106b946a,0x4c82d1fbfe28c977cbb58d8c7ff8fcf9f70a2cca,6.5996558858877e-05,2026-09-03T10:56:47+00:00,0xf5cc3c274f5c7c99dec11c91f3a3888709d14e04575826acd304e14eadffd21c
0x2f0f35765563ba038ba80ffb80d76eb6106b946a,0x4c82d1fbfe28c977cbb58d8c7ff8fcf9f70a2cca,0.000131993120093629,2026-09-03T10:57:59+00:00,0x235fc6a4de72b6d29ccd7d849a19b0d0825760e9363557e812a02191c282ac7a
0x2f0f35765563ba038ba80ffb80d76eb6106b946a,0x4c82d1fbfe28c977cbb58d8c7ff8fcf9f70a2cca,0.0,2026-09-03T11:04:11+00:00,0x50788ca05bb418ceb3a354d96cce6568061234a0e98bfad4447a8418e2d7e101
0x2f0f35765563ba038ba80ffb80d76eb6106b946a,0x4c82d1fbfe28c977cbb58d8c7ff8fcf9f70a2cca,0.000149082427539486,2026-09-03T11:04:47+00:00,0x8ba88467ae7acf116b38c53d4cfa838466c486c7501d4751ed093e84694e3513
0x2f0f35765563ba038ba80ffb80d76eb6106b946a,0x5c7bcd6e7de5423a257d81b442095a1a6ced35c5,0.29134718815477856,2026-09-03T13:31:11+00:00,0xa3f0bfd599d85dcce964bdbb7beb27eed204d68191e0a8bc96467210c368e07b
0x2f0f35765563ba038ba80ffb80d76eb6106b946a,0x4c82d1fbfe28c977cbb58d8c7ff8fcf9f70a2cca,6.5996563395885e-05,2026-09-03T13:46:59+00:00,0x54164d66b1f5e4222db8b894413fa1fa3f36ba46481e46cba1fbff426882db8d
0x4976a4a02f38326660d17bf34b431dc6e2eb2327,0x2f0f35765563ba038ba80ffb80d76eb6106b946a,1.82850035,2026-09-03T15:08:35+00:00,0xc9e8ee4176531c2983975b8ae89b78b442304c92e86052690e588633540c8144
0x2f0f35765563ba038ba80ffb80d76eb6106b946a,0x5c7bcd6e7de5423a257d81b442095a1a6ced35c5,1.4439077866215364,2026-09-03T15:10:11+00:00,0x0389e5d2c28a0a14a457d1053e34087e3d4f36914b5c17ff046b36fade0e0646
0x2f0f35765563ba038ba80ffb80d76eb6106b946a,0x4c82d1fbfe28c977cbb58d8c7ff8fcf9f70a2cca,6.5996605195013e-05,2026-09-03T15:17:35+00:00,0x7f19694714eb317c7549b4a32a4745b0d97e8e71dd7c18d9815da1e582437bed
0x2f0f35765563ba038ba80ffb80d76eb6106b946a,0x4c82d1fbfe28c977cbb58d8c7ff8fcf9f70a2cca,6.5996616633073e-05,2026-09-03T15:23:59+00:00,0xccdcfe3fc6201ad9d591664528cf259830cea6427b217a0dbb3255d8e57da88e
0x2f0f35765563ba038ba80ffb80d76eb6106b946a,0x4c82d1fbfe28c977cbb58d8c7ff8fcf9f70a2cca,0.000159253283607776,2026-09-03T16:12:35+00:00,0x0b757aab92514f720ca9977cc426610ed9a99a014b7df5bd78b3b466c9a34638
0x2f0f35765563ba038ba80ffb80d76eb6106b946a,0xa1314d98d0d77d15cacb3b51e1e21829226a40f0,0.0,2026-09-03T16:19:47+00:00,0x00dff3035bb56e377d67b28243cc8a31c7454a80953735cce0f7ba3ba7aca0a3
0x2f0f35765563ba038ba80ffb80d76eb6106b946a,0xa1314d98d0d77d15cacb3b51e1e21829226a40f0,0.0,2026-09-03T16:21:35+00:00,0xf38aa88dc8ffa962d220e5e993da4ea825f23d5a6833dd81c1997f75f3d91270
0x2f0f35765563ba038ba80ffb80d76eb6106b946a,0xc36442b4a4522e871399cd717abdd847ab11fe88,0.0,2026-09-03T16:21:47+00:00,0x718297835fc23b35a555bc354a98abd23db62cdecab2d5ed8dc8a8d63187dd44
0x2f0f35765563ba038ba80ffb80d76eb6106b946a,0xc36442b4a4522e871399cd717abdd847ab11fe88,0.0,2026-09-03T16:22:11+00:00,0xf27e6ad9ca6d773e465f9c607f3bc74466d078af04ea2fd01f520712fc83bcc5
0x2f0f35765563ba038ba80ffb80d76eb6106b946a,0x0000000000001ff3684f28c67538d4d072c22734,0.000107786105425077,2026-09-03T16:23:11+00:00,0x4b310b29b295f42e262a4749f335a0dc4e9d9ad48e2caa6613a768f8c8423773
0x2f0f35765563ba038ba80ffb80d76eb6106b946a,0x4c82d1fbfe28c977cbb58d8c7ff8fcf9f70a2cca,0.00034554552568626,2026-09-03T16:23:23+00:00,0x793b37d87d4d2f4bfac49f09d7764813fd68ec4c024b0d41dbe01f8d3a5a6116
0x2f0f35765563ba038ba80ffb80d76eb6106b946a,0x4c82d1fbfe28c977cbb58d8c7ff8fcf9f70a2cca,0.000115181842816876,2026-09-03T16:25:59+00:00,0xd1a7f013aeb075238c0b9c2ac70da89190cf845e45cc13075a42ee3af421c8c5
0x2f0f35765563ba038ba80ffb80d76eb6106b946a,0x4c82d1fbfe28c977cbb58d8c7ff8fcf9f70a2cca,0.000115181843277602,2026-09-03T16:27:59+00:00,0x11565025b9f52fad2b1f845d3f7da977f0d60acf88ddc21f35220cff24ece96a
0x2f0f35765563ba038ba80ffb80d76eb6106b946a,0x4c82d1fbfe28c977cbb58d8c7ff8fcf9f70a2cca,0.3505510430186512,2026-09-03T16:28:59+00:00,0x554bcd483096b396b7bc8b04036d022ceadf4335af69c4678dac8cdb7dd40449
0x2f0f35765563ba038ba80ffb80d76eb6106b946a,0xa1314d98d0d77d15cacb3b51e1e21829226a40f0,0.0,2026-09-03T16:31:59+00:00,0x8026dd8e587e58c3affce6318d31b2710c0ee685ec1cd2eb99147619d34ed0a4
0x2f0f35765563ba038ba80ffb80d76eb6106b946a,0x4c82d1fbfe28c977cbb58d8c7ff8fcf9f70a2cca,0.0,2026-09-03T16:37:11+00:00,0xbdeb1f90cacee4f1d6e33f53444972f131b456ae0cf9c52ff061f051b754a0ae
0x2f0f35765563ba038ba80ffb80d76eb6106b946a,0x4c82d1fbfe28c977cbb58d8c7ff8fcf9f70a2cca,6.5996592193294e-05,2026-09-03T16:37:47+00:00,0x8c9bafd1fc4fdecd0a4c7cecfaced1cb72f038b8b8682ab5932015daf935ed3b
0x2f0f35765563ba038ba80ffb80d76eb6106b946a,0x4c82d1fbfe28c977cbb58d8c7ff8fcf9f70a2cca,2.1998864240422e-05,2026-09-03T16:40:23+00:00,0x291248153eb5c0e3cc2ece502ee54fecfcf30cf7f91037829e5b3c6403e4439c
0x2f0f35765563ba038ba80ffb80d76eb6106b946a,0x4c82d1fbfe28c977cbb58d8c7ff8fcf9f70a2cca,6.599659324924e-05,2026-09-03T18:04:35+00:00,0xf7b808c3e8ca876d2354ed0b3957261dd55cebb4b36feb2254e5d0aba0c9af3a
0x2f0f35765563ba038ba80ffb80d76eb6106b946a,0x4c82d1fbfe28c977cbb58d8c7ff8fcf9f70a2cca,0.0,2026-09-03T18:09:35+00:00,0x485feecf4e188ab770e7b7a7b2f15b5f79b424b805ff43ad8ed8e123a3843009
0x2f0f35765563ba038ba80ffb80d76eb6106b946a,0x4c82d1fbfe28c977cbb58d8c7ff8fcf9f70a2cca,0.000115181841196129,2026-09-03T18:09:59+00:00,0x5e44752c10d15379ab2c3ae72289d12745eb8529f1b01e6f5507a1c89dc21d72
0x2f0f35765563ba038ba80ffb80d76eb6106b946a,0x5c7bcd6e7de5423a257d81b442095a1a6ced35c5,0.35364544169893114,2026-09-03T18:10:23+00:00,0x805ab441dd9a363ac59884ea5b153c5025bf05d6fa3760082fafb32318f0c310
0x2f0f35765563ba038ba80ffb80d76eb6106b946a,0x4c82d1fbfe28c977cbb58d8c7ff8fcf9f70a2cca,0.33899709470950234,2026-09-03T18:14:47+00:00,0xa192c35170f09429b8648cac0bd6438eaa84a3ce7d04692536bda83c2a19f172
0x2f0f35765563ba038ba80ffb80d76eb6106b946a,0x4c82d1fbfe28c977cbb58d8c7ff8fcf9f70a2cca,0.0,2026-09-03T18:15:11+00:00,0x06e27d98f9aae280716ab56973477a356bdb090bbe675047df990e6cb80d8ce1
0x2f0f35765563ba038ba80ffb80d76eb6106b946a,0x4c82d1fbfe28c977cbb58d8c7ff8fcf9f70a2cca,0.3379121314386644,2026-09-03T18:15:35+00:00,0x633f8565ba490e0dd4b90f0498d1f8ce1e39259beed4229a00bf60bdc11c28af
0x2f0f35765563ba038ba80ffb80d76eb6106b946a,0x4c82d1fbfe28c977cbb58d8c7ff8fcf9f70a2cca,0.0,2026-09-03T18:18:35+00:00,0x07d8e1075d40b0cd3ec52dfe1d1ab05fbf25f20f0d2601176732e52f8445ebec
0x2f0f35765563ba038ba80ffb80d76eb6106b946a,0x4c82d1fbfe28c977cbb58d8c7ff8fcf9f70a2cca,1.3167074316904956,2026-09-03T18:20:11+00:00,0xa03930f029a34307870d9cd2314994ed75263a8ac4f80b17c69ff9724ff1a9a9
0x2f0f35765563ba038ba80ffb80d76eb6106b946a,0x4c82d1fbfe28c977cbb58d8c7ff8fcf9f70a2cca,0.0,2026-09-03T18:20:47+00:00,0x7a2ec19c546a2afcb8944815686a542e3f6ced2763728750503a3c09435a924a
0x2f0f35765563ba038ba80ffb80d76eb6106b946a,0x4c82d1fbfe28c977cbb58d8c7ff8fcf9f70a2cca,1.2069795769454528,2026-09-03T18:21:23+00:00,0x81bf694977f0d493d866451321df78fb37b76860796a6a5bc7f82bca7034feb6
0x2f0f35765563ba038ba80ffb80d76eb6106b946a,0x4c82d1fbfe28c977cbb58d8c7ff8fcf9f70a2cca,0.0,2026-09-03T18:25:11+00:00,0x95c0e6e6d41674e087b2cf57452143a395e2f06e5eef5c830a6557051b8a175e
0x2f0f35765563ba038ba80ffb80d76eb6106b946a,0x4c82d1fbfe28c977cbb58d8c7ff8fcf9f70a2cca,1.2069793982756398,2026-09-03T18:25:47+00:00,0x4ac6a257e6e7ff9b2a1b9e21d2d322fbf1a79b2d34dbde164e900b6d45f34cd0
0x2f0f35765563ba038ba80ffb80d76eb6106b946a,0x4c82d1fbfe28c977cbb58d8c7ff8fcf9f70a2cca,0.0,2026-09-03T18:32:23+00:00,0x8ac8000ba40a3369de0c04e384c130fdd61850f207bcb759a5914b28b237faf2
0x2f0f35765563ba038ba80ffb80d76eb6106b946a,0x5c7bcd6e7de5423a257d81b442095a1a6ced35c5,0.6538005272621497,2026-09-03T18:32:47+00:00,0xab9706d5d2d6f97282091538f5fc61afb794e432c27050117ae8b0ff9635400c
0x2f0f35765563ba038ba80ffb80d76eb6106b946a,0x5c7bcd6e7de5423a257d81b442095a1a6ced35c5,0.65,2026-09-03T18:34:59+00:00,0x4fc05e6fadae3b309a236fb8090179c1cbce06e415923999f66cbc97acd9588f
0x2f0f35765563ba038ba80ffb80d76eb6106b946a,0x4c82d1fbfe28c977cbb58d8c7ff8fcf9f70a2cca,0.9850290136177382,2026-09-03T18:38:11+00:00,0xc30be190b9d9869f215c61f7c76e6239d238e5efa99a4384a2086817159a4e98
0x2f0f35765563ba038ba80ffb80d76eb6106b946a,0x4c82d1fbfe28c977cbb58d8c7ff8fcf9f70a2cca,0.2460761765350859,2026-09-03T18:38:35+00:00,0x55fca60b95091275657725211d8826fd979e90629dd1ec6c8bca95e4b28b17ae
0x2f0f35765563ba038ba80ffb80d76eb6106b946a,0x4c82d1fbfe28c977cbb58d8c7ff8fcf9f70a2cca,0.06286917021366305,2026-09-03T18:42:23+00:00,0x9fed74c82b26d84769ca38d564c29f507ae80b44e70492959d5d50529cb351e2
0x2f0f35765563ba038ba80ffb80d76eb6106b946a,0x4c82d1fbfe28c977cbb58d8c7ff8fcf9f70a2cca,0.0,2026-09-03T18:42:35+00:00,0x8dae1e95ea4d61ad0b5f3b0708df513f5bfbfbe619f2f0f9303d425bbd6a8931
0x2f0f35765563ba038ba80ffb80d76eb6106b946a,0x4c82d1fbfe28c977cbb58d8c7ff8fcf9f70a2cca,6.5996594120396e-05,2026-09-03T18:43:11+00:00,0x0d8e9ddf7cb625f01d3def3171ef0b1445c6ca2bf306279b6601994e07f9e83c
0x2f0f35765563ba038ba80ffb80d76eb6106b946a,0x4c82d1fbfe28c977cbb58d8c7ff8fcf9f70a2cca,0.0,2026-09-03T18:44:11+00:00,0x07415fa5bbcfe9c76186d138a534f4c9c05d99508729605dec59355c47087216
0x2f0f35765563ba038ba80ffb80d76eb6106b946a,0x4c82d1fbfe28c977cbb58d8c7ff8fcf9f70a2cca,1.2069793975427545,2026-09-03T18:44:59+00:00,0x4da3074f945239241a1268f89309794321e12964cf8c1c1a4987812f2b073228
0x2f0f35765563ba038ba80ffb80d76eb6106b946a,0x4c82d1fbfe28c977cbb58d8c7ff8fcf9f70a2cca,0.0,2026-09-03T19:14:35+00:00,0x79ac6334465ef7834fe49c798aa3de5caf3b8c92de6b8284971a2282d016b45a
0x2f0f35765563ba038ba80ffb80d76eb6106b946a,0x4c82d1fbfe28c977cbb58d8c7ff8fcf9f70a2cca,0.000131993150029089,2026-09-03T19:14:47+00:00,0x070843d4201f3f05ae163f4a76894fe460858385e8022eb7ea37a9366f1cc25a
0x2f0f35765563ba038ba80ffb80d76eb6106b946a,0x4c82d1fbfe28c977cbb58d8c7ff8fcf9f70a2cca,0.0,2026-09-03T19:23:35+00:00,0xf139a0616ebbd52ced46aea2bbfc94de47d61a50550bdcda44d07fe9d96d2818
0x2f0f35765563ba038ba80ffb80d76eb6106b946a,0x4c82d1fbfe28c977cbb58d8c7ff8fcf9f70a2cca,0.000115181841367061,2026-09-03T19:23:59+00:00,0x6a266a27a399ed87a65e8120730bd69249f2082d2a10675602464c33e76a1fb9
0x2f0f35765563ba038ba80ffb80d76eb6106b946a,0x4c82d1fbfe28c977cbb58d8c7ff8fcf9f70a2cca,0.00013199315332226,2026-09-03T19:53:11+00:00,0x17f0779667ee03afaf8f3724eb720f7cabf3987b2b27918cdd9aeaf4dec0ff84
0x2f0f35765563ba038ba80ffb80d76eb6106b946a,0xc36442b4a4522e871399cd717abdd847ab11fe88,0.0,2026-09-03T19:57:23+00:00,0x884f3ed06d34c92320def2a306c8a60f07f3b5add4947a4c8bca4d370bbe6e46
0x2f0f35765563ba038ba80ffb80d76eb6106b946a,0xc36442b4a4522e871399cd717abdd847ab11fe88,0.0,2026-09-03T19:57:59+00:00,0xe49723709200981be24bfdc1333261463b5a90bf2876028701e4ba2c5527fc73
0x2f0f35765563ba038ba80ffb80d76eb6106b946a,0x4c82d1fbfe28c977cbb58d8c7ff8fcf9f70a2cca,3.319239330128e-06,2026-09-03T19:59:35+00:00,0xd3b3bdcce2d1303623f87ed7294a12c3c0dd7d5bab56547c956efa4e916d93f4
0x2f0f35765563ba038ba80ffb80d76eb6106b946a,0x4c82d1fbfe28c977cbb58d8c7ff8fcf9f70a2cca,1.376101673058118,2026-09-03T20:00:11+00:00,0x26fc8aefb0e773c2a8b13f5467dba7dfdefacafdb6609060315127e9b74ace23
0x2f0f35765563ba038ba80ffb80d76eb6106b946a,0x7938a0440985d65b4453a84f4078ba02dfd25ab7,0.0,2026-09-03T20:00:59+00:00,0x5af4858216a98e482027d87366479703e3fd2e3b3930f9e7dc6aa95aff218d9d
0x2f0f35765563ba038ba80ffb80d76eb6106b946a,0x4c82d1fbfe28c977cbb58d8c7ff8fcf9f70a2cca,0.0,2026-09-03T20:01:23+00:00,0xee373c35da091f2d35812dea342fec849e0d6f7d4e0c4491174fad724e69bf2e
0x2f0f35765563ba038ba80ffb80d76eb6106b946a,0x4c82d1fbfe28c977cbb58d8c7ff8fcf9f70a2cca,1.0433082788558843,2026-09-03T20:01:47+00:00,0x5a27aca70bcc94dd74256a3618a19886e7489491d360dec32c20c7968c3386ab
0x2f0f35765563ba038ba80ffb80d76eb6106b946a,0xab24e2514a081f1cb5e1c44b645c94d5be4c1d37,0.0,2026-09-03T20:08:23+00:00,0x1636b867907b41b168c88e48cf033fa290f9f61d394eefa413a88f84a8dc4a6a
0x2f0f35765563ba038ba80ffb80d76eb6106b946a,0x4c566e994c0724341d15d617710fed3a791d0a3d,0.0,2026-09-03T20:10:59+00:00,0x6e701700c734cd717224bbba9e1890660dbd83d2bcab4303b28c7e7fe0e67879
0x2f0f35765563ba038ba80ffb80d76eb6106b946a,0x4c566e994c0724341d15d617710fed3a791d0a3d,0.0,2026-09-03T20:13:59+00:00,0x168460d1f421f48fd8f6c34fcea82dbe54872de043a9461e829b905735318d2a
0x2f0f35765563ba038ba80ffb80d76eb6106b946a,0xc36442b4a4522e871399cd717abdd847ab11fe88,0.0,2026-09-03T20:14:35+00:00,0x79fb72e9ddd8cae6e022391f21bf3ad0a403300a8f0e898f11dd4d04803c9c43
0x2f0f35765563ba038ba80ffb80d76eb6106b946a,0x0000000000001ff3684f28c67538d4d072c22734,8.240408616619e-06,2026-09-03T20:15:47+00:00,0x1d54ba1cca39e47da9e420337b424870373dff5566881156016968bb4c2746dc
0x2f0f35765563ba038ba80ffb80d76eb6106b946a,0x4c82d1fbfe28c977cbb58d8c7ff8fcf9f70a2cca,0.000220187555423302,2026-09-03T20:16:23+00:00,0x91fa8810b3aeb65699ea5ee309ace9ae2607486a4a05432bd858b008f466c188
0x2f0f35765563ba038ba80ffb80d76eb6106b946a,0x4c82d1fbfe28c977cbb58d8c7ff8fcf9f70a2cca,0.0,2026-09-03T20:17:11+00:00,0xa9bed20dd97d4ec57df96380989109d0b763dff4cde65195765dad23cf6e8fd3
0x2f0f35765563ba038ba80ffb80d76eb6106b946a,0x4c82d1fbfe28c977cbb58d8c7ff8fcf9f70a2cca,3.319239505548e-06,2026-09-03T20:17:35+00:00,0x30d9616cc4d46641523644c8dbcd162844fe1c972a94d0d35856902ea261003c
0x2f0f35765563ba038ba80ffb80d76eb6106b946a,0x4c82d1fbfe28c977cbb58d8c7ff8fcf9f70a2cca,1.0312564711465924,2026-09-03T20:18:23+00:00,0x26b1f9db574d6c2d429833eec41cb98064108e5a9e3428cf175c50c82984e425
0x2f0f35765563ba038ba80ffb80d76eb6106b946a,0x4c566e994c0724341d15d617710fed3a791d0a3d,0.0,2026-09-03T20:20:23+00:00,0x9bae72b522f8e36464df21113866eb72e88eba136695a8ff98358e67b17d544f
0x2f0f35765563ba038ba80ffb80d76eb6106b946a,0x4c82d1fbfe28c977cbb58d8c7ff8fcf9f70a2cca,0.0,2026-09-03T20:20:47+00:00,0x5eec1705f87235769db0aad6ac2adfba45f7a1d5a1a86d55869881d5d402aeb3
0x2f0f35765563ba038ba80ffb80d76eb6106b946a,0x4c82d1fbfe28c977cbb58d8c7ff8fcf9f70a2cca,0.000220187555658415,2026-09-03T20:21:23+00:00,0x8b391fff6f8a6bda061384d119d81da723a88524549610ad3400c798051e8b70
0x2f0f35765563ba038ba80ffb80d76eb6106b946a,0x5c7bcd6e7de5423a257d81b442095a1a6ced35c5,1.36,2026-09-03T20:22:11+00:00,0x73849ccf176953b18a536772616e4025e96d6eaf3b13492917249ec5baab6c4d
0x2f0f35765563ba038ba80ffb80d76eb6106b946a,0x4c82d1fbfe28c977cbb58d8c7ff8fcf9f70a2cca,0.0,2026-09-03T20:55:35+00:00,0x277831abc3b1a59bde1c3ba61fd229c2aed63f3fa7cb9ceaf8521ebbcd7dd90d
0x2f0f35765563ba038ba80ffb80d76eb6106b946a,0x4c82d1fbfe28c977cbb58d8c7ff8fcf9f70a2cca,0.000131993147718605,2026-09-03T20:55:59+00:00,0xa4a915023b88648671dc06f1455a2fd9bf2df3036b5da423a23305b75cdab1c9
0x2f0f35765563ba038ba80ffb80d76eb6106b946a,0x4c82d1fbfe28c977cbb58d8c7ff8fcf9f70a2cca,0.00013199315578399,2026-09-03T21:10:35+00:00,0x2019244c95f2716fa0afb28f2cfb1571d317e928f6c56c8d2870d03a61c7f66e
0x2f0f35765563ba038ba80ffb80d76eb6106b946a,0x4c82d1fbfe28c977cbb58d8c7ff8fcf9f70a2cca,1.0259759446109327,2026-09-03T21:21:47+00:00,0x51bf89cfd17b87ce8ca7665a8c3f73b7710ca3ebd2ea4bb5dc07dd8b8613acd7
0x2f0f35765563ba038ba80ffb80d76eb6106b946a,0x4c82d1fbfe28c977cbb58d8c7ff8fcf9f70a2cca,0.25630594140911345,2026-09-03T21:23:11+00:00,0xc83e87b11c1a33e2b545bc0e19306f593bccda019b2dbad46df018d183cffcb8
0x2f0f35765563ba038ba80ffb80d76eb6106b946a,0x4c82d1fbfe28c977cbb58d8c7ff8fcf9f70a2cca,0.0,2026-09-03T21:34:35+00:00,0x23057bd021fc678412a4693596bfba143a3445c010ea3eed1dae784c588f83aa
0x2f0f35765563ba038ba80ffb80d76eb6106b946a,0x4c82d1fbfe28c977cbb58d8c7ff8fcf9f70a2cca,0.0,2026-09-03T21:34:59+00:00,0x61859d59832ebfcf46d167ee2eff5b3757fa93ffa6f6265c527bd81252779f05
0x2f0f35765563ba038ba80ffb80d76eb6106b946a,0x4c82d1fbfe28c977cbb58d8c7ff8fcf9f70a2cca,0.000439977354373253,2026-09-03T21:36:23+00:00,0xcf75200bbae0d82d7713ac33a696a27f2a21cd3d376164163d271521b6b31708
0x2f0f35765563ba038ba80ffb80d76eb6106b946a,0x4c82d1fbfe28c977cbb58d8c7ff8fcf9f70a2cca,0.0,2026-09-03T21:37:35+00:00,0x1619172c98050b499e76d3486caf48f54c69cba2437f36c7cc30c3b95c8351b2
0x2f0f35765563ba038ba80ffb80d76eb6106b946a,0x4c82d1fbfe28c977cbb58d8c7ff8fcf9f70a2cca,1.3121553398137291,2026-09-03T21:37:59+00:00,0x8e65faaa57c3b8f7cd84f26efcd012e9e7a47b03297e2b1518dfc059fde2d685
0x2f0f35765563ba038ba80ffb80d76eb6106b946a,0x4c82d1fbfe28c977cbb58d8c7ff8fcf9f70a2cca,0.0,2026-09-03T21:40:23+00:00,0x9dfe559afb2549b40756032c8cca7de17babc8adb8d7933fdb14a161933afe4b
0x2f0f35765563ba038ba80ffb80d76eb6106b946a,0x4c82d1fbfe28c977cbb58d8c7ff8fcf9f70a2cca,4.3222128590859e-05,2026-09-03T21:40:35+00:00,0xaea2553f8f640f94f5fbc3c8b9e6f7b3b1efd1a9aea6ffff6652ab875585b9bb
0x2f0f35765563ba038ba80ffb80d76eb6106b946a,0x4c82d1fbfe28c977cbb58d8c7ff8fcf9f70a2cca,1.301695128228904,2026-09-03T21:51:35+00:00,0x3126423da14484031e25060757e335c159d412e2f77c9467267ec4e5b23ea5a6
0x2f0f35765563ba038ba80ffb80d76eb6106b946a,0x4c82d1fbfe28c977cbb58d8c7ff8fcf9f70a2cca,0.0,2026-09-03T22:01:47+00:00,0xfc6ef0d6a33e9ef35a67533014a5d18b3b464b3729c074a93731d6f6e055b23a
0x2f0f35765563ba038ba80ffb80d76eb6106b946a,0x4c82d1fbfe28c977cbb58d8c7ff8fcf9f70a2cca,1.2915453795559464,2026-09-03T22:02:11+00:00,0x825770d229d2f864909aa165faabb957a9f56d733c7a9719fc42c817e362b36a
0x2f0f35765563ba038ba80ffb80d76eb6106b946a,0xc36442b4a4522e871399cd717abdd847ab11fe88,0.0,2026-09-03T22:02:47+00:00,0xc69f31e3e680af5c9bb964b057de142813cc775644952de02aa8fce077009fe0
0x2f0f35765563ba038ba80ffb80d76eb6106b946a,0x4c82d1fbfe28c977cbb58d8c7ff8fcf9f70a2cca,0.0,2026-09-03T22:03:47+00:00,0x36b1ffef788c29dc0962b319550d0723b50f8cfa7ed804987bcd044724a7e153
0x2f0f35765563ba038ba80ffb80d76eb6106b946a,0x4c82d1fbfe28c977cbb58d8c7ff8fcf9f70a2cca,1.3289018281789293,2026-09-03T22:04:11+00:00,0xca489d0ca2ebbc5392f032dc7f348cd142916ca8b028a72ebcd7324f77338f44
0x2f0f35765563ba038ba80ffb80d76eb6106b946a,0x4c82d1fbfe28c977cbb58d8c7ff8fcf9f70a2cca,0.0,2026-09-03T22:12:11+00:00,0xc3d6f97e189456b8e3c54df5333be764cb265d8664647b4ea4be846ec11f6a36
0x2f0f35765563ba038ba80ffb80d76eb6106b946a,0x4c82d1fbfe28c977cbb58d8c7ff8fcf9f70a2cca,4.3150146704212e-05,2026-09-03T22:12:47+00:00,0x49fc6ff984e2cdc30fc517142b6a201775bd8963c1cbaffc0809173e545c9c25
0x2f0f35765563ba038ba80ffb80d76eb6106b946a,0x4c82d1fbfe28c977cbb58d8c7ff8fcf9f70a2cca,0.000131993213175627,2026-09-03T22:13:47+00:00,0xe003e6e4fbe67a869b23d1842ca55af3e9e56c335bf52ca8b13ef2f730a1b73f
0x2f0f35765563ba038ba80ffb80d76eb6106b946a,0x2ea4ba3dfc0906a943f1d7acad0b7253950f7489,0.0,2026-09-03T22:21:59+00:00,0x805822df948a5b62eb6ae127581cb5b4c701a5d5684c26a7803ce4becb5491f7
0x2f0f35765563ba038ba80ffb80d76eb6106b946a,0x4c82d1fbfe28c977cbb58d8c7ff8fcf9f70a2cca,0.0,2026-09-04T01:34:59+00:00,0x6c0190944907a75edd440a8e58ec010d25597094ce5939a90bcf028b201185c1
0x2f0f35765563ba038ba80ffb80d76eb6106b946a,0x4c82d1fbfe28c977cbb58d8c7ff8fcf9f70a2cca,0.000131995443138323,2026-09-04T01:35:23+00:00,0xd3bcf287d19fff9b28a6cce69e1e2ff987db244f6daca139c1140e5b560f284e
0x2f0f35765563ba038ba80ffb80d76eb6106b946a,0x4c82d1fbfe28c977cbb58d8c7ff8fcf9f70a2cca,0.0,2026-09-04T01:36:11+00:00,0xd334dffc2bc82ac8f5bf33a77a37910bae1b824fba2c12a8cb0b4038ff58d6e8
0x2f0f35765563ba038ba80ffb80d76eb6106b946a,0x4c82d1fbfe28c977cbb58d8c7ff8fcf9f70a2cca,0.000131993229012779,2026-09-04T01:36:35+00:00,0xa81c51cae7c132d693df6bb00806fa745e7e6d260f4b11b8276f59562160c147
0x2f0f35765563ba038ba80ffb80d76eb6106b946a,0x4c82d1fbfe28c977cbb58d8c7ff8fcf9f70a2cca,0.0,2026-09-04T04:09:47+00:00,0xde9aeb06d067a6cddf391af0560175d850f7c71b24cd5cb9b3fcbd909eec0e27
0x2f0f35765563ba038ba80ffb80d76eb6106b946a,0x4c82d1fbfe28c977cbb58d8c7ff8fcf9f70a2cca,0.000131993234776435,2026-09-04T04:10:47+00:00,0x0bc445ac33dab8f274622c4043b403cb47de1dc53126f33ed12cb9a0dfa25059
0x2f0f35765563ba038ba80ffb80d76eb6106b946a,0x4c82d1fbfe28c977cbb58d8c7ff8fcf9f70a2cca,0.0,2026-09-04T04:55:59+00:00,0x8962a240f8350383e76940bb596798cb7b484f8da870c5e06f9839291b27ec91
0x2f0f35765563ba038ba80ffb80d76eb6106b946a,0x4c82d1fbfe28c977cbb58d8c7ff8fcf9f70a2cca,0.000131993108144181,2026-09-04T04:56:35+00:00,0xb64aa27ebd7f6204369be1875dbbb0bbb29b4a949cfccd6876f06c3d572e49bb
0x2f0f35765563ba038ba80ffb80d76eb6106b946a,0x4c82d1fbfe28c977cbb58d8c7ff8fcf9f70a2cca,0.0,2026-09-04T07:06:47+00:00,0x18d0628d41aaa016243dc379ea61b1ece134a47c5e20e0ff936f5f50fff9f124
0x2f0f35765563ba038ba80ffb80d76eb6106b946a,0x4c82d1fbfe28c977cbb58d8c7ff8fcf9f70a2cca,6.599659899533e-05,2026-09-04T07:07:11+00:00,0xc6bd2a8731a61a49bc8aed17a841f880922229e2220ccd8d506629f07ff7fb42
0x2f0f35765563ba038ba80ffb80d76eb6106b946a,0x4c82d1fbfe28c977cbb58d8c7ff8fcf9f70a2cca,0.000131993200366539,2026-09-04T07:25:23+00:00,0x2be52c51323e279bb33f0060a14de158a1fd96fb244ef85db8c2a1780bf7a53e
0x2f0f35765563ba038ba80ffb80d76eb6106b946a,0x05d2a2b028ea5e6bca8795065af6a0a1964b46b3,0.8222959596241252,2026-09-04T07:32:35+00:00,0xbbf2ea9d847dec64c2d7510da176b7a49b0ead349cbb56d22c418779050f49c4
0x2f0f35765563ba038ba80ffb80d76eb6106b946a,0x4c82d1fbfe28c977cbb58d8c7ff8fcf9f70a2cca,1.666738806102767,2026-09-04T08:03:11+00:00,0xfb8ebb9a6393d8d7c609d288368e8106e8d7a7abe72fb684d719f6c0528e3199
0x2f0f35765563ba038ba80ffb80d76eb6106b946a,0x19fd25577324912474a2a25cc02b305b5196c111,0.0,2026-09-04T08:03:59+00:00,0x1435fadb9f1587a14d612df465d6f392cc27fd05f1e74f3732b24f264c7c3fa8
0x2f0f35765563ba038ba80ffb80d76eb6106b946a,0x4c82d1fbfe28c977cbb58d8c7ff8fcf9f70a2cca,0.0,2026-09-04T08:04:35+00:00,0xda30e3d7aefe2a0419fbc7c5c5f96ce176681b9e0f1c7e858376a8bf6daa443b
0x2f0f35765563ba038ba80ffb80d76eb6106b946a,0x4c82d1fbfe28c977cbb58d8c7ff8fcf9f70a2cca,1.105981628838205,2026-09-04T08:05:11+00:00,0x55d6b84711b3127077165cbe89d84d2ba3ca1ccc36f65829ca0415988858d2f3
0x2f0f35765563ba038ba80ffb80d76eb6106b946a,0x4c82d1fbfe28c977cbb58d8c7ff8fcf9f70a2cca,0.0,2026-09-04T08:05:47+00:00,0xefb2aa3ebac26809096e6f66f7c0357a0e2e081f201f5d95045b7f23899b6dd8
0x2f0f35765563ba038ba80ffb80d76eb6106b946a,0x4c82d1fbfe28c977cbb58d8c7ff8fcf9f70a2cca,1.6537106244901851,2026-09-04T08:16:59+00:00,0x25b7c468403cc5b0217572aa2f543bd0251f04d44445b9ecba7ebace792faed1
0x2f0f35765563ba038ba80ffb80d76eb6106b946a,0x95ab71873c17e41ba4eadbca7cccf36d4ba162a4,0.0,2026-09-04T08:17:35+00:00,0x0fec6a47fa3243ab84ec155f5eaa6258d08537cdea945cc53a672d3682eea217
0x2f0f35765563ba038ba80ffb80d76eb6106b946a,0x4c82d1fbfe28c977cbb58d8c7ff8fcf9f70a2cca,0.0,2026-09-04T08:17:59+00:00,0x39951fc7cb4572f9230e3d36a57ddf1b89cdd959d345286a0c8d4018c4072a8b
0x2f0f35765563ba038ba80ffb80d76eb6106b946a,0x4c82d1fbfe28c977cbb58d8c7ff8fcf9f70a2cca,1.6408190104460612,2026-09-04T08:19:11+00:00,0x8b431473df39b6e4e0633640d8b9121e78d6235d670cb543f42567e1eae4225e
0x2f0f35765563ba038ba80ffb80d76eb6106b946a,0x4c82d1fbfe28c977cbb58d8c7ff8fcf9f70a2cca,0.0,2026-09-04T08:21:23+00:00,0xc391bf2b8a677632ee2a309bf8c06747169b8af10d699e34cce9d14071f2065b
0x2f0f35765563ba038ba80ffb80d76eb6106b946a,0x4c82d1fbfe28c977cbb58d8c7ff8fcf9f70a2cca,0.0,2026-09-04T08:21:47+00:00,0xb74c4bc7c009a91a384e29f7d8d9527fd6abf9585fc8744100b8173c2819752e
0x2f0f35765563ba038ba80ffb80d76eb6106b946a,0x4c82d1fbfe28c977cbb58d8c7ff8fcf9f70a2cca,1.6368594946816448,2026-09-04T08:22:35+00:00,0xfe2bb8b31b8cf5ddb9efc7e7b2f841bc3c471d4c741732411afb2acab59239a8
0x2f0f35765563ba038ba80ffb80d76eb6106b946a,0x4c82d1fbfe28c977cbb58d8c7ff8fcf9f70a2cca,0.0,2026-09-04T08:23:23+00:00,0x26f2ae46b075ae14c3a4880209123c66b54a2635c939583b08662f5972296269
0x2f0f35765563ba038ba80ffb80d76eb6106b946a,0x4c82d1fbfe28c977cbb58d8c7ff8fcf9f70a2cca,0.000114549583688216,2026-09-04T08:25:23+00:00,0x130cc8684e466a9bfabe6c9abb9a02739ffb1e89e98a67d780452266eb1cdc1a
0x2f0f35765563ba038ba80ffb80d76eb6106b946a,0x4c82d1fbfe28c977cbb58d8c7ff8fcf9f70a2cca,1.6409799356364243,2026-09-04T08:26:47+00:00,0xe200599529d89e24c706d180e267cc2e582ad28f6169f06e9c7ac2d50dfe3887
0x2f0f35765563ba038ba80ffb80d76eb6106b946a,0x4c82d1fbfe28c977cbb58d8c7ff8fcf9f70a2cca,0.0,2026-09-04T08:27:35+00:00,0x684e349cabcda4d4677b060237f3dad481cf2340ba60b47672000a63845d3ef3
0x2f0f35765563ba038ba80ffb80d76eb6106b946a,0x4c82d1fbfe28c977cbb58d8c7ff8fcf9f70a2cca,1.6286815832078345,2026-09-04T08:29:11+00:00,0xc140183798ee20b3002bb5fad843906ee7e1c3b49c92a61f5a780739d23ca326
0x2f0f35765563ba038ba80ffb80d76eb6106b946a,0x4c82d1fbfe28c977cbb58d8c7ff8fcf9f70a2cca,0.0,2026-09-04T08:30:35+00:00,0x8e58bbee9e7c96176d90ed87f30da7b91181e44b482f3c376c1819bf25995950
0x2f0f35765563ba038ba80ffb80d76eb6106b946a,0x4c82d1fbfe28c977cbb58d8c7ff8fcf9f70a2cca,0.000116694292978854,2026-09-04T08:31:23+00:00,0xbdc0bcd15e85d50128c14e396632f0c4a635177625a754611bc0cd2607f4d14e
0x2f0f35765563ba038ba80ffb80d76eb6106b946a,0xd4f3b6c22e49c173f794c3bd22eedcc414cc17fe,0.0,2026-09-04T09:25:59+00:00,0x85c8a1301b6ab2a90c47690076e0367bea8a38c6737de970f3e41cdbeb5717fd
0x2f0f35765563ba038ba80ffb80d76eb6106b946a,0xd4f3b6c22e49c173f794c3bd22eedcc414cc17fe,0.0,2026-09-04T09:28:11+00:00,0xbc203a92de1d8c8502bc87eb9cd25435527059ed36477c67132c031d84494369
0x2f0f35765563ba038ba80ffb80d76eb6106b946a,0xc36442b4a4522e871399cd717abdd847ab11fe88,0.0,2026-09-04T09:28:23+00:00,0xaf1e29730a4c6e89b87367b64d3cedd71abd4d1d345d909700071196d4fb2494
0x2f0f35765563ba038ba80ffb80d76eb6106b946a,0x0000000000001ff3684f28c67538d4d072c22734,8.185917034464e-06,2026-09-04T09:28:59+00:00,0x3abb9caec8fe9a88cf348147c49dbcd1548872436aedc9ea510479b7e79a51de
0x2f0f35765563ba038ba80ffb80d76eb6106b946a,0x4c82d1fbfe28c977cbb58d8c7ff8fcf9f70a2cca,3.2647695066745e-05,2026-09-04T09:30:35+00:00,0x8887b48e32f4db98406f3e7caca92a3a79b5c95c0e1044dd1284006fdae51737
0x2f0f35765563ba038ba80ffb80d76eb6106b946a,0x4c82d1fbfe28c977cbb58d8c7ff8fcf9f70a2cca,1.607196107926097,2026-09-04T09:31:23+00:00,0x4ca6dad3eb95f707d84a8549890e913c8019c516c0e37d81f94fe7aec5c5c2bb
0x2f0f35765563ba038ba80ffb80d76eb6106b946a,0xd4f3b6c22e49c173f794c3bd22eedcc414cc17fe,0.0,2026-09-04T09:39:11+00:00,0x48ed32d259a0915456b766177b414f4182bb32b5f00852c96e08764a8762a3be
0x2f0f35765563ba038ba80ffb80d76eb6106b946a,0x4c82d1fbfe28c977cbb58d8c7ff8fcf9f70a2cca,0.0,2026-09-04T09:39:35+00:00,0xaf6ef8441b7110f3c6ad3ca8085cf52ea74fef128dcceb46f24f54affe9c2e34
0x2f0f35765563ba038ba80ffb80d76eb6106b946a,0x4c82d1fbfe28c977cbb58d8c7ff8fcf9f70a2cca,3.2647695066853e-05,2026-09-04T09:40:35+00:00,0xaf63b4b386d620815d110fbcbbcdf66ce9ea96b249d7dc58d8a3b7ce452801b5
0x2f0f35765563ba038ba80ffb80d76eb6106b946a,0x4c82d1fbfe28c977cbb58d8c7ff8fcf9f70a2cca,0.1047823811260933,2026-09-04T09:41:47+00:00,0x4f5cadfeaf463dbb77bf507a4f7d1db3b866fa709b6f8c9186638d50af67f0a6
0x2f0f35765563ba038ba80ffb80d76eb6106b946a,0x4c82d1fbfe28c977cbb58d8c7ff8fcf9f70a2cca,0.0,2026-09-04T09:41:59+00:00,0x901340888a82f526ce9027e8572d77d5a02041d8104b28881efd24d41df74b51
0x2f0f35765563ba038ba80ffb80d76eb6106b946a,0x4c82d1fbfe28c977cbb58d8c7ff8fcf9f70a2cca,0.000131993203798364,2026-09-04T09:43:11+00:00,0xd67d80fe9016ae27880ee7b73e41606836abf009df9a390d185706f2f20f3708
0x2f0f35765563ba038ba80ffb80d76eb6106b946a,0x4c82d1fbfe28c977cbb58d8c7ff8fcf9f70a2cca,6.97301686857e-07,2026-09-04T09:44:35+00:00,0xbad52a4b62bd2277b09a77997f5568ea210eb4c2b1c2210617c012e2623fe17a
0x2f0f35765563ba038ba80ffb80d76eb6106b946a,0x4c82d1fbfe28c977cbb58d8c7ff8fcf9f70a2cca,1.6689804396931165,2026-09-04T09:46:23+00:00,0x3f18f07be0251d1b059a234b3e4b4b256fd7d8976df4abb52d20661a5cbefb0d
0x2f0f35765563ba038ba80ffb80d76eb6106b946a,0xb56f2c0def2257a333e924bf8790f908737e5c2d,0.0,2026-09-04T09:46:47+00:00,0xb4f330333a566ed4b464cc4c7143ca92375c85ca38b9170a8a0aa1435d09ebe9
0x2f0f35765563ba038ba80ffb80d76eb6106b946a,0x4c82d1fbfe28c977cbb58d8c7ff8fcf9f70a2cca,0.0,2026-09-04T09:47:23+00:00,0xecf829aca671fff3720b4793d7483ec005d250a3d58321aa3cc11f8960d237ba
0x2f0f35765563ba038ba80ffb80d76eb6106b946a,0x4c82d1fbfe28c977cbb58d8c7ff8fcf9f70a2cca,1.394604776687e-06,2026-09-04T09:47:59+00:00,0x92abb628f99f9071c5aa53d24f9a2f8980f9cdf28893bcd94522ae613cb2714c
0x2f0f35765563ba038ba80ffb80d76eb6106b946a,0x4c82d1fbfe28c977cbb58d8c7ff8fcf9f70a2cca,0.000285985297712412,2026-09-04T10:09:59+00:00,0xf2ecaad074c67f309256943da21ce1f24d33d17b43dc6728fe5974b146580739
0x2f0f35765563ba038ba80ffb80d76eb6106b946a,0x4c82d1fbfe28c977cbb58d8c7ff8fcf9f70a2cca,1.4122359311175308,2026-09-04T10:50:35+00:00,0xd3616a65e433602b7d5e1dbcd8df6b9d36ec1854dbe3ed3902ccf8dc5b72c546
0x2f0f35765563ba038ba80ffb80d76eb6106b946a,0x0fb60e5444fa643b99a494bdab61bf570eeb953c,0.0,2026-09-04T10:50:59+00:00,0x39d3922c256a8d4d9102674f7e0a20fe6c64ce8afcd32dbe177e70a151578f82
0x2f0f35765563ba038ba80ffb80d76eb6106b946a,0x4c82d1fbfe28c977cbb58d8c7ff8fcf9f70a2cca,0.0,2026-09-04T10:51:23+00:00,0xf8a3f83946205e586c6a053c3a0672c4f28890243e8f44d170a2901c8f45f578
0x2f0f35765563ba038ba80ffb80d76eb6106b946a,0x4c82d1fbfe28c977cbb58d8c7ff8fcf9f70a2cca,1.4122452410587332,2026-09-04T10:52:23+00:00,0x03841f15a63abcbf154571f3fc6ade979676c8708402ef34a9e2d1eface31cc9
0x2f0f35765563ba038ba80ffb80d76eb6106b946a,0x4c82d1fbfe28c977cbb58d8c7ff8fcf9f70a2cca,0.0,2026-09-04T10:53:23+00:00,0xc17c6a0a0dd148dda43da950b9c54cf411553ebdc0ebf195e30218f51b5c105f
0x2f0f35765563ba038ba80ffb80d76eb6106b946a,0x4c82d1fbfe28c977cbb58d8c7ff8fcf9f70a2cca,1.412253845871992,2026-09-04T10:54:59+00:00,0x4d738926b277cb3e4bcabf12846d9c500ac8a59e3f4cda290b2b6df30273f1da
0x2f0f35765563ba038ba80ffb80d76eb6106b946a,0x4c82d1fbfe28c977cbb58d8c7ff8fcf9f70a2cca,0.0,2026-09-04T10:56:47+00:00,0x52db86f4c793899d6d0868aa03f469910aef41e63a4909bafeb03f44b72e9acd
0x2f0f35765563ba038ba80ffb80d76eb6106b946a,0x4c82d1fbfe28c977cbb58d8c7ff8fcf9f70a2cca,1.4122631545172275,2026-09-04T10:58:47+00:00,0xdce6817d158243b6d07cba7b6a56fe07fff0d424f4131773be287337c7b3938a
0x2f0f35765563ba038ba80ffb80d76eb6106b946a,0x4c82d1fbfe28c977cbb58d8c7ff8fcf9f70a2cca,0.0,2026-09-04T11:01:35+00:00,0x1992bad9987999bf73d9fcfa8f10ea6e6ed82e7c375de97c86d28c0bb59c06b9
0x2f0f35765563ba038ba80ffb80d76eb6106b946a,0x4c82d1fbfe28c977cbb58d8c7ff8fcf9f70a2cca,1.4122724633667216,2026-09-04T11:16:35+00:00,0x89b5fb473b096fd1e65984944192763a10b29604c4c7fa4f851cea901a9ab55a
0x2f0f35765563ba038ba80ffb80d76eb6106b946a,0x4c82d1fbfe28c977cbb58d8c7ff8fcf9f70a2cca,0.0,2026-09-04T11:16:59+00:00,0x6ec278aa0120b65f5356c003a03bac2ab9718dfa9b139443196723a63eb9e818
0x2f0f35765563ba038ba80ffb80d76eb6106b946a,0x4c82d1fbfe28c977cbb58d8c7ff8fcf9f70a2cca,1.7052867676377104,2026-09-04T11:17:59+00:00,0xb456ff604dac4f743d003215be4530b3ca66ec11ade8e5f6362d751c24ce81ed
0x2f0f35765563ba038ba80ffb80d76eb6106b946a,0x4c82d1fbfe28c977cbb58d8c7ff8fcf9f70a2cca,0.00028294925997613,2026-09-04T11:27:47+00:00,0x2d3c775dd60541b0a107272b5d901595ed411da6043bb00f3d4b70cdf017d1f2
0x2f0f35765563ba038ba80ffb80d76eb6106b946a,0x4c82d1fbfe28c977cbb58d8c7ff8fcf9f70a2cca,0.0,2026-09-04T12:09:47+00:00,0x1d7f31c40362e50b91402985f4bd17b2acada59dd19652e6d1caa61538795d56
0x2f0f35765563ba038ba80ffb80d76eb6106b946a,0x4c82d1fbfe28c977cbb58d8c7ff8fcf9f70a2cca,9.587182615e-08,2026-09-04T12:10:35+00:00,0x33ede5587f47aee3877b80042b92201b8d97c036a37b122ad8a39ed6f7760ec2
0x2f0f35765563ba038ba80ffb80d76eb6106b946a,0x4c82d1fbfe28c977cbb58d8c7ff8fcf9f70a2cca,0.000659965928463495,2026-09-04T12:55:59+00:00,0x95e145b489fd3c4da914703bdc4be786d32c3d10d98fa4a486adb23d68362cd6
0x2f0f35765563ba038ba80ffb80d76eb6106b946a,0x4c82d1fbfe28c977cbb58d8c7ff8fcf9f70a2cca,0.0,2026-09-04T15:21:47+00:00,0x6e8d3871b13c7cd9b08ab77a57612ffcfb2a04b0756efc07d86e0fcaa906b67d
0x2f0f35765563ba038ba80ffb80d76eb6106b946a,0x4c82d1fbfe28c977cbb58d8c7ff8fcf9f70a2cca,0.000131993158735164,2026-09-04T15:22:35+00:00,0xc3e346151f73d1d9f0c6fdbfcd348441143b0fe1447081cec6925fd3ae08f1b0
0x2f0f35765563ba038ba80ffb80d76eb6106b946a,0x4c82d1fbfe28c977cbb58d8c7ff8fcf9f70a2cca,0.0,2026-09-04T15:58:11+00:00,0x4ea1aca0c1974fedd0a635b500c13eb590b1159bc00b4715a2f14d12945504e4
0x2f0f35765563ba038ba80ffb80d76eb6106b946a,0x4c82d1fbfe28c977cbb58d8c7ff8fcf9f70a2cca,0.0,2026-09-04T15:58:23+00:00,0xf7fc749423753872e2b2466cb01eb6379d39c94218d88b6fc707fee87ddac921
0x2f0f35765563ba038ba80ffb80d76eb6106b946a,0x4c82d1fbfe28c977cbb58d8c7ff8fcf9f70a2cca,0.000650770225924321,2026-09-04T15:59:11+00:00,0xfcb40af70262036ae889ce3767346aad8ac4c15ecb520fdd736e51d5d4f874db
0x2f0f35765563ba038ba80ffb80d76eb6106b946a,0x4c82d1fbfe28c977cbb58d8c7ff8fcf9f70a2cca,1.7053002011547478,2026-09-04T16:19:23+00:00,0x87b7a664661a83b640f2dcff2b5fc3a8f0b8e867a047c1116f5fe27f509cef39
0x2f0f35765563ba038ba80ffb80d76eb6106b946a,0x4c82d1fbfe28c977cbb58d8c7ff8fcf9f70a2cca,0.0,2026-09-04T16:20:23+00:00,0x69dd2667a7369d320cec12b7a0f3a23137f0d644b96fa0a2fc3538f3560fd58d
0x2f0f35765563ba038ba80ffb80d76eb6106b946a,0x4c82d1fbfe28c977cbb58d8c7ff8fcf9f70a2cca,1.246342748924e-06,2026-09-04T16:21:23+00:00,0xaea2a64ab354948ab4e7aeea5248ab5fd9c64899c4c5e9141fe2c4031bb81f74
0x2f0f35765563ba038ba80ffb80d76eb6106b946a,0x4c82d1fbfe28c977cbb58d8c7ff8fcf9f70a2cca,0.000131993201534689,2026-09-04T16:40:11+00:00,0xb478c2051f45734e48d8b43a2b263c428fb46414730ac407230f612ccdea845d
0x2f0f35765563ba038ba80ffb80d76eb6106b946a,0x3573b9b7d4b6f4f4e5d453b5913765ea07d91f53,0.0,2026-09-04T18:29:35+00:00,0x55048d7ee159a43c3bd64f210dc4f7802109425b3a14a864972d3a662a144c4d
0x2f0f35765563ba038ba80ffb80d76eb6106b946a,0x3573b9b7d4b6f4f4e5d453b5913765ea07d91f53,0.0,2026-09-04T18:32:11+00:00,0x97562e5d0a84a5bc4dd317aefe8de2a741dcdd91731bcbaf578f0ec932de5d93
0x2f0f35765563ba038ba80ffb80d76eb6106b946a,0xc36442b4a4522e871399cd717abdd847ab11fe88,0.0,2026-09-04T18:32:35+00:00,0x5077939847e07734725863fd32811ce1d8cd4432505c132a158afdd06143c2a7
0x2f0f35765563ba038ba80ffb80d76eb6106b946a,0x0000000000001ff3684f28c67538d4d072c22734,8.422173535208e-06,2026-09-04T18:33:35+00:00,0xfb6eed3673c5a60616fd71a795e77d8d8ff19a1093a4fd72f09cc6a068db1e67
0x2f0f35765563ba038ba80ffb80d76eb6106b946a,0x4c82d1fbfe28c977cbb58d8c7ff8fcf9f70a2cca,0.000286338380520745,2026-09-04T18:34:23+00:00,0xfa085757689c63f910fe2dc39d0111a3926d9cb90b5d26d57a87f004e6f408dd
0x2f0f35765563ba038ba80ffb80d76eb6106b946a,0x4c82d1fbfe28c977cbb58d8c7ff8fcf9f70a2cca,1.637214026308632,2026-09-04T18:34:59+00:00,0xd69033930a0acd23377c181498e5091aa13d07753bcdea778bc61845e0a6d148
0x2f0f35765563ba038ba80ffb80d76eb6106b946a,0x4c82d1fbfe28c977cbb58d8c7ff8fcf9f70a2cca,0.000131993204702527,2026-09-04T18:39:47+00:00,0x0a6d972e21e9c314291b1b79047578d56fc595f67eb8ef300caa9ffc4e698748
0x2f0f35765563ba038ba80ffb80d76eb6106b946a,0x3573b9b7d4b6f4f4e5d453b5913765ea07d91f53,0.0,2026-09-04T18:59:47+00:00,0x6efba815c2f3033220e386108501dfea6be27f8294d547cec3db3d1225402468
0x2f0f35765563ba038ba80ffb80d76eb6106b946a,0x4c82d1fbfe28c977cbb58d8c7ff8fcf9f70a2cca,0.0,2026-09-04T19:00:35+00:00,0x447582cb4f05d3b6d29b822bb8961524b6b0bea54440a0763ea530fd28b498ab
0x2f0f35765563ba038ba80ffb80d76eb6106b946a,0x4c82d1fbfe28c977cbb58d8c7ff8fcf9f70a2cca,1.6325304628053954,2026-09-04T19:01:11+00:00,0x3232951be8014ba099af616d86746e85c2216fe5210c7771331c5246b99caa2a
0x2f0f35765563ba038ba80ffb80d76eb6106b946a,0x4c82d1fbfe28c977cbb58d8c7ff8fcf9f70a2cca,0.0,2026-09-04T19:54:59+00:00,0xd72903788521546201caef35cbd9c18502863cda9040a90abfc687f62f3aca33
0x2f0f35765563ba038ba80ffb80d76eb6106b946a,0x4c82d1fbfe28c977cbb58d8c7ff8fcf9f70a2cca,1.6291929033069326,2026-09-04T19:55:35+00:00,0x8b90ab7578ba73693b4edbe33290db57bdcef7cc5ed87d9a2afcad019891a5df
0x2f0f35765563ba038ba80ffb80d76eb6106b946a,0xc36442b4a4522e871399cd717abdd847ab11fe88,0.0,2026-09-04T19:56:11+00:00,0x6c0f25581df3ea69c83cd20bb34f50571466f608891dd711142d6fddfaaf1f59
0x2f0f35765563ba038ba80ffb80d76eb6106b946a,0xc36442b4a4522e871399cd717abdd847ab11fe88,0.0,2026-09-04T19:56:35+00:00,0x125c5151589c4100923f6d10059203dde209dc3b43b68ae2c77940febb686788
0x2f0f35765563ba038ba80ffb80d76eb6106b946a,0xc36442b4a4522e871399cd717abdd847ab11fe88,0.0,2026-09-04T19:56:59+00:00,0xa14ce81e0f3905da5ac9e8d2db26a5f550cfa3b64e3e7ae7f2cb45d9f0f51ab3
0x2f0f35765563ba038ba80ffb80d76eb6106b946a,0xc36442b4a4522e871399cd717abdd847ab11fe88,0.0,2026-09-04T19:57:23+00:00,0x0f6ece8bcd3e408c87e5f51f6f0d17e50a8bc044fa2ba0095c351506ee0bde2e
0x2f0f35765563ba038ba80ffb80d76eb6106b946a,0xc36442b4a4522e871399cd717abdd847ab11fe88,0.0,2026-09-04T19:57:47+00:00,0x61e3677f9c0e5e91f6eef962ce17579d4be7eebe83db73bc5c6bc42b925c95f5
0x05de7dd59174a17f3d41487726ab4fa9542b46b3,0x2f0f35765563ba038ba80ffb80d76eb6106b946a,0.0,2026-09-04T20:06:47+00:00,0x3db085cb579789f32553ac505b1cb2c85db152fe540d3d132b4ee77d6c7a0e04
0x2f0f35765563ba038ba80ffb80d76eb6106b946a,0x4c82d1fbfe28c977cbb58d8c7ff8fcf9f70a2cca,0.0,2026-09-04T20:08:35+00:00,0xcd20cea3a8a1a00c18c2ba3fe64c8d7c29c2e28e02deff618d71db00bd1ee068
0x2f0f35765563ba038ba80ffb80d76eb6106b946a,0x4c82d1fbfe28c977cbb58d8c7ff8fcf9f70a2cca,0.000639072081739673,2026-09-04T20:09:11+00:00,0x2d5a2d49b1b3b37c683b363041c662e04b050132721df78d5c80be54d7210863
0x2f0f35765563ba038ba80ffb80d76eb6106b946a,0x05d2a2b028ea5e6bca8795065af6a0a1964b46b3,0.504716769695315,2026-09-04T20:13:47+00:00,0xe0890f44c61813dadb03ac94781d8add2b8f5c2fda0dbf9ea028d5a2e7319fd6
0x05d2c972c4390a1ea3b7cff55c718c55224046b3,0x2f0f35765563ba038ba80ffb80d76eb6106b946a,0.0,2026-09-04T20:14:23+00:00,0xb9f3ff649a08dde6292fdf5d8c702de5f6bca25c837087c4fb2f712eb5cebde8
0x2f0f35765563ba038ba80ffb80d76eb6106b946a,0x4c82d1fbfe28c977cbb58d8c7ff8fcf9f70a2cca,0.0,2026-09-04T20:14:47+00:00,0x8af3e479969f0554a757ea9f077b04ffb7c15b487517697d34a2696c0a3e1f70
0x2f0f35765563ba038ba80ffb80d76eb6106b946a,0x4c82d1fbfe28c977cbb58d8c7ff8fcf9f70a2cca,1.2961661630690908,2026-09-04T20:15:23+00:00,0x131f29eddbcaa315afdc5f0ededf6fba9ed09b19ff70ff793258b47b2b29cd32
0x2f0f35765563ba038ba80ffb80d76eb6106b946a,0x4c82d1fbfe28c977cbb58d8c7ff8fcf9f70a2cca,0.0,2026-09-04T20:16:47+00:00,0x52805147c805d08bac165bb9b32302669272b797695d283e661b5198ac83dd95
0x2f0f35765563ba038ba80ffb80d76eb6106b946a,0x4c82d1fbfe28c977cbb58d8c7ff8fcf9f70a2cca,6.636746489318e-05,2026-09-04T20:17:11+00:00,0x4eb453dad5cbc51de2df4e65fc3c295b4b4e4c38986f2459a3ba8b665746613f
0x2f0f35765563ba038ba80ffb80d76eb6106b946a,0x4c82d1fbfe28c977cbb58d8c7ff8fcf9f70a2cca,1.29266926346947,2026-09-04T20:18:11+00:00,0x0c7eafe97455533f462fffa3440a02f0290721bb9ec36040213b0e9bf631a222
0x2f0f35765563ba038ba80ffb80d76eb6106b946a,0x4c82d1fbfe28c977cbb58d8c7ff8fcf9f70a2cca,0.0,2026-09-04T20:18:35+00:00,0x928917c0c5003076ae03a21293a05f8e8c818c92af3d0f61c92dc95e74cb4767
0x2f0f35765563ba038ba80ffb80d76eb6106b946a,0x4c82d1fbfe28c977cbb58d8c7ff8fcf9f70a2cca,1.283059054380903,2026-09-04T20:18:59+00:00,0xe99d9aecf6b662642fe7490da471f58c377d7ecb9f54a9e0cbbcc9acffcb7cb9
0x05d2c972c4390a1ea3b7cff55c718c55224046b3,0x2f0f35765563ba038ba80ffb80d76eb6106b946a,0.0,2026-09-04T20:21:23+00:00,0x37766c51aeae39703de84e20547bba5edc636625a7e41fd6c7df879a5238ceb7
0x2f0f35765563ba038ba80ffb80d76eb6106b946a,0x4c82d1fbfe28c977cbb58d8c7ff8fcf9f70a2cca,0.0,2026-09-04T20:24:11+00:00,0xd4c3078db423de94272b8d7d492e07d56efeb1bc50b3edff1cf905e645fc6502
0x2f0f35765563ba038ba80ffb80d76eb6106b946a,0x4c82d1fbfe28c977cbb58d8c7ff8fcf9f70a2cca,1.2731142376248294,2026-09-04T20:30:11+00:00,0xa4982534235e228fa6eb8c087c87392382d7f75087ee7222f359aae382b14334
0x2f0f35765563ba038ba80ffb80d76eb6106b946a,0x4c82d1fbfe28c977cbb58d8c7ff8fcf9f70a2cca,0.000131993166558199,2026-09-04T20:53:23+00:00,0x9a80f94289367fdfc7d9290e5f17b0ef9f8f92f27fbc8286f7d5c2223caee6ad
0x2f0f35765563ba038ba80ffb80d76eb6106b946a,0x4c82d1fbfe28c977cbb58d8c7ff8fcf9f70a2cca,0.0,2026-09-04T20:54:47+00:00,0xb83a9bbfb8782a196e3c13a48224a006bd1667d5c0d0d7f3c640c5022086ef5a
0x2f0f35765563ba038ba80ffb80d76eb6106b946a,0x4c82d1fbfe28c977cbb58d8c7ff8fcf9f70a2cca,9.957718221849e-06,2026-09-04T20:55:23+00:00,0x2779af9c432ca32f5740aadd9721dbb920a431b5ba7faafeff3f228a034d87dd
0x2f0f35765563ba038ba80ffb80d76eb6106b946a,0x4c82d1fbfe28c977cbb58d8c7ff8fcf9f70a2cca,0.000131993169726036,2026-09-04T21:37:59+00:00,0xdc4568d4a95f5c00ec109af97c9dcbbf22411b772ddeb41a43d10014ebff01e0
0x2f0f35765563ba038ba80ffb80d76eb6106b946a,0xc36442b4a4522e871399cd717abdd847ab11fe88,0.0,2026-09-04T21:38:59+00:00,0x2ceecc14ba28db4fa3115d352bacc48cdee1596e4b4bb488439a0e2d6feed5e4
0x2f0f35765563ba038ba80ffb80d76eb6106b946a,0xc36442b4a4522e871399cd717abdd847ab11fe88,0.0,2026-09-04T21:39:23+00:00,0x1c92f653de722e4a0ffc4774c91cb19a96bfd55759230243f898c6c48d6c5362
0x2f0f35765563ba038ba80ffb80d76eb6106b946a,0x5c7bcd6e7de5423a257d81b442095a1a6ced35c5,1.2986981957734556,2026-09-05T03:38:23+00:00,0xe1835ce24ec2a703c8ac609f1613ce7bdac89f34f2901f6f1f7c89f6ff2c75f5
0x2f0f35765563ba038ba80ffb80d76eb6106b946a,0x5c7bcd6e7de5423a257d81b442095a1a6ced35c5,0.21644415329101946,2026-09-05T03:41:23+00:00,0xba4e435037277e66be731a087eefe2b6dbf2fcb49931e0f48e1ddd09a02dc990
0x2f0f35765563ba038ba80ffb80d76eb6106b946a,0x4c82d1fbfe28c977cbb58d8c7ff8fcf9f70a2cca,0.000131993126294329,2026-09-05T07:11:35+00:00,0x7390884a69f45b41e15e17325ef5f15bedf10b8fe0cdefb9652f5fb4ad06162b
0x2f0f35765563ba038ba80ffb80d76eb6106b946a,0x4c82d1fbfe28c977cbb58d8c7ff8fcf9f70a2cca,6.5996564335103e-05,2026-09-05T07:27:47+00:00,0x3a7f6f658f48caab5ce3377de2cc625300e742e083308582647001d041085f99
0x2f0f35765563ba038ba80ffb80d76eb6106b946a,0x4c82d1fbfe28c977cbb58d8c7ff8fcf9f70a2cca,0.0628691426696159,2026-09-05T07:28:11+00:00,0x622bd77a8807764b6807da8d36b12bb5dc525c6755120c3d194e9bdc70e00293
0x2f0f35765563ba038ba80ffb80d76eb6106b946a,0x4c82d1fbfe28c977cbb58d8c7ff8fcf9f70a2cca,0.0,2026-09-05T07:28:35+00:00,0xe57b95cc2e30bec40777ca62a05464133af22d094b0e2e080c562e6cdec1e370
0x2f0f35765563ba038ba80ffb80d76eb6106b946a,0x4c82d1fbfe28c977cbb58d8c7ff8fcf9f70a2cca,0.000131993131204473,2026-09-05T07:29:11+00:00,0x80ff06ac9c1ce9dbb492873863c473c5be15c66dfbee00bf56472a5a71ee47e1
0x2f0f35765563ba038ba80ffb80d76eb6106b946a,0x4c82d1fbfe28c977cbb58d8c7ff8fcf9f70a2cca,0.000281704210962958,2026-09-05T07:30:35+00:00,0x69f4327a9494a9d9fa8c2994ec8da0aca8504de32240517ad69a90610e5f50a0
0x2f0f35765563ba038ba80ffb80d76eb6106b946a,0x5c7bcd6e7de5423a257d81b442095a1a6ced35c5,1.190939566535724,2026-09-05T08:09:59+00:00,0xe005478d51b042091959caeaaee67334b50edcb5abda05190e68deab4d342898
0x2f0f35765563ba038ba80ffb80d76eb6106b946a,0x5c7bcd6e7de5423a257d81b442095a1a6ced35c5,0.2977205122152057,2026-09-05T08:10:47+00:00,0x1f50d1d5609fe2525c14c4a0fd7d1fbba2dac2f270a8df8387a2acdc27be6bd7
0x2f0f35765563ba038ba80ffb80d76eb6106b946a,0x4c82d1fbfe28c977cbb58d8c7ff8fcf9f70a2cca,1.2390379456553897,2026-09-05T09:21:59+00:00,0xc6352b3b3244cade09af64e509dbe50c5b9af38bfb564cf1f1950ca52ca221df
0x2f0f35765563ba038ba80ffb80d76eb6106b946a,0x4c82d1fbfe28c977cbb58d8c7ff8fcf9f70a2cca,0.0,2026-09-05T09:24:35+00:00,0x89ea411edb99554cda2a1d36629fe1b3f020c7be4d6237223fb63b9782ef2308
0x2f0f35765563ba038ba80ffb80d76eb6106b946a,0x4c82d1fbfe28c977cbb58d8c7ff8fcf9f70a2cca,0.0,2026-09-05T09:25:35+00:00,0x958bab9cdfa383fed5d163ad9ffcfd27793f1693d9fe21ef0713707b65eefdde
0x2f0f35765563ba038ba80ffb80d76eb6106b946a,0x4c82d1fbfe28c977cbb58d8c7ff8fcf9f70a2cca,0.0628691442539232,2026-09-05T09:41:59+00:00,0xd2116b11fd5eb3f2f4a931a068a88fd5e4a26bbb7325b6d966c9e21c67aa4eb1
0x2f0f35765563ba038ba80ffb80d76eb6106b946a,0x4c82d1fbfe28c977cbb58d8c7ff8fcf9f70a2cca,0.0,2026-09-05T09:42:23+00:00,0xbf9f475eeebf190e5c38c8b582d7a284f071358572471f3188058c68c454406d
0x2f0f35765563ba038ba80ffb80d76eb6106b946a,0x4c82d1fbfe28c977cbb58d8c7ff8fcf9f70a2cca,0.0001319931345307,2026-09-05T09:45:47+00:00,0x2e231e63dfc485e212902e4e7129d8318437803a70d91b12c086940af5e2fc0e
0x2f0f35765563ba038ba80ffb80d76eb6106b946a,0x4c82d1fbfe28c977cbb58d8c7ff8fcf9f70a2cca,0.038952888277305975,2026-09-05T09:46:59+00:00,0x8e83089302babd27b3f9a679f753c876566d912dcc872d0e6fdff7cc4a0928ef
0x2f0f35765563ba038ba80ffb80d76eb6106b946a,0x4c82d1fbfe28c977cbb58d8c7ff8fcf9f70a2cca,1.2414003709649648,2026-09-05T09:48:35+00:00,0xc5a6968a311472ace12a52f6d955fb24688f5c9a6d7b625119b4d8383e355a6f
0x2f0f35765563ba038ba80ffb80d76eb6106b946a,0x4c82d1fbfe28c977cbb58d8c7ff8fcf9f70a2cca,2.87627250308e-07,2026-09-05T09:53:23+00:00,0x49a02166cb3701dc8e1ac26e097997a2969d4737958d837ffa4b9538424e713a
0x2f0f35765563ba038ba80ffb80d76eb6106b946a,0x4c82d1fbfe28c977cbb58d8c7ff8fcf9f70a2cca,0.0,2026-09-05T09:54:23+00:00,0xc3666a0ab9a4d6d123c0cd67d9f1b79f9a93f79f590cc708f3c8a8d91dc79041
0x2f0f35765563ba038ba80ffb80d76eb6106b946a,0x4c82d1fbfe28c977cbb58d8c7ff8fcf9f70a2cca,1.196243454727608,2026-09-05T09:54:47+00:00,0x35122c836d562a6ab9c2dee813158d85ff4f70618530e6638924929f4e247e8d
0x2f0f35765563ba038ba80ffb80d76eb6106b946a,0x4c82d1fbfe28c977cbb58d8c7ff8fcf9f70a2cca,0.0,2026-09-05T10:03:11+00:00,0x2f9e889fcf5df698dfdde00b788b77d3b97fb9cd031acef79d9e6ca7c0184ac9
0x2f0f35765563ba038ba80ffb80d76eb6106b946a,0x4c82d1fbfe28c977cbb58d8c7ff8fcf9f70a2cca,0.000697818506310782,2026-09-05T10:03:35+00:00,0x08695255d66fe5819ca03f8a27f72abf07eece29569ebfabd7f96de6e7f83d54
0x2f0f35765563ba038ba80ffb80d76eb6106b946a,0x4c82d1fbfe28c977cbb58d8c7ff8fcf9f70a2cca,0.0,2026-09-05T10:05:47+00:00,0x6e73392a3c1cc70367eeadbf2c2f1224aba65cf71884c4a5e5a1bfa98b540a78
0x2f0f35765563ba038ba80ffb80d76eb6106b946a,0x4c82d1fbfe28c977cbb58d8c7ff8fcf9f70a2cca,4.3150115489175e-05,2026-09-05T10:06:11+00:00,0x447be14ff4cbf6f4af831bdfba765f75b7c0731f9b1f66c8376c698b2007f8fb
0x2f0f35765563ba038ba80ffb80d76eb6106b946a,0x5c7bcd6e7de5423a257d81b442095a1a6ced35c5,1.58,2026-09-05T10:22:59+00:00,0xe94fe897809c011c23a22ea14e9db552e91f3ae0b647f0ea30eae61ff84b3383
0x2f0f35765563ba038ba80ffb80d76eb6106b946a,0x9fd3800692830c8b211f09a9f4343ea718495d8a,0.0,2026-09-05T10:39:35+00:00,0xa534461c1198ac8f40c36a2cb4fdf892c9e783d264eef4836e0945a95d99ee9c
0x2f0f35765563ba038ba80ffb80d76eb6106b946a,0x9fd3800692830c8b211f09a9f4343ea718495d8a,0.0,2026-09-05T10:42:11+00:00,0x937427317c6d47e472176c26d6936b095a757ddb480e47b9cef98d277f426078
0x2f0f35765563ba038ba80ffb80d76eb6106b946a,0xc36442b4a4522e871399cd717abdd847ab11fe88,0.0,2026-09-05T10:42:35+00:00,0xdaf13bc165b951e8b239020107fd3d917ead43e4da29b6abc21743a7b9c391f4
0x2f0f35765563ba038ba80ffb80d76eb6106b946a,0x1231deb6f5749ef6ce6943a275a1d3e7486f4eae,8.407214794483e-06,2026-09-05T10:43:23+00:00,0xa7f5f6c39196582698a515a929dd8fd22eaa9419fa4151c677f8a13b348f9405
0x2f0f35765563ba038ba80ffb80d76eb6106b946a,0xcde574861962721c860782f37eac86b8c78043bb,0.0,2026-09-05T11:02:47+00:00,0x48bba9850603f2ae14ce3384da684bd77fa09962037d70e5fbca1df6d2b2e70b
0x2f0f35765563ba038ba80ffb80d76eb6106b946a,0xcde574861962721c860782f37eac86b8c78043bb,0.0,2026-09-05T11:04:47+00:00,0x42d3f52645d05551c9a3da8c0a6c54325deeed690724b5574a384b5f0bf6f347
0x2f0f35765563ba038ba80ffb80d76eb6106b946a,0xc36442b4a4522e871399cd717abdd847ab11fe88,0.0,2026-09-05T11:05:11+00:00,0x6c1dc1bde0179e4ceb265f46dc410a6a86885c597f4ef91cbea3c9ba02eccee8
0x2f0f35765563ba038ba80ffb80d76eb6106b946a,0x0000000000001ff3684f28c67538d4d072c22734,8.409886219666e-06,2026-09-05T11:05:59+00:00,0x5ca043c755abfc35f2b001fb1873568535102211eb7f56b61a8cbd90b79a9a8c
0x2f0f35765563ba038ba80ffb80d76eb6106b946a,0x4c82d1fbfe28c977cbb58d8c7ff8fcf9f70a2cca,3.4509670652849e-05,2026-09-05T11:06:35+00:00,0xdd852cf29dc25f57fc0c2c26158e02ebf3f6f162972e963d5cbeed30745a7504
0x2f0f35765563ba038ba80ffb80d76eb6106b946a,0x4c82d1fbfe28c977cbb58d8c7ff8fcf9f70a2cca,1.1759562774832177,2026-09-05T11:12:35+00:00,0x3a8cca6af3d789fa456fb32e6cdb9aab7bff7aa3a30c82a0e9ad5fff2c7c5497
0x2f0f35765563ba038ba80ffb80d76eb6106b946a,0xcde574861962721c860782f37eac86b8c78043bb,0.0,2026-09-05T11:48:11+00:00,0x7e31d249882bd1866227d7f08ed4d21bf59e50faef4264c3058a34912fcb5b3d
0x2f0f35765563ba038ba80ffb80d76eb6106b946a,0x4c82d1fbfe28c977cbb58d8c7ff8fcf9f70a2cca,0.0,2026-09-05T11:49:59+00:00,0xb63f51b676bc01429ced3750819748a53ccf78714391be17ef6101ba96306811
0x2f0f35765563ba038ba80ffb80d76eb6106b946a,0x4c82d1fbfe28c977cbb58d8c7ff8fcf9f70a2cca,1.1503223763222e-05,2026-09-05T11:50:59+00:00,0x075892f2b20ba3665f4510b0dbdceea310b52846519a775f128604359b3f6a26
0x2f0f35765563ba038ba80ffb80d76eb6106b946a,0x4c82d1fbfe28c977cbb58d8c7ff8fcf9f70a2cca,2.1998856098596e-05,2026-09-05T12:16:59+00:00,0x4f27cc6798d7575177b8a9bfd1aaf5876c69012c2f9ae3dd0be8a879d9e1e5ca
0x2f0f35765563ba038ba80ffb80d76eb6106b946a,0x4c82d1fbfe28c977cbb58d8c7ff8fcf9f70a2cca,6.5996568823758e-05,2026-09-05T12:17:23+00:00,0x27a4a22ea65fbf6d70d6e1f5f4a2c731206f78936b09101ff99fe39d1578ad9a
0x2f0f35765563ba038ba80ffb80d76eb6106b946a,0x4c82d1fbfe28c977cbb58d8c7ff8fcf9f70a2cca,0.000703873900300776,2026-09-05T13:17:23+00:00,0x028da0272ed6eaef856ffd99ce86429696d7199a392779fe6be3361d5e76d1b5
0x2f0f35765563ba038ba80ffb80d76eb6106b946a,0x4c82d1fbfe28c977cbb58d8c7ff8fcf9f70a2cca,0.000131993178527915,2026-09-05T17:45:35+00:00,0xc8d80554117dd6c7306da2cabe4e755acd10c67bb8c21f63add4eaaed53aba1e
0x2f0f35765563ba038ba80ffb80d76eb6106b946a,0x4c82d1fbfe28c977cbb58d8c7ff8fcf9f70a2cca,0.0628691667944384,2026-09-05T19:24:11+00:00,0x3f5d19f37dca03a6776dc2ba9d25a964805afb8d2c6737dbcf44ce757b93fe2d
0x2f0f35765563ba038ba80ffb80d76eb6106b946a,0x4c82d1fbfe28c977cbb58d8c7ff8fcf9f70a2cca,0.0,2026-09-05T19:24:35+00:00,0x699882069b4f5bedf9c2512befa227bf0f158574de728d62785e6b4495de99c0
0x2f0f35765563ba038ba80ffb80d76eb6106b946a,0x4c82d1fbfe28c977cbb58d8c7ff8fcf9f70a2cca,6.5996590531093e-05,2026-09-05T19:25:47+00:00,0x7dc245946f069bb852988b71bc2d751cb85c95a4ee6f41341136f48b7ab3c25f
0x2f0f35765563ba038ba80ffb80d76eb6106b946a,0x5c7bcd6e7de5423a257d81b442095a1a6ced35c5,1.1713008355005239,2026-09-05T19:55:47+00:00,0xbe336fac039002a52eee26bfb2b59fc2372c8a133673c983fc0494e44048a8f4
0x2f0f35765563ba038ba80ffb80d76eb6106b946a,0x5c7bcd6e7de5423a257d81b442095a1a6ced35c5,0.2928047479902932,2026-09-05T19:56:35+00:00,0xc674c03557824f4032869d75b36ea4efc8338724d77b48e332f9fae166b30bde
0x2f0f35765563ba038ba80ffb80d76eb6106b946a,0x4c82d1fbfe28c977cbb58d8c7ff8fcf9f70a2cca,1.8134272540547e-05,2026-09-05T20:32:23+00:00,0x51c2a3a0755e234cc162e193661765054601d0f69d799ba99670449e39c27fea
0x2f0f35765563ba038ba80ffb80d76eb6106b946a,0x4c82d1fbfe28c977cbb58d8c7ff8fcf9f70a2cca,1.1678181008827946,2026-09-05T20:37:35+00:00,0x130f68531e96a015f378df1474f6a2c4baed480b27c9d499d08924309c3eb097
0x2f0f35765563ba038ba80ffb80d76eb6106b946a,0x4c82d1fbfe28c977cbb58d8c7ff8fcf9f70a2cca,0.000131993183438062,2026-09-05T20:39:59+00:00,0xe8ecbdeb20026e346203078f5224bb0ec66c8aaeff2fad110c638e13beac891e
0x2f0f35765563ba038ba80ffb80d76eb6106b946a,0x4c82d1fbfe28c977cbb58d8c7ff8fcf9f70a2cca,0.0,2026-09-05T20:41:11+00:00,0xa0a7c29d572a746e1e1db0d56229f3fa90c56adfd3ff8a91e0b1c5aa4e9505ce
0x2f0f35765563ba038ba80ffb80d76eb6106b946a,0x4c82d1fbfe28c977cbb58d8c7ff8fcf9f70a2cca,1.1586953649557845,2026-09-05T20:41:35+00:00,0xbdfc266bf01123033bd610baffaaa6206a252fd38c70f2fc305176fd4eefae77
0x2f0f35765563ba038ba80ffb80d76eb6106b946a,0x4c82d1fbfe28c977cbb58d8c7ff8fcf9f70a2cca,0.0,2026-09-05T21:01:23+00:00,0x557061f730671c0a23cf578d465750ab05fdc2fb66ffc377aee29c3b5f2e75d5
0x2f0f35765563ba038ba80ffb80d76eb6106b946a,0x4c82d1fbfe28c977cbb58d8c7ff8fcf9f70a2cca,3.319239525708e-06,2026-09-05T21:01:59+00:00,0x8ea9621f4a5d0f34900c4141756d9af209170660da819df1f87959ea011a8514
0x2f0f35765563ba038ba80ffb80d76eb6106b946a,0x4c82d1fbfe28c977cbb58d8c7ff8fcf9f70a2cca,1.2575267416148894,2026-09-05T21:03:35+00:00,0x62cb4644a625125f29e87d241a1f38799936f1ddb6da0e28e3ec13f7572ed3f9
0x2f0f35765563ba038ba80ffb80d76eb6106b946a,0x4c82d1fbfe28c977cbb58d8c7ff8fcf9f70a2cca,0.0,2026-09-05T21:03:59+00:00,0x7faeae91d0dd2e18c639d640bc42c0e7a6bc57e4ccd8c9f2b5a0269a903b1383
0x2f0f35765563ba038ba80ffb80d76eb6106b946a,0x4c82d1fbfe28c977cbb58d8c7ff8fcf9f70a2cca,0.000131993253847315,2026-09-05T21:05:59+00:00,0xdec27839f26300b54fe37c107f56683aa2d607dcffba4bbcc309488472feba6a
