sender_address,recipient_address,amount,timestamp,metadata
0x21a31ee1afc51d94c2efccaa2092ad1028285549,0x4838b106fce9647bdf1e7877bf73ce8b0bad5f97,0.3,2023-04-04T17:08:23+00:00,0xb5b9e8281c99d88258931da08a67650a40684d9d81d3c01d759b1442a0734e85
0x4838b106fce9647bdf1e7877bf73ce8b0bad5f97,0x00000000000c2e074ec69a0dfb2997ba6c7d2e1e,0.0,2023-04-05T16:20:11+00:00,0x5b1718e8946bd55de3828e7828292a4aa17c38da8e7f836b9ea3d812a59c63d8
0x4838b106fce9647bdf1e7877bf73ce8b0bad5f97,0x084b1c3c81545d370f3634392de611caabff8148,0.0,2023-04-05T16:26:11+00:00,0x32c6cbb0a3d9338d3f76d169a847af2e4ca19e5a3cadef6145ba065401b31132
0x4838b106fce9647bdf1e7877bf73ce8b0bad5f97,0x57f1887a8bf19b14fc0df6fd9b2acc9af147ea85,0.0,2023-04-05T16:28:35+00:00,0x1e6692af665208e16fb260c562ca68bf342b40a6e5554fc33f29b2b9149e25af
0x4838b106fce9647bdf1e7877bf73ce8b0bad5f97,0x4675c7e5baafbffbca748158becba61ef3b0a263,0.027968702663156784,2023-04-05T17:08:35+00:00,0x853c93042db1f84b96bd33267c867064e64ffefe5c4dbc17c05d931950906dd8
0x4838b106fce9647bdf1e7877bf73ce8b0bad5f97,0x4675c7e5baafbffbca748158becba61ef3b0a263,0.029341804665473308,2023-04-05T17:09:11+00:00,0x6269b3e0a2a3f2eec68437c24425fa9d5309c035068ca14f7a8e67b2f0458253
0x4838b106fce9647bdf1e7877bf73ce8b0bad5f97,0x388c818ca8b9251b393131c08a736a67ccb19297,0.02478223640145573,2023-04-05T17:09:47+00:00,0x76997a57ad50823ec35403d0ae80e831e53dee4d16a2dd30634f0e5f25ceb955
0x4838b106fce9647bdf1e7877bf73ce8b0bad5f97,0x4675c7e5baafbffbca748158becba61ef3b0a263,0.07724115947823947,2023-04-05T17:29:23+00:00,0xa5ce1fbeca6319a1b41da668a0901d4a02e25580eece79fd756e18a050d060f0
0x4838b106fce9647bdf1e7877bf73ce8b0bad5f97,0xfd39d21c258a35f25fdec0b174f9ae915cc63622,0.019375692777152845,2023-04-05T17:50:35+00:00,0xe6ad1e63d6fd1365f88de11dcd2fb1959d1947dfe35c2d768c7e3de643387e10
0x4838b106fce9647bdf1e7877bf73ce8b0bad5f97,0x388c818ca8b9251b393131c08a736a67ccb19297,0.09335709906606605,2023-04-05T18:12:11+00:00,0x2544961b9f3c988928acd67d06611eb1c08401517c98062aa33ee5632d0693fd
0x4838b106fce9647bdf1e7877bf73ce8b0bad5f97,0xcbfa884044546d5569e2abff3fb429301b61562a,0.01975129364908255,2023-04-05T18:15:47+00:00,0x0c7111ba6528162f63cd38aadb5c1ed7270521ffa823c8621d5905ed06343ea5
0x4838b106fce9647bdf1e7877bf73ce8b0bad5f97,0xf588c58f467db3711b558f5294de4900b535ce69,0.045333452634091616,2023-04-05T18:44:47+00:00,0x99ab6b96683e2159501d35c6be14d41e0fa604db31b5501950a1dd3daf89f25c
0x4838b106fce9647bdf1e7877bf73ce8b0bad5f97,0x0d22e6a9a418f04b8b6296878439f68fa5abfac6,0.03415674807554217,2023-04-05T20:33:23+00:00,0x80b5c0fed7ec7bff6557331c4b6718594c499b671e524fbdb98f6b129935515a
0x4838b106fce9647bdf1e7877bf73ce8b0bad5f97,0xffd22b84fb1d46ef74ed6530b2635be61340f347,0.028389239408029805,2023-04-05T20:45:47+00:00,0x02ddd2e6586c87e49b35914d294a9394f4c0208fbc6ff714efcc6b29dc4709e0
0x4838b106fce9647bdf1e7877bf73ce8b0bad5f97,0x4e71f9debec9117f1facc7eeb490758af45806a7,0.03085505617231845,2023-04-05T20:57:11+00:00,0xedaf4c048f4be6aeddc5e4ce6e71f5335cf53fa2798e1a29958b0fe01842da41
0x4838b106fce9647bdf1e7877bf73ce8b0bad5f97,0xde12c3d2257fc9bb1c1a00d409f292eecd55ffaf,0.014237380686883927,2023-04-05T21:06:23+00:00,0xb79758079e23a61fc7be1edeb603ce393d2abce982f1d1908ad1104620d5a4ed
0x4838b106fce9647bdf1e7877bf73ce8b0bad5f97,0x388c818ca8b9251b393131c08a736a67ccb19297,0.014332123165474922,2023-04-05T22:01:23+00:00,0x1a54eddfa337d7ea4b6558039ac41e55e8e55498c6e9a395a5995975a878e56b
0x4838b106fce9647bdf1e7877bf73ce8b0bad5f97,0x6b333b20fbae3c5c0969dd02176e30802e2fbbdb,0.07141756329782575,2023-04-05T22:20:35+00:00,0x0ee890424dcd2c44b9700dbfc6477882b2fe42efff881de67de74e75267a2eea
0x4838b106fce9647bdf1e7877bf73ce8b0bad5f97,0x388c818ca8b9251b393131c08a736a67ccb19297,0.04520432506742639,2023-04-05T22:30:47+00:00,0x550e6c18002205211a2cf7a596897e76665688771e844f73ea5ec9175811ac2f
0x4838b106fce9647bdf1e7877bf73ce8b0bad5f97,0xebec795c9c8bbd61ffc14a6662944748f299cacf,0.04601343801821696,2023-04-05T22:35:47+00:00,0x6e55ddf2237886458d52ecb0d4542c9cdcb0fb4a5417312316e0b2c494a88a85
0x4838b106fce9647bdf1e7877bf73ce8b0bad5f97,0x388c818ca8b9251b393131c08a736a67ccb19297,0.056283356825648126,2023-04-05T22:48:59+00:00,0xe32b9ce20518b7c03712cdd41792e0276303b62edb0de5afc013f7db025fba1f
0x4838b106fce9647bdf1e7877bf73ce8b0bad5f97,0x6d2e03b7effeae98bd302a9f836d0d6ab0002766,0.1329001245961582,2023-04-05T23:06:59+00:00,0xd29b5b8a1c7ead31ad6d6aa526a2b454a6209b59284d7b1471fc2e408a2b5002
0x4838b106fce9647bdf1e7877bf73ce8b0bad5f97,0x388c818ca8b9251b393131c08a736a67ccb19297,0.01734729074990114,2023-04-06T01:15:11+00:00,0x724c9686ea1b1a7168348a1c98df5a2d136f889058317ad9695232ac7366deb6
0x4838b106fce9647bdf1e7877bf73ce8b0bad5f97,0x1cedc0f3af8f9841b0a1f5c1a4ddc6e1a1629074,0.03436640225318047,2023-04-06T01:34:47+00:00,0x682944e7e9d6849f3b8ce99f11f1ca3fae0b756a6dd0c88837935e392b38f324
0x4838b106fce9647bdf1e7877bf73ce8b0bad5f97,0xe688b84b23f322a994a53dbf8e15fa82cdb71127,0.015493875930379049,2023-04-06T02:42:59+00:00,0x95eaa957cfd491a52ada912900c631d26e6c63bb05c211c11c1eedb3dbf99fe3
0x4838b106fce9647bdf1e7877bf73ce8b0bad5f97,0x388c818ca8b9251b393131c08a736a67ccb19297,0.11006696565223263,2023-04-06T02:44:47+00:00,0x3d55d17d97638454228c091532f2bd9e797c9fa5f6a9701bfad16a672eddafbb
0x4838b106fce9647bdf1e7877bf73ce8b0bad5f97,0x4675c7e5baafbffbca748158becba61ef3b0a263,0.03263246367675361,2023-04-06T03:07:47+00:00,0x60d04b38918fbdf5004c7f72a734e0740324de08fb16a138695149ac449e5537
0x4838b106fce9647bdf1e7877bf73ce8b0bad5f97,0x388c818ca8b9251b393131c08a736a67ccb19297,0.020019816013367726,2023-04-06T04:47:59+00:00,0x756eaffdba5967189976b48e3c683f8e9c8c695f01bdcdf4574115075faea19a
0x4838b106fce9647bdf1e7877bf73ce8b0bad5f97,0x4e9cc05f7f944d618de85396e669922c2cf6813e,0.012760069399931588,2023-04-06T04:52:35+00:00,0xefa6446b9ffbb77ab007b7c1a714938c959ec50d20bff1338a847bf64c7ad8bb
0x4838b106fce9647bdf1e7877bf73ce8b0bad5f97,0x388c818ca8b9251b393131c08a736a67ccb19297,0.009564309103608094,2023-04-06T05:01:59+00:00,0x51dfd0ed589349f83cf8e1d6e5d0cda462e047928960d53032e81cb651f55635
0x4838b106fce9647bdf1e7877bf73ce8b0bad5f97,0xebec795c9c8bbd61ffc14a6662944748f299cacf,0.010889334559102137,2023-04-06T05:02:47+00:00,0x4dc1aa16273f10447e516f59a9277901f698a695161ae8cd27138a33986adaaa
0x4838b106fce9647bdf1e7877bf73ce8b0bad5f97,0x388c818ca8b9251b393131c08a736a67ccb19297,0.018142424379812883,2023-04-06T06:15:47+00:00,0x2be39464a30ff2648fe44362dd14b47fba73b923d80f402de326d7daa0e751fa
0x4838b106fce9647bdf1e7877bf73ce8b0bad5f97,0xffd22b84fb1d46ef74ed6530b2635be61340f347,0.009925444850088899,2023-04-06T06:15:59+00:00,0x6e9312922300e1bd7435f57edf82b906c75bd535dfee6e931df045d43fb5b64e
0x4838b106fce9647bdf1e7877bf73ce8b0bad5f97,0x388c818ca8b9251b393131c08a736a67ccb19297,0.0768419149956266,2023-04-06T06:26:59+00:00,0x51a14a745e2145a3d43d2b70b04a640926f8957023db9ebc068fbf1c2ec6e440
0x4838b106fce9647bdf1e7877bf73ce8b0bad5f97,0xe688b84b23f322a994a53dbf8e15fa82cdb71127,0.057007675495866966,2023-04-06T06:28:47+00:00,0xff1d5fec6113108ea6214e32e207a5336dca8cd2168c2c9c1bf69f3ceeaad3ee
0x4838b106fce9647bdf1e7877bf73ce8b0bad5f97,0x378cdc4e9e9bccd7aeda011888ecf6a8528271fb,0.05313361230428212,2023-04-06T07:29:59+00:00,0xca66a3770caf33c871ae405fa60e8cb6190f9874e17a0389094d549dea1a4ce1
0x4838b106fce9647bdf1e7877bf73ce8b0bad5f97,0x1cedc0f3af8f9841b0a1f5c1a4ddc6e1a1629074,0.014861807396227422,2023-04-06T08:07:35+00:00,0xfa924fe5b2458ab6180c25fc03f8dd197a16aace67b368166804b30a8e8c0a81
0x4838b106fce9647bdf1e7877bf73ce8b0bad5f97,0x388c818ca8b9251b393131c08a736a67ccb19297,0.5654924878698029,2023-04-06T08:30:47+00:00,0xa684ca4f7f8e1c1e40d8116f5f988190f8f7fa768dd8fa06f2c0cb591ee7996c
0x4838b106fce9647bdf1e7877bf73ce8b0bad5f97,0x4675c7e5baafbffbca748158becba61ef3b0a263,1.144131786483042,2023-04-06T08:30:59+00:00,0xa82992b917cc79f814ab4365f2e57d37597c5d2f4621ba09e527b742eddb975f
0x4838b106fce9647bdf1e7877bf73ce8b0bad5f97,0x5675801e9346ea8165e7eb80dccd01dca65c0f3a,1.108998799150298,2023-04-06T08:31:11+00:00,0x342a9ebd954726c49ca238580825aa191cf5974eafa7aa17052bbc4060fb4b07
0x4838b106fce9647bdf1e7877bf73ce8b0bad5f97,0x72fddc41ca177551ce5949c75a92b945efa04141,0.015380731359880618,2023-04-06T09:22:47+00:00,0x8dda810d0ca929d6cf44fce7e689fb04228f7bd20be66e916e061fb3b12f8d43
0x4838b106fce9647bdf1e7877bf73ce8b0bad5f97,0x388c818ca8b9251b393131c08a736a67ccb19297,0.03566409314932829,2023-04-06T09:27:35+00:00,0x1290eb814e0932bc9352f7402b208352d9895a6acc66257c0243dfa429873d63
0x4838b106fce9647bdf1e7877bf73ce8b0bad5f97,0x388c818ca8b9251b393131c08a736a67ccb19297,0.03765923956264236,2023-04-06T09:28:59+00:00,0xbb043b8bb7b7274f79ec5aceffc57373f6ec11409dac616d89042a985e2a7b36
0x4838b106fce9647bdf1e7877bf73ce8b0bad5f97,0x6d2e03b7effeae98bd302a9f836d0d6ab0002766,0.02415762322433549,2023-04-06T09:50:59+00:00,0x994655d98ab024446a13843bfe4a7af286b2826ed404bed413a42e5f25de3a1f
0x4838b106fce9647bdf1e7877bf73ce8b0bad5f97,0xebec795c9c8bbd61ffc14a6662944748f299cacf,0.02924540318154605,2023-04-06T10:40:11+00:00,0x3d714cb3365e25582d04c9e1222773e232dfd4198d47c6a18f52d11cfbae004d
0x4838b106fce9647bdf1e7877bf73ce8b0bad5f97,0x388c818ca8b9251b393131c08a736a67ccb19297,0.008915564847258053,2023-04-06T10:56:47+00:00,0xb838746739775dc8ffd9b21782b58af72edf22cd61d65a59db88030b2997be76
0x4838b106fce9647bdf1e7877bf73ce8b0bad5f97,0xebec795c9c8bbd61ffc14a6662944748f299cacf,0.010922622985417064,2023-04-06T11:32:47+00:00,0xe8b951293b08f6acac9b9bdd8379f4acad9fffea8b533d9d79d6993122d56266
0x4838b106fce9647bdf1e7877bf73ce8b0bad5f97,0xffee087852cb4898e6c3532e776e68bc68b1143b,0.03431610012306174,2023-04-06T11:42:11+00:00,0xc7d8420d68f7acbb0e1df35460587a9d93a4e244d70c8f67a5bcf5c5e344c69e
0x4838b106fce9647bdf1e7877bf73ce8b0bad5f97,0x1bab39fc245a93b507c44da5772bc4bfd7409df4,0.02228407334935998,2023-04-06T11:54:11+00:00,0x470d96403fca2ec73be257e70196e673feae8457500fe1432bf3c69e1ce468c3
0x4838b106fce9647bdf1e7877bf73ce8b0bad5f97,0x4675c7e5baafbffbca748158becba61ef3b0a263,0.007215139580387945,2023-04-06T12:06:59+00:00,0xd7166564ab0663dcf5ef5fe0a36820b68045fd640dc2f0daccf604534dee7f8b
0x4838b106fce9647bdf1e7877bf73ce8b0bad5f97,0x003a4cc04501e9adecf850313db2d3797df801a2,0.06277133144080412,2023-04-06T12:12:23+00:00,0x4e66c1aecadaec70c0c1d7c12d67edfefedb095a5fd8c3305754ebfcaa8bda01
0x4838b106fce9647bdf1e7877bf73ce8b0bad5f97,0xe688b84b23f322a994a53dbf8e15fa82cdb71127,0.009147606467520794,2023-04-06T12:16:23+00:00,0x04d9db4872a85bfc1d96ece4434d400a7774dd139e679b520055210565f1ac83
0x4838b106fce9647bdf1e7877bf73ce8b0bad5f97,0xebec795c9c8bbd61ffc14a6662944748f299cacf,0.019642544624658663,2023-04-06T13:09:59+00:00,0x768c52246112d68b087de0dac4f6d4dfa202cbc8ade5705ae019fe5198bf3677
0x4838b106fce9647bdf1e7877bf73ce8b0bad5f97,0x388c818ca8b9251b393131c08a736a67ccb19297,0.02861451405112238,2023-04-06T13:19:47+00:00,0xb47719a7cd3dfa263db4f4464c1130575358f606f34f8371e7e15135a659a171
0x4838b106fce9647bdf1e7877bf73ce8b0bad5f97,0x388c818ca8b9251b393131c08a736a67ccb19297,0.026532445883087837,2023-04-06T13:35:23+00:00,0xad7a945bbe156e98886c9b90138f4c512d1708eefdcf3d38465221519910e13b
0x4838b106fce9647bdf1e7877bf73ce8b0bad5f97,0xe688b84b23f322a994a53dbf8e15fa82cdb71127,0.04594649454140668,2023-04-06T14:05:11+00:00,0x57eb57c77ffd637c4a2ffbe4d58a53993da797cbf62957ed57eafee281c5ffe4
0x4838b106fce9647bdf1e7877bf73ce8b0bad5f97,0xcbfa884044546d5569e2abff3fb429301b61562a,0.007280007999077589,2023-04-06T14:41:23+00:00,0xe884a07fcc96404013ee5358b05812cea17636404024011fedf41601c20db9d1
0x4838b106fce9647bdf1e7877bf73ce8b0bad5f97,0x388c818ca8b9251b393131c08a736a67ccb19297,0.021840173788065107,2023-04-06T15:09:59+00:00,0xe3bf12f395df04e248d8cc3d5b09c61a52d99be31d57ad8c6a05d38c52f195ed
0x4838b106fce9647bdf1e7877bf73ce8b0bad5f97,0x1cedc0f3af8f9841b0a1f5c1a4ddc6e1a1629074,0.021791563425044076,2023-04-06T16:10:11+00:00,0xad955632ccf644dc20888c826de120fd999913f4a39883561fca051de87f4134
0x4838b106fce9647bdf1e7877bf73ce8b0bad5f97,0x388c818ca8b9251b393131c08a736a67ccb19297,0.02389720081112214,2023-04-06T16:31:35+00:00,0x15ac3eeb845f5f5fc2226e6ea3265cf373972913fefd2fa4d241e616e056df3f
0x4838b106fce9647bdf1e7877bf73ce8b0bad5f97,0x1cedc0f3af8f9841b0a1f5c1a4ddc6e1a1629074,0.016151762742429514,2023-04-06T17:32:59+00:00,0x83f18f1c8612a3e5cabbebc6f5fa032449e16f5e0e8215b8939f07af80a88711
0x4838b106fce9647bdf1e7877bf73ce8b0bad5f97,0xebec795c9c8bbd61ffc14a6662944748f299cacf,0.01743783256804047,2023-04-06T17:34:23+00:00,0xffeca2985b202e4faa9eee36988954d63f6494667674b2b8abdd624fc730b978
0x4838b106fce9647bdf1e7877bf73ce8b0bad5f97,0x388c818ca8b9251b393131c08a736a67ccb19297,0.0603128030049223,2023-04-06T17:50:59+00:00,0xd16e33017f951eb6740280fd99cac9a9683c141f228edd9ef4a99a4e6bb9598c
0x4838b106fce9647bdf1e7877bf73ce8b0bad5f97,0x4675c7e5baafbffbca748158becba61ef3b0a263,0.0764423501719409,2023-04-06T18:12:11+00:00,0xbe06cc2691a7d64c1374645083c149bea3adc599ee3e785d8b8a68b5eb386144
0x4838b106fce9647bdf1e7877bf73ce8b0bad5f97,0x4675c7e5baafbffbca748158becba61ef3b0a263,0.12645225146949918,2023-04-06T18:33:23+00:00,0xb1d2d6e3db8e5e3050a4b5e81c470cee18f71922ca478e3f533d516f29b60379
0x4838b106fce9647bdf1e7877bf73ce8b0bad5f97,0x388c818ca8b9251b393131c08a736a67ccb19297,0.00906072057634858,2023-04-06T18:49:11+00:00,0x4438c76bae2e22610af22aeba383d8a37043c9a9a566b4dffe7fc2e06007da65
0x4838b106fce9647bdf1e7877bf73ce8b0bad5f97,0x3bef77233e52d23969958587127d99ec2367c2bd,0.012294314574842737,2023-04-06T18:58:35+00:00,0x3e220d4855b0341a28d9e44f2dec24ca37a60047c251cc592b27cc3551ea71e0
0x4838b106fce9647bdf1e7877bf73ce8b0bad5f97,0x4675c7e5baafbffbca748158becba61ef3b0a263,0.024100738504836627,2023-04-06T19:05:35+00:00,0xcf4608c7e332f6e151fdd25780b876d2b345db8e5f9aed132eddda983ff99f1a
0x4838b106fce9647bdf1e7877bf73ce8b0bad5f97,0x388c818ca8b9251b393131c08a736a67ccb19297,0.030395344502713632,2023-04-06T19:21:35+00:00,0x7abe159423e1b4555f758992e191b222c3a549aab2b439f8f4255d6a3a023682
0x4838b106fce9647bdf1e7877bf73ce8b0bad5f97,0xeee27662c2b8eba3cd936a23f039f3189633e4c8,0.0257601493500821,2023-04-06T20:01:23+00:00,0x04d4178ed17aca908c749423885c6e23f806cd967582646ff09d7146e8e0065f
0x4838b106fce9647bdf1e7877bf73ce8b0bad5f97,0xebec795c9c8bbd61ffc14a6662944748f299cacf,0.01189205565220633,2023-04-06T20:04:23+00:00,0x3b8f62667d085b8742b8acd5075d083ea22005eb2e590c136b4e61b6c68d3013
0x4838b106fce9647bdf1e7877bf73ce8b0bad5f97,0x388c818ca8b9251b393131c08a736a67ccb19297,0.1174541328268296,2023-04-06T20:08:23+00:00,0xc070a429d8ab6c73a32ab071efe33fc48bf851a582e095584adc673423b24085
0x4838b106fce9647bdf1e7877bf73ce8b0bad5f97,0x388c818ca8b9251b393131c08a736a67ccb19297,0.018763773593207526,2023-04-06T20:14:23+00:00,0x60755a63fbacd905c2938fb5773dae81ddc1895c13ba2adaa275959a8f9b1a53
0x4838b106fce9647bdf1e7877bf73ce8b0bad5f97,0x04cc45cea9a1dbfe76f70cbfdfc42df76d188a8e,0.023548315328534512,2023-04-06T20:35:59+00:00,0xdd72120154ea9bbab7b0338ee7879b3395f9e8efdc4753a6a94d336c91a91b10
0x4838b106fce9647bdf1e7877bf73ce8b0bad5f97,0x4675c7e5baafbffbca748158becba61ef3b0a263,0.011181792382212301,2023-04-06T20:40:23+00:00,0x8eb1354cd48ee804c217dfacbe4f6431272121ea051bab638c1335a46617320c
0x4838b106fce9647bdf1e7877bf73ce8b0bad5f97,0x4675c7e5baafbffbca748158becba61ef3b0a263,0.03681391373938434,2023-04-06T20:56:11+00:00,0x21c0c47330ff27a617877416bf5632ea8d8527c31685d9da910555f48be2041a
0x4838b106fce9647bdf1e7877bf73ce8b0bad5f97,0xe688b84b23f322a994a53dbf8e15fa82cdb71127,0.012056892579343392,2023-04-06T22:04:59+00:00,0x4124ab32e3eedb51999a0f48ff41b93cf3dd93beed3fdece3035c94b3d0254ea
0x4838b106fce9647bdf1e7877bf73ce8b0bad5f97,0xd73d7042f67d2081bf3e709934c48433542ebe4a,0.020938544402935442,2023-04-06T22:18:35+00:00,0x7d9e8055b53fdb703552fd823a273c39ade1fa7dd803b46781346497b075f70a
0x4838b106fce9647bdf1e7877bf73ce8b0bad5f97,0x388c818ca8b9251b393131c08a736a67ccb19297,0.015568665218172947,2023-04-06T22:30:47+00:00,0x0e4b01bec153e5322644dd6548b0bc8f64ceee65004fbcec08ebbe7a41c7d4b3
0x4838b106fce9647bdf1e7877bf73ce8b0bad5f97,0xb4525ec8c221b89aec77449aa5707952593a6791,0.1216167525980103,2023-04-06T22:32:11+00:00,0x3385b033a7452ded421eba5d945ed315480a29705d98c4e55c0bf51158f88d0a
0x4838b106fce9647bdf1e7877bf73ce8b0bad5f97,0xe8dba089a8a989b1b3615c38bcd90e0f7a256146,0.01365488211923602,2023-04-06T22:42:47+00:00,0x8f5503a647be5d1e0d6249a2e6ca1a657ec5941392dfb68d8cd9f514f706ac2e
0x4838b106fce9647bdf1e7877bf73ce8b0bad5f97,0xe35bbafa0266089f95d745d348b468622805d82b,0.020785918622614526,2023-04-06T22:46:23+00:00,0xca721a3fce5de82f887a441719d02ff93cfd3085fc6d9cd9159c208a8880ab2c
0x4838b106fce9647bdf1e7877bf73ce8b0bad5f97,0xc25a272a4d2ef4c80173187bf69f4238c5b6564f,0.014121637364268741,2023-04-06T22:51:11+00:00,0x0bf2d3e7708feb299287eb109a747c6454053591fdb6968f8f039d785ca63977
0x4838b106fce9647bdf1e7877bf73ce8b0bad5f97,0xebec795c9c8bbd61ffc14a6662944748f299cacf,0.015847951471040397,2023-04-06T22:57:59+00:00,0x3481eee8d27593600cd5c8654e775516f05fb8e484d59a1e2c64c8075e0d142d
0x4838b106fce9647bdf1e7877bf73ce8b0bad5f97,0xeee27662c2b8eba3cd936a23f039f3189633e4c8,0.011302670031423554,2023-04-06T23:55:47+00:00,0x7dada7ad97287e70585bc2d7e120f362add8b59f657591f8fc7b639b1a7c271c
0x4838b106fce9647bdf1e7877bf73ce8b0bad5f97,0xe887312c0595a10ac88e32ebb8e9f660ad9ab7f7,0.0201696909370816,2023-04-06T23:57:23+00:00,0x375cb5b9cb033f486982f1fd3031ff4fd22e7f0506fcf829f5711269661ed3fe
0x4838b106fce9647bdf1e7877bf73ce8b0bad5f97,0x388c818ca8b9251b393131c08a736a67ccb19297,0.009199297669024402,2023-04-07T00:02:47+00:00,0x391d1fc8a0b2ba453e9443251f6c14094f6e18839ad37a28bf157329d9efcef7
0x4838b106fce9647bdf1e7877bf73ce8b0bad5f97,0x388c818ca8b9251b393131c08a736a67ccb19297,0.006897458209779757,2023-04-07T00:10:35+00:00,0xa1905f01a0431269aa89816cb42caecff981cc957c93bdccba942c50058ac2c8
0x4838b106fce9647bdf1e7877bf73ce8b0bad5f97,0xa4c94a6091545e40fc9c3e0982aec8942e282f38,0.01798020209228514,2023-04-07T00:18:47+00:00,0x89e615297a562bf40eaee1f5139769748a792f5f110d9afb77ea7eeff7c7cd2a
0x4838b106fce9647bdf1e7877bf73ce8b0bad5f97,0x4675c7e5baafbffbca748158becba61ef3b0a263,0.02317759201739523,2023-04-07T00:44:59+00:00,0x48918ccf41e6e8d5f12c6d4c09acbcedfc539ba662f9092a73a652ac41dbf30d
0x4838b106fce9647bdf1e7877bf73ce8b0bad5f97,0x388c818ca8b9251b393131c08a736a67ccb19297,0.014813895942264017,2023-04-07T00:46:47+00:00,0x247f62382196505593717b6c99bce15c78a970e3bd28d138adab6dabad57342e
0x4838b106fce9647bdf1e7877bf73ce8b0bad5f97,0x1188107c4ed60221851fbda99d8a24bccc58a677,0.027210802828980512,2023-04-07T00:52:59+00:00,0x931bf510cbcc7fc15e25a75e18eb5f72ae6e66d343241942d37f0060ea9893a7
0x4838b106fce9647bdf1e7877bf73ce8b0bad5f97,0x86ec3e4450e81ee9d2dd9b17ca644b2156b25eab,0.0155840421036617,2023-04-07T00:53:23+00:00,0xf51dc4566c230c3ea82abc2f26519fab74f5b60cabfa80618b9bfd28232c64a6
0x4838b106fce9647bdf1e7877bf73ce8b0bad5f97,0x4675c7e5baafbffbca748158becba61ef3b0a263,0.014200166073876894,2023-04-07T01:39:11+00:00,0xbccd613a504756a9dbacc35f23282a4ffabb0027aee327c8b773d3982415cc62
0x4838b106fce9647bdf1e7877bf73ce8b0bad5f97,0xe94f1fa4f27d9d288ffea234bb62e1fbc086ca0c,0.014975689445642646,2023-04-07T01:55:59+00:00,0x7869058a18150c6322f1536eb743493b6b26e352aabbba091daec4e48689564a
0x4838b106fce9647bdf1e7877bf73ce8b0bad5f97,0x388c818ca8b9251b393131c08a736a67ccb19297,0.012583163128545304,2023-04-07T01:57:59+00:00,0x4ddb5ece86256a768cf5ac288547f079ee837053e01c25fb22448c5633541c5f
0x4838b106fce9647bdf1e7877bf73ce8b0bad5f97,0x388c818ca8b9251b393131c08a736a67ccb19297,0.01128691321395044,2023-04-07T02:03:47+00:00,0x39d8efd74c5521c5920d261c9a076c4307122a6dc7e77e88a2ac13a4a418d4b0
0x4838b106fce9647bdf1e7877bf73ce8b0bad5f97,0xebec795c9c8bbd61ffc14a6662944748f299cacf,0.017463685993827006,2023-04-07T02:49:35+00:00,0xdedf0aac8ca27dec6739d1f507f85afa74d57518f7db6294117d11d806255509
0x4838b106fce9647bdf1e7877bf73ce8b0bad5f97,0x4675c7e5baafbffbca748158becba61ef3b0a263,0.01745058329656214,2023-04-07T03:12:47+00:00,0x6d4b4dc02bf8dc18f1877adc715ba168132098091c905e1b2a2f92c571236cb7
0x4838b106fce9647bdf1e7877bf73ce8b0bad5f97,0x9695ee4778bdeb13b217979d93c4670cbf41cc65,0.008327828628805123,2023-04-07T03:13:35+00:00,0xf95cf4b34c8327eac4e435123b99a958b9915ee0e4d3922f6673a79f697f1f9e
0x4838b106fce9647bdf1e7877bf73ce8b0bad5f97,0x50b61a4cd43670f460eb1fc0dce7b7db986e00a0,0.014472264248205044,2023-04-07T03:17:11+00:00,0x4f97b2cb20d2008a547995cd386ac9e55e213f3e1b08214be0cbd5f492f47168
0x4838b106fce9647bdf1e7877bf73ce8b0bad5f97,0x791e5609d034c89e4762399a9a9d3b7bcbb7d41e,0.010106017520960962,2023-04-07T03:22:35+00:00,0x6ed0ee7feb5109a344b313e8e3bdf2e52113be533158be0d9c2667361542f275
0x4838b106fce9647bdf1e7877bf73ce8b0bad5f97,0xa8babac2a6d66db720d8271e7a85fb0cb78a5377,0.01256128715844897,2023-04-07T03:37:59+00:00,0xfdafa8abf11552cd25f587374ac4d544453efaff9b9a1da0ab27b45657c56471
0x4838b106fce9647bdf1e7877bf73ce8b0bad5f97,0xe887312c0595a10ac88e32ebb8e9f660ad9ab7f7,0.01189745983532149,2023-04-07T03:38:59+00:00,0x1039ad43c1cdee7574ab76e3f1d77e5103b3a41900364e10ceb7f16d7b04a1cb
0x4838b106fce9647bdf1e7877bf73ce8b0bad5f97,0x4675c7e5baafbffbca748158becba61ef3b0a263,0.02233159808042756,2023-04-07T03:58:35+00:00,0xd28bad161c385638fdd4513448ea9825c591363508dc3012ac76f7895e8878db
0x4838b106fce9647bdf1e7877bf73ce8b0bad5f97,0xe349aaafb737c8d1ab6e05c4ecbf0e9bc62b6495,0.009088565448436014,2023-04-07T03:59:59+00:00,0xca16dfecb2dec897a459ff3f11d00d11a312d9c896f3e76304834711ecf690f0
0x4838b106fce9647bdf1e7877bf73ce8b0bad5f97,0xebec795c9c8bbd61ffc14a6662944748f299cacf,0.02356583898607943,2023-04-07T04:05:11+00:00,0xbf3cb22fa61ed428609836f0ceff9e29fc83e577a20bfded7973592232e232fb
0x4838b106fce9647bdf1e7877bf73ce8b0bad5f97,0x388c818ca8b9251b393131c08a736a67ccb19297,0.019378642399226896,2023-04-07T04:13:47+00:00,0xd5c45bfd9779002602142299861877ee0d0862676947488e891e144b7566d81a
0x4838b106fce9647bdf1e7877bf73ce8b0bad5f97,0xeee27662c2b8eba3cd936a23f039f3189633e4c8,0.013841978928897734,2023-04-07T04:14:11+00:00,0xbc2537c2538abf7a3566dcff1d7513a350571929686c7895747573a351abc4c3
0x4838b106fce9647bdf1e7877bf73ce8b0bad5f97,0x388c818ca8b9251b393131c08a736a67ccb19297,0.007024877022120222,2023-04-07T04:15:23+00:00,0x2344bef6bcc8c545a64a3b7db35d71f27ae9565674e87539741e77eab052ca05
0x4838b106fce9647bdf1e7877bf73ce8b0bad5f97,0x388c818ca8b9251b393131c08a736a67ccb19297,0.012755950454235929,2023-04-07T04:16:59+00:00,0x1dab807fc8949a9852d3702c7de0d0b4bb19c2cbb3033a7ce23b7a46eea8bacd
0x4838b106fce9647bdf1e7877bf73ce8b0bad5f97,0x33baf43a1e7534fe46507a7d4a001881ae9cca44,0.10882119482391804,2023-04-07T04:28:35+00:00,0x115ba9f9db4b362ba5b411da99071d6a43baa6b540a1f189f22ca0a6e4508a31
0x4838b106fce9647bdf1e7877bf73ce8b0bad5f97,0x388c818ca8b9251b393131c08a736a67ccb19297,0.026126069984856965,2023-04-07T04:57:47+00:00,0x914836a3a0d08b2540069dcc7f998daee82e912826d2707c4c157f671aa2d958
0x4838b106fce9647bdf1e7877bf73ce8b0bad5f97,0x388c818ca8b9251b393131c08a736a67ccb19297,0.015074499209234636,2023-04-07T04:58:59+00:00,0x2fc3eb39d595dfce2aebfd9ec05960e167595d665ed5a6f8ecafd65f3bdc2d70
0x4838b106fce9647bdf1e7877bf73ce8b0bad5f97,0xed33259a056f4fb449ffb7b7e2ecb43a9b5685bf,0.00870054498131634,2023-04-07T05:39:59+00:00,0x30dab31aa8c799b5d8ac1f04a206bd321c6d84785efabec49fa3e8f625ab2ccb
0x4838b106fce9647bdf1e7877bf73ce8b0bad5f97,0x388c818ca8b9251b393131c08a736a67ccb19297,0.014052281938293647,2023-04-07T05:43:35+00:00,0x76aa887bbad047495ba735bb9f887e9e5b0ff5c117d82a43af2f0d9bda5f24d4
0x4838b106fce9647bdf1e7877bf73ce8b0bad5f97,0x388c818ca8b9251b393131c08a736a67ccb19297,0.02014915582003965,2023-04-07T05:47:11+00:00,0x22df3987369d7fe32d97c8e3d7c07d3e91ef660cb3c0e6bc76faa67be317307c
0x4838b106fce9647bdf1e7877bf73ce8b0bad5f97,0x388c818ca8b9251b393131c08a736a67ccb19297,0.01261315420748565,2023-04-07T05:49:59+00:00,0xe420b9e2aad9ed66ad121c265a629dca5be9fbf99624049295d5ccda74299ca0
0x4838b106fce9647bdf1e7877bf73ce8b0bad5f97,0x8880bb98e7747f73b52a9cfa34dab9a4a06afa38,0.010730462179609638,2023-04-07T05:56:59+00:00,0x7fdecb95f3f183b0ee78f9207fbe207b3a7708bacde2114b972296a448aa82c6
0x4838b106fce9647bdf1e7877bf73ce8b0bad5f97,0xf8636377b7a998b51a3cf2bd711b870b3ab0ad56,0.012237750279097785,2023-04-07T06:03:47+00:00,0x44dde8a4e2214cb2227c29f64d074c91b6110dc2f855efd7ee8494ffd3305679
0x4838b106fce9647bdf1e7877bf73ce8b0bad5f97,0xaecd92aec5bfbe2f5a02db2dee90733897360983,0.02754569480617357,2023-04-07T06:09:47+00:00,0x888abd65344bbf15866530e18478877622fd3cad8cd190d3aed7e2659b0a0eba
0x4838b106fce9647bdf1e7877bf73ce8b0bad5f97,0x388c818ca8b9251b393131c08a736a67ccb19297,0.01677095032724821,2023-04-07T06:23:11+00:00,0xe89e2bb16edd0487936cbc12add7ce33c46a6231d71fd5eac5a47227561ffd12
0x4838b106fce9647bdf1e7877bf73ce8b0bad5f97,0x2990555a8139b4b4bbf8ebcbcf9eccd763727088,0.015620196289038081,2023-04-07T06:39:11+00:00,0x343729a9e75b0479001405bc62161ed53bb23aac08c7997da129091054ed8830
0x4838b106fce9647bdf1e7877bf73ce8b0bad5f97,0x1cedc0f3af8f9841b0a1f5c1a4ddc6e1a1629074,0.014198624619602992,2023-04-07T07:03:47+00:00,0x21a252304e7ac504a9ad200383db4327e16477fc027e8f0d7e2011d40789e56e
0x4838b106fce9647bdf1e7877bf73ce8b0bad5f97,0xeee27662c2b8eba3cd936a23f039f3189633e4c8,0.014454649281460763,2023-04-07T07:07:59+00:00,0xc8684cc774c8944905942ee93ac3f41fc387a2a055825074002c79f80732bbbb
0x4838b106fce9647bdf1e7877bf73ce8b0bad5f97,0x388c818ca8b9251b393131c08a736a67ccb19297,0.016625111621687554,2023-04-07T07:22:35+00:00,0x84babfbeb5ed3313fda37f0a913d31cd230b5ec40c9d447f0db3905229ab1109
0x4838b106fce9647bdf1e7877bf73ce8b0bad5f97,0x4675c7e5baafbffbca748158becba61ef3b0a263,0.01323634602836089,2023-04-07T07:36:11+00:00,0xc2e7d86dfbda38619852fd203f438c26a30119dcdfd6e66289ea0e4e0eb24e91
0x4838b106fce9647bdf1e7877bf73ce8b0bad5f97,0x4675c7e5baafbffbca748158becba61ef3b0a263,0.008156585306934317,2023-04-07T07:47:47+00:00,0xe6e5e316756ab6e9cab7aab6c4e16f9e6b7ac6fa36e628a0bc92e8cb394a8389
0x4838b106fce9647bdf1e7877bf73ce8b0bad5f97,0x388c818ca8b9251b393131c08a736a67ccb19297,0.03142223069847163,2023-04-07T07:48:11+00:00,0x9aabc17d4d32e6754eee5f082dc993f1f30f6ae9a9d995a038cb5c831ff4573c
0x4838b106fce9647bdf1e7877bf73ce8b0bad5f97,0x388c818ca8b9251b393131c08a736a67ccb19297,0.00952756454727821,2023-04-07T07:49:47+00:00,0xe357dd88120c6cd1cd9bf6dc3b416ab401232babd444bbd0ee27efd710666429
0x4838b106fce9647bdf1e7877bf73ce8b0bad5f97,0xbc3f349cb562ef987f5a6def2acd2e149ea41bf0,0.018385167026045302,2023-04-07T08:09:11+00:00,0x44b21ea50605813e997e429aa279d42c61c1cdec2aa12daef52c9c9871ece8a6
0x4838b106fce9647bdf1e7877bf73ce8b0bad5f97,0x4675c7e5baafbffbca748158becba61ef3b0a263,0.011731448061095318,2023-04-07T08:25:23+00:00,0x08c93e017013b824c806b952cba76e7034a51321f78a26d98992d57e766de03c
0x4838b106fce9647bdf1e7877bf73ce8b0bad5f97,0xbaf52c36ff8db02f8743c8d109e4184303804276,0.03672400094784732,2023-04-07T08:38:35+00:00,0x0cb554b3872bc92fc62efbefd8a9ac97be173b35ab479299a34804d586965567
0x4838b106fce9647bdf1e7877bf73ce8b0bad5f97,0xe94f1fa4f27d9d288ffea234bb62e1fbc086ca0c,0.014363538701429824,2023-04-07T09:38:23+00:00,0x1499fb6e72207eb04e2c9eb6f5b4bb3dd1f9d1e85a3812e9506a48cedc942a9c
0x4838b106fce9647bdf1e7877bf73ce8b0bad5f97,0x388c818ca8b9251b393131c08a736a67ccb19297,0.014044248732638221,2023-04-07T10:09:47+00:00,0x32b67b8e5f6cdcbd3eeddfa9166d403de7ebea75ada3201fabfccdeb12b3a4e4
0x4838b106fce9647bdf1e7877bf73ce8b0bad5f97,0x388c818ca8b9251b393131c08a736a67ccb19297,0.031366906837422645,2023-04-07T10:26:59+00:00,0xf69a993b618751acbfd3ebb4386f7063797f33cb64f40f8301332bf695d5e2a9
0x4838b106fce9647bdf1e7877bf73ce8b0bad5f97,0x8385a36a7beeb08eca50069721a26d07fd9f16d5,0.014667962463495901,2023-04-07T10:33:35+00:00,0xc0e020b7c4df21d5959f48179431cb4414dfb0e2363fe168d1a8dbf7d2a44fba
0x4838b106fce9647bdf1e7877bf73ce8b0bad5f97,0xe349aaafb737c8d1ab6e05c4ecbf0e9bc62b6495,0.014156599401056128,2023-04-07T11:29:23+00:00,0x3a5ec398b5b626f6bcea75171e7b1cbfde83354a80ffc2f5e3ee954168e4821e
0x4838b106fce9647bdf1e7877bf73ce8b0bad5f97,0xebec795c9c8bbd61ffc14a6662944748f299cacf,0.026266291308692895,2023-04-07T11:44:23+00:00,0xfb392032b5ccd28900dbda6659dc17e801669c74d736660994bb656025ae1174
0x4838b106fce9647bdf1e7877bf73ce8b0bad5f97,0x04cc45cea9a1dbfe76f70cbfdfc42df76d188a8e,0.015937053641819136,2023-04-07T11:46:35+00:00,0xefd435b96c5044fecd3f3509181a15aa7652face23e93c163b5e6ec52c09140e
0xf5d7dfed42330cd6b01d193e4245dbffb8d227f4,0x4838b106fce9647bdf1e7877bf73ce8b0bad5f97,0.0002,2023-04-07T11:47:11+00:00,0x6dba075584271d1a30504ddaf3e76eefe54ba51602922b322bbcaa45f09b116f
0x4838b106fce9647bdf1e7877bf73ce8b0bad5f97,0x388c818ca8b9251b393131c08a736a67ccb19297,0.021162491907957992,2023-04-07T11:51:11+00:00,0x342b0db74ed9e673ecb2b1b0b9b4d768b745cd560f3c37de4d6ca23a96d40207
0x4838b106fce9647bdf1e7877bf73ce8b0bad5f97,0xebec795c9c8bbd61ffc14a6662944748f299cacf,0.018278535686793544,2023-04-07T12:14:11+00:00,0x3c002ea598d8dea0eea9082f52ef78767f020467f8e644095ed7f61913936322
0x4838b106fce9647bdf1e7877bf73ce8b0bad5f97,0x388c818ca8b9251b393131c08a736a67ccb19297,0.017238439317978242,2023-04-07T12:18:59+00:00,0x2e074cd05da1102ce8226e6f3defa6f0d812c154c81e0ef35d09290543b52813
0x4838b106fce9647bdf1e7877bf73ce8b0bad5f97,0x4675c7e5baafbffbca748158becba61ef3b0a263,0.013574203015222153,2023-04-07T12:20:47+00:00,0xde6ffd36f9337ad3dba717af9309bab00154893e72ec7c48c2430f1730518469
0x4838b106fce9647bdf1e7877bf73ce8b0bad5f97,0xebec795c9c8bbd61ffc14a6662944748f299cacf,0.041235351494017296,2023-04-07T12:21:59+00:00,0x5b1e9fcd711e7dfac3e701fdf3239d018688d2486439d238f0952766881ecb4f
0x4838b106fce9647bdf1e7877bf73ce8b0bad5f97,0xcbfa884044546d5569e2abff3fb429301b61562a,0.007857445087260538,2023-04-07T12:36:35+00:00,0x7ad03c088ba52a8e1c58806cadd239127eda7c717cae0087e1371e7cab36b475
0x4838b106fce9647bdf1e7877bf73ce8b0bad5f97,0xeee27662c2b8eba3cd936a23f039f3189633e4c8,0.014191859832085965,2023-04-07T13:13:59+00:00,0xd5f67a134bb9b10ecb0a85cdb3b40359371414f23b743af6f286887194138216
0x4838b106fce9647bdf1e7877bf73ce8b0bad5f97,0x4675c7e5baafbffbca748158becba61ef3b0a263,0.014138125071773613,2023-04-07T15:11:47+00:00,0x544bfd7228e64a0551498c706a1cf5a9c56bf451bc06691fb160c51cb84ce9da
0x4838b106fce9647bdf1e7877bf73ce8b0bad5f97,0x6d2e03b7effeae98bd302a9f836d0d6ab0002766,0.029096884243964845,2023-04-07T15:16:11+00:00,0x34ca8039a068fa3a75c228f8cd01ced7cc24a98c2a8786413fdc92a0d82eec54
0x4838b106fce9647bdf1e7877bf73ce8b0bad5f97,0x6d2e03b7effeae98bd302a9f836d0d6ab0002766,0.04110367882651891,2023-04-07T16:56:11+00:00,0x4b0ab1489b471d7e9e9a54a7a8d5c3cb3e1c11c2b83eaf46a69fc105fef08f71
0x4838b106fce9647bdf1e7877bf73ce8b0bad5f97,0xcbfa884044546d5569e2abff3fb429301b61562a,0.050172214902723784,2023-04-07T17:20:11+00:00,0x38c30bb9870ea878db95fa4814af451b337596bd31aeafd13d360c72907a4b7f
0x4838b106fce9647bdf1e7877bf73ce8b0bad5f97,0x309f18496481a30f22f3e502fd78bfb9131343d9,0.012400635946695823,2023-04-07T18:16:59+00:00,0x40c54b59f8eea400ce1d159604f9a42816530c3e4c4a8538b61672eab0a1ced5
0x4838b106fce9647bdf1e7877bf73ce8b0bad5f97,0x388c818ca8b9251b393131c08a736a67ccb19297,0.007583195448106707,2023-04-07T18:20:23+00:00,0x99fb99631d0668057b1496a2e220363bfa3e01832d93441d197d96ccf448aac5
0x4838b106fce9647bdf1e7877bf73ce8b0bad5f97,0x4675c7e5baafbffbca748158becba61ef3b0a263,0.06716600157609556,2023-04-07T18:25:23+00:00,0x7dd26764b9ae76e05eb5f9150c6b1a0c8e0ec861c9be30f99f162154744a420f
0x4838b106fce9647bdf1e7877bf73ce8b0bad5f97,0x123b9747ede9db10f64e0c5c6fd0f5ac68a0a806,0.03667108810523809,2023-04-07T18:25:47+00:00,0x9b075cb5d46cdd579ede88f0d06655f4673e39f12b19b4427d16f187f58402c8
0x4838b106fce9647bdf1e7877bf73ce8b0bad5f97,0x388c818ca8b9251b393131c08a736a67ccb19297,0.04736698910862296,2023-04-07T18:25:59+00:00,0x7c4ea4414848ea0535805cdecd6ec9c756f10bfead5966508550ba7d44ca79fc
0x4838b106fce9647bdf1e7877bf73ce8b0bad5f97,0x388c818ca8b9251b393131c08a736a67ccb19297,0.05640099353531756,2023-04-07T18:26:11+00:00,0xf2db27233288f53063afcd2ed09696b7ab635a46ecb31d462320cba88f73615a
0x4838b106fce9647bdf1e7877bf73ce8b0bad5f97,0x388c818ca8b9251b393131c08a736a67ccb19297,0.015864257321517205,2023-04-07T19:06:47+00:00,0xa9facab693cc687a146bdb1447b09d4e413084ff098fa61042ae0c34fb598e4c
0x4838b106fce9647bdf1e7877bf73ce8b0bad5f97,0xe688b84b23f322a994a53dbf8e15fa82cdb71127,0.02404083522114693,2023-04-07T19:53:47+00:00,0x728704b2655218d1130111a2106f6091430b21eec679413117e4c9db48657f66
0x4838b106fce9647bdf1e7877bf73ce8b0bad5f97,0x51a1449b3b6d635eddec781cd47a99221712de97,0.034383314209190385,2023-04-07T20:41:35+00:00,0xddd41366cc394e541d830d3cab924ab75859a250403c2aa16ca350f971658bb7
0x4838b106fce9647bdf1e7877bf73ce8b0bad5f97,0xc527702b14bf2f79f70b32e09f62b6a74cadfd80,0.01612671116364342,2023-04-07T20:47:11+00:00,0xff7495a372ace7493f1387703fff6e720f140e4954845d818d0d8c0e943e6267
0x4838b106fce9647bdf1e7877bf73ce8b0bad5f97,0x388c818ca8b9251b393131c08a736a67ccb19297,0.02800605606504653,2023-04-07T20:56:23+00:00,0xafe89ac2446edf2f7d62692900634257fe58b5ebb7d3ab7fd28fa62256bf98c2
0x4838b106fce9647bdf1e7877bf73ce8b0bad5f97,0x0077732907bfc6208933cfd2a51afb8f33ca5958,0.015763666807849304,2023-04-07T21:31:47+00:00,0xee313b9fdbf8ec2712f332f6d58814c75d46e2b3dbb044509257ce680597e639
0x4838b106fce9647bdf1e7877bf73ce8b0bad5f97,0x4675c7e5baafbffbca748158becba61ef3b0a263,0.01405451226871719,2023-04-07T21:44:47+00:00,0x8fad479d6fbef2a45f24e9b4183bb8e802b428a2c059434699c22d337bba4c13
0x4838b106fce9647bdf1e7877bf73ce8b0bad5f97,0xffee087852cb4898e6c3532e776e68bc68b1143b,0.008174029112752073,2023-04-07T21:56:59+00:00,0xf87f602ff587cb41f1a9f875e40a427f0b00576243f74afa8c223b2af6eddc78
0x4838b106fce9647bdf1e7877bf73ce8b0bad5f97,0x6c901f561c8f6b8cde9e29b9d8f3aced854de83a,0.17333401195989648,2023-04-07T22:00:23+00:00,0x93a3002c4f9ee7fdb9dba03cf8fbd3e6da3843fe081ded6239153744baf9ec92
0x4838b106fce9647bdf1e7877bf73ce8b0bad5f97,0xe94f1fa4f27d9d288ffea234bb62e1fbc086ca0c,0.01010015304744583,2023-04-07T22:14:35+00:00,0xa9564d445636c1998741895db0daa2b33874d83b933aa25ab3bf3bbf21abc5fc
0x4838b106fce9647bdf1e7877bf73ce8b0bad5f97,0x388c818ca8b9251b393131c08a736a67ccb19297,0.0259587126599105,2023-04-07T22:35:47+00:00,0xe6312cdff618502246ef5d383636a0baff0718aeab64961f64422c5df4db34a5
0x4838b106fce9647bdf1e7877bf73ce8b0bad5f97,0x4675c7e5baafbffbca748158becba61ef3b0a263,0.02726159162674054,2023-04-07T22:39:35+00:00,0x14bc2106e379583687f162a00bd7c16bb229f3ed3e70a5102a196d0ac30d3179
0x4838b106fce9647bdf1e7877bf73ce8b0bad5f97,0x388c818ca8b9251b393131c08a736a67ccb19297,0.06045903064287852,2023-04-07T23:01:11+00:00,0xf38821385f2aaf6fa93ed1cedd20df58e7933d761df43274f9ea8e9fa87c7c96
0x4838b106fce9647bdf1e7877bf73ce8b0bad5f97,0x388c818ca8b9251b393131c08a736a67ccb19297,0.015640266358172335,2023-04-07T23:03:59+00:00,0x1f6c24c8880b587ee2679d815fc417ebfc28b097c847f55a701fd88350bf05f4
0x4838b106fce9647bdf1e7877bf73ce8b0bad5f97,0xe94f1fa4f27d9d288ffea234bb62e1fbc086ca0c,0.010796092792497419,2023-04-07T23:27:23+00:00,0x5af8c8c7e61d9ffb0a7189e5a3b1fb195323e1c6d32f920caeaead2ce40991b7
0x4838b106fce9647bdf1e7877bf73ce8b0bad5f97,0x8306300ffd616049fd7e4b0354a64da835c1a81c,0.011937156668483207,2023-04-07T23:35:35+00:00,0x4136dfaf268ad7ccb14ad3f9e6c6ed1caacd5a112c988ddd919646a2ab81cdb8
0x4838b106fce9647bdf1e7877bf73ce8b0bad5f97,0x4675c7e5baafbffbca748158becba61ef3b0a263,0.014103807359759279,2023-04-07T23:37:23+00:00,0xa558f95ecc9f2d438897e65eab344b3772ebb6f8d3796b5ec8c247b0548c040e
0x4838b106fce9647bdf1e7877bf73ce8b0bad5f97,0x388c818ca8b9251b393131c08a736a67ccb19297,0.015276393634145416,2023-04-07T23:43:47+00:00,0xfb3fa879e35ef8ac0f7d3aeee64c9a0772e437511658ff75e11d8909c2714221
0x4838b106fce9647bdf1e7877bf73ce8b0bad5f97,0x388c818ca8b9251b393131c08a736a67ccb19297,0.006918064920713039,2023-04-07T23:49:35+00:00,0x557e06db3892494332b7e037005c074869839f44d5cd47c106b2a1f0bbe31edb
0x4838b106fce9647bdf1e7877bf73ce8b0bad5f97,0x4675c7e5baafbffbca748158becba61ef3b0a263,0.021679553877412317,2023-04-07T23:50:35+00:00,0x9e0cd731f9a8abc8442996b6e1be97ed9d94a2a24d79995136582e5b77025fa9
0x4838b106fce9647bdf1e7877bf73ce8b0bad5f97,0x4675c7e5baafbffbca748158becba61ef3b0a263,0.02332913531597325,2023-04-07T23:53:23+00:00,0x249956136a1e006903c1db8580735e871f52a2abc6d0c0d25b02e043af8f6560
0x4838b106fce9647bdf1e7877bf73ce8b0bad5f97,0x4822ea92e7c34dd9a142e329771c1e1ff69e1b31,0.014111692909063814,2023-04-07T23:58:35+00:00,0x416ce505a97668ba673b976a4dc86d873628c68f82a60d3ae64b40c948f52ef4
0x4838b106fce9647bdf1e7877bf73ce8b0bad5f97,0x388c818ca8b9251b393131c08a736a67ccb19297,0.015421557262804007,2023-04-08T00:02:11+00:00,0x5224a6d3e62a456d1f56b24148297963859538b133045cb94bb0e3d22fb7c31d
0x4838b106fce9647bdf1e7877bf73ce8b0bad5f97,0xe94f1fa4f27d9d288ffea234bb62e1fbc086ca0c,0.04308095743174309,2023-04-08T00:07:35+00:00,0x2eada0f4a7568707d8d525eb41ba4835a2dac9fe9c1512118376df1450036781
0x4838b106fce9647bdf1e7877bf73ce8b0bad5f97,0xebec795c9c8bbd61ffc14a6662944748f299cacf,0.01642602971452595,2023-04-08T00:15:23+00:00,0xdb4a323c36d83905e4162ceb85bdb31da5473620b6c3a18f8ac2a56da37f70dd
0x4838b106fce9647bdf1e7877bf73ce8b0bad5f97,0xa1feaf41d843d53d0f6bed86a8cf592ce21c409e,0.015682985278372284,2023-04-08T00:28:23+00:00,0xca0394ac43818cca816d7f4485b42e615a458ef2b8d67432ddfb00c0b87f10f5
0x4838b106fce9647bdf1e7877bf73ce8b0bad5f97,0xb5a8acc554fc3203deed23cfd8f5ad1e3caf280f,0.019256381518742722,2023-04-08T00:32:23+00:00,0x5ea33d86a606d398f13f741430c3d60d24aedb4eaa67dfdfb9d25dc48f4b5575
0x4838b106fce9647bdf1e7877bf73ce8b0bad5f97,0x4675c7e5baafbffbca748158becba61ef3b0a263,0.014635950681135932,2023-04-08T00:34:59+00:00,0x3489377c2bfcdb9abc89ce6da770fd141579d6291f2f9232ca5fc7d945adf9b4
0x4838b106fce9647bdf1e7877bf73ce8b0bad5f97,0x388c818ca8b9251b393131c08a736a67ccb19297,0.012759292034441249,2023-04-08T00:55:59+00:00,0xc6150b087a6438ac4bb949229203558eaa78fed2386115b7346bb27299efbe67
0x4838b106fce9647bdf1e7877bf73ce8b0bad5f97,0x5e88f6863c00fb3b83f086fed635f662918d1460,0.021649507980066828,2023-04-08T01:03:59+00:00,0xfae4ecdf73d96d6ebfa9064bdb029aad8fa3ff2fa425b89714ee6fa42a5bd05f
0x4838b106fce9647bdf1e7877bf73ce8b0bad5f97,0x4675c7e5baafbffbca748158becba61ef3b0a263,0.016574769378085445,2023-04-08T01:58:59+00:00,0xab0e871af16d756d8a01ea8e785c4518b06b8550351a52055dd2d8941d439151
0x4838b106fce9647bdf1e7877bf73ce8b0bad5f97,0x4675c7e5baafbffbca748158becba61ef3b0a263,0.019386479311116072,2023-04-08T02:20:47+00:00,0xaa784ac87513618d043621c6d18f8c33aed9d9dccb9cfbb05fe04a432200bcd3
0x4838b106fce9647bdf1e7877bf73ce8b0bad5f97,0xdefe33795803f2353c69fd8cdb432f9d5cee6762,0.01164454784313678,2023-04-08T02:47:59+00:00,0x82672ff6e05c1220293f51c9798cf4aa2d1e062925adc186a40699ea012d3112
0x4838b106fce9647bdf1e7877bf73ce8b0bad5f97,0xe887312c0595a10ac88e32ebb8e9f660ad9ab7f7,0.01217267744748828,2023-04-08T02:51:59+00:00,0xb0539e42b66486ad48430ee3762962947978d455bb1838f928a6141461f8a5e0
0x4838b106fce9647bdf1e7877bf73ce8b0bad5f97,0xebec795c9c8bbd61ffc14a6662944748f299cacf,0.01131665525055035,2023-04-08T02:56:11+00:00,0x2f8cc62167d58eb70c91d475cba8bda2b0854b9ef99358a81f164f13e0fe017c
0x4838b106fce9647bdf1e7877bf73ce8b0bad5f97,0x4675c7e5baafbffbca748158becba61ef3b0a263,0.014350379146633344,2023-04-08T03:07:59+00:00,0x9010b8def2cfa518650c49dbe78f2589cddcdaf1f8c9c898340a48cdbaf0cca9
0x4838b106fce9647bdf1e7877bf73ce8b0bad5f97,0xebec795c9c8bbd61ffc14a6662944748f299cacf,0.011508254109437888,2023-04-08T03:09:59+00:00,0x39e9bf3d4a17f78155362614e4d63c6fb9c6ee18f67e4de6e94ce6197771ae7f
0x4838b106fce9647bdf1e7877bf73ce8b0bad5f97,0xe688b84b23f322a994a53dbf8e15fa82cdb71127,0.006348900870718107,2023-04-08T03:25:59+00:00,0x97422417fd5b907d4c086f112819b2ee6bfbedc8ad240724a2f8ededcd50c435
0x4838b106fce9647bdf1e7877bf73ce8b0bad5f97,0xed33259a056f4fb449ffb7b7e2ecb43a9b5685bf,0.011140818193633578,2023-04-08T03:26:35+00:00,0xd4bed1019da2631aae6ad06fc9b746f4ca59dbef690e20c6bc9205b6a19f9548
0x4838b106fce9647bdf1e7877bf73ce8b0bad5f97,0x388c818ca8b9251b393131c08a736a67ccb19297,0.014765793612092222,2023-04-08T03:27:11+00:00,0xcc833c1cae6f62145b3e76bc54361e2fd314890286628b71790c85b820fa64b0
0x4838b106fce9647bdf1e7877bf73ce8b0bad5f97,0xeee27662c2b8eba3cd936a23f039f3189633e4c8,0.008336159980783133,2023-04-08T03:27:59+00:00,0xf4463eb1fd7848c89574c314c7764b43f818bba9f414b04a967d3317091794e5
0x4838b106fce9647bdf1e7877bf73ce8b0bad5f97,0xce8a9a40bd846dc8f27dda35dc8630f461fa0b1a,0.04021924569159185,2023-04-08T03:34:59+00:00,0x0572dd9b5e77051677dbc7670ca6ebc06392670c4938e23eee29667833c77431
0x4838b106fce9647bdf1e7877bf73ce8b0bad5f97,0x90b0c836a19a74195d45fad2d2d3895a7a3eab08,0.01657344063444156,2023-04-08T03:49:47+00:00,0xa35786f615936cf8602407e3f31259f219037a68f6fd1bf71275e7df4e09c8f2
0x4838b106fce9647bdf1e7877bf73ce8b0bad5f97,0xbb3afde35eb9f5feb5377485a3bd18a3eb0fe248,0.014937815542124443,2023-04-08T03:58:59+00:00,0x6271049339dafa0a227a77fe85b0d4e57ba30f75d0eff1e90fac5b88fa35a2fc
0x4838b106fce9647bdf1e7877bf73ce8b0bad5f97,0xebec795c9c8bbd61ffc14a6662944748f299cacf,0.011466566835458623,2023-04-08T04:01:11+00:00,0xd04bd3bd7bab58891e91b7b4a7d26dc8bf4b55897845e741ad9dbfb5fee7a7a9
0x4838b106fce9647bdf1e7877bf73ce8b0bad5f97,0x388c818ca8b9251b393131c08a736a67ccb19297,0.011107899871917895,2023-04-08T04:02:11+00:00,0xedbb712469ba0097d8c33260417776c00fe2d63c180c83a6cc74e4bfd5bc76f0
0x4838b106fce9647bdf1e7877bf73ce8b0bad5f97,0x6d73e4cd0fd8b9c67f24c5a64ddac4ab60db813e,0.02141238745996162,2023-04-08T04:03:47+00:00,0x131e88b9770b04642244fbbc04d493995aa14fdd39f6f0b81c578a85b48c2440
0x4838b106fce9647bdf1e7877bf73ce8b0bad5f97,0x04cc45cea9a1dbfe76f70cbfdfc42df76d188a8e,0.013471427919528302,2023-04-08T04:11:47+00:00,0x2ce0417d7a6625a0356074ec156e93cccf8f439352cb83a994feb4b8850fb8a1
0x4838b106fce9647bdf1e7877bf73ce8b0bad5f97,0x388c818ca8b9251b393131c08a736a67ccb19297,0.01629555258092054,2023-04-08T04:17:59+00:00,0xf760f0e093566d32278c091f592750af7c57431ff1a540497f81be146f3f950b
0x4838b106fce9647bdf1e7877bf73ce8b0bad5f97,0x9e82925387c5ffc3c9b526bf662d7dc3f60fbc9c,0.02030191285613355,2023-04-08T04:18:11+00:00,0x17b0de70c1e18edfaf67a5288c424fbf7862b3505353778fceaf877dff91854f
0x4838b106fce9647bdf1e7877bf73ce8b0bad5f97,0xe688b84b23f322a994a53dbf8e15fa82cdb71127,0.0374264982018409,2023-04-08T04:19:47+00:00,0x01198fb0f5223ad29e5dd8b8e707df2356a031faf46860c24d8680d7d17af5a9
0x4838b106fce9647bdf1e7877bf73ce8b0bad5f97,0x388c818ca8b9251b393131c08a736a67ccb19297,0.010400793691085866,2023-04-08T04:23:35+00:00,0x56a73ab614ab8a03fa554a50f5765c2977e8b34ae94ea1de3b95584fe40c7229
0x4838b106fce9647bdf1e7877bf73ce8b0bad5f97,0xe94f1fa4f27d9d288ffea234bb62e1fbc086ca0c,0.01764590972680255,2023-04-08T04:31:47+00:00,0x58ef7c505784a0d7bc3aae77de4280a8b43f5aa2496fa211f39cd939441d7b09
0x4838b106fce9647bdf1e7877bf73ce8b0bad5f97,0xd4e96ef8eee8678dbff4d535e033ed1a4f7605b7,0.014857697793599089,2023-04-08T04:37:35+00:00,0x13fc1f29ecb96de3e9ba569ba284f1bf3e77bcb4f50966654dacf5c9c3677dd8
0x4838b106fce9647bdf1e7877bf73ce8b0bad5f97,0xe887312c0595a10ac88e32ebb8e9f660ad9ab7f7,0.018491359013011802,2023-04-08T04:44:47+00:00,0x75e99132c7ddd3859a4045015bfa17b8d33f6b2b776d73ceeefbd6c5bde4441d
0x4838b106fce9647bdf1e7877bf73ce8b0bad5f97,0x5fa85fb18e1bb59fca88afc0c002e0f6c1754eff,0.010277283837002113,2023-04-08T04:45:47+00:00,0x189d2b8b88b876265328a595bd7bd4b7aad1711f8c15702322bfed8cb183e6a9
0x4838b106fce9647bdf1e7877bf73ce8b0bad5f97,0xe688b84b23f322a994a53dbf8e15fa82cdb71127,0.010397038266989131,2023-04-08T04:48:47+00:00,0xb32f3745efed9004771f4957e99bde0aae032b53435e5ab3b25aa3f7fa08bd1f
0x4838b106fce9647bdf1e7877bf73ce8b0bad5f97,0x4675c7e5baafbffbca748158becba61ef3b0a263,0.011497958318766878,2023-04-08T04:48:59+00:00,0x1454c75c88ee1359902a18214e9d8eccea3940fe7f374acb46efc09969df79b9
0x4838b106fce9647bdf1e7877bf73ce8b0bad5f97,0xf39d15cb3910d5e33fb1a2e42d4a2da153ba076b,0.006835809984611527,2023-04-08T04:50:35+00:00,0x9288b3c80a4c0a7413722b708b6c1d48f1218d026281de8727d65e1cf1215741
0x4838b106fce9647bdf1e7877bf73ce8b0bad5f97,0xebec795c9c8bbd61ffc14a6662944748f299cacf,0.034025077036440206,2023-04-08T04:53:47+00:00,0x8896c042275fe56a8c200cb8f886e0a0dfce431ccbba286bb2f08ab348b492b3
0x4838b106fce9647bdf1e7877bf73ce8b0bad5f97,0x4675c7e5baafbffbca748158becba61ef3b0a263,0.016530364505254976,2023-04-08T04:54:59+00:00,0xa6dfd3680e06ca66ab362acdf09162c532d8d61af5fb12d71615e3cf68b03395
0x4838b106fce9647bdf1e7877bf73ce8b0bad5f97,0x388c818ca8b9251b393131c08a736a67ccb19297,0.018647933843836808,2023-04-08T04:56:23+00:00,0x887d829271837775eb4899a104f9164ba30efa57a94896870af33456a92f2b49
0x4838b106fce9647bdf1e7877bf73ce8b0bad5f97,0x4675c7e5baafbffbca748158becba61ef3b0a263,0.026082690607590508,2023-04-08T04:58:47+00:00,0x670901828fb07a48b1b4e34666200e49ccf052630279be625df5f89307ccd083
0x4838b106fce9647bdf1e7877bf73ce8b0bad5f97,0x4675c7e5baafbffbca748158becba61ef3b0a263,0.026576876390766665,2023-04-08T05:01:11+00:00,0xfbecdad73e414661bd19fbb6db51b306ee0028141d43208dd671508a375349a2
0x4838b106fce9647bdf1e7877bf73ce8b0bad5f97,0x4675c7e5baafbffbca748158becba61ef3b0a263,0.007770494430862893,2023-04-08T05:01:59+00:00,0xcb65b4f79aeaf5a312f652a02b5f7baee4ae5e88a5256b6ba9b01a8e3cc2af9c
0x4838b106fce9647bdf1e7877bf73ce8b0bad5f97,0x4675c7e5baafbffbca748158becba61ef3b0a263,0.012017427570508088,2023-04-08T05:02:11+00:00,0x3261091c629ea2881901a120a82f70c2379756a7c6eb4555a49aefbc60a3a588
0x4838b106fce9647bdf1e7877bf73ce8b0bad5f97,0x388c818ca8b9251b393131c08a736a67ccb19297,0.02064446246662375,2023-04-08T05:12:23+00:00,0x0da51c0a5dc87c6beb6dc210b3a866ef03cd70b30504678ef380b8d08d1d42a7
0x4838b106fce9647bdf1e7877bf73ce8b0bad5f97,0xd5d4e75f6d78917f1b87443df964c6f7c942108c,0.04269849478467256,2023-04-08T05:16:11+00:00,0x170b7949529023940ed6190057bec5ea5108524c333cda7334fd092c18959ad9
0x4838b106fce9647bdf1e7877bf73ce8b0bad5f97,0x378cdc4e9e9bccd7aeda011888ecf6a8528271fb,0.010895376374884561,2023-04-08T05:25:11+00:00,0x57f3f705f140fde20f8d537495cb11d1560c59e7fa1fb770cbded69943a3b26e
0x4838b106fce9647bdf1e7877bf73ce8b0bad5f97,0xf8636377b7a998b51a3cf2bd711b870b3ab0ad56,0.013054704873695309,2023-04-08T05:29:35+00:00,0x9ff35734542911fe25036879aa3f05d88d83f09e083113a54408c9cba37f8921
0x4838b106fce9647bdf1e7877bf73ce8b0bad5f97,0xe688b84b23f322a994a53dbf8e15fa82cdb71127,0.008546806345826146,2023-04-08T05:30:47+00:00,0x34dc70cd0b5b180596dd850c639ed2e5d63b034e46b7d00cd41d6de637c454bf
0x4838b106fce9647bdf1e7877bf73ce8b0bad5f97,0xd0d2aba6b826429499c6cdd59157784c9537722a,0.01330820894131276,2023-04-08T06:09:59+00:00,0xea275f5a4a87f1e80c4dd0a6884a72eb1e6f522a6c10b035b93617a3a3da8ec9
0x4838b106fce9647bdf1e7877bf73ce8b0bad5f97,0x4675c7e5baafbffbca748158becba61ef3b0a263,0.010122933481139618,2023-04-08T06:13:59+00:00,0xc3a514ad4a391ed623929917a1faeaafb41ed2632798c7c609741c6c4e915e11
0x4838b106fce9647bdf1e7877bf73ce8b0bad5f97,0xebec795c9c8bbd61ffc14a6662944748f299cacf,0.010991882446826686,2023-04-08T06:18:47+00:00,0x26056557de98661c51ef693ccb790ec00b3005bee25fd66321bef57106d72be8
0x4838b106fce9647bdf1e7877bf73ce8b0bad5f97,0xd73d7042f67d2081bf3e709934c48433542ebe4a,0.017088651883709734,2023-04-08T06:22:35+00:00,0xfcc3bcae6cbb1383119f1b1b21cf97ab6bedd2ca00e5d345675bf310bb8b6c63
0x4838b106fce9647bdf1e7877bf73ce8b0bad5f97,0xe688b84b23f322a994a53dbf8e15fa82cdb71127,0.008211604503751328,2023-04-08T06:25:59+00:00,0x6ee6849a4dd81422965119d919e9112cf7d3e386eff8dbda3182d18339afe1ed
0x4838b106fce9647bdf1e7877bf73ce8b0bad5f97,0x6b333b20fbae3c5c0969dd02176e30802e2fbbdb,0.021071671809404034,2023-04-08T06:26:47+00:00,0xfbe113f1c07803d5abacb1cdd48414b3e9c81a6e46529ef99bc4b67936474c7b
0x4838b106fce9647bdf1e7877bf73ce8b0bad5f97,0x388c818ca8b9251b393131c08a736a67ccb19297,0.01849230602019628,2023-04-08T06:41:47+00:00,0xaebec84407fb0bfa3fd2b773d446cbc1479c08e0e1bb9ee3c53456cf1426ccf6
0x4838b106fce9647bdf1e7877bf73ce8b0bad5f97,0x388c818ca8b9251b393131c08a736a67ccb19297,0.011203471577638829,2023-04-08T06:44:11+00:00,0xb8fad9476ebd9f17f21375d54879ea002b82f3e9f7cd0d4b70b7718b225654fe
0x4838b106fce9647bdf1e7877bf73ce8b0bad5f97,0x4675c7e5baafbffbca748158becba61ef3b0a263,0.03328641706357034,2023-04-08T06:47:47+00:00,0x065459153b9832aa95ad341f3f6af5beb40ca28ed1105fe84a54f0f09fa317ed
0x4838b106fce9647bdf1e7877bf73ce8b0bad5f97,0xa1540553447ed45224d14e00a1e0ef36239c1ced,0.009927623638485811,2023-04-08T06:52:47+00:00,0x6c808f3c1f9b7ef7d4c94566b61a63f571489571095ab0db02811998d6cc5a4a
0x4838b106fce9647bdf1e7877bf73ce8b0bad5f97,0xde12c3d2257fc9bb1c1a00d409f292eecd55ffaf,0.03498180028064644,2023-04-08T07:00:23+00:00,0xdac72d87a78b324e1681611dd99962945e9b575b83086091740a3adfa414e0e0
0x4838b106fce9647bdf1e7877bf73ce8b0bad5f97,0x4675c7e5baafbffbca748158becba61ef3b0a263,0.012758321698125652,2023-04-08T07:04:47+00:00,0x20613e47a5c9bfcde4aa5332864f6f983e1e090555146a19bc40129532a7b273
0x4838b106fce9647bdf1e7877bf73ce8b0bad5f97,0x388c818ca8b9251b393131c08a736a67ccb19297,0.02055117875037754,2023-04-08T07:06:11+00:00,0x785f30e7edf083c59df3d90ff5cf27cee7ce6ea5bf5fc60df607a0d5cb7a6fde
0x4838b106fce9647bdf1e7877bf73ce8b0bad5f97,0xe688b84b23f322a994a53dbf8e15fa82cdb71127,0.008509814286001277,2023-04-08T07:16:47+00:00,0xa1ba707dbff3c41cab871a1df2381abf5b654f44c121bec5fdf35ea91a37050f
0x4838b106fce9647bdf1e7877bf73ce8b0bad5f97,0x4675c7e5baafbffbca748158becba61ef3b0a263,0.012203166514838987,2023-04-08T07:23:47+00:00,0xdf94acbd83a3fdabb7bd0d7dcb70a8dbed0d06cf6be43583c24398e9b55c03ee
0x4838b106fce9647bdf1e7877bf73ce8b0bad5f97,0xbb3afde35eb9f5feb5377485a3bd18a3eb0fe248,0.016660102904998534,2023-04-08T07:26:11+00:00,0x0f925dd5886159d0170faddbc95c258a40438029acf7bddb9f7ffedf2a542601
0x4838b106fce9647bdf1e7877bf73ce8b0bad5f97,0x388c818ca8b9251b393131c08a736a67ccb19297,0.018896435820377172,2023-04-08T07:30:59+00:00,0xf0b58f99553aa3e34ee668518e29a24d4ba4b745ec81b9497c1627a3c968fbb2
0x4838b106fce9647bdf1e7877bf73ce8b0bad5f97,0x388c818ca8b9251b393131c08a736a67ccb19297,0.010749818176421294,2023-04-08T07:31:23+00:00,0xb911ac80efc754952dbd527bfd6a8b951d568b71ed06ef889ac4f5c55127ea7e
0x4838b106fce9647bdf1e7877bf73ce8b0bad5f97,0x388c818ca8b9251b393131c08a736a67ccb19297,0.02952055028786941,2023-04-08T07:33:11+00:00,0xf5220996ee58f3b80b58b74cdf3ffbc5ec1156146a25a0f5815fc8b962ae50cb
0x4838b106fce9647bdf1e7877bf73ce8b0bad5f97,0xebec795c9c8bbd61ffc14a6662944748f299cacf,0.008495640142670933,2023-04-08T07:42:23+00:00,0x8c863a4b3caacaa48ba5702a17f61aafc29e837e9079a83f24235f91ec8948cc
0x4838b106fce9647bdf1e7877bf73ce8b0bad5f97,0xebec795c9c8bbd61ffc14a6662944748f299cacf,0.013063750225788701,2023-04-08T07:43:47+00:00,0x64f09b0fe26bb2c368ffa3e33a0bd99b0789f2d51d33fa9ee118afa25117b00b
0x4838b106fce9647bdf1e7877bf73ce8b0bad5f97,0x388c818ca8b9251b393131c08a736a67ccb19297,0.026310241017400524,2023-04-08T07:45:59+00:00,0xca6c55ba6a23f6fd37a4a93f39c659df740beff7a413d563384949f997387bee
0x4838b106fce9647bdf1e7877bf73ce8b0bad5f97,0x4675c7e5baafbffbca748158becba61ef3b0a263,0.0093985546470533,2023-04-08T07:48:35+00:00,0x73076cd6c4f52e6d844626308b8bfbbadba8cfc28d43a43772e20cb499aa23ba
0x4838b106fce9647bdf1e7877bf73ce8b0bad5f97,0x58cb0d9d6fa1ebd9b4076a59e7d0471322f7bbb3,0.013532949587671565,2023-04-08T07:49:35+00:00,0xe83bc798e219a65a4d7c61bc5854974f0edfe55c8ba6ed547ed91e55718ab162
0x4838b106fce9647bdf1e7877bf73ce8b0bad5f97,0x388c818ca8b9251b393131c08a736a67ccb19297,0.014854763133525446,2023-04-08T07:49:47+00:00,0x7011d95aade47efd618a08d1ba81a6957f152d2d387ceb7eb4af77865428c301
0x4838b106fce9647bdf1e7877bf73ce8b0bad5f97,0x4675c7e5baafbffbca748158becba61ef3b0a263,0.009762653730545598,2023-04-08T07:52:23+00:00,0x3954df6bd80aa8bcc2e4bbeb558964e31dabc8451a68e20bd5b89f894c943acf
0x4838b106fce9647bdf1e7877bf73ce8b0bad5f97,0x4675c7e5baafbffbca748158becba61ef3b0a263,0.04568685134055244,2023-04-08T08:01:59+00:00,0xaad3725170a26f0c6798a1b275dda2d71888d100327da8a6e16772a5cc98a076
0x4838b106fce9647bdf1e7877bf73ce8b0bad5f97,0x388c818ca8b9251b393131c08a736a67ccb19297,0.008916058572807976,2023-04-08T08:06:59+00:00,0x5c437a13130ebd695b5f82e0ad01ea1524be24dcd12e17d8c22251a8d38c25c2
0x4838b106fce9647bdf1e7877bf73ce8b0bad5f97,0x275fe773c0c1460b2affb2ca945bd97b2465810c,0.008097184435034963,2023-04-08T08:11:59+00:00,0xbcd0564577b304348ac959329fda246c6d64fc4b6976b3718ba55ddcde838179
0x4838b106fce9647bdf1e7877bf73ce8b0bad5f97,0x388c818ca8b9251b393131c08a736a67ccb19297,0.010765088209888262,2023-04-08T08:27:35+00:00,0xe9afa9c55be04b2e8eda1f3ce71a08c11f7206cb7bd453d2613380dc0f8527d3
0x4838b106fce9647bdf1e7877bf73ce8b0bad5f97,0x0077732907bfc6208933cfd2a51afb8f33ca5958,0.009633583780599248,2023-04-08T08:37:59+00:00,0x429ed524511de2df983820d290974d7ced3a1ca8d5c7e8768d44d86e6c6c3cf0
0x4838b106fce9647bdf1e7877bf73ce8b0bad5f97,0x4675c7e5baafbffbca748158becba61ef3b0a263,0.01186026761204873,2023-04-08T08:39:35+00:00,0xb23b831d54a7b86219f7f7a64dbc484dd4d286bcac5dbd937d4a6e790f550069
0x4838b106fce9647bdf1e7877bf73ce8b0bad5f97,0x4675c7e5baafbffbca748158becba61ef3b0a263,0.011880909812746377,2023-04-08T08:43:59+00:00,0x713425060c34838322e9763e8247a023cf75905d05a957f2f48c31b019c431c5
0x4838b106fce9647bdf1e7877bf73ce8b0bad5f97,0x0038598ecb3b308ebc6c6e2c635bacaa3c5298a3,0.013548219937231905,2023-04-08T09:03:59+00:00,0x3f0ce963bdd9e117ccd9573e0a2f835cba34c4af544fe8436732f4f37bce518e
0x4838b106fce9647bdf1e7877bf73ce8b0bad5f97,0x4675c7e5baafbffbca748158becba61ef3b0a263,0.017687294507527814,2023-04-08T09:06:11+00:00,0xf146468bdaced5531ce8d07c40623266a2364c93601d4d82d48da0eb290fe1e0
0x4838b106fce9647bdf1e7877bf73ce8b0bad5f97,0x2b3b7a6025da6238b86567c0c8f48e3272ed0aa2,0.02700544154659396,2023-04-08T09:17:59+00:00,0xfaf26dd2d39ba5d80ef376214ab4479cff4fa2db5a575bc8af248b6ae1c5bb3f
0x4838b106fce9647bdf1e7877bf73ce8b0bad5f97,0x04cc45cea9a1dbfe76f70cbfdfc42df76d188a8e,0.01954126938003124,2023-04-08T09:22:59+00:00,0x41e065027275d2b4799a1271610ceb8d4e0da99f4132118b268087d92803c8d2
0x4838b106fce9647bdf1e7877bf73ce8b0bad5f97,0x4675c7e5baafbffbca748158becba61ef3b0a263,0.01248032396157412,2023-04-08T09:25:11+00:00,0xefba299696f82ad9e1c83a25713d759f11f1dd5224a84014eef38646583e81e8
0x4838b106fce9647bdf1e7877bf73ce8b0bad5f97,0x388c818ca8b9251b393131c08a736a67ccb19297,0.010051937015726545,2023-04-08T09:30:35+00:00,0x06f501dd7b7cda94a1e1335f5dab83706788e913a0e29ccafd4b8b3cccbcea76
0x4838b106fce9647bdf1e7877bf73ce8b0bad5f97,0x4675c7e5baafbffbca748158becba61ef3b0a263,0.026264959864273824,2023-04-08T09:32:35+00:00,0xf4d6de5f660c1d5c11091b4ea3a9895275c2557d5140fc278b1d8417eab2ea1e
0x4838b106fce9647bdf1e7877bf73ce8b0bad5f97,0x84f1343c8c8e57abe893de8fda5b60fa6f0eeae0,0.040544360706354664,2023-04-08T09:46:35+00:00,0x67260c0f1102fb67ef56a405ae45ee77b9e12b4d969c8ab748a7994c0de1039c
0x4838b106fce9647bdf1e7877bf73ce8b0bad5f97,0xf0bafd58e23726785a1681e1dea0da15cb038c61,0.01248330976779147,2023-04-08T09:48:11+00:00,0xf85e82aa40e719ca38b46a9154002e5b3f2d4cea590ff71f2aaa04d97f87897e
0x4838b106fce9647bdf1e7877bf73ce8b0bad5f97,0xe0870f8ff88b612bd5fbfb41e49ecbd9c6ff42b2,0.007690127614924668,2023-04-08T09:53:59+00:00,0x2a5dcb56a1cd5aa59d579976dacbde485081ca3f4dec32dc28569248b84a8f36
0x4838b106fce9647bdf1e7877bf73ce8b0bad5f97,0x4675c7e5baafbffbca748158becba61ef3b0a263,0.012918327619854304,2023-04-08T09:56:47+00:00,0x14ec0b24f78fc50ef9f1a335591de5a9c8a516e1818f861aba76f663bc9307b6
0x4838b106fce9647bdf1e7877bf73ce8b0bad5f97,0x566970b7aa24da5db6aa8ce924db9fc16dd71aff,0.006541325721441212,2023-04-08T09:58:59+00:00,0xa42aa1fcb8fcb2c02d38dddd727a6eafa3066dbbc30f3eed981c8c9b982b8ba1
0x4838b106fce9647bdf1e7877bf73ce8b0bad5f97,0x388c818ca8b9251b393131c08a736a67ccb19297,0.011190848363879763,2023-04-08T10:01:47+00:00,0x3c105eeebae2d5647b83d4b47fa64eda46bd48461e5d4d62ee7da401f1bcf735
0x4838b106fce9647bdf1e7877bf73ce8b0bad5f97,0x4675c7e5baafbffbca748158becba61ef3b0a263,0.04062581036048509,2023-04-08T10:03:47+00:00,0x85f0a26b7dfe340b08b07031734f6be7efa0df52f4d755269e872b1be2f12af6
0x4838b106fce9647bdf1e7877bf73ce8b0bad5f97,0xbc3f349cb562ef987f5a6def2acd2e149ea41bf0,0.006854706082171086,2023-04-08T10:06:23+00:00,0xe6df177421b1fc4c288566315d832c12cf2d65009179f0c74d03a14c4d1cba2b
0x4838b106fce9647bdf1e7877bf73ce8b0bad5f97,0x0d22e6a9a418f04b8b6296878439f68fa5abfac6,0.022417670207191934,2023-04-08T10:11:47+00:00,0x37c98b07fea0ce6b18ffce9ce70fdee2579b8578c4093dafc745a29416bd5541
0x4838b106fce9647bdf1e7877bf73ce8b0bad5f97,0x2990555a8139b4b4bbf8ebcbcf9eccd763727088,0.011203926800826549,2023-04-08T10:14:23+00:00,0xfe9cbc3e5253e58d16c6d5b562b6e41bf6e0e39f9ee33c91d0c5e61661707565
0x4838b106fce9647bdf1e7877bf73ce8b0bad5f97,0x4675c7e5baafbffbca748158becba61ef3b0a263,0.018425485365080266,2023-04-08T10:29:23+00:00,0xdadbb7a9ee105c0ff4d298e719cf1207e9ceef1332e1f16b574b3c146ea73393
0x4838b106fce9647bdf1e7877bf73ce8b0bad5f97,0xade4a1e54a0efa7c0557e8fdecc714f716ed0be6,0.010611057484190762,2023-04-08T10:29:35+00:00,0x16e523e195e63f9f08b3c9e7ba8c1f089f155306224ddce706e7a5a00397be27
0x4838b106fce9647bdf1e7877bf73ce8b0bad5f97,0x388c818ca8b9251b393131c08a736a67ccb19297,0.02700813047327571,2023-04-08T10:30:23+00:00,0x6557c44e2eb9fd7486a3f86eab9dda02249232df199b1b0fa89e4ae44fc6ed87
0x4838b106fce9647bdf1e7877bf73ce8b0bad5f97,0x7a2b06e9517257b7ba8689138b54b01585757515,0.01807730042362223,2023-04-08T10:33:11+00:00,0xb8077e8f38f5129c0c5a8e3a66db5868ebd781cea61f5052bebae0c06c6b18f3
0x4838b106fce9647bdf1e7877bf73ce8b0bad5f97,0x388c818ca8b9251b393131c08a736a67ccb19297,0.009958810054090965,2023-04-08T10:34:23+00:00,0xd0bf4795aa96ce5c6ca2b0f4551ef94f7699bbc803f29b193c8f24c072f3fc5e
0x4838b106fce9647bdf1e7877bf73ce8b0bad5f97,0x4675c7e5baafbffbca748158becba61ef3b0a263,0.005724398157046557,2023-04-08T10:39:11+00:00,0x94eb33ada30101b726369868ee131f956ef42aed12580eecfb06cb06af05d1ca
0x4838b106fce9647bdf1e7877bf73ce8b0bad5f97,0x4675c7e5baafbffbca748158becba61ef3b0a263,0.02097202680142853,2023-04-08T10:42:35+00:00,0x8d387247335701af135479c0aa8222ddee5de0838714d626dd1587eead474580
0x4838b106fce9647bdf1e7877bf73ce8b0bad5f97,0xadae1798f761fa7fce29b6673d453d1a48a2931a,0.013708254051669316,2023-04-08T10:45:47+00:00,0xcd6766e8a7f96ee10870a1186ad6c568aef121a3e2edb6da065e1d9b19252308
0x4838b106fce9647bdf1e7877bf73ce8b0bad5f97,0xebec795c9c8bbd61ffc14a6662944748f299cacf,0.007077601602182793,2023-04-08T10:55:35+00:00,0x9dcb4bf74d371ed3b54144e078339734c23b2ff55eaea858d7d1e706422d64de
0x4838b106fce9647bdf1e7877bf73ce8b0bad5f97,0x388c818ca8b9251b393131c08a736a67ccb19297,0.011406537730378363,2023-04-08T11:47:11+00:00,0x07bdebb3baca88741331b4b432632cf4324d23107f629661d8a6153bbd7ffda1
0x4838b106fce9647bdf1e7877bf73ce8b0bad5f97,0xcad48312a3b004209ade8df639dbeeff63c1f95d,0.015470088222370785,2023-04-08T12:27:35+00:00,0xfb1e8011bd3679ae1fa097bf15cc06c0a0996f18186177aebee57033152de55d
0x4838b106fce9647bdf1e7877bf73ce8b0bad5f97,0x388c818ca8b9251b393131c08a736a67ccb19297,0.021571982635079433,2023-04-08T16:40:35+00:00,0x7391856ff55db8ec5c77098acd9c7912478b367abe4097797fe4d0c7d0d615ee
0x4838b106fce9647bdf1e7877bf73ce8b0bad5f97,0x388c818ca8b9251b393131c08a736a67ccb19297,0.03605236571702808,2023-04-08T19:21:23+00:00,0x5c46999d1b9eafd6842b207ab96d0ef7c7600c8ffa87f7f2c33a9e0ba560eac6
0x4838b106fce9647bdf1e7877bf73ce8b0bad5f97,0xe887312c0595a10ac88e32ebb8e9f660ad9ab7f7,0.016131231025549676,2023-04-08T20:51:59+00:00,0xb9ca896c284878daecabdf6f78a781e978443deeaf8bfe214a020b8801360ab7
0x4838b106fce9647bdf1e7877bf73ce8b0bad5f97,0xe887312c0595a10ac88e32ebb8e9f660ad9ab7f7,0.012759417138333508,2023-04-08T20:53:59+00:00,0x7a4139bfc9fe4cfc387e4a62e41c5bcd4e8dfa846beeb41689bf5b52d2b0ba96
0x4838b106fce9647bdf1e7877bf73ce8b0bad5f97,0x388c818ca8b9251b393131c08a736a67ccb19297,0.01755456161770033,2023-04-08T21:26:59+00:00,0xde08277f317a55108e4f07a311492649c42ff311b15b44458b75cdd2d8bfc45d
0x4838b106fce9647bdf1e7877bf73ce8b0bad5f97,0x388c818ca8b9251b393131c08a736a67ccb19297,0.024537548860519533,2023-04-08T22:14:59+00:00,0x5b0dc6852b086185baee4ed0b42521f2f291572a1cb6ee0c03887dabbd2625ff
0x4838b106fce9647bdf1e7877bf73ce8b0bad5f97,0xfb89a9cafa6edbb75afef66ef90f282c6259f449,0.028194257205910733,2023-04-08T22:59:23+00:00,0xd373688d035b8d0b5561829d97d9cddcbcf22e9dc2d41c5dafb7a882d9e43ce5
0x4838b106fce9647bdf1e7877bf73ce8b0bad5f97,0xcbfa884044546d5569e2abff3fb429301b61562a,0.012037050190402306,2023-04-08T23:21:59+00:00,0x8a2b532e8f896d1e891626f94e289b7b0ec495db8a6c69d4d4f3a3e6b439c826
0x4838b106fce9647bdf1e7877bf73ce8b0bad5f97,0x4675c7e5baafbffbca748158becba61ef3b0a263,0.012542535404873703,2023-04-08T23:22:47+00:00,0x90db91354d0e92b06616342463b7ae85923677038e14abb09b3c44b2bedf9f76
0x4838b106fce9647bdf1e7877bf73ce8b0bad5f97,0x388c818ca8b9251b393131c08a736a67ccb19297,0.009359216640982177,2023-04-08T23:24:47+00:00,0x28561e289cd83cd833acb4c379dff5f44d50c99c226c981dce6353dfea1a5dfe
0x4838b106fce9647bdf1e7877bf73ce8b0bad5f97,0x1cedc0f3af8f9841b0a1f5c1a4ddc6e1a1629074,0.019705698198883372,2023-04-08T23:34:23+00:00,0x2e812d99364526a18534a7be0c9551fa343d00e715ebe1417fa33f2a4df50429
0x4838b106fce9647bdf1e7877bf73ce8b0bad5f97,0x388c818ca8b9251b393131c08a736a67ccb19297,0.00877967688514858,2023-04-08T23:35:23+00:00,0x5d8a820e11ca763c35f9ca514f2fcb2ffc398ebfac894ed70eb1cb06fed76b3e
0x4838b106fce9647bdf1e7877bf73ce8b0bad5f97,0x4e71f9debec9117f1facc7eeb490758af45806a7,0.010219349091968435,2023-04-08T23:58:59+00:00,0xb95e608e0bde5c9ef966d614f8ab1ab6938f8acfa575b689b2b5f79659b15306
0x4838b106fce9647bdf1e7877bf73ce8b0bad5f97,0xebec795c9c8bbd61ffc14a6662944748f299cacf,0.01661779565065046,2023-04-08T23:59:23+00:00,0xa60021111758df793b79ebd7b5da01d7002861c8f7635aa5576ae97b0e9e667d
0x4838b106fce9647bdf1e7877bf73ce8b0bad5f97,0xffee087852cb4898e6c3532e776e68bc68b1143b,0.016539601726029016,2023-04-09T00:02:47+00:00,0x6d99f398cb2adaf272cdba92b9b92336ee4894b3fd83ab78d6d1b2a8fee8cee6
0x4838b106fce9647bdf1e7877bf73ce8b0bad5f97,0x388c818ca8b9251b393131c08a736a67ccb19297,0.011548502590189231,2023-04-09T00:44:47+00:00,0x1be6cbb8ffb822db287c57bd97b7653f232592cc3bbb178143589f18e27e9d44
0x4838b106fce9647bdf1e7877bf73ce8b0bad5f97,0xf8636377b7a998b51a3cf2bd711b870b3ab0ad56,0.01664518802192788,2023-04-09T01:14:11+00:00,0xd3d11e080dff8d6b34051813cb7e8851c046a7f7010c0eccba89473f4a7d4fa6
0x4838b106fce9647bdf1e7877bf73ce8b0bad5f97,0x4675c7e5baafbffbca748158becba61ef3b0a263,0.011006672839668314,2023-04-09T01:25:47+00:00,0x98a8d5e586a2219cdd384ef37bdae2b0551cccac4fe4cf189f57ef7547c4c75b
0x4838b106fce9647bdf1e7877bf73ce8b0bad5f97,0x92afc3f35f367a15933dd8638dae2b475d2e4783,0.010634461374599226,2023-04-09T01:27:47+00:00,0x640b531fcbdfa98d9d767edf44145ff9e61fca23db58bb0a1da8a39444497a54
0x4838b106fce9647bdf1e7877bf73ce8b0bad5f97,0xe887312c0595a10ac88e32ebb8e9f660ad9ab7f7,0.008213869633359011,2023-04-09T01:30:23+00:00,0xae59d382e597464a70667268ddac01e5adb2d6fad5424a6879661a92c5245d8f
0x4838b106fce9647bdf1e7877bf73ce8b0bad5f97,0x6d2e03b7effeae98bd302a9f836d0d6ab0002766,0.011816770319792815,2023-04-09T01:34:47+00:00,0x3a0f4eec19538a69c168929f9d9e71fbaa4116e5bc2303f25a15dddd9cb3878c
0x4838b106fce9647bdf1e7877bf73ce8b0bad5f97,0x55dc84d342c16d811023709a92fb35557c1a75ab,0.01778541558982835,2023-04-09T01:42:47+00:00,0xc9af7fadf19488df281d28667f2eddd1820b4db880a2b3ea3248650a903770c3
0x4838b106fce9647bdf1e7877bf73ce8b0bad5f97,0xde12c3d2257fc9bb1c1a00d409f292eecd55ffaf,0.010527123425662525,2023-04-09T01:49:47+00:00,0xf4c403031d51c726dfdfe44c665fcdb30905eb55dc99d1a25567ca8de38ffd81
0x4838b106fce9647bdf1e7877bf73ce8b0bad5f97,0xd4e96ef8eee8678dbff4d535e033ed1a4f7605b7,0.03512364178183609,2023-04-09T01:51:23+00:00,0xf73353355c94092426116aa4ffa46baee79f96e3ca4c0476f17671a1258e291f
0x4838b106fce9647bdf1e7877bf73ce8b0bad5f97,0x388c818ca8b9251b393131c08a736a67ccb19297,0.016560024613022004,2023-04-09T01:52:59+00:00,0x795614b844d2bc8ca6bb16c2098c99e3b36c7b0bde2e549f24fce07b800243b3
0x4838b106fce9647bdf1e7877bf73ce8b0bad5f97,0xba401cdac1a3b6aeede21c9c4a483be6c29f88c5,0.006446259858559274,2023-04-09T02:14:11+00:00,0xb366aa98687d8e622e93d0f89c3d949acf125be0bbc65a5c73988e04c03e7829
0x4838b106fce9647bdf1e7877bf73ce8b0bad5f97,0x388c818ca8b9251b393131c08a736a67ccb19297,0.04419041028551119,2023-04-09T02:17:11+00:00,0x589ce76c21bc88b01cf637438cba4142e0e7456914b8344de0ecb92465d4901c
0x4838b106fce9647bdf1e7877bf73ce8b0bad5f97,0xcbfa884044546d5569e2abff3fb429301b61562a,0.008895174952886291,2023-04-09T02:19:47+00:00,0xb4487796a8e6e2d4cb177d6ad5bb5064208a6207b8845ddc294c4be4826e9512
0x4838b106fce9647bdf1e7877bf73ce8b0bad5f97,0x388c818ca8b9251b393131c08a736a67ccb19297,0.03486186974970803,2023-04-09T02:21:35+00:00,0x05ca1589c133ed6acd79f66f5febf5a6f96dad49df5fdac34885c6aa60d768f0
0x4838b106fce9647bdf1e7877bf73ce8b0bad5f97,0x388c818ca8b9251b393131c08a736a67ccb19297,0.00788410330095508,2023-04-09T02:28:11+00:00,0x7c745bc3061a3c2c000575b48769c5027bc108626475a68784ea2ff5279f3b91
0x4838b106fce9647bdf1e7877bf73ce8b0bad5f97,0x388c818ca8b9251b393131c08a736a67ccb19297,0.009897802746255511,2023-04-09T02:45:23+00:00,0x8d78c27db9991bc17248fe08f8a809211f63463ea66037dea525cd40f8324cee
0x4838b106fce9647bdf1e7877bf73ce8b0bad5f97,0x4675c7e5baafbffbca748158becba61ef3b0a263,0.017113613094216204,2023-04-09T03:04:59+00:00,0x88c95d2bf29055dfd36bdafeeebcb7fb9eb2f62f43c000187035d06c6388ec0f
0x4838b106fce9647bdf1e7877bf73ce8b0bad5f97,0x388c818ca8b9251b393131c08a736a67ccb19297,0.017096977086485728,2023-04-09T03:08:11+00:00,0x0cae062b10d4e9afd5e95eda7b2240807d24887f97c54fa552254518803c9328
0x4838b106fce9647bdf1e7877bf73ce8b0bad5f97,0xf0bafd58e23726785a1681e1dea0da15cb038c61,0.012380025387737173,2023-04-09T03:08:59+00:00,0xdce25f9c03552b7475365687ba267c037e06e9612f0a42bdd70395c3d9915c85
0x4838b106fce9647bdf1e7877bf73ce8b0bad5f97,0x388c818ca8b9251b393131c08a736a67ccb19297,0.019178563385637348,2023-04-09T03:14:23+00:00,0x520165db1df53eeaeb94bd000a3aab8fabacc6dafe8ae04d8d14a9bc1b946210
0x4838b106fce9647bdf1e7877bf73ce8b0bad5f97,0xe688b84b23f322a994a53dbf8e15fa82cdb71127,0.01865478066439729,2023-04-09T03:21:47+00:00,0xc575c4a8c7271f2929cb60d8b2c2f907f1d9ec9c38c1ebd91e32bf1dd310ca0a
0x4838b106fce9647bdf1e7877bf73ce8b0bad5f97,0xe455036e2f3a26df7014b7dbf6cedbbf81433478,0.008806651880220721,2023-04-09T03:34:59+00:00,0xd88df98a8a0723b6f5028fa219881220515fde2a62ad3fd8592496642788d5d7
0x4838b106fce9647bdf1e7877bf73ce8b0bad5f97,0xd4e96ef8eee8678dbff4d535e033ed1a4f7605b7,0.0122866096497653,2023-04-09T03:45:23+00:00,0x646b6dd5722b68ec6b185eacb3920590be528dfceca01e293709dfaa17c89a95
0x4838b106fce9647bdf1e7877bf73ce8b0bad5f97,0xcba0074a77a3ad623a80492bb1d8d932c62a8bab,0.014309797877166698,2023-04-09T03:45:47+00:00,0xb25cbe5a18af8071e68356d6f54924c3642dd22411c746a09e9ead74c73dc432
0x4838b106fce9647bdf1e7877bf73ce8b0bad5f97,0xfc2df5e44baa6ed18104592664579ee705700160,0.011760330490234781,2023-04-09T03:46:35+00:00,0xc1c636a4d38a677352466e990f8a9000a793be6a5b81c31fcdde87dfd05f1bed
0x4838b106fce9647bdf1e7877bf73ce8b0bad5f97,0x4675c7e5baafbffbca748158becba61ef3b0a263,0.009028173213913209,2023-04-09T03:49:23+00:00,0x5cac213cc0b826a6a487cb34487efdec71efb1a66d1d6ae7ace05ca5ddb5cae2
0x4838b106fce9647bdf1e7877bf73ce8b0bad5f97,0x4675c7e5baafbffbca748158becba61ef3b0a263,0.010612779245292683,2023-04-09T03:50:11+00:00,0x64b508a5b7626167db0b9c26f0363664ee1a8592045b99fff603e8f167f94885
0x4838b106fce9647bdf1e7877bf73ce8b0bad5f97,0x388c818ca8b9251b393131c08a736a67ccb19297,0.035763385978286606,2023-04-09T03:50:59+00:00,0x00d0565f21f465a2de8ba5241ab556beabc9d2efd1b4fbaa047c7c262df2de55
0x4838b106fce9647bdf1e7877bf73ce8b0bad5f97,0x4675c7e5baafbffbca748158becba61ef3b0a263,0.018570734525821243,2023-04-09T03:51:59+00:00,0xda305e26c28b8d8e6802f320843d7a67b4a26eb4a5d001c18652029d4322d8f9
0x4838b106fce9647bdf1e7877bf73ce8b0bad5f97,0x388c818ca8b9251b393131c08a736a67ccb19297,0.011968430304268841,2023-04-09T03:56:11+00:00,0x76ed29cd8d687678761d8ba7843225cada65e37d54a05a0c33ca2c963ddc30e8
0x4838b106fce9647bdf1e7877bf73ce8b0bad5f97,0xebec795c9c8bbd61ffc14a6662944748f299cacf,0.010033234604204183,2023-04-09T04:00:47+00:00,0xe920574faff97e5aa5d88f4c1a84865a3e9ef451b8371847b984ad63d1e3f577
0x4838b106fce9647bdf1e7877bf73ce8b0bad5f97,0x388c818ca8b9251b393131c08a736a67ccb19297,0.01250852977151922,2023-04-09T04:02:47+00:00,0x068d3dd022909e7f76447f53255d6b30a8be38070e9fa8a51b07b455231e15ac
0x4838b106fce9647bdf1e7877bf73ce8b0bad5f97,0x388c818ca8b9251b393131c08a736a67ccb19297,0.01084485188549843,2023-04-09T04:07:59+00:00,0xf4da34005d41734c73bb9110b1dd90c17a5ceb4d4f54f1e4f53ab26962998f13
0x4838b106fce9647bdf1e7877bf73ce8b0bad5f97,0x388c818ca8b9251b393131c08a736a67ccb19297,0.014153566788763994,2023-04-09T04:09:59+00:00,0x05e18db7ab2c9469220a4b03e5dc4c28a417817883b86949e4610af566af2a14
0x4838b106fce9647bdf1e7877bf73ce8b0bad5f97,0x388c818ca8b9251b393131c08a736a67ccb19297,0.03562175160438121,2023-04-09T04:10:47+00:00,0x09e692adb1812236baf6028d836b628f343210436edf46a43a02ae671f97b5fa
0x4838b106fce9647bdf1e7877bf73ce8b0bad5f97,0xcbfa884044546d5569e2abff3fb429301b61562a,0.020564365758765298,2023-04-09T04:11:11+00:00,0x9ea0916141829fff8928e7635d87aa6c1ab921231688b1a19c85b9dd17120ce0
0x4838b106fce9647bdf1e7877bf73ce8b0bad5f97,0x1cedc0f3af8f9841b0a1f5c1a4ddc6e1a1629074,0.010377564421307795,2023-04-09T04:11:59+00:00,0xee5668949632bae42f19842864e4825ecaeff5d80ad2ab94c0bbe3d74ab81294
0x4838b106fce9647bdf1e7877bf73ce8b0bad5f97,0x388c818ca8b9251b393131c08a736a67ccb19297,0.013896409045871663,2023-04-09T04:18:23+00:00,0xdf7e19e45f714ec98b7a2f88c8b72183f43b43459447e54d98a84b8957ca76d1
0x4838b106fce9647bdf1e7877bf73ce8b0bad5f97,0x388c818ca8b9251b393131c08a736a67ccb19297,0.011579072303322188,2023-04-09T04:18:59+00:00,0x354536e3a1753cf6946eee45e7b6b6a29641e82d6eb56f28da3da22b4dab1ee3
0x4838b106fce9647bdf1e7877bf73ce8b0bad5f97,0xe688b84b23f322a994a53dbf8e15fa82cdb71127,0.011328939329129917,2023-04-09T04:26:47+00:00,0x0672525cd5bb4de96adb4fccfa6bd149fcd000ff8486ed9e3e1b266c34ff733c
0x4838b106fce9647bdf1e7877bf73ce8b0bad5f97,0x4675c7e5baafbffbca748158becba61ef3b0a263,0.01295271036933784,2023-04-09T04:30:47+00:00,0x2bb83606ba7781f83e9378de6f6f4259e773addff560d53877b76089ec750caa
0x4838b106fce9647bdf1e7877bf73ce8b0bad5f97,0x388c818ca8b9251b393131c08a736a67ccb19297,0.017232873662838974,2023-04-09T04:31:59+00:00,0xbc46a6441de84d0169e8b20c34db3a25239a128ee08846b0cc2cf509776225c9
0x4838b106fce9647bdf1e7877bf73ce8b0bad5f97,0x1cedc0f3af8f9841b0a1f5c1a4ddc6e1a1629074,0.008409625363020626,2023-04-09T04:32:35+00:00,0x11cb6b652084515eacfea99a026411ec8272437a4cbf1a857308fc64bd707829
0x4838b106fce9647bdf1e7877bf73ce8b0bad5f97,0xe688b84b23f322a994a53dbf8e15fa82cdb71127,0.013399741554885313,2023-04-09T04:33:47+00:00,0x538e5f401bc33db1b5455f83c607a97fde658046a285aafeada3bfe116250058
0x4838b106fce9647bdf1e7877bf73ce8b0bad5f97,0x4675c7e5baafbffbca748158becba61ef3b0a263,0.011316078222949113,2023-04-09T04:34:35+00:00,0xa552095dd4b960cb07e76b588e0bf41e91e9348a5870182c4c001daa5f3e1d70
0x4838b106fce9647bdf1e7877bf73ce8b0bad5f97,0x388c818ca8b9251b393131c08a736a67ccb19297,0.006403312470064586,2023-04-09T04:36:35+00:00,0x805c7400dccb36ea271368db208d4c4103f7fcafcef74b3771e857153fc14d56
0x4838b106fce9647bdf1e7877bf73ce8b0bad5f97,0x6d2e03b7effeae98bd302a9f836d0d6ab0002766,0.008889628088043415,2023-04-09T04:40:23+00:00,0xe7a4a44cbf0d484ff03551f869c0b21132820d5861e87ae699f313a763bca438
0x4838b106fce9647bdf1e7877bf73ce8b0bad5f97,0x388c818ca8b9251b393131c08a736a67ccb19297,0.01577662651497515,2023-04-09T04:42:23+00:00,0x0a96ab296949fb5e4462625427d2c64e13ce82f61e3fd525fd438a245d6f763b
0x4838b106fce9647bdf1e7877bf73ce8b0bad5f97,0x4675c7e5baafbffbca748158becba61ef3b0a263,0.012770486655379044,2023-04-09T04:42:59+00:00,0x256824d313ddc3f79b5e0840c32341073a396de01dc86f69adf5bf20ddb9b912
0x4838b106fce9647bdf1e7877bf73ce8b0bad5f97,0x388c818ca8b9251b393131c08a736a67ccb19297,0.007594752773963837,2023-04-09T04:43:47+00:00,0x09896ec97b1f706ae7b27beac67c29bcf296a0163f73e3c5f484940a686a0d38
0x4838b106fce9647bdf1e7877bf73ce8b0bad5f97,0x08a9a43fca6e4f5478db1abf80119ef01ce36eac,0.021891654510392135,2023-04-09T04:46:59+00:00,0x090b0d2a85394fe278af7756d33b36804f51a940081a72557ce3deae1e8bb521
0x4838b106fce9647bdf1e7877bf73ce8b0bad5f97,0xd11d7d2cb0aff72a61df37fd016ee1bd9f180633,0.01810284681722196,2023-04-09T04:49:11+00:00,0x13793e4a854bad1af1b1aaccc9eb3902a8175b7ea26f6dcaf176751ddf753030
0x4838b106fce9647bdf1e7877bf73ce8b0bad5f97,0x4675c7e5baafbffbca748158becba61ef3b0a263,0.009857606588650352,2023-04-09T04:52:11+00:00,0xc013646473653d46e4e5d94842d3aa7edf7917f262302013dd39378d533e0933
0x4838b106fce9647bdf1e7877bf73ce8b0bad5f97,0x388c818ca8b9251b393131c08a736a67ccb19297,0.012270871085381755,2023-04-09T04:52:47+00:00,0x9ef375ca16ef91999c3e4875183a6e9a585790e875c7b0674ee0414e0189d746
0x4838b106fce9647bdf1e7877bf73ce8b0bad5f97,0x388c818ca8b9251b393131c08a736a67ccb19297,0.00922628468991345,2023-04-09T04:55:23+00:00,0x70ec935ba621688f6df91420975786d7ea563cb68df18f0b63c6b11afc4f2321
0x4838b106fce9647bdf1e7877bf73ce8b0bad5f97,0xf0bafd58e23726785a1681e1dea0da15cb038c61,0.008677299846172336,2023-04-09T05:11:59+00:00,0xf4ca331cc1c5ae14b4b7a087f85ce44ca33a18c95db82a88e3ef4da20308e679
0x4838b106fce9647bdf1e7877bf73ce8b0bad5f97,0x388c818ca8b9251b393131c08a736a67ccb19297,0.010681473899412638,2023-04-09T05:13:47+00:00,0xaf2f607a2b2f3638630ac95ba771c930448ddee91bbe53aaae22f9ba8a8f3cc7
0x4838b106fce9647bdf1e7877bf73ce8b0bad5f97,0x388c818ca8b9251b393131c08a736a67ccb19297,0.016763399258191477,2023-04-09T05:14:23+00:00,0x9803ee64c1fe28e21f38dc861a115f1c74880cebef67abff7d793bb75132e534
0x4838b106fce9647bdf1e7877bf73ce8b0bad5f97,0xebec795c9c8bbd61ffc14a6662944748f299cacf,0.015246997691880345,2023-04-09T05:24:47+00:00,0x51130b1beec5453158a1d9fcd906a080dd951684c3cc32368b02104d84ff35b8
0x4838b106fce9647bdf1e7877bf73ce8b0bad5f97,0xed33259a056f4fb449ffb7b7e2ecb43a9b5685bf,0.0187898547080525,2023-04-09T05:34:11+00:00,0x92d7178bd886eed4d9a195ff52ce102a7a3ddea7b177ea9dd04b942c5898a66f
0x4838b106fce9647bdf1e7877bf73ce8b0bad5f97,0x388c818ca8b9251b393131c08a736a67ccb19297,0.009870895604318893,2023-04-09T05:34:23+00:00,0x0629fcfdfa1904b2abfaa2b57a4af248d006c34d85ec8f9c0b8c120f4f6e0cec
0x4838b106fce9647bdf1e7877bf73ce8b0bad5f97,0x388c818ca8b9251b393131c08a736a67ccb19297,0.016730386856777,2023-04-09T05:40:11+00:00,0xf24861ca574675397199ac28b6c202540478d3eaa18d8a94b4f834e3756665df
0x4838b106fce9647bdf1e7877bf73ce8b0bad5f97,0xab6b4b11378a57933333e4acfdc45567dd78f14e,0.01154980564959276,2023-04-09T05:43:59+00:00,0x50acf64766669a33e81b2a7d471d2c0dcfde556fdddd71e457c679acad094435
0x4838b106fce9647bdf1e7877bf73ce8b0bad5f97,0x4675c7e5baafbffbca748158becba61ef3b0a263,0.010404471464770991,2023-04-09T05:46:47+00:00,0x7d75ae9fb232454698a102dfb4d310aa00b382c2ec1468491e4580aab9e8748d
0x4838b106fce9647bdf1e7877bf73ce8b0bad5f97,0xffee087852cb4898e6c3532e776e68bc68b1143b,0.011352329685216113,2023-04-09T05:53:35+00:00,0x1eaaeec6cab60a4f69ee5a21687ed7fc843786629fe040ae77fc25e25c992b6e
0x4838b106fce9647bdf1e7877bf73ce8b0bad5f97,0x5c95a672e34b3252482ed9a215f2926d2887845d,0.011045641573134557,2023-04-09T05:54:11+00:00,0xf0cadac50747abeec4769ff50272c6521e2caab6032b8d5b7001656a293d1f00
0x4838b106fce9647bdf1e7877bf73ce8b0bad5f97,0x388c818ca8b9251b393131c08a736a67ccb19297,0.007630797381896128,2023-04-09T05:55:23+00:00,0xa433332222854c9599aba98e10ae6d715840afb7cf66deee7ef2fdd31ec24cef
0x4838b106fce9647bdf1e7877bf73ce8b0bad5f97,0xe94f1fa4f27d9d288ffea234bb62e1fbc086ca0c,0.02207069860196763,2023-04-09T05:57:59+00:00,0x634baf3adc585a72f9551b2503451eb68ac823bc05ae538a27f03d9c02c4433b
0x4838b106fce9647bdf1e7877bf73ce8b0bad5f97,0x4675c7e5baafbffbca748158becba61ef3b0a263,0.016361227001874958,2023-04-09T06:13:47+00:00,0xd136990c2d9a62a6e08a6827b37cd887a975577db9355f207a2679fae6188a68
0x4838b106fce9647bdf1e7877bf73ce8b0bad5f97,0xade7f9e2c809309547df9b4215b93f70d7759a87,0.019996217115736205,2023-04-09T06:34:59+00:00,0xff2d45e3b245afc2e96257e21d2e5f3951eb12c616e14a7f265044727a01a9ff
0x4838b106fce9647bdf1e7877bf73ce8b0bad5f97,0x388c818ca8b9251b393131c08a736a67ccb19297,0.010298973558219472,2023-04-09T06:38:23+00:00,0x5dde04ba1c9f0e4b1615687845bb79cf0092f51e18095744e23b1e869f7b0222
0x4838b106fce9647bdf1e7877bf73ce8b0bad5f97,0x4675c7e5baafbffbca748158becba61ef3b0a263,0.008325469106786096,2023-04-09T06:47:35+00:00,0x56c068e73abddebc1e675777050362639b7b366d3b4d15fb962568930e8011db
0x4838b106fce9647bdf1e7877bf73ce8b0bad5f97,0x388c818ca8b9251b393131c08a736a67ccb19297,0.016097120975305582,2023-04-09T06:53:47+00:00,0x6e36ac1d138c97c17d6dfa4074324d3efb0f940a7bb57614372772e5972343e8
0x4838b106fce9647bdf1e7877bf73ce8b0bad5f97,0x4675c7e5baafbffbca748158becba61ef3b0a263,0.017113173318990735,2023-04-09T07:10:47+00:00,0x89a39ce5dbf5e13312bbb958d006a999e9440ee48f99e458be246d0c4a662fd6
0x4838b106fce9647bdf1e7877bf73ce8b0bad5f97,0xebec795c9c8bbd61ffc14a6662944748f299cacf,0.006873558815832075,2023-04-09T07:26:23+00:00,0xf27ac82eb2a4c3d08f807c6b38b8aee4c8080ba9ac9e87d76b17451993d4c987
0x4838b106fce9647bdf1e7877bf73ce8b0bad5f97,0xffd22b84fb1d46ef74ed6530b2635be61340f347,0.010724577669951949,2023-04-09T08:31:11+00:00,0xebef6c42dd656299ae9ae15be7a3df7ed724f8a439e767c4580a23971490cf28
0x4838b106fce9647bdf1e7877bf73ce8b0bad5f97,0x388c818ca8b9251b393131c08a736a67ccb19297,0.013849960594557243,2023-04-09T08:39:35+00:00,0xedaf9db6dfd1ae62f5cfd38b2ad26a7dbbe7f2947b8378b4824b38f3c822085f
0x4838b106fce9647bdf1e7877bf73ce8b0bad5f97,0x388c818ca8b9251b393131c08a736a67ccb19297,0.009983375697606591,2023-04-09T08:39:47+00:00,0x36855d813526802213a055cce49f686593fb6e3a52a8ec0652c0e2abe4d35988
0x4838b106fce9647bdf1e7877bf73ce8b0bad5f97,0x4675c7e5baafbffbca748158becba61ef3b0a263,0.012739155780005906,2023-04-09T08:45:35+00:00,0xc139905425f34a45aabdb530ae3b68188e4d1072cd8efd4f31904704dff52226
0x4838b106fce9647bdf1e7877bf73ce8b0bad5f97,0xe94f1fa4f27d9d288ffea234bb62e1fbc086ca0c,0.009324523390748268,2023-04-09T08:46:47+00:00,0xbd6609aae4de1c31c27b51402ca87cbf6b04b78518fd9942ece4529d4e2fafe2
0x4838b106fce9647bdf1e7877bf73ce8b0bad5f97,0x388c818ca8b9251b393131c08a736a67ccb19297,0.013336757915070841,2023-04-09T08:58:23+00:00,0x8e29f396493565613eaaf188ea70a6978f1ca635d600d6f862e045680d4d9e24
0x4838b106fce9647bdf1e7877bf73ce8b0bad5f97,0x4675c7e5baafbffbca748158becba61ef3b0a263,0.009517761365823137,2023-04-09T09:00:59+00:00,0xf9303f4cdc1ffb7bd3435eddda7e83de8f86a4ea1667c8ac49293b43771906eb
0x4838b106fce9647bdf1e7877bf73ce8b0bad5f97,0x4675c7e5baafbffbca748158becba61ef3b0a263,0.00869125982282621,2023-04-09T09:17:47+00:00,0x7847077cd0876be83ad0670e87a412c088b8e33492a1914963c2f16950eefa61
0x4838b106fce9647bdf1e7877bf73ce8b0bad5f97,0x4675c7e5baafbffbca748158becba61ef3b0a263,0.009685571288830932,2023-04-09T09:28:59+00:00,0x7380b5e93f36def2fda3f029f16e2c5c1a3bb5cb4c921f566c9d612e7da7fc4c
0x4838b106fce9647bdf1e7877bf73ce8b0bad5f97,0x1f1f5d762dd1cf3d52e60718ea3a990e102aa24b,0.022758767842125913,2023-04-09T09:34:59+00:00,0x759ce022cf12acf0b8234af016f5282ee55be25432d676abd3ac611b750dabbd
0x4838b106fce9647bdf1e7877bf73ce8b0bad5f97,0x388c818ca8b9251b393131c08a736a67ccb19297,0.006839632502444309,2023-04-09T09:36:47+00:00,0xe4d7d17bf20797a034ed2545d0b43a1f02b45183c3246897e599bc44eb8eca98
0x4838b106fce9647bdf1e7877bf73ce8b0bad5f97,0x388c818ca8b9251b393131c08a736a67ccb19297,0.011764703659398966,2023-04-09T09:37:11+00:00,0x043b7117c9fe5bb5b9ce4ec714faf454d6c473a16e3ce25fc71f0af38f0b58bd
0x4838b106fce9647bdf1e7877bf73ce8b0bad5f97,0xddf4c5025d1a5742cf12f74eec246d4432c295e4,0.014289640361860083,2023-04-09T09:38:59+00:00,0x81510f9fcaa98bc186fbf11158864503e1d149f3d3b0a876c98ab9a2d6deb9e5
0x4838b106fce9647bdf1e7877bf73ce8b0bad5f97,0xc25a272a4d2ef4c80173187bf69f4238c5b6564f,0.009447589650357751,2023-04-09T09:48:23+00:00,0x6951fa63cee750566570451285caad1d235d1e35a25053e21c66d22591d32ec3
0x4838b106fce9647bdf1e7877bf73ce8b0bad5f97,0x388c818ca8b9251b393131c08a736a67ccb19297,0.009815733527331063,2023-04-09T09:53:59+00:00,0x2aad871ad3b8238e1299dfe9e7c358eee3badc3738538945aaf354070adcba05
0x4838b106fce9647bdf1e7877bf73ce8b0bad5f97,0xe887312c0595a10ac88e32ebb8e9f660ad9ab7f7,0.004361065924104612,2023-04-09T09:58:23+00:00,0xce1577c592e97082b870036b9437b82cdb233b9081702990b54ae17657fd1ea4
0x4838b106fce9647bdf1e7877bf73ce8b0bad5f97,0xffd22b84fb1d46ef74ed6530b2635be61340f347,0.011516589423906229,2023-04-09T09:59:59+00:00,0xa070473dee0db8b5ef97ffdddab8ac4a65c85dbf1b55a805813d1aa3b1f0cc13
0x4838b106fce9647bdf1e7877bf73ce8b0bad5f97,0x388c818ca8b9251b393131c08a736a67ccb19297,0.008841149974261792,2023-04-09T10:03:47+00:00,0x0d95a4a5cdce882c54f8c3f38b3284f5bd2c6361596df68c9e50f80662d3c45c
0x4838b106fce9647bdf1e7877bf73ce8b0bad5f97,0x388c818ca8b9251b393131c08a736a67ccb19297,0.007644166718849049,2023-04-09T10:04:47+00:00,0x35e166742d81896afb99df92513e7e6629c0296414b949018c7e550f174b2fdd
0x4838b106fce9647bdf1e7877bf73ce8b0bad5f97,0x4675c7e5baafbffbca748158becba61ef3b0a263,0.015677604276728742,2023-04-09T10:15:35+00:00,0xf3fb0ad88a0f62a873254998f09b58a868ae3075a5333b3d72826528509b500d
0x4838b106fce9647bdf1e7877bf73ce8b0bad5f97,0x4675c7e5baafbffbca748158becba61ef3b0a263,0.014874301585088541,2023-04-09T10:17:35+00:00,0xe372be9fc89ddba035820209ee1c92fb52527388bffb74741473b02e569a0717
0x4838b106fce9647bdf1e7877bf73ce8b0bad5f97,0xebec795c9c8bbd61ffc14a6662944748f299cacf,0.014510180417688551,2023-04-09T10:18:35+00:00,0x6b07488edc38d9b594124a35726354eacf2c95d7bbc3e1747e8977fe59b803d4
0x4838b106fce9647bdf1e7877bf73ce8b0bad5f97,0xebec795c9c8bbd61ffc14a6662944748f299cacf,0.009101449635903413,2023-04-09T10:23:59+00:00,0x949c956179628b608b9def4bd91ab0c53ac38aa33a2fbc6bdc6e72d02cdccdaa
0x4838b106fce9647bdf1e7877bf73ce8b0bad5f97,0x388c818ca8b9251b393131c08a736a67ccb19297,0.02993500710655137,2023-04-09T10:26:47+00:00,0x54dc2870146cc9686e3edf0520c3e8407d66c08f20151a2abe6329ca84bf3680
0x4838b106fce9647bdf1e7877bf73ce8b0bad5f97,0x388c818ca8b9251b393131c08a736a67ccb19297,0.008344626256570235,2023-04-09T10:32:35+00:00,0xdf5271da2595a533219a1b0efbfaec6d6be41b4b7a0166f41af6eedff272cf05
0x4838b106fce9647bdf1e7877bf73ce8b0bad5f97,0x388c818ca8b9251b393131c08a736a67ccb19297,0.00826376614078185,2023-04-09T10:33:35+00:00,0x491aa047e8129e915621e7635626f730f1de1ba61724624e41a70582b4c26b1a
0x4838b106fce9647bdf1e7877bf73ce8b0bad5f97,0x4675c7e5baafbffbca748158becba61ef3b0a263,0.012431495098681224,2023-04-09T10:34:23+00:00,0x11643ff6b891a6f79705b2376c577dfb8c8d20cecce9c147a4ec1bec4c09ed58
0x4838b106fce9647bdf1e7877bf73ce8b0bad5f97,0x4675c7e5baafbffbca748158becba61ef3b0a263,0.009283080702616738,2023-04-09T10:36:23+00:00,0x79ba61995211364080f0dd9421e45dfbb8e69c78c2f814e89b1b49c0b2dbfc70
0x4838b106fce9647bdf1e7877bf73ce8b0bad5f97,0xf8636377b7a998b51a3cf2bd711b870b3ab0ad56,0.016927060110972305,2023-04-09T10:36:59+00:00,0x7dda1426e2d469a3846b79f5c49c69ac1b7ffabf532dbfd33c2be8861eab68bf
0x4838b106fce9647bdf1e7877bf73ce8b0bad5f97,0x388c818ca8b9251b393131c08a736a67ccb19297,0.012057490647904349,2023-04-09T10:40:47+00:00,0x833135e8c8cd5d9cde3effe8642325a884de621da8b539c03ee99fd4c84b938c
0x4838b106fce9647bdf1e7877bf73ce8b0bad5f97,0x388c818ca8b9251b393131c08a736a67ccb19297,0.016928696771829642,2023-04-09T10:41:47+00:00,0x016ec5bb27f8b838b858f1a9b44a0b2714aae84f7b1035e5e727bc4ab43da7c6
0x4838b106fce9647bdf1e7877bf73ce8b0bad5f97,0xebec795c9c8bbd61ffc14a6662944748f299cacf,0.006923617736105893,2023-04-09T10:42:35+00:00,0xdbdc2b6dfec9007f5b270bc94c4864edd943a2ee04fd43c80d011a6bdba3000d
0x4838b106fce9647bdf1e7877bf73ce8b0bad5f97,0xea7459c7e0ce2ce114ee4da948c5d994d6cd7ed1,0.013293926197478457,2023-04-09T10:43:11+00:00,0x0809e378c8b1a4030adcf8ba18d82210435d14ab6feff148ae0831fa6374635a
0x4838b106fce9647bdf1e7877bf73ce8b0bad5f97,0x4675c7e5baafbffbca748158becba61ef3b0a263,0.008645559741589467,2023-04-09T10:46:47+00:00,0xbf62fd5878a32c8a5384c2996ae4e4c59d011296bda02804c71c44b2c6a398b0
0x4838b106fce9647bdf1e7877bf73ce8b0bad5f97,0x388c818ca8b9251b393131c08a736a67ccb19297,0.010050013630835164,2023-04-09T10:47:47+00:00,0x0384f1f65e7cd7fb7ac8f6f5252434d871615d607115d746c04037d35a9b59fd
0x4838b106fce9647bdf1e7877bf73ce8b0bad5f97,0x388c818ca8b9251b393131c08a736a67ccb19297,0.014305067725663622,2023-04-09T10:56:59+00:00,0x8bd6091bc288f43aac8a4b188702c9ad6f759c93b4fc597f6fb56fd5c1d00253
0x4838b106fce9647bdf1e7877bf73ce8b0bad5f97,0x388c818ca8b9251b393131c08a736a67ccb19297,0.013299028104648959,2023-04-09T10:57:47+00:00,0x3132653b88069aef5d635c5f575e127e3692f6dc422d0008da4c4cd955275a33
0x4838b106fce9647bdf1e7877bf73ce8b0bad5f97,0x4675c7e5baafbffbca748158becba61ef3b0a263,0.011848822376332419,2023-04-09T11:16:11+00:00,0xde02d92add561a76aac038c03099fa5286c4b6272fa6b67774daf9418ae5f3e2
0x4838b106fce9647bdf1e7877bf73ce8b0bad5f97,0x8306300ffd616049fd7e4b0354a64da835c1a81c,0.009903506678191254,2023-04-09T11:16:35+00:00,0xe32777f06289ac0a41e40d1d9dadac3726fe21247877d4686335f73e0337301a
0x4838b106fce9647bdf1e7877bf73ce8b0bad5f97,0xddf4c5025d1a5742cf12f74eec246d4432c295e4,0.011406064712541221,2023-04-09T11:16:47+00:00,0x02994a3ef2d85732d630afc4a507d65931ec622fda5f6421af2a8d784316cac3
0x4838b106fce9647bdf1e7877bf73ce8b0bad5f97,0x1cedc0f3af8f9841b0a1f5c1a4ddc6e1a1629074,0.00712790490227595,2023-04-09T11:16:59+00:00,0x2f4109f028f2f23290de368ee3273ba00c1e90c2675a0860f8435e48abfc84d9
0x4838b106fce9647bdf1e7877bf73ce8b0bad5f97,0x388c818ca8b9251b393131c08a736a67ccb19297,0.008839682470055857,2023-04-09T11:19:59+00:00,0x96f43f0a35c7822d9850fa1ba3c0329ca40fab4544b401813b907363b2af7eb3
0x4838b106fce9647bdf1e7877bf73ce8b0bad5f97,0xebec795c9c8bbd61ffc14a6662944748f299cacf,0.025514648975028406,2023-04-09T11:20:11+00:00,0xd99152028d4e840526cb0269dc0eb06b5534c7a12d8cdd40c5bb7b243cd20911
0x4838b106fce9647bdf1e7877bf73ce8b0bad5f97,0x4675c7e5baafbffbca748158becba61ef3b0a263,0.012754767703915197,2023-04-09T11:21:11+00:00,0x5b2b7ea31f4952cf4510eb2503c985f7349a35a05403e2d937a61ebe15d81135
0x4838b106fce9647bdf1e7877bf73ce8b0bad5f97,0x388c818ca8b9251b393131c08a736a67ccb19297,0.010208696958135135,2023-04-09T11:22:35+00:00,0x7be1475740461ed364d0252f21bf2007d7c2bc85c45479bbcaba01ca7a97cddb
0x4838b106fce9647bdf1e7877bf73ce8b0bad5f97,0x388c818ca8b9251b393131c08a736a67ccb19297,0.01419165151711221,2023-04-09T11:23:47+00:00,0xc381985335c1ab969f24e686c2080a9835cc8f8c19489487e3f3fe6a65b9b654
0x4838b106fce9647bdf1e7877bf73ce8b0bad5f97,0xd4e96ef8eee8678dbff4d535e033ed1a4f7605b7,0.028075461530449597,2023-04-09T11:25:35+00:00,0xde323416189465fe3110e344cd2e276ac73e5506ff26e8456fd5c1382ea8467d
0x4838b106fce9647bdf1e7877bf73ce8b0bad5f97,0xcbfa884044546d5569e2abff3fb429301b61562a,0.012535192639083804,2023-04-09T11:27:23+00:00,0x86afcc5ed29f06df9d4fefc400fae15c993ecedaf516769217c1f67729777119
0x4838b106fce9647bdf1e7877bf73ce8b0bad5f97,0x32ddc4d173745a41e428ccf3756b907673301992,0.009403569148615586,2023-04-09T11:30:47+00:00,0x2bb6f2a4f78ea86566afedd06dab3f8a7576944dff714c7b0fc22496205537e0
0x4838b106fce9647bdf1e7877bf73ce8b0bad5f97,0x32ddc4d173745a41e428ccf3756b907673301992,0.008448074356179313,2023-04-09T11:31:59+00:00,0xc58152315f39a11fd6ca68939a61efe4aa6df729dc551409318b9707b218e292
0x4838b106fce9647bdf1e7877bf73ce8b0bad5f97,0xf8636377b7a998b51a3cf2bd711b870b3ab0ad56,0.017405567625021972,2023-04-09T11:35:23+00:00,0xdfb2e7604adc0a72597e759628bab998f0e23afc691db2c0bf4cbfa0894d9044
0x4838b106fce9647bdf1e7877bf73ce8b0bad5f97,0x388c818ca8b9251b393131c08a736a67ccb19297,0.019349114405785635,2023-04-09T11:40:35+00:00,0x591b23511dabd653f0597ba84a419d4af32a3c253e7f2636f18f8e52df66122f
0x4838b106fce9647bdf1e7877bf73ce8b0bad5f97,0x123b9747ede9db10f64e0c5c6fd0f5ac68a0a806,0.014354748250729342,2023-04-09T11:52:11+00:00,0xaf51df6801554cce1fb7938d03785c31b476475b356342dbd5ffb99b9958bb19
0x4838b106fce9647bdf1e7877bf73ce8b0bad5f97,0x388c818ca8b9251b393131c08a736a67ccb19297,0.019936534818633386,2023-04-09T11:54:47+00:00,0xcf22d9d71409f68ac6ecefdfeff449a025c1ee03c052d49979ebf6cb4564382d
0x4838b106fce9647bdf1e7877bf73ce8b0bad5f97,0xed33259a056f4fb449ffb7b7e2ecb43a9b5685bf,0.03357236806890344,2023-04-09T11:57:11+00:00,0x6ecaa7561b233b80c7f17391a1250c49ff2bd53beaa2bca539fe9800028917eb
0x4838b106fce9647bdf1e7877bf73ce8b0bad5f97,0xa8babac2a6d66db720d8271e7a85fb0cb78a5377,0.024110138150434075,2023-04-09T12:02:11+00:00,0xc8a903013273c7cdb4e132da161a2d103ca3de0da594114b1ca1d2dd0e756ef1
0x4838b106fce9647bdf1e7877bf73ce8b0bad5f97,0x4675c7e5baafbffbca748158becba61ef3b0a263,0.008272453754982319,2023-04-09T12:04:47+00:00,0xef70a3310acc643b39410dd13c059b1e5c4f28d9e0511f36016f49c1b2387dd7
0x4838b106fce9647bdf1e7877bf73ce8b0bad5f97,0xe688b84b23f322a994a53dbf8e15fa82cdb71127,0.009205176848785754,2023-04-09T12:28:59+00:00,0xb4fdc75fe4ce39fe8680c211a6ca648727a77fcbc454c723b6f4efd17a886538
0x4838b106fce9647bdf1e7877bf73ce8b0bad5f97,0x388c818ca8b9251b393131c08a736a67ccb19297,0.013757692898238753,2023-04-09T12:54:35+00:00,0x2beb3221c11200c55efeef9d7e4bbfb3c92bd06ffcceab004adad395c545e80e
0x4838b106fce9647bdf1e7877bf73ce8b0bad5f97,0x388c818ca8b9251b393131c08a736a67ccb19297,0.011258045167930749,2023-04-09T12:58:35+00:00,0xb43866799cf6b6fa922e6158f75130274081e0876a5f58b9ff9e4d7b0e8e9330
0x4838b106fce9647bdf1e7877bf73ce8b0bad5f97,0x0077732907bfc6208933cfd2a51afb8f33ca5958,0.009172133644985278,2023-04-09T13:03:11+00:00,0x5030ec8735b3ccbb5afa0395f5dc5a8c690ded65cc5c28b04d41bd2de7466100
0x4838b106fce9647bdf1e7877bf73ce8b0bad5f97,0x4675c7e5baafbffbca748158becba61ef3b0a263,0.010133561546420478,2023-04-09T13:12:11+00:00,0x21ed2032930a96a24893098d0148093e2fb8be810980c97dd012b33e779a09a8
0x4838b106fce9647bdf1e7877bf73ce8b0bad5f97,0x388c818ca8b9251b393131c08a736a67ccb19297,0.02585733788385837,2023-04-09T13:20:59+00:00,0x7655200198883e6697e7e0333bc8f76eac5297210fb44a08cbf28e80db39b832
0x4838b106fce9647bdf1e7877bf73ce8b0bad5f97,0xebec795c9c8bbd61ffc14a6662944748f299cacf,0.012396017098365656,2023-04-09T13:21:47+00:00,0x7004b27272e296c5c69f0e1f2a9f0028af6f8947f3680c1082b53a1f7bace169
0x4838b106fce9647bdf1e7877bf73ce8b0bad5f97,0x388c818ca8b9251b393131c08a736a67ccb19297,0.014598514972153726,2023-04-09T13:28:11+00:00,0x05eabbfaf41fd6918475f43ec8948e4217679bbe3d9d33c33c4174e60c52f50a
0x4838b106fce9647bdf1e7877bf73ce8b0bad5f97,0xdefe33795803f2353c69fd8cdb432f9d5cee6762,0.013381902274943264,2023-04-09T13:42:11+00:00,0xe2540c79019211b6c3acc04d1467846d7328795684bf7b0c79d181c39262e7a0
0x4838b106fce9647bdf1e7877bf73ce8b0bad5f97,0x378cdc4e9e9bccd7aeda011888ecf6a8528271fb,0.008836871910523994,2023-04-09T13:50:47+00:00,0xcd6a647512e2797814c432accad060b95ade0980e5f5759258a1e050b11ce457
0x4838b106fce9647bdf1e7877bf73ce8b0bad5f97,0x388c818ca8b9251b393131c08a736a67ccb19297,0.016761815758160218,2023-04-09T13:51:47+00:00,0xd2633e586fe3f0c193263e939feb6f2e822ca24f7be9ed159a117711edd4723b
0x4838b106fce9647bdf1e7877bf73ce8b0bad5f97,0xe688b84b23f322a994a53dbf8e15fa82cdb71127,0.007434244051648442,2023-04-09T13:56:35+00:00,0x4344941a7709da3e47023a8724e5f19cef3fe2c100db2d7d5b3118fc22531029
0x4838b106fce9647bdf1e7877bf73ce8b0bad5f97,0x388c818ca8b9251b393131c08a736a67ccb19297,0.010299244876047125,2023-04-09T14:03:35+00:00,0x8c06697b0e828fa200002b196b54907599081174ba1a0794c209e6322fd3b599
0x4838b106fce9647bdf1e7877bf73ce8b0bad5f97,0xedc7ec654e305a38ffff3cc3fcb2bd0e7341d64a,0.02320828172298776,2023-04-09T14:07:59+00:00,0x5ebeaaaa33c8b57b3ed8e0c5216663cf49333ff90815e9aad7e52d9bdd2aff37
0x4838b106fce9647bdf1e7877bf73ce8b0bad5f97,0x4675c7e5baafbffbca748158becba61ef3b0a263,0.011757187210115335,2023-04-09T14:25:47+00:00,0x9eaf0d20f6f699fd344c94b413521aff0492c9186d5705fb5d120f6dadf67904
0x4838b106fce9647bdf1e7877bf73ce8b0bad5f97,0x388c818ca8b9251b393131c08a736a67ccb19297,0.012923478923924063,2023-04-09T14:26:59+00:00,0x3fab5f00cb9f646a3dbeac9400c839a4378e443a4c874e7301a30ecceb6d182f
0x4838b106fce9647bdf1e7877bf73ce8b0bad5f97,0xd4e96ef8eee8678dbff4d535e033ed1a4f7605b7,0.01758444941823707,2023-04-09T15:15:11+00:00,0x6f1e5c8217cb1e6607946157a7fd07dff555ddeab5f30960a06b616f3da22e3b
0x4838b106fce9647bdf1e7877bf73ce8b0bad5f97,0xe688b84b23f322a994a53dbf8e15fa82cdb71127,0.02307868042576317,2023-04-09T17:06:11+00:00,0xc386d70d44b5146b540848b5307a54c22eef5e67509c14d3c4d0a60b6fa7557b
0x4838b106fce9647bdf1e7877bf73ce8b0bad5f97,0x388c818ca8b9251b393131c08a736a67ccb19297,0.024849650067650258,2023-04-09T17:22:11+00:00,0xbf278034e46607926c0167d148aa3b507c117fee6bf03f3b864c5f33372f4f86
0x4838b106fce9647bdf1e7877bf73ce8b0bad5f97,0x388c818ca8b9251b393131c08a736a67ccb19297,0.01803517946233495,2023-04-09T18:39:59+00:00,0x11a999e025427cf86639d3d85330e1a60e74e14711dd83051f84c65fb043b6b1
0x4838b106fce9647bdf1e7877bf73ce8b0bad5f97,0xffee087852cb4898e6c3532e776e68bc68b1143b,0.01550260011028297,2023-04-09T18:40:47+00:00,0xb507138cb0226660a539712740ee4a0cbc6345c844d55768488422279ea090b1
0x4838b106fce9647bdf1e7877bf73ce8b0bad5f97,0x388c818ca8b9251b393131c08a736a67ccb19297,0.00599100930475177,2023-04-09T19:28:47+00:00,0x702e86a1909d9c9682462e78bd8be10e5f4eb1583b24b6e23bbe68d17fdc5d90
0x4838b106fce9647bdf1e7877bf73ce8b0bad5f97,0x388c818ca8b9251b393131c08a736a67ccb19297,0.024603531139686035,2023-04-09T20:53:35+00:00,0xb8a4c27edb890105165cead635eb56c9e27d5cdabc98c7b1b08ee30b0172ea6c
0x4838b106fce9647bdf1e7877bf73ce8b0bad5f97,0x48bbf1c68037bf35b0eb090f1b5e0fa52f690502,0.01735210465491679,2023-04-09T20:57:11+00:00,0x0b38ff007118cd7976c6e39dc304b6140128dc6a00231e3230618072d954a892
0x4838b106fce9647bdf1e7877bf73ce8b0bad5f97,0x388c818ca8b9251b393131c08a736a67ccb19297,0.015018203288202263,2023-04-09T21:01:23+00:00,0xaaed04674465dd17e7368a4c896de0bedd3840547aff2dc1d59248e2d7b8b27b
0x4838b106fce9647bdf1e7877bf73ce8b0bad5f97,0xe688b84b23f322a994a53dbf8e15fa82cdb71127,0.008137236576373316,2023-04-09T21:36:59+00:00,0x0950718cc0acf5a94199d0f066369186b005b1e2895d7a0df116843e86f9179d
0x4838b106fce9647bdf1e7877bf73ce8b0bad5f97,0xd4e96ef8eee8678dbff4d535e033ed1a4f7605b7,0.008589417077367757,2023-04-09T21:39:35+00:00,0x13cbae097d625a8d60e3222cd5d15040b846d7fef1c601c915a51a4e0b820549
0x4838b106fce9647bdf1e7877bf73ce8b0bad5f97,0x388c818ca8b9251b393131c08a736a67ccb19297,0.046901406991867164,2023-04-09T21:44:47+00:00,0x7feac152256f123fee0a49b249c8fc1eddf4e77157c62af7434f5f8a54e95fd1
0x4838b106fce9647bdf1e7877bf73ce8b0bad5f97,0xddf4c5025d1a5742cf12f74eec246d4432c295e4,0.013208419847835905,2023-04-09T21:57:11+00:00,0xcdeb98b8b303afc2b0b84eae4050b55df79b6cd0c693ab7345488013e248c679
0x4838b106fce9647bdf1e7877bf73ce8b0bad5f97,0xddf4c5025d1a5742cf12f74eec246d4432c295e4,0.020055681633357622,2023-04-09T22:02:59+00:00,0x935eb2f9d18f8e609c5a1d6154c49f6e85ba2f8dbbb3fb1517a5c879f9ecb800
0x4838b106fce9647bdf1e7877bf73ce8b0bad5f97,0x4675c7e5baafbffbca748158becba61ef3b0a263,0.012683041865405144,2023-04-09T22:21:59+00:00,0x20b539705e9877701ef31a35384869b756c8b4fd58a00bcf0388588059fb726b
0x4838b106fce9647bdf1e7877bf73ce8b0bad5f97,0x388c818ca8b9251b393131c08a736a67ccb19297,0.016896896396329214,2023-04-09T22:44:59+00:00,0xd8a0f7b4ded7c8dfb9f84c019abe9915e29c7372e6cdbd99e10007a0481223f5
0x4838b106fce9647bdf1e7877bf73ce8b0bad5f97,0xe688b84b23f322a994a53dbf8e15fa82cdb71127,0.10438431204632076,2023-04-09T22:47:11+00:00,0x677c7b581e16e11af75bee22fb991d4b0d5964262d7af10d63bd49f0c13a3646
0x4838b106fce9647bdf1e7877bf73ce8b0bad5f97,0x0077732907bfc6208933cfd2a51afb8f33ca5958,0.012367003414918228,2023-04-09T22:49:59+00:00,0x74f40c4ff9a9e8a72d835c33d8a1cca65c9956e9c8135fae0575e39335b75b56
0x4838b106fce9647bdf1e7877bf73ce8b0bad5f97,0xe887312c0595a10ac88e32ebb8e9f660ad9ab7f7,0.011077502319556592,2023-04-09T22:54:47+00:00,0xe14f6f541dc5690da89f3e3afc68b09b04be0803ff5ab32bb743c9c828f2551f
0x4838b106fce9647bdf1e7877bf73ce8b0bad5f97,0x388c818ca8b9251b393131c08a736a67ccb19297,0.017224891157814677,2023-04-09T22:58:11+00:00,0x8cd7784a23501a9f36c3e4adcbe4d9a61fe03f5462a0471ed76f610641978256
0x4838b106fce9647bdf1e7877bf73ce8b0bad5f97,0xebec795c9c8bbd61ffc14a6662944748f299cacf,0.010052198788838144,2023-04-09T23:32:23+00:00,0xbee1c1190db013a1afbd152544ab7280ef27477290d365a3bbcb915d5892e8f0
0x4838b106fce9647bdf1e7877bf73ce8b0bad5f97,0x388c818ca8b9251b393131c08a736a67ccb19297,0.012233833450217904,2023-04-09T23:40:35+00:00,0x4bbf3769664e69175dc05f6e68b3a202445c143eef7093ec35997da7033132ac
0x4838b106fce9647bdf1e7877bf73ce8b0bad5f97,0x388c818ca8b9251b393131c08a736a67ccb19297,0.009937591567303903,2023-04-10T00:17:47+00:00,0x4fd833abd6e6a9040eb1ec2c5427ef41f13e84c3d11e304eda38c89d39c7a6c1
0x4838b106fce9647bdf1e7877bf73ce8b0bad5f97,0x90b0c836a19a74195d45fad2d2d3895a7a3eab08,0.02691850600667918,2023-04-10T00:21:47+00:00,0x80b2b78d194ea1d9a62096e94a59a26d169a2373ea082bbfd3936aab38b21a9e
0x4838b106fce9647bdf1e7877bf73ce8b0bad5f97,0x388c818ca8b9251b393131c08a736a67ccb19297,0.010248487079079252,2023-04-10T00:26:47+00:00,0x0963a837a180ae61935cba2ce8906781765e1634d092efd4f087b6ddb737e6df
0x4838b106fce9647bdf1e7877bf73ce8b0bad5f97,0x4675c7e5baafbffbca748158becba61ef3b0a263,0.010758519471736522,2023-04-10T00:38:59+00:00,0xd50b3ab0b63f916c8015cc81e8728a074f60e062a971b460a60ac537e029ca77
0x4838b106fce9647bdf1e7877bf73ce8b0bad5f97,0xd0d2aba6b826429499c6cdd59157784c9537722a,0.0329104416064012,2023-04-10T00:47:47+00:00,0x33f7e7fb0844d9bce35bc12c9402eb9d56a716bf37c882b8a935d6d57e507a83
0x4838b106fce9647bdf1e7877bf73ce8b0bad5f97,0x13ad787d1f74302c6301ccf725b8688599b06da0,0.007327166012840254,2023-04-10T00:53:23+00:00,0xc636516b9380b8bc3fff8364789eb001f26cbd19691c25ca9460eb3171c994c7
0x4838b106fce9647bdf1e7877bf73ce8b0bad5f97,0x388c818ca8b9251b393131c08a736a67ccb19297,0.009769338742743725,2023-04-10T00:58:23+00:00,0x507f69ade1e7962d804bfbb31e4fb4df3ff518f5a270446f2c2125c2895ac564
0x4838b106fce9647bdf1e7877bf73ce8b0bad5f97,0x1cedc0f3af8f9841b0a1f5c1a4ddc6e1a1629074,0.0150670355083329,2023-04-10T01:03:35+00:00,0x92d9538128d9a3d2eb7c8dfaa32203a97cee25273299f6e6090de0681d64cee8
0x4838b106fce9647bdf1e7877bf73ce8b0bad5f97,0xcad48312a3b004209ade8df639dbeeff63c1f95d,0.024654762807126477,2023-04-10T01:20:35+00:00,0x13cd9f947a61dfda4b517fffea2eb0788083499fd80bb2e4aaf9006e4b63190b
0x4838b106fce9647bdf1e7877bf73ce8b0bad5f97,0x4675c7e5baafbffbca748158becba61ef3b0a263,0.013923837856086035,2023-04-10T01:33:59+00:00,0xf26deb36c624a5afe66255ec066916a630951b59c97f03968c7ed85e9832dae2
0x4838b106fce9647bdf1e7877bf73ce8b0bad5f97,0xebec795c9c8bbd61ffc14a6662944748f299cacf,0.01121449198624022,2023-04-10T01:41:59+00:00,0x51ca60c822ec15c1c8dfe25a5f30bd30a0a5f5ffd5fa70769dbfa3aa1f9b1573
0x4838b106fce9647bdf1e7877bf73ce8b0bad5f97,0xa2d4535b7e453573428943adb160bd69285ad681,0.011658133337048971,2023-04-10T01:50:59+00:00,0x2abe2eebeaa90d63e450672add7606f3ae5452e3e975b58517c2575ea19cab1a
0x4838b106fce9647bdf1e7877bf73ce8b0bad5f97,0x388c818ca8b9251b393131c08a736a67ccb19297,0.019645232866963538,2023-04-10T01:51:47+00:00,0x599198a9b100279ebead361e1339e438a3c86f3c49755f2b9de83df278f9b256
0x4838b106fce9647bdf1e7877bf73ce8b0bad5f97,0x388c818ca8b9251b393131c08a736a67ccb19297,0.027502073616416156,2023-04-10T01:52:47+00:00,0xaff7ad26a4c5d97d83d10af03400f63e531634781e76d8434752c06dc5b96301
0x4838b106fce9647bdf1e7877bf73ce8b0bad5f97,0x388c818ca8b9251b393131c08a736a67ccb19297,0.009714894119647235,2023-04-10T01:55:23+00:00,0x4f03548d9b665d234c00ae8ce24429cae8d5a71daf7d1adab16f44b98b65ae04
0x4838b106fce9647bdf1e7877bf73ce8b0bad5f97,0x388c818ca8b9251b393131c08a736a67ccb19297,0.027175013488204558,2023-04-10T02:23:11+00:00,0x531be7c9d6c582466abc28525feebd42373bc5f6b0d1304a4115d14c6fdc1a01
0x4838b106fce9647bdf1e7877bf73ce8b0bad5f97,0x4675c7e5baafbffbca748158becba61ef3b0a263,0.010915907643728165,2023-04-10T02:28:23+00:00,0xe403d2042dbc9056e51b62732e026261d6ef15f7ad87280910a8b6b7c9cff730
0x4838b106fce9647bdf1e7877bf73ce8b0bad5f97,0xe94f1fa4f27d9d288ffea234bb62e1fbc086ca0c,0.010471581516414563,2023-04-10T02:34:23+00:00,0x2851600c28a4712f383627d9fed9d948f6729efb3be06fea88c5f7e0e930933c
0x4838b106fce9647bdf1e7877bf73ce8b0bad5f97,0x6ead79c8a48374a697f3d22f165d428f7491677d,0.024991648174176886,2023-04-10T02:43:11+00:00,0x9053ffd08dd14275600175db2298bf918171c84c67561589990374a212e1f9a9
0x4838b106fce9647bdf1e7877bf73ce8b0bad5f97,0xebec795c9c8bbd61ffc14a6662944748f299cacf,0.011759230925076391,2023-04-10T02:44:35+00:00,0x02eca255a700b1647a6038146e57f1f9f1a7076cb648622332216996ec45d319
0x4838b106fce9647bdf1e7877bf73ce8b0bad5f97,0x4675c7e5baafbffbca748158becba61ef3b0a263,0.018558868934037676,2023-04-10T02:45:59+00:00,0x2014bbf005856d8825d44cae376ca6ad6e2f294e439b2a300c4c84e6273414ff
0x4838b106fce9647bdf1e7877bf73ce8b0bad5f97,0x388c818ca8b9251b393131c08a736a67ccb19297,0.021679114054892822,2023-04-10T02:46:11+00:00,0x18f18a3c8b9e76e18bab9c2b3552a8f91cc1faa93252abe5788b5a772606e85a
0x4838b106fce9647bdf1e7877bf73ce8b0bad5f97,0x388c818ca8b9251b393131c08a736a67ccb19297,0.012691922875611788,2023-04-10T02:48:11+00:00,0xb99a89d4984d50a184896dd9ec07a871a3c34fafdc3e8938fd6dd831181c6950
0x4838b106fce9647bdf1e7877bf73ce8b0bad5f97,0x4675c7e5baafbffbca748158becba61ef3b0a263,0.006289585397218087,2023-04-10T02:51:59+00:00,0xc71e0392b0d9839db47ce129ededca1df26a9b022c1bb9962a0961fdff9b1073
0x4838b106fce9647bdf1e7877bf73ce8b0bad5f97,0x4675c7e5baafbffbca748158becba61ef3b0a263,0.010191523630603725,2023-04-10T02:57:59+00:00,0xc93935260ee036f6d45f4a2620e673cdd4f4f4cb874164a6de9cadc0e50f063b
0x4838b106fce9647bdf1e7877bf73ce8b0bad5f97,0x388c818ca8b9251b393131c08a736a67ccb19297,0.012516207816458578,2023-04-10T02:59:23+00:00,0xf81417865aadccb06680b6c11e6c78444c0fa597922bc56466fa49dc540a0460
0x4838b106fce9647bdf1e7877bf73ce8b0bad5f97,0xebec795c9c8bbd61ffc14a6662944748f299cacf,0.015415833977308693,2023-04-10T03:04:35+00:00,0x884df124df2a4b685c2d9b24e99b37329aa2ea75a1594e2a75125c389526e242
0x4838b106fce9647bdf1e7877bf73ce8b0bad5f97,0xebec795c9c8bbd61ffc14a6662944748f299cacf,0.01017703217999013,2023-04-10T03:04:59+00:00,0x18abd2ca88083f4e3972bf317076fef19c9ba8ed4093c295498fbb51d4b8eafb
0x4838b106fce9647bdf1e7877bf73ce8b0bad5f97,0x388c818ca8b9251b393131c08a736a67ccb19297,0.010597029777071054,2023-04-10T03:07:23+00:00,0xbc12e3486ab1251738002e25b291eb8f0d1e0bc6baef514433d7430fd9464363
0x4838b106fce9647bdf1e7877bf73ce8b0bad5f97,0xebec795c9c8bbd61ffc14a6662944748f299cacf,0.009983316838339782,2023-04-10T03:11:11+00:00,0xc77133e79f03b610d1a7d3186990cb35646fa1f7580c4b06db0853f30de6caa4
0x4838b106fce9647bdf1e7877bf73ce8b0bad5f97,0xebec795c9c8bbd61ffc14a6662944748f299cacf,0.010563841374035833,2023-04-10T03:11:47+00:00,0xef5a55f43bf808181fcbbd503f99371bc95dddf96e74148278882aa76f5c5c84
0x4838b106fce9647bdf1e7877bf73ce8b0bad5f97,0x6d2e03b7effeae98bd302a9f836d0d6ab0002766,0.017496501099057208,2023-04-10T03:17:47+00:00,0xb687e22b9873c54b62f785aeed94d4dad9298ae26dfc2f96b0a1e5e800ed6fd9
0x4838b106fce9647bdf1e7877bf73ce8b0bad5f97,0xcbfa884044546d5569e2abff3fb429301b61562a,0.009180699147081988,2023-04-10T03:19:23+00:00,0x1faa2bb5ca587bd230f52ca06e0e6e8ee6c33bf915cbd388d56f747bef5419c7
0x4838b106fce9647bdf1e7877bf73ce8b0bad5f97,0x2eeb301387d6bda23e02fa0c7463507c68b597b5,0.021296885375439795,2023-04-10T03:39:47+00:00,0xb4a771a0d3da80b560468d28e22ade367703ec8c10dbbb64284c3d85256e0810
0x4838b106fce9647bdf1e7877bf73ce8b0bad5f97,0x2e08451b79a01cda253811e45719ceb42640c20d,0.017973279483914775,2023-04-10T03:47:11+00:00,0xf0efa133e7ccdce66192b347329057fa45310e006b48f4e18594297b664177ff
0x4838b106fce9647bdf1e7877bf73ce8b0bad5f97,0x388c818ca8b9251b393131c08a736a67ccb19297,0.014816649189244916,2023-04-10T03:52:59+00:00,0xf2c378ffe89c2642c44eba57ebf9ea55cf17a011aebf67de6f6f5e47875a1434
0x4838b106fce9647bdf1e7877bf73ce8b0bad5f97,0x388c818ca8b9251b393131c08a736a67ccb19297,0.04178267369018619,2023-04-10T03:57:23+00:00,0x2153758cf5dc59be81c0d63c37932766984dd71c1682d4d50101e32ece579f37
0x4838b106fce9647bdf1e7877bf73ce8b0bad5f97,0xebec795c9c8bbd61ffc14a6662944748f299cacf,0.08581069023537631,2023-04-10T04:09:35+00:00,0x3638e371f15e146cf2021ae2512685401afcc430436d91276d1e3126f01bd28f
0x4838b106fce9647bdf1e7877bf73ce8b0bad5f97,0xaa6383ac7ace81f5259b7a8b9e96ceeaad360edc,0.009646928223160125,2023-04-10T04:13:35+00:00,0xa68e0404b2fcfe8ffb7f03fc6ab6a4fcf0e7f66300ed0b374de4d345573c72e8
0x4838b106fce9647bdf1e7877bf73ce8b0bad5f97,0x388c818ca8b9251b393131c08a736a67ccb19297,0.011994530994522494,2023-04-10T04:20:23+00:00,0x3c8c4f18e99627b11bd3b84bf3aad799632fa733119a85d7f5b3b4aeeb45ae86
0x4838b106fce9647bdf1e7877bf73ce8b0bad5f97,0xebec795c9c8bbd61ffc14a6662944748f299cacf,0.028115399261973723,2023-04-10T04:23:35+00:00,0xf97e2a25d26a916313b6cc5f2275ce0220f20d90a2818e94bbbe9668194a160f
0x4838b106fce9647bdf1e7877bf73ce8b0bad5f97,0xe887312c0595a10ac88e32ebb8e9f660ad9ab7f7,0.010918958623611946,2023-04-10T04:27:59+00:00,0x96066df7941a9cd2bea51f4b1920467d31956dd4bea5670e4c66e51cfa028c96
0x4838b106fce9647bdf1e7877bf73ce8b0bad5f97,0xe688b84b23f322a994a53dbf8e15fa82cdb71127,0.020687654258445102,2023-04-10T04:30:47+00:00,0x7e149f2bdfa25ca3a136a072bcc76de79feaa0ebede9a621b7590ec3d99d3098
0x4838b106fce9647bdf1e7877bf73ce8b0bad5f97,0x6d2e03b7effeae98bd302a9f836d0d6ab0002766,0.015603761460919945,2023-04-10T04:33:59+00:00,0xdbe27b0f45c46ba318539f4ecf4bc00afb3a42c19fcab74a6bec36420b391d71
0x4838b106fce9647bdf1e7877bf73ce8b0bad5f97,0x301407427168fb51bcc927b9fb76dcd88fe45681,0.028063569119230886,2023-04-10T04:34:23+00:00,0xeea760c9a656549aef7c754f56927ea85271e0f6d6374fde0fda26bd7bbda172
0x4838b106fce9647bdf1e7877bf73ce8b0bad5f97,0xebec795c9c8bbd61ffc14a6662944748f299cacf,0.011760674730836878,2023-04-10T04:35:59+00:00,0x0c6380630ade0392e22c1960c3b71d1e87e11d688f4b67e2c049f7c078dba780
0x4838b106fce9647bdf1e7877bf73ce8b0bad5f97,0x388c818ca8b9251b393131c08a736a67ccb19297,0.012231403613206094,2023-04-10T04:37:59+00:00,0xa80cd59c60042527f4a990eba71815817ad8071ba4bf8f242154513fc991a47a
0x4838b106fce9647bdf1e7877bf73ce8b0bad5f97,0x388c818ca8b9251b393131c08a736a67ccb19297,0.011708126174689654,2023-04-10T04:40:59+00:00,0xf3308dc7439934a4dcc005c20c6462a8e8301fefc4cfd625116d8caac997133a
0x4838b106fce9647bdf1e7877bf73ce8b0bad5f97,0x4675c7e5baafbffbca748158becba61ef3b0a263,0.01066420863756036,2023-04-10T04:42:23+00:00,0xc3eccb08acd4a751bf762daa89941b510c9b2ef2789124fb0fe521283ffc36b8
0x4838b106fce9647bdf1e7877bf73ce8b0bad5f97,0x33baf43a1e7534fe46507a7d4a001881ae9cca44,0.012524387169823476,2023-04-10T04:45:23+00:00,0xcbc6f4795c597aac33961cdcc5ad502d6ed4fbe53f3aa7acfb9f655dde99cb3b
0x4838b106fce9647bdf1e7877bf73ce8b0bad5f97,0xe688b84b23f322a994a53dbf8e15fa82cdb71127,0.012596388896076543,2023-04-10T04:47:11+00:00,0x7650a0e556d5debcb9d31c5f2bf5fbac3a0f7319778aae5f976bc073db7a16eb
0x4838b106fce9647bdf1e7877bf73ce8b0bad5f97,0xebec795c9c8bbd61ffc14a6662944748f299cacf,0.013370873350145479,2023-04-10T04:50:23+00:00,0xe2fecdf6ab8ebe48a78b5ecfe66310a5dff8bbcf016a3e77d4e71d241182e779
0x4838b106fce9647bdf1e7877bf73ce8b0bad5f97,0x388c818ca8b9251b393131c08a736a67ccb19297,0.011950634975971439,2023-04-10T04:51:47+00:00,0x8af711bd0620ec707325aacdc84524acf8dfe96dc31d643a9e7dea252e41b22b
0x4838b106fce9647bdf1e7877bf73ce8b0bad5f97,0x388c818ca8b9251b393131c08a736a67ccb19297,0.028158905433165213,2023-04-10T05:01:11+00:00,0x0be03be947cb6a67717e6b448a570256f2ffad7dbcac436a6f52a287e7409d8c
0x4838b106fce9647bdf1e7877bf73ce8b0bad5f97,0x4675c7e5baafbffbca748158becba61ef3b0a263,0.012929469896796992,2023-04-10T05:03:35+00:00,0x52372877eb1aeaadbd2da3108b3c69d873b47b7272e01eb287257cbd689620ed
0x4838b106fce9647bdf1e7877bf73ce8b0bad5f97,0x388c818ca8b9251b393131c08a736a67ccb19297,0.023129974302526286,2023-04-10T05:07:35+00:00,0x95fccbaada5f8da5dbddb3e0ea17a0dc2e1fa7cdc9ffef0b3f5f29f037acdf88
0x4838b106fce9647bdf1e7877bf73ce8b0bad5f97,0x4675c7e5baafbffbca748158becba61ef3b0a263,0.03355608368537912,2023-04-10T05:09:23+00:00,0x34851a7bed5fb0c81021e87a7f8905f801ad4364101310bfaf120f8f55d78d55
0x4838b106fce9647bdf1e7877bf73ce8b0bad5f97,0xf588c58f467db3711b558f5294de4900b535ce69,0.010228084421286674,2023-04-10T05:10:59+00:00,0xc8ae65173314522f1c3dc3e08f202d9b1ee87e0559b483a3b063070bf50d2120
0x4838b106fce9647bdf1e7877bf73ce8b0bad5f97,0x388c818ca8b9251b393131c08a736a67ccb19297,0.014012673778712174,2023-04-10T05:14:23+00:00,0x3a180d220518da750e2485f1558e435ebec9a7c33c68acfc60b1988b3bcb67be
0x4838b106fce9647bdf1e7877bf73ce8b0bad5f97,0xebec795c9c8bbd61ffc14a6662944748f299cacf,0.01640823401335892,2023-04-10T05:17:47+00:00,0x6af77636cd71b24c506924b256fbf72947a04521eae0201eed3f64a16e09b418
0x4838b106fce9647bdf1e7877bf73ce8b0bad5f97,0x90b0c836a19a74195d45fad2d2d3895a7a3eab08,0.021125046510791994,2023-04-10T05:29:23+00:00,0x0635b57398dc19000f05e46c581a98673353abdeb7722b7209872d1bbe1ca23e
0x4838b106fce9647bdf1e7877bf73ce8b0bad5f97,0x4675c7e5baafbffbca748158becba61ef3b0a263,0.03050558789982994,2023-04-10T05:38:35+00:00,0x2f06c376838445224c1ece2b9eadb477ef705ce9581cb76d7d3e8ffc372a7752
0x4838b106fce9647bdf1e7877bf73ce8b0bad5f97,0x4675c7e5baafbffbca748158becba61ef3b0a263,0.011874844309052768,2023-04-10T05:42:35+00:00,0xf53f0d0963e3ada14a4d2e959fff7905999180873b3f775f39a0283dcaee4860
0x4838b106fce9647bdf1e7877bf73ce8b0bad5f97,0x388c818ca8b9251b393131c08a736a67ccb19297,0.011663743425500143,2023-04-10T05:43:35+00:00,0x6b02c6db9fc75e8e671a205b6ef796882957b8c25e4882823dd5b731cbbd5a9e
0x4838b106fce9647bdf1e7877bf73ce8b0bad5f97,0xde12c3d2257fc9bb1c1a00d409f292eecd55ffaf,0.01467510197723077,2023-04-10T05:44:23+00:00,0xd00c4dd8d784fcfe41a8bda619a0d3cbf09b078c30a69427a62986a9bfc69ded
0x4838b106fce9647bdf1e7877bf73ce8b0bad5f97,0x388c818ca8b9251b393131c08a736a67ccb19297,0.019451853884283735,2023-04-10T05:52:11+00:00,0x26ac41680f8b7ba6f3ada3b6cb384656cef5f6e6327b88a7bc6fd96a4818508e
0x4838b106fce9647bdf1e7877bf73ce8b0bad5f97,0x4675c7e5baafbffbca748158becba61ef3b0a263,0.022620230599864535,2023-04-10T05:52:47+00:00,0x269b5943755f8319c1236152a43b4fd7817f6de6fd041e289a44d030b0acf4e5
0x4838b106fce9647bdf1e7877bf73ce8b0bad5f97,0x388c818ca8b9251b393131c08a736a67ccb19297,0.023070028349233787,2023-04-10T05:59:23+00:00,0x53cf0550ff07ee36bd2225c542aa3cd67d09afce2df0acccf6e07b96f7e3b79b
0x4838b106fce9647bdf1e7877bf73ce8b0bad5f97,0xddf4c5025d1a5742cf12f74eec246d4432c295e4,0.02825069366582362,2023-04-10T06:00:35+00:00,0x4aea2921219a1ec2aea6b3db886f09b97c674027ad4237d58247344a8ae9a305
0x4838b106fce9647bdf1e7877bf73ce8b0bad5f97,0xce8a9a40bd846dc8f27dda35dc8630f461fa0b1a,0.019783903585604123,2023-04-10T06:17:47+00:00,0xdb354db34541f529060a38bcb56b7bf671200ab30ed93dcdfc156ecabb4bc16c
0x4838b106fce9647bdf1e7877bf73ce8b0bad5f97,0x388c818ca8b9251b393131c08a736a67ccb19297,0.02867285434558217,2023-04-10T06:35:11+00:00,0x56fb82c7bfcb63977db7e227adf110fb361b910fd861caff5a1ab3638ae7eca7
0x4838b106fce9647bdf1e7877bf73ce8b0bad5f97,0x6b333b20fbae3c5c0969dd02176e30802e2fbbdb,0.011927547749279977,2023-04-10T06:35:23+00:00,0xff4f58bacf4482bc207c142edcd3cbad14e7177cc45ed9f394269cb821b3d9ef
0x4838b106fce9647bdf1e7877bf73ce8b0bad5f97,0x4675c7e5baafbffbca748158becba61ef3b0a263,0.023602835020722582,2023-04-10T06:37:47+00:00,0xfeee690fa0601f30170a5df06f33d05cac871c804f57688652f3b882cf492415
0x4838b106fce9647bdf1e7877bf73ce8b0bad5f97,0xed33259a056f4fb449ffb7b7e2ecb43a9b5685bf,0.013499703121305853,2023-04-10T06:40:35+00:00,0x12def5d77bdf55ac39abc35be1fb33da6fdabec96476b0e259bc7bf4f95e068b
0x4838b106fce9647bdf1e7877bf73ce8b0bad5f97,0x4675c7e5baafbffbca748158becba61ef3b0a263,0.019378339888495615,2023-04-10T06:41:23+00:00,0xbafd1d9419d97f1a9e36890e7c0a50bcfaf967e7a60858383e7d8545b1636192
0x4838b106fce9647bdf1e7877bf73ce8b0bad5f97,0x79b16190511314b443754cb3760ad54f5d442429,0.010774044595326797,2023-04-10T06:42:11+00:00,0xb8313b641996fbb534df4ff34de0d8969cb1ee1c5f4613e65988789b6d800e54
0x4838b106fce9647bdf1e7877bf73ce8b0bad5f97,0x4675c7e5baafbffbca748158becba61ef3b0a263,0.012212946050869629,2023-04-10T06:43:59+00:00,0x4ada2bc094428058da261c7353558154b43a54e715604ee82356c4dffa8d6f70
0x4838b106fce9647bdf1e7877bf73ce8b0bad5f97,0x388c818ca8b9251b393131c08a736a67ccb19297,0.010772782964446377,2023-04-10T06:51:59+00:00,0x7fcd53aee3cd01afa55f25c94a220c618bf70df890c6a04a2665376b235fd397
0x4838b106fce9647bdf1e7877bf73ce8b0bad5f97,0x388c818ca8b9251b393131c08a736a67ccb19297,0.016602664868229464,2023-04-10T06:54:59+00:00,0xd3f7b9caab03dc5ab83e8d7d3a22edfd14431d098aaa555d36284edae965c51f
0x4838b106fce9647bdf1e7877bf73ce8b0bad5f97,0x388c818ca8b9251b393131c08a736a67ccb19297,0.006884120792371216,2023-04-10T06:55:47+00:00,0x7b87808f68fff512da4d0fd6b8123e20da27319667698a0c3a08aa1556c7117e
0x4838b106fce9647bdf1e7877bf73ce8b0bad5f97,0xcbfa884044546d5569e2abff3fb429301b61562a,0.010825847371950784,2023-04-10T06:55:59+00:00,0x8a6ae3054f941325392a0a3ae1d58bba8b0bb5c133f3cb7df245f11b1b66a850
0x4838b106fce9647bdf1e7877bf73ce8b0bad5f97,0x388c818ca8b9251b393131c08a736a67ccb19297,0.011082768557325137,2023-04-10T06:57:47+00:00,0x199cd2a0c14a4da5dd1b591026cc4b6ddf998f056791ae4a302d350861829ac5
0x4838b106fce9647bdf1e7877bf73ce8b0bad5f97,0x388c818ca8b9251b393131c08a736a67ccb19297,0.025274316373073407,2023-04-10T07:02:47+00:00,0xb9158ea909143b20fd432e12f1344a45c1448a1fe40b319b6d41e4994abbf758
0x4838b106fce9647bdf1e7877bf73ce8b0bad5f97,0x388c818ca8b9251b393131c08a736a67ccb19297,0.0234729736681361,2023-04-10T07:04:11+00:00,0x9a043770f6bcca97db242b2058aba68f663b1859282c5a0886065e2bef37442c
0x4838b106fce9647bdf1e7877bf73ce8b0bad5f97,0x123b9747ede9db10f64e0c5c6fd0f5ac68a0a806,0.009484102924608532,2023-04-10T07:13:23+00:00,0xbf4a05b7b76f48da46e0a0ca1982a668d5f215d004eb21e66f4dae2a1116b517
0x4838b106fce9647bdf1e7877bf73ce8b0bad5f97,0x221507c5cae31196a535f223c022eb0e38c3377d,0.015053418982965873,2023-04-10T07:15:23+00:00,0x6ea907aadb9a93429a1f340f416dcdc02442bbd8a5d0b0c8230e74221e9a7649
0x4838b106fce9647bdf1e7877bf73ce8b0bad5f97,0x4675c7e5baafbffbca748158becba61ef3b0a263,0.010896187203389227,2023-04-10T07:19:47+00:00,0x36dd33a9f916763bc1cd842b5cbbec6dfcf74735c7fed946e9c7fb155a8bbd77
0x4838b106fce9647bdf1e7877bf73ce8b0bad5f97,0x4675c7e5baafbffbca748158becba61ef3b0a263,0.017643380354634173,2023-04-10T08:30:23+00:00,0x28bde8a9b68993f27844891bae5d25c0c67eb43b795ac29c76e2a5bccada5915
0x4838b106fce9647bdf1e7877bf73ce8b0bad5f97,0x4675c7e5baafbffbca748158becba61ef3b0a263,0.03730076515778715,2023-04-10T08:32:11+00:00,0xd4748c1535ec4e9b904c6771982cd54c52a4fdbd43bf5f32f8d01f50acc92559
0x4838b106fce9647bdf1e7877bf73ce8b0bad5f97,0x1f1f5d762dd1cf3d52e60718ea3a990e102aa24b,0.015568687504268755,2023-04-10T08:58:35+00:00,0x65c4b6fb31cc4f88f71f799a14f3845d7b70b8b383f4bf6f3164541f13b32c12
0x4838b106fce9647bdf1e7877bf73ce8b0bad5f97,0xe35bbafa0266089f95d745d348b468622805d82b,0.01793121063521931,2023-04-10T10:50:47+00:00,0xedffcba8043491127d955a2b049ba95e4475f0c398ecc15c2a3ec3cb101c141a
0x4838b106fce9647bdf1e7877bf73ce8b0bad5f97,0xcbfa884044546d5569e2abff3fb429301b61562a,0.020754763605283843,2023-04-10T11:46:23+00:00,0xddccb64fe87c84f21eb3e64f6e60f273f8855b2e49d199e0209a3441ffaff017
0x4838b106fce9647bdf1e7877bf73ce8b0bad5f97,0xebec795c9c8bbd61ffc14a6662944748f299cacf,0.008461592754522587,2023-04-10T12:41:47+00:00,0x88e4d408998dd95fdc4462a145967e98862dac91574e93e49139067f7b10de3f
0x4838b106fce9647bdf1e7877bf73ce8b0bad5f97,0xe94f1fa4f27d9d288ffea234bb62e1fbc086ca0c,0.043308640483395194,2023-04-10T13:45:35+00:00,0xf962b6038061c3924f40f9f15a4197846a86b99baf1c34600d94da9796ac42a7
0x4838b106fce9647bdf1e7877bf73ce8b0bad5f97,0x4675c7e5baafbffbca748158becba61ef3b0a263,0.18250345629758216,2023-04-10T17:26:59+00:00,0xf7564cf78b35b392ea0815eb7039263445098f2d6a47b24bb5aaa5f8babba2b4
0x4838b106fce9647bdf1e7877bf73ce8b0bad5f97,0xc527702b14bf2f79f70b32e09f62b6a74cadfd80,0.13988884000508436,2023-04-10T19:22:23+00:00,0xdef9cfcf6d42c7ad3f397b16945cbbab85f02a284ce0fcc4870391f17d7e5316
0x4838b106fce9647bdf1e7877bf73ce8b0bad5f97,0xebec795c9c8bbd61ffc14a6662944748f299cacf,0.017824796843896575,2023-04-10T19:32:59+00:00,0x736b865828f4fb630cf57253d76e7457aa3ceea50c5e6341c650d4e8b8b3f2c4
0x4838b106fce9647bdf1e7877bf73ce8b0bad5f97,0x388c818ca8b9251b393131c08a736a67ccb19297,0.02494549888815535,2023-04-10T19:39:23+00:00,0x5a7b3995b4c4ee0c78ec5616974edc07b9c2ba747bfa31165b4fed4f8b4a9646
0x4838b106fce9647bdf1e7877bf73ce8b0bad5f97,0x4675c7e5baafbffbca748158becba61ef3b0a263,0.031538144935931614,2023-04-10T20:01:11+00:00,0x62a77b717d34ada35938b02ffd6da544cad8495291209a97aecd6e7bdc95bff4
0x4838b106fce9647bdf1e7877bf73ce8b0bad5f97,0x4675c7e5baafbffbca748158becba61ef3b0a263,0.012226013441638924,2023-04-10T20:04:11+00:00,0xf9255a163557ebc0ae575f181fb76e1dac1336ceecfc893fc731c88fca4c3173
0x4838b106fce9647bdf1e7877bf73ce8b0bad5f97,0x63fc27188ba91c75bd1ee4f807fdbce6d3251db3,0.37291495262729263,2023-04-10T20:47:59+00:00,0x5311affa2746662a35c280de50dbe29807fdafba6f61a75321693e17bf585a10
0x4838b106fce9647bdf1e7877bf73ce8b0bad5f97,0x388c818ca8b9251b393131c08a736a67ccb19297,0.013071443268735659,2023-04-10T20:53:47+00:00,0xea726955e3107098c8c8affd81e6baf7353c783243c437928543d894de5a4a5a
0x4838b106fce9647bdf1e7877bf73ce8b0bad5f97,0x388c818ca8b9251b393131c08a736a67ccb19297,0.0157690154624269,2023-04-10T21:41:47+00:00,0x5d9627e9005164d10831d9fae01918eee9ffd1f54863f6c1230532bc6305810d
0x4838b106fce9647bdf1e7877bf73ce8b0bad5f97,0x4675c7e5baafbffbca748158becba61ef3b0a263,0.027462026841269287,2023-04-10T22:16:59+00:00,0x4e692998f73f1b62a99782fa6779fdfbab80b037d84f305d22509a5963c7bcbc
0x4838b106fce9647bdf1e7877bf73ce8b0bad5f97,0x4675c7e5baafbffbca748158becba61ef3b0a263,0.021711529715176855,2023-04-10T22:25:35+00:00,0xd5c384d22e0db4d01785c86b7fb7c35ee8c86e6383d6bf6ac8c33e13dff4bdda
0x4838b106fce9647bdf1e7877bf73ce8b0bad5f97,0x6d2e03b7effeae98bd302a9f836d0d6ab0002766,0.011589306659430818,2023-04-10T22:38:59+00:00,0x09c9c5646966fa4e34481067c92c80ce69948ff31cae14ff3a1a9aa63f0c8b8f
0x4838b106fce9647bdf1e7877bf73ce8b0bad5f97,0x388c818ca8b9251b393131c08a736a67ccb19297,0.01584781852893935,2023-04-10T22:41:23+00:00,0x44db1e0391768b7ae6a69127604ee2c2c2698c75433fdb3db6a9d0c3b9e2d240
0x4838b106fce9647bdf1e7877bf73ce8b0bad5f97,0x388c818ca8b9251b393131c08a736a67ccb19297,0.017721684742008057,2023-04-10T22:52:23+00:00,0xc53f2209b4ffbaa87bedaaac1b970c1d61b30050ca2390954c48bc2bc822b770
0x4838b106fce9647bdf1e7877bf73ce8b0bad5f97,0x388c818ca8b9251b393131c08a736a67ccb19297,0.050047008459916595,2023-04-10T22:55:35+00:00,0x58e2744d5db31e13304210bf88b911ba91846fb0da4fab7202dd5d4853cffe36
0x4838b106fce9647bdf1e7877bf73ce8b0bad5f97,0x388c818ca8b9251b393131c08a736a67ccb19297,0.016740768247557037,2023-04-10T23:01:35+00:00,0x5fe82677d54ab2cd1e087b8db4ca15e6bd16a1c444d0938f50448a122105c5ad
0x4838b106fce9647bdf1e7877bf73ce8b0bad5f97,0x4675c7e5baafbffbca748158becba61ef3b0a263,0.024250024721267065,2023-04-10T23:20:47+00:00,0x374a65478056202c463b5643db2ee5c6489f05fc288a4fc7dfff9a5eb66081aa
0x4838b106fce9647bdf1e7877bf73ce8b0bad5f97,0x4e71f9debec9117f1facc7eeb490758af45806a7,0.011492303217423082,2023-04-11T00:02:35+00:00,0x415765cb29253a149c03a249cbd6d665e1e2515cf41d787adeb0d15dde10a71f
0x4838b106fce9647bdf1e7877bf73ce8b0bad5f97,0xeee27662c2b8eba3cd936a23f039f3189633e4c8,0.011191204124825946,2023-04-11T00:20:35+00:00,0xb5f7d11b95d1f033b610601624947d8824000944f5b4ffbbfa10e5d263e8e6af
0x4838b106fce9647bdf1e7877bf73ce8b0bad5f97,0xaecd92aec5bfbe2f5a02db2dee90733897360983,0.025653016326357046,2023-04-11T00:23:47+00:00,0x79ba179552a93cd931160cdfdf5f1edad445a6a5ecde950030d622dca3d811cf
0x4838b106fce9647bdf1e7877bf73ce8b0bad5f97,0x388c818ca8b9251b393131c08a736a67ccb19297,0.23167773617112639,2023-04-11T00:46:47+00:00,0x4083686e497d062435d2cd1baa248efb557bd1d85a7d1951790c88b3958fc7a0
0x4838b106fce9647bdf1e7877bf73ce8b0bad5f97,0x4675c7e5baafbffbca748158becba61ef3b0a263,0.011920839619756159,2023-04-11T01:14:35+00:00,0x959fefb28f68c42f6514b1c4ce8d846073568f3cca1a0dc4b23d7c1d9d04e6a1
0x4838b106fce9647bdf1e7877bf73ce8b0bad5f97,0x388c818ca8b9251b393131c08a736a67ccb19297,0.017161000474042187,2023-04-11T01:17:11+00:00,0x0ce95d8e793ac4c8c9a076141120d56e271ec232645490d928765371cc83fc7c
0x4838b106fce9647bdf1e7877bf73ce8b0bad5f97,0x388c818ca8b9251b393131c08a736a67ccb19297,0.008450741755719079,2023-04-11T01:31:23+00:00,0x4e2da2dc6dd3b97e3c8c56003a205360bc5ec2d963b69e31ebfb9c7e7f6d285a
0x4838b106fce9647bdf1e7877bf73ce8b0bad5f97,0x4675c7e5baafbffbca748158becba61ef3b0a263,0.06346800196378563,2023-04-11T01:46:47+00:00,0x13a60a26574e9309cacf366eb14a30df50f732de0cfb03529f4924470894b2a5
0x4838b106fce9647bdf1e7877bf73ce8b0bad5f97,0x388c818ca8b9251b393131c08a736a67ccb19297,0.045965271508032715,2023-04-11T01:47:11+00:00,0x9b02bba56b029b6f6c3407225e7ae13b1af5001237804d21d941ef0b13086b44
0x4838b106fce9647bdf1e7877bf73ce8b0bad5f97,0x4675c7e5baafbffbca748158becba61ef3b0a263,0.01113625844010054,2023-04-11T03:03:23+00:00,0x14ae16bd720de840e5b76472f2718ebf1ee25a09484fc77e2d98ac0f8f9f40a1
0x4838b106fce9647bdf1e7877bf73ce8b0bad5f97,0xe35bbafa0266089f95d745d348b468622805d82b,0.014487354478019772,2023-04-11T03:17:23+00:00,0x701e41271791839609a0a0777110adf65d00f585d208e74bb7d8ce9a1be58335
0x4838b106fce9647bdf1e7877bf73ce8b0bad5f97,0x388c818ca8b9251b393131c08a736a67ccb19297,0.01812629149745637,2023-04-11T03:43:23+00:00,0xc6dbf3cf752fcbb2c424a115706c946d62786e27ed3e8c6a7ed2ee1b0d801754
0x4838b106fce9647bdf1e7877bf73ce8b0bad5f97,0xebec795c9c8bbd61ffc14a6662944748f299cacf,0.013564742097552925,2023-04-11T03:44:59+00:00,0x003c9d10d8f4722d20de801252f608ded0b2ed471eeec63b7e8664c4c2923756
0x4838b106fce9647bdf1e7877bf73ce8b0bad5f97,0x388c818ca8b9251b393131c08a736a67ccb19297,0.013300703091356343,2023-04-11T03:49:23+00:00,0x2873dd0b172bf818f8e296f5ef6edcafa898935ae2f677fbeeaf8f3f4d635846
0x4838b106fce9647bdf1e7877bf73ce8b0bad5f97,0x4c992ec2d310ad988ed4b6874f6c3ca129358cfa,0.01965854360637612,2023-04-11T03:57:23+00:00,0x0937c0ab562a81f8e26ebf1669a22055bcdac596134d03fc81f4855a04dc4bf3
0x4838b106fce9647bdf1e7877bf73ce8b0bad5f97,0xe688b84b23f322a994a53dbf8e15fa82cdb71127,0.01066906859200373,2023-04-11T04:09:59+00:00,0xd7bdf4a140c4681fb7801c88cddba30341e807fb999fbc0bb325e7b63de7bd7a
0x4838b106fce9647bdf1e7877bf73ce8b0bad5f97,0xe94f1fa4f27d9d288ffea234bb62e1fbc086ca0c,0.010276394808426324,2023-04-11T04:14:47+00:00,0xefa8c6762abf7541338b992659bb23dd1ea9dbba020239b7acf966b970c39348
0x4838b106fce9647bdf1e7877bf73ce8b0bad5f97,0xcbfa884044546d5569e2abff3fb429301b61562a,0.011587822659877298,2023-04-11T04:15:35+00:00,0xfadc62a80632d73c91b66851e5c3c5f12c2ef40a85a4829185cf605a123c1652
0x4838b106fce9647bdf1e7877bf73ce8b0bad5f97,0x18601aea7f54d26d18b19c09f1cf94c186fce8a1,0.01759093316482454,2023-04-11T04:16:11+00:00,0xaebdd2210f82f6e679fb6116514d54b0309df4d07a61555e921ecc5b869b879a
0x4838b106fce9647bdf1e7877bf73ce8b0bad5f97,0xd4e96ef8eee8678dbff4d535e033ed1a4f7605b7,0.016068252720624846,2023-04-11T04:17:47+00:00,0xc7c5282f42f96fdb1d9a866b6526ba34b5b3b12738b0c7b77e2b404634ec5eed
0x4838b106fce9647bdf1e7877bf73ce8b0bad5f97,0xebec795c9c8bbd61ffc14a6662944748f299cacf,0.02909744981536927,2023-04-11T04:20:47+00:00,0x05ffebec6c4fa4b0d277f310e20c1860c49ad9c6a8db694541b0dc91d1a66f90
0x4838b106fce9647bdf1e7877bf73ce8b0bad5f97,0xebec795c9c8bbd61ffc14a6662944748f299cacf,0.02387471634026213,2023-04-11T04:33:47+00:00,0xb0282e3293543b662fd78bf268e55ca935ee06b9b2c75be4ff9938e8fb156442
0x4838b106fce9647bdf1e7877bf73ce8b0bad5f97,0x388c818ca8b9251b393131c08a736a67ccb19297,0.015814242909153876,2023-04-11T04:38:59+00:00,0x5b0f9fa566613b722a4d79bab2e879938fbeaeddb520be86fe851df178430a26
0x4838b106fce9647bdf1e7877bf73ce8b0bad5f97,0x4675c7e5baafbffbca748158becba61ef3b0a263,0.018022623015506996,2023-04-11T04:55:59+00:00,0x378311434083b20aca7641ece5c1496d73aa097a442cf3340889d5d6efe9495f
0x4838b106fce9647bdf1e7877bf73ce8b0bad5f97,0x388c818ca8b9251b393131c08a736a67ccb19297,0.009804125358165237,2023-04-11T05:03:47+00:00,0xdc59287feb715e272299a2dd926f5c89892b2890d96b510a50e9acc7f52fd275
0x4838b106fce9647bdf1e7877bf73ce8b0bad5f97,0x4675c7e5baafbffbca748158becba61ef3b0a263,0.019682076806814927,2023-04-11T05:16:35+00:00,0xd3ab1fcace0e67cd2bc974f1e739269d5dfaab008d5a0b35608c7fef20250975
0x4838b106fce9647bdf1e7877bf73ce8b0bad5f97,0xebec795c9c8bbd61ffc14a6662944748f299cacf,0.019366189638918677,2023-04-11T05:35:59+00:00,0xe60df708099ed0ab5258acabbc7767206a66c05adb8b40a5428ed7350c62cd09
0x4838b106fce9647bdf1e7877bf73ce8b0bad5f97,0x1cedc0f3af8f9841b0a1f5c1a4ddc6e1a1629074,0.07087280743872475,2023-04-11T05:45:59+00:00,0x59801f5f2ba295302e5fe99cb1d168781ae1be830023f61df057227c7edf74fb
0x4838b106fce9647bdf1e7877bf73ce8b0bad5f97,0x4675c7e5baafbffbca748158becba61ef3b0a263,0.006007592220992164,2023-04-11T05:48:47+00:00,0xb9b18300721a3e7670d4876acac52f0c393c9b5cfedd27c40a786c7a173d6bcc
0x4838b106fce9647bdf1e7877bf73ce8b0bad5f97,0x4675c7e5baafbffbca748158becba61ef3b0a263,0.018349305463448706,2023-04-11T06:37:35+00:00,0x38f2331c1a36036c0c28635ce0ee385417a85bc5b1795d8efe6aaced2f886ce9
0x4838b106fce9647bdf1e7877bf73ce8b0bad5f97,0xe887312c0595a10ac88e32ebb8e9f660ad9ab7f7,0.023464717645897356,2023-04-11T06:37:59+00:00,0xc5baedcccc801583941f1be404b4c98c17f35524476bca8c28cb0c79eb0c5197
0x4838b106fce9647bdf1e7877bf73ce8b0bad5f97,0xebec795c9c8bbd61ffc14a6662944748f299cacf,0.018333711581306575,2023-04-11T06:43:47+00:00,0x03fbc4a281d4979632ff09280481ba9ba153cb200df2866a13e429595856a7b6
0x4838b106fce9647bdf1e7877bf73ce8b0bad5f97,0x388c818ca8b9251b393131c08a736a67ccb19297,0.020567491736460008,2023-04-11T06:51:11+00:00,0x6ee99c7e8a67e0b89a036c5ed5a544c1fd53cd929e7b584528cf3365cc632cd3
0x4838b106fce9647bdf1e7877bf73ce8b0bad5f97,0x1775f308673b2209b0aa8e01e5d9d06a4d7ab2bc,0.016367700753979877,2023-04-11T06:52:59+00:00,0x2afe20d5618473fc8287b1a4a6edd53cc7f748c04bb6ea07dc7919b634a66cdb
0x4838b106fce9647bdf1e7877bf73ce8b0bad5f97,0x388c818ca8b9251b393131c08a736a67ccb19297,0.018232926045629254,2023-04-11T07:02:35+00:00,0xa35763edd6323b7797554a48bf59bf779a4d191d3af315e2d9548715cb15d52b
0x4838b106fce9647bdf1e7877bf73ce8b0bad5f97,0xebec795c9c8bbd61ffc14a6662944748f299cacf,0.0543247560904194,2023-04-11T07:14:47+00:00,0x51f6e9be4b47814e3d01e07a6b5e887e3754b64353969906ef95c51b63d6ab59
0x4838b106fce9647bdf1e7877bf73ce8b0bad5f97,0x388c818ca8b9251b393131c08a736a67ccb19297,0.029140983886549746,2023-04-11T07:43:23+00:00,0x8a259975bf783e5874ced1503c41703714fd03a630de73ceb55bb767e49ece2a
0x4838b106fce9647bdf1e7877bf73ce8b0bad5f97,0xebec795c9c8bbd61ffc14a6662944748f299cacf,0.03947239742064818,2023-04-11T08:14:59+00:00,0x9bf9c660ac67151a1634e7d4cbcc0c8352d326e430ee3a5c84a35a35c568e694
0x4838b106fce9647bdf1e7877bf73ce8b0bad5f97,0x388c818ca8b9251b393131c08a736a67ccb19297,0.011954392743007799,2023-04-11T08:21:23+00:00,0xb835699ecf454d2b86e313864315dcf2259901d85e48515622727b4c7974f3b0
0x4838b106fce9647bdf1e7877bf73ce8b0bad5f97,0xcbfa884044546d5569e2abff3fb429301b61562a,0.014217649032012489,2023-04-11T08:22:11+00:00,0xcd0658f7715a30f7eb37320f45cef49fecfa09e8619d8026a252e37f55ea5df4
0x4838b106fce9647bdf1e7877bf73ce8b0bad5f97,0x388c818ca8b9251b393131c08a736a67ccb19297,0.010837358684308003,2023-04-11T08:33:35+00:00,0xeae54a41dfd46f899a3693fcf2040dde33877f29d7e359599a7f274ae1d31da8
0x4838b106fce9647bdf1e7877bf73ce8b0bad5f97,0xba401cdac1a3b6aeede21c9c4a483be6c29f88c5,0.017402391988257056,2023-04-11T08:39:59+00:00,0xe04c760a08bf38afc31dd9f1cad7aaadf4c5c792e15887ad1233da11851e42c6
0x4838b106fce9647bdf1e7877bf73ce8b0bad5f97,0x388c818ca8b9251b393131c08a736a67ccb19297,0.016451004381289908,2023-04-11T08:51:47+00:00,0xaacdcba21c01f56ca186a945a4ec946330ef865a9b0b70baa6955bacd6414557
0x4838b106fce9647bdf1e7877bf73ce8b0bad5f97,0x388c818ca8b9251b393131c08a736a67ccb19297,0.014385010746660536,2023-04-11T09:17:47+00:00,0xb0c4fb7647b57904056ee8efdf4d321a448d77e5965ef8e9c986e3ebcf419f94
0x4838b106fce9647bdf1e7877bf73ce8b0bad5f97,0xe688b84b23f322a994a53dbf8e15fa82cdb71127,0.02158179663742851,2023-04-11T09:23:47+00:00,0x4b1336017f975c37a49bf4a3bc993b70999c36cb3053f288518faff29fd5655b
0x4838b106fce9647bdf1e7877bf73ce8b0bad5f97,0x13ad787d1f74302c6301ccf725b8688599b06da0,0.012127719750835342,2023-04-11T09:36:23+00:00,0xbf2759557795b96ae39ed52d77d08aea7a226608d4d9e5e5f5f6243d186ecd65
0x4838b106fce9647bdf1e7877bf73ce8b0bad5f97,0x388c818ca8b9251b393131c08a736a67ccb19297,0.010740816461180174,2023-04-11T09:41:23+00:00,0x663fdbe492de0b6f3db9150445ed4a6ba8e91329b672dca86d7141cbc8eb636d
0x4838b106fce9647bdf1e7877bf73ce8b0bad5f97,0x6d2e03b7effeae98bd302a9f836d0d6ab0002766,0.014197838539082358,2023-04-11T10:10:47+00:00,0x9e059a65c5e4a053294a4a6827bcf32dacf2a7a01a27e7f7a39a743494e4a608
0x4838b106fce9647bdf1e7877bf73ce8b0bad5f97,0xb5230ebe5b1a9299a5c44f459ed2e8eb7496f581,0.009402475938747018,2023-04-11T10:27:59+00:00,0xf011d4984753773d3684435c91dd0e3e19e93aaa48ff1f1c32a681daa97d85e3
0x4838b106fce9647bdf1e7877bf73ce8b0bad5f97,0xd4e96ef8eee8678dbff4d535e033ed1a4f7605b7,0.011681205700178852,2023-04-11T10:28:59+00:00,0x84aedf1d38de1d432d64909577d1282d0ca37ee789e33eadc1cfa10480887916
0x4838b106fce9647bdf1e7877bf73ce8b0bad5f97,0x388c818ca8b9251b393131c08a736a67ccb19297,0.015515760126633454,2023-04-11T10:37:59+00:00,0x52dba39f4211639ad042067341811bf2a10fc74a2f96a18fd71252b8cc1a4798
0x4838b106fce9647bdf1e7877bf73ce8b0bad5f97,0x388c818ca8b9251b393131c08a736a67ccb19297,0.01491486783106453,2023-04-11T10:46:59+00:00,0x280de253ae745d21a76874d0d7aa1bfc7970ad3f572379f29c9aaf4a1805ec3e
0x4838b106fce9647bdf1e7877bf73ce8b0bad5f97,0x388c818ca8b9251b393131c08a736a67ccb19297,0.011486777091324563,2023-04-11T10:52:23+00:00,0xb8110b2db0fc56ddd9f8c22454d7bf95d28fb101720eba6e5e7935c1c44faee2
0x4838b106fce9647bdf1e7877bf73ce8b0bad5f97,0x4675c7e5baafbffbca748158becba61ef3b0a263,0.014361336248209958,2023-04-11T10:59:59+00:00,0xbd0987cf1e270e8c859ffd6c9a002cd8e891f13457bd9282c87c88783a7e7d64
0x4838b106fce9647bdf1e7877bf73ce8b0bad5f97,0x388c818ca8b9251b393131c08a736a67ccb19297,0.016224019847768206,2023-04-11T11:03:11+00:00,0xe7f8bcc584dc512aecb37d6b06c3e10b390de332201ccbe67af9e47cb35f4a68
0x4838b106fce9647bdf1e7877bf73ce8b0bad5f97,0x6d2e03b7effeae98bd302a9f836d0d6ab0002766,0.013151939562882237,2023-04-11T11:10:35+00:00,0xf85460a6fa7cd3f69f65ba2c061705555c21a9ef13ea1d15545d270a0a27ccf4
0x4838b106fce9647bdf1e7877bf73ce8b0bad5f97,0x634316ea0ee79c701c6f67c53a4c54cbafd2316d,0.02144232008545247,2023-04-11T11:20:11+00:00,0xed38790e2901a105da8308910d7ce6d345aa113b1505dcf8a29ab4f8071e8e10
0x4838b106fce9647bdf1e7877bf73ce8b0bad5f97,0xe688b84b23f322a994a53dbf8e15fa82cdb71127,0.012994398699050348,2023-04-11T11:28:59+00:00,0x550d72cf545581aeb1d23867cef5aaecd72962b46e2f79742becf335246f5af3
0x4838b106fce9647bdf1e7877bf73ce8b0bad5f97,0xe887312c0595a10ac88e32ebb8e9f660ad9ab7f7,0.01883669334443989,2023-04-11T11:38:11+00:00,0x581b85206eb014d26c7c19d80c0aed72b539576f86728a095d8e9569d7195f1c
0x4838b106fce9647bdf1e7877bf73ce8b0bad5f97,0x4675c7e5baafbffbca748158becba61ef3b0a263,0.017400906171603347,2023-04-11T11:42:47+00:00,0x120404b5d7f4a4556e27e7f8c2bf673e5d9b3af1e76b57c56c30bd07cb5c3cbd
0x4838b106fce9647bdf1e7877bf73ce8b0bad5f97,0x4675c7e5baafbffbca748158becba61ef3b0a263,0.008518883901160663,2023-04-11T12:02:59+00:00,0xda82a451b7f32d85827b38c77b60bc1cd0956476685c40787281a28670f36ba9
0x4838b106fce9647bdf1e7877bf73ce8b0bad5f97,0x976868c1de3b3ef448ec5e20e6a8470508b9467d,0.020361940085878626,2023-04-11T12:27:11+00:00,0xee21d542624314526c99e44b95a4fbcfae680a349349eb7a64f1c7f42a5beec4
0x4838b106fce9647bdf1e7877bf73ce8b0bad5f97,0x388c818ca8b9251b393131c08a736a67ccb19297,0.011852313399690983,2023-04-11T12:59:35+00:00,0x9aaa763f5d8e7bab41ce9ccf0119d8a151116d0420b81560110156600d2330ee
0x4838b106fce9647bdf1e7877bf73ce8b0bad5f97,0xcba0074a77a3ad623a80492bb1d8d932c62a8bab,0.018232480599216287,2023-04-11T13:46:47+00:00,0xc54758f8e9780e228d993cfc40698170ee2c720122db7ae46ef6179ced28831a
0x4838b106fce9647bdf1e7877bf73ce8b0bad5f97,0xc42f80913b33ba0b6002f3b5b8ad335ed9a137e3,0.02837948986039042,2023-04-11T15:12:11+00:00,0x70afce8db0d2a9c00ca89e6395d5366d670023d7832a45f08f60070ae6e1279e
0x4838b106fce9647bdf1e7877bf73ce8b0bad5f97,0x90b0c836a19a74195d45fad2d2d3895a7a3eab08,0.09355417237697539,2023-04-11T16:23:11+00:00,0x0f9c2900c8c1ea50133c7ceb756908afecf342645781d58f7c64f00d27330490
0x4838b106fce9647bdf1e7877bf73ce8b0bad5f97,0x388c818ca8b9251b393131c08a736a67ccb19297,0.017668603379753112,2023-04-11T17:32:47+00:00,0x51a82ee8829819f6da9393ac7814afcbeb1db9dd9ea1747811fcb31ba215289e
0x4838b106fce9647bdf1e7877bf73ce8b0bad5f97,0x388c818ca8b9251b393131c08a736a67ccb19297,0.05908441508583152,2023-04-11T18:09:47+00:00,0x44f76aed466f08548cdc5dea5cc2c62e3822d4f9f2c57f2ba80432a4ae61b08e
0x4838b106fce9647bdf1e7877bf73ce8b0bad5f97,0xe688b84b23f322a994a53dbf8e15fa82cdb71127,0.22769545753635786,2023-04-11T18:33:47+00:00,0x46639714a9b2dc7239d1407c6e1190f66b19d7fc7a10958102b4d17c0cdd67d6
0x4838b106fce9647bdf1e7877bf73ce8b0bad5f97,0x4675c7e5baafbffbca748158becba61ef3b0a263,0.09473730733681777,2023-04-11T19:43:59+00:00,0x5692614a2e12e457ff2eddf4f22493a018a797ef40a30a2f09a4f9f2b02706c4
0x4838b106fce9647bdf1e7877bf73ce8b0bad5f97,0x978fe64cfc7e8a8c6f2c2de6c0ee324589baa48a,0.17550867679196697,2023-04-11T20:10:11+00:00,0xcf0b8979ac04020cb7dda717f6f92c509081076eddfa75d048f7e091e40ad924
0x4838b106fce9647bdf1e7877bf73ce8b0bad5f97,0x388c818ca8b9251b393131c08a736a67ccb19297,0.025752811776400385,2023-04-11T23:27:11+00:00,0x129cdaa76899b7fa6a4d1cf47cf6bffd595b4d422702d486560e43e7531d88b0
0x4838b106fce9647bdf1e7877bf73ce8b0bad5f97,0x388c818ca8b9251b393131c08a736a67ccb19297,0.015537936700382242,2023-04-12T00:06:59+00:00,0x2d313de0f9ecad93b9c796889c69af48a3133e1d0945aca13cdf1a06572d4ec8
0x4838b106fce9647bdf1e7877bf73ce8b0bad5f97,0x6b333b20fbae3c5c0969dd02176e30802e2fbbdb,0.044860101419813045,2023-04-12T01:58:59+00:00,0x53d7ab0feaf80d554dc4ee6069e5b9f32ba2e158e03eec07041e7a40204115a6
0x4838b106fce9647bdf1e7877bf73ce8b0bad5f97,0x388c818ca8b9251b393131c08a736a67ccb19297,0.009655798322581075,2023-04-12T04:35:23+00:00,0xbf7e7ce229802c388d8ce76d2643d1f5c98d38aab54cbf8db44bd0fd9d5fda39
0x4838b106fce9647bdf1e7877bf73ce8b0bad5f97,0x388c818ca8b9251b393131c08a736a67ccb19297,0.007444646668603421,2023-04-12T05:29:23+00:00,0x20b7a7e196b6a84c73be503fbca0e2578f5ef93f917a0473a859708c5ab9e2bf
0x4838b106fce9647bdf1e7877bf73ce8b0bad5f97,0x388c818ca8b9251b393131c08a736a67ccb19297,0.008701537596786713,2023-04-12T05:53:35+00:00,0x1348317f5f3e350c548154aa4e041907ad4adacbad88cd9289146909deb74481
0x4838b106fce9647bdf1e7877bf73ce8b0bad5f97,0x064eb879d95eb6785de34e2758949609b1d870cb,0.010217535812662043,2023-04-12T06:57:59+00:00,0xd81202f05e4a45cfb46cfacad600d1e137f5d708bb9ca311a1a9950caf7cbff0
0x4838b106fce9647bdf1e7877bf73ce8b0bad5f97,0x388c818ca8b9251b393131c08a736a67ccb19297,0.013208957904340941,2023-04-12T09:23:59+00:00,0x89fa616ab62108741a04d2889e6e9b45259cc19113d081b1ef164964359bc751
0x4838b106fce9647bdf1e7877bf73ce8b0bad5f97,0x388c818ca8b9251b393131c08a736a67ccb19297,0.015478383411363013,2023-04-12T10:37:59+00:00,0x225a49558446d91ddca45e6827431ce165e0ada0507c523f2fa4c91cadd3bf4a
0x4838b106fce9647bdf1e7877bf73ce8b0bad5f97,0x388c818ca8b9251b393131c08a736a67ccb19297,0.013589379911325531,2023-04-12T10:48:11+00:00,0xb41aafada2a33c800df5458d3fe19061c42255520a32a5d7c3ebd438914de80d
0x4838b106fce9647bdf1e7877bf73ce8b0bad5f97,0xebec795c9c8bbd61ffc14a6662944748f299cacf,0.0196496593848397,2023-04-12T11:04:11+00:00,0x12fcd20782022e3ebbd9435fb777c3d93ec763ba4bc4f657a6da6ec80c7e06e6
0x4838b106fce9647bdf1e7877bf73ce8b0bad5f97,0x388c818ca8b9251b393131c08a736a67ccb19297,0.015775353189272933,2023-04-12T11:18:47+00:00,0x5ac5893f14810bc74761d089138a839a4e4e1c2ec03540bce94b35b72e284fe7
0x4838b106fce9647bdf1e7877bf73ce8b0bad5f97,0x388c818ca8b9251b393131c08a736a67ccb19297,0.02432417708045291,2023-04-12T11:23:35+00:00,0x34e22209198e1fb65b88fc4372f6f210a90d66765f5047c659fa4e28930cff61
0x4838b106fce9647bdf1e7877bf73ce8b0bad5f97,0x388c818ca8b9251b393131c08a736a67ccb19297,0.02868473371486184,2023-04-12T11:38:35+00:00,0x19bdbd4a0d266d04a292e852639aa9d9d733b01a19dfca996bde532c932eca1b
0x4838b106fce9647bdf1e7877bf73ce8b0bad5f97,0x6d2e03b7effeae98bd302a9f836d0d6ab0002766,0.015414686841808104,2023-04-12T11:51:11+00:00,0xc52119d199796873e6b007707abcf32c3d2a46a4b000023d4e2af5ddd428cfc0
0x4838b106fce9647bdf1e7877bf73ce8b0bad5f97,0xe94f1fa4f27d9d288ffea234bb62e1fbc086ca0c,0.023620831848389586,2023-04-12T11:57:35+00:00,0xbdbb9fa8a084b588c8b88efdc0d8e6c7f2e1b2ac72146608919fed8d0ff6d18b
0x4838b106fce9647bdf1e7877bf73ce8b0bad5f97,0x00ecc96508d299fa8d228d569d8582980c1bc75e,0.020091355225652644,2023-04-12T11:58:23+00:00,0x4efcedfab6a7ae5617a5113ad22b3ee2f03e899deb8837c27965a4edfd2c788e
0x4838b106fce9647bdf1e7877bf73ce8b0bad5f97,0xba401cdac1a3b6aeede21c9c4a483be6c29f88c5,0.014874936299187236,2023-04-12T12:20:23+00:00,0xd5489d4a3ad28ab9f1220ef2d639e0eb499c85215c3e1b49c7435b2514db9a4a
0x4838b106fce9647bdf1e7877bf73ce8b0bad5f97,0x388c818ca8b9251b393131c08a736a67ccb19297,0.15136907153371215,2023-04-12T13:01:35+00:00,0x22f73ba355060502c36f4af4435740d0991344fd18739458da51a726c746503f
0x4838b106fce9647bdf1e7877bf73ce8b0bad5f97,0x4675c7e5baafbffbca748158becba61ef3b0a263,0.017028440467763344,2023-04-12T16:38:23+00:00,0x0686a71520a28ae8d0f329ce0bef4e51c0e5903fe75e9499f7ae3ca43f162942
0x4838b106fce9647bdf1e7877bf73ce8b0bad5f97,0x388c818ca8b9251b393131c08a736a67ccb19297,0.010095501454122332,2023-04-12T16:38:35+00:00,0x27ba5b51c86650376e8d619164b61aa4cdf37b9f120e48392eb3c81e2b805b0a
0x4838b106fce9647bdf1e7877bf73ce8b0bad5f97,0xebec795c9c8bbd61ffc14a6662944748f299cacf,0.01862010447132026,2023-04-12T16:38:47+00:00,0xd26673639273c88cb3218541be497f46d4e62d826cc139d9e69528a4c27ba3de
0x4838b106fce9647bdf1e7877bf73ce8b0bad5f97,0x572f27cf5bd03719d9588964c907a908877894ae,0.0503920090248407,2023-04-12T17:14:11+00:00,0xdb29ac285bacf42f8557518fb005eea59f3157a8ff1dd9fcbaea712fd4450953
0x4838b106fce9647bdf1e7877bf73ce8b0bad5f97,0x801c3cf25d7c06204d7c24357f2b6a49b66f1003,0.042142646631166306,2023-04-12T17:26:11+00:00,0x26a48638852f18c624deee174d79b69bfa7b5bd4dcc64e9b27562bbb326763b9
0x4838b106fce9647bdf1e7877bf73ce8b0bad5f97,0x4675c7e5baafbffbca748158becba61ef3b0a263,0.01516645524395241,2023-04-12T18:15:59+00:00,0x46b0693b82d40b4f78cda278f962ffd8c6cc9a2448a2c27755d78feea1f1694e
0x4838b106fce9647bdf1e7877bf73ce8b0bad5f97,0x801c3cf25d7c06204d7c24357f2b6a49b66f1003,0.2268044507030788,2023-04-12T18:49:47+00:00,0x906284c64bb8f68ace9eb129f6ccdbd3d1023f6e187d2b8553b2ea86c17f3746
0x4838b106fce9647bdf1e7877bf73ce8b0bad5f97,0x388c818ca8b9251b393131c08a736a67ccb19297,0.019080270848035975,2023-04-12T19:20:59+00:00,0x9842eb586a147a3e284b865a7e880dccf7e3c18dca485e87d4b8b59502cb1c23
0x4838b106fce9647bdf1e7877bf73ce8b0bad5f97,0xe688b84b23f322a994a53dbf8e15fa82cdb71127,0.0229014411858448,2023-04-12T20:17:11+00:00,0xdadf798dd7f362ef094d6284fcb0c35d22cb7a7ebc9a1cdd0486d089ba411f60
0x4838b106fce9647bdf1e7877bf73ce8b0bad5f97,0xebec795c9c8bbd61ffc14a6662944748f299cacf,0.014271139874694,2023-04-12T20:17:47+00:00,0xb51ec4cedabee5db17e915766e7b161a162b7f48bfb98f63251b970c35841acd
0x4838b106fce9647bdf1e7877bf73ce8b0bad5f97,0x388c818ca8b9251b393131c08a736a67ccb19297,0.02505887449598105,2023-04-12T21:03:35+00:00,0x234bb13425ebc34d9950a5e61b19313c6ea0f4b62d03991659697b0ba50116f3
0x4838b106fce9647bdf1e7877bf73ce8b0bad5f97,0x388c818ca8b9251b393131c08a736a67ccb19297,0.3005419412305162,2023-04-12T21:03:47+00:00,0xaa6bb3b1cadfbc9ed5d8457c1b224cdb195cd20b0586c0e6c3cb27e051f8682d
0x4838b106fce9647bdf1e7877bf73ce8b0bad5f97,0x4675c7e5baafbffbca748158becba61ef3b0a263,0.017895671856249587,2023-04-12T21:19:47+00:00,0xff5d9f9641dbb347f596069dae23b42dce5ed59394b47b7a192fb3b3fd3cc058
0x4838b106fce9647bdf1e7877bf73ce8b0bad5f97,0xa27cef8af2b6575903b676e5644657fae96f491f,0.018332527079424326,2023-04-12T21:19:59+00:00,0xffac60492163f9373f4026acb91846a738b7ab0127a9f7222d3da28c9eab6a94
0x4838b106fce9647bdf1e7877bf73ce8b0bad5f97,0x388c818ca8b9251b393131c08a736a67ccb19297,0.009848417705375897,2023-04-12T21:44:35+00:00,0xb63a7dcf67d2865ffe3c73d29f1b97330eba59ffdd0dd9773c084788f1ba366e
0x4838b106fce9647bdf1e7877bf73ce8b0bad5f97,0x5b56b69f0771b4f86ae55b035a868175ea5cc69f,0.008613808032477707,2023-04-12T21:45:23+00:00,0x0da1f18167b97f90f07746ce308fc0359d07c0711e5887ebc1bdd742eb40756f
0x4838b106fce9647bdf1e7877bf73ce8b0bad5f97,0x388c818ca8b9251b393131c08a736a67ccb19297,0.014644246234655356,2023-04-12T22:03:59+00:00,0x0c8bdc321355de18149fe2d599dd54468f2da8b2b4c1e2ad55893ce1ab33b997
0x4838b106fce9647bdf1e7877bf73ce8b0bad5f97,0x378cdc4e9e9bccd7aeda011888ecf6a8528271fb,0.1339110148120851,2023-04-12T22:08:59+00:00,0x12931a8f5eb3344dedb746059de6a94fb1c50e882142ee31e330904446b58a9a
0x4838b106fce9647bdf1e7877bf73ce8b0bad5f97,0x388c818ca8b9251b393131c08a736a67ccb19297,0.039078288416766395,2023-04-12T22:15:23+00:00,0x38df11d9fa6865eec2a353ad620564eef2d01f733a0e27ae57dcc88a27f63d18
0x4838b106fce9647bdf1e7877bf73ce8b0bad5f97,0xe688b84b23f322a994a53dbf8e15fa82cdb71127,0.0612224205790549,2023-04-12T22:22:35+00:00,0xebf58252f491c25062a19b9ed66aa30f066d3af18fd2127c229a8b3424138937
0x4838b106fce9647bdf1e7877bf73ce8b0bad5f97,0x388c818ca8b9251b393131c08a736a67ccb19297,0.02619416523305708,2023-04-12T22:24:47+00:00,0xd18d6391468e7565c747487ed3e575885db12744a6f93d65314b7a3fb645e2a4
0x4838b106fce9647bdf1e7877bf73ce8b0bad5f97,0xebec795c9c8bbd61ffc14a6662944748f299cacf,0.48426047971926994,2023-04-12T22:29:35+00:00,0xbb634b3d43c38aa2e7dc0a916fb307503bd96833a42fdd15562226ab159d45a8
0x4838b106fce9647bdf1e7877bf73ce8b0bad5f97,0xffd22b84fb1d46ef74ed6530b2635be61340f347,0.02827936655529425,2023-04-12T23:01:23+00:00,0x3ef41bc949884c264cfe484da9a8cc341bc3c1c84dcb9baf763d786706b1d1c2
0x4838b106fce9647bdf1e7877bf73ce8b0bad5f97,0x388c818ca8b9251b393131c08a736a67ccb19297,0.016758814278347026,2023-04-12T23:14:11+00:00,0x381046ed33e803089d743ddb39b730878958ed69cb228cde210301bcf66d16d1
0x4838b106fce9647bdf1e7877bf73ce8b0bad5f97,0xffee087852cb4898e6c3532e776e68bc68b1143b,0.010852647281885352,2023-04-12T23:56:35+00:00,0x4eadc9b6e99a5ba4cd842a140ebfd21de67906d8f5af4baa4f4160e468ac1096
0x4838b106fce9647bdf1e7877bf73ce8b0bad5f97,0x388c818ca8b9251b393131c08a736a67ccb19297,0.08603438856118398,2023-04-12T23:59:23+00:00,0xd023eeb979e71cbf0f3c0e66bd29d99d42dc941f929ab96274a283a6d9b6ec22
0x4838b106fce9647bdf1e7877bf73ce8b0bad5f97,0x388c818ca8b9251b393131c08a736a67ccb19297,0.009174579594273716,2023-04-13T00:44:23+00:00,0xef0bb565086342ab5294eb2c68153b65c93b58aa097a040c8fbac51c446b8327
0x4838b106fce9647bdf1e7877bf73ce8b0bad5f97,0x388c818ca8b9251b393131c08a736a67ccb19297,0.021675086092198217,2023-04-13T00:56:35+00:00,0x2ebdf7fdc3a4a9794e217b5e4dca7dd603cb50d92961a231f101892f3a10c77d
0x4838b106fce9647bdf1e7877bf73ce8b0bad5f97,0xefb8856162d116dbf556f9a06527c878bf5afe17,0.1735279385142616,2023-04-13T01:11:47+00:00,0x46983caf5ee7dfcc1f8f725f8ccd897309f887ce56fff89b46892f654da29e12
0x4838b106fce9647bdf1e7877bf73ce8b0bad5f97,0x388c818ca8b9251b393131c08a736a67ccb19297,0.029270921274736603,2023-04-13T01:26:59+00:00,0xde5a81bedf4b0fa32d9350f118cb1ac6b0c515b58ff1f7c57405a6627ac7b8af
0x4838b106fce9647bdf1e7877bf73ce8b0bad5f97,0x388c818ca8b9251b393131c08a736a67ccb19297,0.020565642017530535,2023-04-13T02:11:23+00:00,0x5b277afaaa3a6b6bef3a6bd2cfbd09b228217ff805872576e523a937733c59b3
0x4838b106fce9647bdf1e7877bf73ce8b0bad5f97,0x388c818ca8b9251b393131c08a736a67ccb19297,0.03531882822264942,2023-04-13T02:50:11+00:00,0x9794ddc7453c72fe205720a962b1c58f7f806f1d47466690ff224329f3b8e8a1
0x4838b106fce9647bdf1e7877bf73ce8b0bad5f97,0x388c818ca8b9251b393131c08a736a67ccb19297,0.008875581324744673,2023-04-13T02:56:47+00:00,0x6626fa278033409623f9061da20883d22191f694b210ac472cd049dc1261886c
0x4838b106fce9647bdf1e7877bf73ce8b0bad5f97,0x388c818ca8b9251b393131c08a736a67ccb19297,0.020046360869095246,2023-04-13T04:01:11+00:00,0xe64a1c2450f1b18635f42a9e1c3632b527aebdbdfb52ec19a749616ced2f4559
0x4838b106fce9647bdf1e7877bf73ce8b0bad5f97,0x6d2e03b7effeae98bd302a9f836d0d6ab0002766,0.00727287056607751,2023-04-13T04:46:23+00:00,0xf6af32ce93e007c24641a8d806eedc15960106cd2e9c20efd651dd572302c746
0x4838b106fce9647bdf1e7877bf73ce8b0bad5f97,0x388c818ca8b9251b393131c08a736a67ccb19297,0.010714778964364296,2023-04-13T04:50:59+00:00,0x4631188980e0bd5aa86112df7997e0e110df9470d040d375af6dc73d80e70308
0x4838b106fce9647bdf1e7877bf73ce8b0bad5f97,0x388c818ca8b9251b393131c08a736a67ccb19297,0.014494301484538487,2023-04-13T04:56:59+00:00,0x0b1200ec48e99d3b1cb8b9b62b8ae81a21b209399a915e2a508e20e7704742bf
0x4838b106fce9647bdf1e7877bf73ce8b0bad5f97,0x4675c7e5baafbffbca748158becba61ef3b0a263,0.01460207489302656,2023-04-13T05:40:47+00:00,0xb52800578c0afef82364df8f1378a3bcb4bd0443e14f3e78baf4fd7d0311fe9f
0x4838b106fce9647bdf1e7877bf73ce8b0bad5f97,0x4675c7e5baafbffbca748158becba61ef3b0a263,0.011357652536846717,2023-04-13T05:43:47+00:00,0xe830ad914b7d7c78f4f0e99da0121369b2f8fb7a0d7875bd4306654b759314aa
0x4838b106fce9647bdf1e7877bf73ce8b0bad5f97,0x388c818ca8b9251b393131c08a736a67ccb19297,0.01947881871724411,2023-04-13T05:48:47+00:00,0x956cd42f0b95b5e05aa74c31dec3603c61fc6d62be24d7e4b116a9b01522a567
0x4838b106fce9647bdf1e7877bf73ce8b0bad5f97,0x388c818ca8b9251b393131c08a736a67ccb19297,0.01578501376613234,2023-04-13T05:54:23+00:00,0xb824aba74857f159af4fca594cade292793f34b0391ed7d7f30031f1360e5ed0
0x4838b106fce9647bdf1e7877bf73ce8b0bad5f97,0x4675c7e5baafbffbca748158becba61ef3b0a263,0.011336719572862466,2023-04-13T05:56:23+00:00,0xe9e9917d6b9b1d4a11f5ed7705ead4c959efe9025b7b7ee41377181f59c63172
0x4838b106fce9647bdf1e7877bf73ce8b0bad5f97,0x388c818ca8b9251b393131c08a736a67ccb19297,0.024422038507521372,2023-04-13T06:02:11+00:00,0xc5b5f26eccefdfdd52562cc21f2bb2eef18438b8c45dbd090acfae8ace94c088
0x4838b106fce9647bdf1e7877bf73ce8b0bad5f97,0x388c818ca8b9251b393131c08a736a67ccb19297,0.019916004786454198,2023-04-13T06:05:23+00:00,0x07da04b53ec3eb94752ae9bceb382a0827aa8c7006dccd0c555deb7f10287690
0x4838b106fce9647bdf1e7877bf73ce8b0bad5f97,0x388c818ca8b9251b393131c08a736a67ccb19297,0.00870835207087243,2023-04-13T06:21:23+00:00,0x026f65038490193f3de2c5aca0bc3c615c33d05f9f18f37a084958e3c0ef3f20
0x4838b106fce9647bdf1e7877bf73ce8b0bad5f97,0xfa02fbefb7ea1faea810e8ec19eecdb37c6dfb28,0.011116008166853618,2023-04-13T06:29:59+00:00,0xd68ab56634d29e7f228eafa10eaf6006996880426626b10f733a17960300b51e
0x4838b106fce9647bdf1e7877bf73ce8b0bad5f97,0x4675c7e5baafbffbca748158becba61ef3b0a263,0.01679053924677507,2023-04-13T06:35:11+00:00,0x3197b3d5aabcad61f5890c854d61d7c6fa45a0627c80f363c15655f57f2d6cd0
0x4838b106fce9647bdf1e7877bf73ce8b0bad5f97,0x388c818ca8b9251b393131c08a736a67ccb19297,0.0679685786751875,2023-04-13T13:35:35+00:00,0x2e99e4aaa93eaec075e424cca9109bd0481d7fc697d2c1647dd6cc78a49fa1df
0x4838b106fce9647bdf1e7877bf73ce8b0bad5f97,0x4675c7e5baafbffbca748158becba61ef3b0a263,0.013894809345849957,2023-04-13T15:16:35+00:00,0xd94bd66243bf5b68f6467e92f55170ff686892b26bdc9b89f1d18f9d6ea91eb7
0x4838b106fce9647bdf1e7877bf73ce8b0bad5f97,0x2e08451b79a01cda253811e45719ceb42640c20d,0.018670634274533172,2023-04-13T15:18:59+00:00,0x4cbffb6d1c53bf501328f6edc07397bac25631c9b82c9528724b04ab2e23240d
0x4838b106fce9647bdf1e7877bf73ce8b0bad5f97,0x388c818ca8b9251b393131c08a736a67ccb19297,0.012093047570894192,2023-04-13T15:36:35+00:00,0xca21277082de378288208196f109a78e59e56c4e56cb66403ea25c062ccb1718
0x4838b106fce9647bdf1e7877bf73ce8b0bad5f97,0x1cedc0f3af8f9841b0a1f5c1a4ddc6e1a1629074,0.019625593375207126,2023-04-13T17:15:59+00:00,0x91d90eb3c7470fc96ded6c82ee3f68c51cfef974b0093fcff7b7d353a399ae92
0x4838b106fce9647bdf1e7877bf73ce8b0bad5f97,0x388c818ca8b9251b393131c08a736a67ccb19297,0.018767344788949765,2023-04-13T17:24:47+00:00,0xa40dc26ff264ef22db366ef6d5f838c8619de614e7b83d9ce109b86a5a39a1e2
0x4838b106fce9647bdf1e7877bf73ce8b0bad5f97,0xeee27662c2b8eba3cd936a23f039f3189633e4c8,0.00993241663308268,2023-04-13T17:29:59+00:00,0x0dd74214a459e0b9ae7f9d99b1c3acc749737cc7bf9710aa8cd490e76ba150c3
0x4838b106fce9647bdf1e7877bf73ce8b0bad5f97,0x388c818ca8b9251b393131c08a736a67ccb19297,0.01832971629187806,2023-04-13T18:10:47+00:00,0xdd3211236b665c89e12330f589cad8b40230c71438c718dc25b598c1f1eee488
0x4838b106fce9647bdf1e7877bf73ce8b0bad5f97,0x388c818ca8b9251b393131c08a736a67ccb19297,0.07356499047150135,2023-04-13T18:12:35+00:00,0xb268eea1b41ba262690558937211968a6c555d4c2271814841ec5713fcd708b2
0x4838b106fce9647bdf1e7877bf73ce8b0bad5f97,0x4675c7e5baafbffbca748158becba61ef3b0a263,0.05301709175728601,2023-04-13T18:28:23+00:00,0x3c9bf55e169aa10f39822797300893e90088741dd467cc3b4f9e6f6450ab1e02
0x4838b106fce9647bdf1e7877bf73ce8b0bad5f97,0x388c818ca8b9251b393131c08a736a67ccb19297,0.018667984202375518,2023-04-13T19:14:23+00:00,0x8448dd181bfe2dcd65f8731d845ef58f53f30b2a64061cef50d8fe182cce4172
0x4838b106fce9647bdf1e7877bf73ce8b0bad5f97,0x388c818ca8b9251b393131c08a736a67ccb19297,0.07994368948938617,2023-04-13T19:25:59+00:00,0x2381a9ca7b16a4e50fed3323f66bab8bbe0667bdca3867aae0665066cac20c2f
0x4838b106fce9647bdf1e7877bf73ce8b0bad5f97,0x388c818ca8b9251b393131c08a736a67ccb19297,0.04013855021886891,2023-04-13T19:45:59+00:00,0xb915ebf8d516ad05a35f8439ce8c308b0dd71d96630cc1907529d2c232248527
0x4838b106fce9647bdf1e7877bf73ce8b0bad5f97,0xe887312c0595a10ac88e32ebb8e9f660ad9ab7f7,0.011737082933030224,2023-04-13T20:01:23+00:00,0x40325129c5e874ccff2f941727232a8b441ddb2e9f47dac7d2a0987ef06df8ac
0x4838b106fce9647bdf1e7877bf73ce8b0bad5f97,0xed33259a056f4fb449ffb7b7e2ecb43a9b5685bf,0.0225291335956608,2023-04-13T20:13:59+00:00,0x50ca5050471e6278fa0d76b0a0d0105654dc3b474e6d46ae59aae606ac3b1575
0x4838b106fce9647bdf1e7877bf73ce8b0bad5f97,0x388c818ca8b9251b393131c08a736a67ccb19297,0.1988163664457361,2023-04-13T20:15:23+00:00,0xdc8fe89fe8e3ff4e55f2c90affa53ab6ad8779143e009875c5f2fdca95e5e27f
0x4838b106fce9647bdf1e7877bf73ce8b0bad5f97,0xba401cdac1a3b6aeede21c9c4a483be6c29f88c5,0.03654147338614617,2023-04-13T21:12:11+00:00,0x050440e8200eb80aa201a7e2d29bcec91e8a26625dd03c36061042a8296fa1aa
0x4838b106fce9647bdf1e7877bf73ce8b0bad5f97,0xe688b84b23f322a994a53dbf8e15fa82cdb71127,0.02571165005560154,2023-04-13T21:23:23+00:00,0xcd4db64ccfcef66aa70aa663c7c23c1b88dd535362e6f6f871edb30b61e7a03a
0x4838b106fce9647bdf1e7877bf73ce8b0bad5f97,0xe688b84b23f322a994a53dbf8e15fa82cdb71127,0.03324671950283071,2023-04-13T21:29:23+00:00,0x58f1da18c5914e3ccbb76e723f23acf7c8a2665df591c7f6e22d4c0eff05e528
0x4838b106fce9647bdf1e7877bf73ce8b0bad5f97,0x4675c7e5baafbffbca748158becba61ef3b0a263,0.029142052378824366,2023-04-13T22:01:35+00:00,0x8223f0faa6769aab0479b32738e006f03192ae99136b189dea4e0865f5fe9f38
0x4838b106fce9647bdf1e7877bf73ce8b0bad5f97,0x388c818ca8b9251b393131c08a736a67ccb19297,0.02401534009675588,2023-04-13T22:03:11+00:00,0x686f43c55935261222875e3d6bd2d34b50b693f32e583acaae9b317365260a05
0x4838b106fce9647bdf1e7877bf73ce8b0bad5f97,0x388c818ca8b9251b393131c08a736a67ccb19297,0.01176565815279012,2023-04-13T22:05:47+00:00,0xfaf9b7debd30f3568941273acf979c38cfc8bc97089f462f1fe2655de9d43855
0x4838b106fce9647bdf1e7877bf73ce8b0bad5f97,0xd4e96ef8eee8678dbff4d535e033ed1a4f7605b7,0.0196232138890102,2023-04-13T22:06:59+00:00,0x73802d4f3c6ae4cbee8f0d3df5bbeb80f9647ee88eef2e1c20f9acdfa316b0e7
0x4838b106fce9647bdf1e7877bf73ce8b0bad5f97,0xebec795c9c8bbd61ffc14a6662944748f299cacf,0.010694294001931637,2023-04-13T22:16:47+00:00,0x47792df89d4737f2ff178cd4a7988e6bedd21ecaae38ea89f1a7743198420ce5
0x4838b106fce9647bdf1e7877bf73ce8b0bad5f97,0x388c818ca8b9251b393131c08a736a67ccb19297,0.014395247326664197,2023-04-13T22:19:23+00:00,0x5c696d1abf85332422439c0dfc66b2546af89fbc9d17045f6599d7596fe2f828
0x4838b106fce9647bdf1e7877bf73ce8b0bad5f97,0x388c818ca8b9251b393131c08a736a67ccb19297,0.01906027773302727,2023-04-13T22:23:23+00:00,0x0005e45939415786b0026b5ca483c4b1fe1a2887085af001d78d05dc86cff027
0x4838b106fce9647bdf1e7877bf73ce8b0bad5f97,0x4675c7e5baafbffbca748158becba61ef3b0a263,0.020857928377847203,2023-04-13T22:23:35+00:00,0x80eded0f20cbd466fbf07e97c07f85dba00a48841f206f231b2527d71a909b3c
0x4838b106fce9647bdf1e7877bf73ce8b0bad5f97,0xd4e96ef8eee8678dbff4d535e033ed1a4f7605b7,0.026427788828337326,2023-04-13T22:46:11+00:00,0xbd700a9dbe79a0f031561c14bf50e38ad7347c742077791f1f7e516200b7d85e
0x4838b106fce9647bdf1e7877bf73ce8b0bad5f97,0x388c818ca8b9251b393131c08a736a67ccb19297,0.016899856651219597,2023-04-13T23:12:35+00:00,0x33a750dc553df2134d7a9597cdca58b20c56f2ffc651f2a7998f7f50244f43f5
0x4838b106fce9647bdf1e7877bf73ce8b0bad5f97,0x4675c7e5baafbffbca748158becba61ef3b0a263,0.01540239804860694,2023-04-13T23:18:11+00:00,0x03c2d2a0b3a3d71df97117bac3543030590777786a3d3e7952cf021ad144ad70
0x4838b106fce9647bdf1e7877bf73ce8b0bad5f97,0x625a9cde374096e7ba33f3787c4894bbffdf02dc,0.012200583684340184,2023-04-13T23:18:59+00:00,0x57699ac1b2aa3336d1d8b01e6fc8d5ed73a8b5242cc3f261734313b0a4a4b7cc
0x4838b106fce9647bdf1e7877bf73ce8b0bad5f97,0x4675c7e5baafbffbca748158becba61ef3b0a263,0.0177390982555093,2023-04-13T23:23:23+00:00,0x5e387a2f745dbfd303ba0e7b7d17b8343c57bf7a73afebc748ede3cb24d0ddad
0x4838b106fce9647bdf1e7877bf73ce8b0bad5f97,0x388c818ca8b9251b393131c08a736a67ccb19297,0.009575720343981409,2023-04-13T23:24:47+00:00,0xd98923ab284145f018edcb154970aa4ab04c8f698ddc97ced76384c7f23a9581
0x4838b106fce9647bdf1e7877bf73ce8b0bad5f97,0x388c818ca8b9251b393131c08a736a67ccb19297,0.008479752920764663,2023-04-13T23:29:23+00:00,0xcd5fa6765fd5d1342ea11057c016f00034ad8645bdfd2325271a2fcbf9acbab4
0x4838b106fce9647bdf1e7877bf73ce8b0bad5f97,0xba401cdac1a3b6aeede21c9c4a483be6c29f88c5,0.00939180971356468,2023-04-13T23:34:47+00:00,0x347c7c0bdb71189f5d1933c995ffcef631fa96935cc81d8fc2fd67d932fbab2e
0x4838b106fce9647bdf1e7877bf73ce8b0bad5f97,0x2e08451b79a01cda253811e45719ceb42640c20d,0.02495312994969086,2023-04-13T23:35:11+00:00,0xd37551f78d8981eb8e24c1e4882a3310f3b04a93c00af240c4a77d200f401605
0x4838b106fce9647bdf1e7877bf73ce8b0bad5f97,0x388c818ca8b9251b393131c08a736a67ccb19297,0.028486348216665753,2023-04-13T23:38:23+00:00,0xea89394126f84dbe8172281aa09a6f3095f6cb9d06df2327112fc7c2a5232bc1
0x4838b106fce9647bdf1e7877bf73ce8b0bad5f97,0xce8a9a40bd846dc8f27dda35dc8630f461fa0b1a,0.016942978883999996,2023-04-13T23:42:11+00:00,0x34d9b51cc50aaba4f1b7e0910bc32b7082761df9eca1c15da761a8e1b0fe0f5d
0x4838b106fce9647bdf1e7877bf73ce8b0bad5f97,0xaecd92aec5bfbe2f5a02db2dee90733897360983,0.02326928601838276,2023-04-13T23:43:11+00:00,0x1430e938bf7d485d4d0a1a064123673dad11ef99916e8b43a38cb7cfe2f70b02
0x4838b106fce9647bdf1e7877bf73ce8b0bad5f97,0x388c818ca8b9251b393131c08a736a67ccb19297,0.02169183535978009,2023-04-13T23:45:11+00:00,0x0d5df671755022ee5a6d7637b1b25f53f2221f046b91063417bce2c6c758a602
0x4838b106fce9647bdf1e7877bf73ce8b0bad5f97,0x4675c7e5baafbffbca748158becba61ef3b0a263,0.012595523783499997,2023-04-13T23:45:23+00:00,0x62bcf493ee235341656f6f18eae427ee6861b7224762f314af39f42594e401c7
0x4838b106fce9647bdf1e7877bf73ce8b0bad5f97,0xffd22b84fb1d46ef74ed6530b2635be61340f347,0.013832015996753419,2023-04-13T23:45:59+00:00,0x3cb60852102eb69c453def5d14f2fd66b7d4b23ccdb59f2ceb5cce28a34bc14d
0x4838b106fce9647bdf1e7877bf73ce8b0bad5f97,0x388c818ca8b9251b393131c08a736a67ccb19297,0.017811631278916253,2023-04-13T23:52:11+00:00,0x554feffb6e1af873c8ed099887a8d12ba6dd2a747412a8be695afd0244232357
0x4838b106fce9647bdf1e7877bf73ce8b0bad5f97,0x8306300ffd616049fd7e4b0354a64da835c1a81c,0.04007181054417252,2023-04-13T23:59:11+00:00,0x108652842b7fc2694beea47a2aac9175226023d8968c4f3f0f61c9d60fe155f6
0x4838b106fce9647bdf1e7877bf73ce8b0bad5f97,0xed33259a056f4fb449ffb7b7e2ecb43a9b5685bf,0.03822831259341908,2023-04-14T00:08:11+00:00,0xdd6cde8976217b801d891e301a4b0ea755fe850b743f3860ee0845a37da05fe8
0x4838b106fce9647bdf1e7877bf73ce8b0bad5f97,0x388c818ca8b9251b393131c08a736a67ccb19297,0.0285063306122451,2023-04-14T00:09:35+00:00,0xb1321af52a7a9a7fc97e3b132a456f3c2fdd859e522fba961be41566d0f13a50
0x4838b106fce9647bdf1e7877bf73ce8b0bad5f97,0x6d2e03b7effeae98bd302a9f836d0d6ab0002766,0.026958159899498207,2023-04-14T00:10:47+00:00,0x6b526cc42165a46e8412c47c55314d4571011e78329f4d6b1f29049d244abf49
0x4838b106fce9647bdf1e7877bf73ce8b0bad5f97,0xcad5c09c5b506a96ae33c2875cefa926c4a1965a,0.03403230266214495,2023-04-14T00:13:47+00:00,0x69eb3b9248f83b2a4e8ecbb8f956b4481c06fe64c6c86f658dd7da498ab2267e
0x4838b106fce9647bdf1e7877bf73ce8b0bad5f97,0x4675c7e5baafbffbca748158becba61ef3b0a263,0.03866044176662774,2023-04-14T00:23:47+00:00,0xbd429145ac05f4c3ac7355c76f7bb7618741a78561133528af15b28947c39b73
0x4838b106fce9647bdf1e7877bf73ce8b0bad5f97,0xc4bc404e7bddb11cb8e6b633d6fa5714b9afc17c,0.011242960165654438,2023-04-14T00:27:11+00:00,0x03d133acb2b24ce19d4db3bceb00af026f8f77c8183ef78ad23b1380815a9962
0x4838b106fce9647bdf1e7877bf73ce8b0bad5f97,0x388c818ca8b9251b393131c08a736a67ccb19297,0.029410300792171093,2023-04-14T00:28:11+00:00,0x30d06aef59a1cd338653272fa1bcb1ba0815b2a486f092f9848fcc13b1c5185d
0x4838b106fce9647bdf1e7877bf73ce8b0bad5f97,0x5be9b269a83018e3192d6139dc6431de5656ea8a,0.03218939592154868,2023-04-14T00:29:23+00:00,0x83d8c616458f9f705fd7c3cd75aa8474380f1ed264cec5e508f3c7cd16cd8e04
0x4838b106fce9647bdf1e7877bf73ce8b0bad5f97,0x1cedc0f3af8f9841b0a1f5c1a4ddc6e1a1629074,0.02804011746593219,2023-04-14T02:11:23+00:00,0xec760dbca536806d44290f46bbbd24171324ec2a0d5d3064379eb8f16d46e9ed
0x4838b106fce9647bdf1e7877bf73ce8b0bad5f97,0x4a8ac9badfcc384d8bd1640f3fa1b6f549de38c1,0.01680144199347427,2023-04-14T02:14:23+00:00,0xeb545329347de4513b0ead0deacc1a4d239d680f999673e14621bfc1783fb6ff
0x4838b106fce9647bdf1e7877bf73ce8b0bad5f97,0xebec795c9c8bbd61ffc14a6662944748f299cacf,0.021687050225060202,2023-04-14T02:25:59+00:00,0x542397433fd0b6fa5c73c018df58548a5add63cb6900cfa5d1809bc027424d4f
0x4838b106fce9647bdf1e7877bf73ce8b0bad5f97,0x4e9cc05f7f944d618de85396e669922c2cf6813e,0.007008115396396141,2023-04-14T02:57:35+00:00,0x4bdebd4bd6cfbd2265edf75269f3b312309c57822b866afe84316f5f2bd9a8b2
0x4838b106fce9647bdf1e7877bf73ce8b0bad5f97,0x388c818ca8b9251b393131c08a736a67ccb19297,0.028134459964254024,2023-04-14T03:06:35+00:00,0x84b283b9994bd1cc6f2f22f7bbee34021b7348c5b3f9e9f75d65ff0ca86e835c
0x4838b106fce9647bdf1e7877bf73ce8b0bad5f97,0x388c818ca8b9251b393131c08a736a67ccb19297,0.06879938076344654,2023-04-14T03:46:11+00:00,0x453ca3badc8736e6ab556a9eb525606f70e1f904a9976e1d2301814683ba86b1
0x4838b106fce9647bdf1e7877bf73ce8b0bad5f97,0xe688b84b23f322a994a53dbf8e15fa82cdb71127,0.01473082722602996,2023-04-14T05:02:11+00:00,0x77220c4d1030e5339d4bc1460d292f1d828c6eeedcae24376361ce917953bfa3
0x4838b106fce9647bdf1e7877bf73ce8b0bad5f97,0x4675c7e5baafbffbca748158becba61ef3b0a263,0.01894141272340488,2023-04-14T05:20:11+00:00,0x47d60b93df859293a313980e15d93fe553c118359265f459ff1f62aafda816fd
0x4838b106fce9647bdf1e7877bf73ce8b0bad5f97,0x4675c7e5baafbffbca748158becba61ef3b0a263,0.03266222085664506,2023-04-14T06:07:23+00:00,0xc5a83b56e190f2f9b5c4116e8b572bc3b5e71339704a2e7156aed55e6ca1f6ea
0x4838b106fce9647bdf1e7877bf73ce8b0bad5f97,0x388c818ca8b9251b393131c08a736a67ccb19297,0.0313305977310414,2023-04-14T06:16:47+00:00,0x7726e2768ad2516cb50aee58907e19dc5487e87a9e5ca04b448eb8b44185016c
0x4838b106fce9647bdf1e7877bf73ce8b0bad5f97,0x1b635a0a5781d1d4262bc35ca039fe5a0ae0d899,0.046358827937594986,2023-04-14T06:37:59+00:00,0xd39c074067e6b6112a0c2e396a58a70fc8afd827f83544f7b258c0618468e55b
0x4838b106fce9647bdf1e7877bf73ce8b0bad5f97,0x4675c7e5baafbffbca748158becba61ef3b0a263,0.018481520571319264,2023-04-14T07:53:11+00:00,0xac1122188aed00ba88a08b05b1adc2c206c4f33efe43bb5c3bb2a2c016f8ca0a
0x4838b106fce9647bdf1e7877bf73ce8b0bad5f97,0x4675c7e5baafbffbca748158becba61ef3b0a263,0.018474636267841047,2023-04-14T08:07:59+00:00,0x7baf4d2af81ad5e3aa340e7b872f628bd1ca6f04d19ee19da7e2da3da6e4cb2e
0x4838b106fce9647bdf1e7877bf73ce8b0bad5f97,0xd11d7d2cb0aff72a61df37fd016ee1bd9f180633,0.018586343990158734,2023-04-14T08:42:59+00:00,0x5830b53a9606ed90c20ab05031962cb6ebdb7314ea02d5874c70708f8f3aef86
0x4838b106fce9647bdf1e7877bf73ce8b0bad5f97,0xadae1798f761fa7fce29b6673d453d1a48a2931a,0.01908033001542123,2023-04-14T09:14:11+00:00,0xb8c06653cb001c3d1eb35c40fb812e157e5129f4e617115b6db6a66fb466312c
0x4838b106fce9647bdf1e7877bf73ce8b0bad5f97,0x4675c7e5baafbffbca748158becba61ef3b0a263,0.00739679911622473,2023-04-14T09:18:35+00:00,0xa316f6a2d44f92be95c3e478442de4523a28fd675358e1e5fd0274e5f9ee4e8b
0x4838b106fce9647bdf1e7877bf73ce8b0bad5f97,0xe688b84b23f322a994a53dbf8e15fa82cdb71127,0.019907877396652222,2023-04-14T09:43:23+00:00,0x7d859c772c69e66eaff72ada7fc4ce9891ab3b0819d4ee94d5df70ac09ec9c7a
0x4838b106fce9647bdf1e7877bf73ce8b0bad5f97,0x6ead79c8a48374a697f3d22f165d428f7491677d,0.014877827498579821,2023-04-14T09:59:47+00:00,0xc4f5e0c63540aaf57bc384dd4191b796e9294e2ed1f7279c224b9b442c41386f
0x4838b106fce9647bdf1e7877bf73ce8b0bad5f97,0x6b3a8798e5fb9fc5603f3ab5ea2e8136694e55d0,0.015669442080909923,2023-04-14T10:15:47+00:00,0xd85090353b8f5ed5835443e93e30cce8b46a199de571d34f5913387d2f01f72a
0x4838b106fce9647bdf1e7877bf73ce8b0bad5f97,0x388c818ca8b9251b393131c08a736a67ccb19297,0.013068075170250893,2023-04-14T10:32:47+00:00,0x9776d812b0125ac8e119e7456c2def9cfca8498cad2575d076101320ad52a2f1
0x4838b106fce9647bdf1e7877bf73ce8b0bad5f97,0xe688b84b23f322a994a53dbf8e15fa82cdb71127,0.011419263041301626,2023-04-14T10:43:23+00:00,0x2d791a49c46a0ca23f43b902bc3f2b69e848f509069fd96d4e6df60d7924162e
0x4838b106fce9647bdf1e7877bf73ce8b0bad5f97,0x388c818ca8b9251b393131c08a736a67ccb19297,0.03649425704602637,2023-04-14T11:10:47+00:00,0x0ebb6d274da28cb3ca67b9ef4da930d4ba23c3c2d0d64083680189fa2c0a9a06
0x4838b106fce9647bdf1e7877bf73ce8b0bad5f97,0xe688b84b23f322a994a53dbf8e15fa82cdb71127,0.025770571515538226,2023-04-14T11:23:23+00:00,0xeaa31840a7e40a4fe59b282a45efb39390d7608645bb095861418655f14f3cf0
0x4838b106fce9647bdf1e7877bf73ce8b0bad5f97,0x42f5cbf04b61c890d338f8ffe2fa36138a7ab413,0.01273580865305003,2023-04-14T11:59:59+00:00,0x842a18162ae4418b8c629a839d949217ba2d05a51e696ed2dea16437611c0dbc
0x4838b106fce9647bdf1e7877bf73ce8b0bad5f97,0x4675c7e5baafbffbca748158becba61ef3b0a263,0.015592793089380264,2023-04-14T12:18:35+00:00,0x6c8fbaae5fd7735460ad830427617f8f09ccd471238028626270355d5ad81894
0x4838b106fce9647bdf1e7877bf73ce8b0bad5f97,0xebec795c9c8bbd61ffc14a6662944748f299cacf,0.038974025174601655,2023-04-14T12:43:35+00:00,0xfef1d2b03a4cebe22f3ee2af15599500843a60e24559f7442ffb8a3a1ec948ac
0x4838b106fce9647bdf1e7877bf73ce8b0bad5f97,0x388c818ca8b9251b393131c08a736a67ccb19297,0.026840197276987263,2023-04-14T13:45:35+00:00,0xd1ad944ec6f0ce0bb58df9d256b0a860ddd022e8d58344f4586c2a8dd4a35e31
0x4838b106fce9647bdf1e7877bf73ce8b0bad5f97,0x388c818ca8b9251b393131c08a736a67ccb19297,0.030485516993656685,2023-04-14T13:52:23+00:00,0x04f72ece8594fa306131d74ce1048a0d6f2c33e54ca03d15b84292b746ca349a
0x4838b106fce9647bdf1e7877bf73ce8b0bad5f97,0xe887312c0595a10ac88e32ebb8e9f660ad9ab7f7,0.02211043471385648,2023-04-14T13:55:47+00:00,0xbc68b95d4b58c5167566e98a95eb80f3aa8a3067e232f104e80184784344ad5a
0x4838b106fce9647bdf1e7877bf73ce8b0bad5f97,0xd4e96ef8eee8678dbff4d535e033ed1a4f7605b7,0.09505011699870315,2023-04-14T13:59:47+00:00,0x7cd790f93d3f1eaf25f6ee7067ad7f29f929dc350b0a9ae8f0956368fcf1a8bb
0x4838b106fce9647bdf1e7877bf73ce8b0bad5f97,0xeee27662c2b8eba3cd936a23f039f3189633e4c8,0.013314668717500311,2023-04-14T14:06:47+00:00,0x4520b6ae97de433ad8e9ccde3e853e7eb50927327ad638aac1400d0ebf1ffbdd
0x4838b106fce9647bdf1e7877bf73ce8b0bad5f97,0xe688b84b23f322a994a53dbf8e15fa82cdb71127,0.08521269079828833,2023-04-14T14:18:47+00:00,0x95bf55b9124012bb6868dcf1a59a0d881a662e5cf30dac0906a8632ce8e887e5
0x4838b106fce9647bdf1e7877bf73ce8b0bad5f97,0x4675c7e5baafbffbca748158becba61ef3b0a263,0.19547722026594266,2023-04-14T14:40:59+00:00,0x3d9ffda5d2e9bace07bd2090c9e43de1c54605c30e26c813c134203381fadccc
0x4838b106fce9647bdf1e7877bf73ce8b0bad5f97,0x388c818ca8b9251b393131c08a736a67ccb19297,0.049443357178332925,2023-04-14T15:22:11+00:00,0x0af2cddc8f69563e03d1de36713778fbf055217ee779765c738fa3862bb60f19
0x4838b106fce9647bdf1e7877bf73ce8b0bad5f97,0x388c818ca8b9251b393131c08a736a67ccb19297,0.01633465792964022,2023-04-14T15:22:59+00:00,0xeb09db1451b9bc7084904908eefd00ca6855d0b63d32e6c10521772cc68ce41b
0x4838b106fce9647bdf1e7877bf73ce8b0bad5f97,0x6b3a8798e5fb9fc5603f3ab5ea2e8136694e55d0,0.06632849521335508,2023-04-14T16:55:23+00:00,0x24d2f27b850b21719a2eb14106062b05401f2ae173c9c0e26ac2a539cf55e153
0x4838b106fce9647bdf1e7877bf73ce8b0bad5f97,0xe887312c0595a10ac88e32ebb8e9f660ad9ab7f7,0.017949329061022187,2023-04-14T16:59:47+00:00,0xbd8eae39b1635e6a1c92b19a43f72f141cd80622262031c5971d6f09bdb3c82c
0x4838b106fce9647bdf1e7877bf73ce8b0bad5f97,0xb742445226d28b0ae1f8db1044093ad53db785ce,0.04524632073814948,2023-04-14T17:10:35+00:00,0x455c0142fb2960f063a9f1eb9587e2df5bea5da416f77975ad02abd3fc1a348e
0x4838b106fce9647bdf1e7877bf73ce8b0bad5f97,0xf588c58f467db3711b558f5294de4900b535ce69,0.02464713977197296,2023-04-14T17:21:23+00:00,0xa5ab1f2195ae62f3aed3f9389e3cf9002328f899565c3c469766ac63e96124a1
0x4838b106fce9647bdf1e7877bf73ce8b0bad5f97,0xe887312c0595a10ac88e32ebb8e9f660ad9ab7f7,0.02193165926132108,2023-04-14T17:26:59+00:00,0xa0ae878cfffbc2ac6f16f7be9cec26242bf6bedf59faa19ab18220b1ae9e5045
0x4838b106fce9647bdf1e7877bf73ce8b0bad5f97,0x388c818ca8b9251b393131c08a736a67ccb19297,0.10404096986781551,2023-04-14T17:31:35+00:00,0x67848c497acc5c5aaab73e3e35987d492632dc88c98cc714747ff5ef85d73f85
0x4838b106fce9647bdf1e7877bf73ce8b0bad5f97,0x388c818ca8b9251b393131c08a736a67ccb19297,0.19238398321744954,2023-04-14T18:01:11+00:00,0x866a2459301f8b2b53d92f273891d6fc71a8a48a2cf1b1c68106af08e1d8f9d8
0x4838b106fce9647bdf1e7877bf73ce8b0bad5f97,0x388c818ca8b9251b393131c08a736a67ccb19297,0.048470806476472394,2023-04-14T18:46:11+00:00,0xc889f2851ed7a77c70cfc9a29b6b397c99058365da9abde58cefa1d78317abf3
0x4838b106fce9647bdf1e7877bf73ce8b0bad5f97,0xf304a4229561aeba13425710acf1f46c9f24f1eb,0.040875243167680285,2023-04-14T18:52:35+00:00,0x2b5f01d2ff12b2a74875ca0527325b074d6add4c94212dc781d59de7746c7ad2
0x4838b106fce9647bdf1e7877bf73ce8b0bad5f97,0x0877a0512c1e77525ffd61bdf2539213997dd225,0.09768086888471238,2023-04-14T19:02:35+00:00,0x0924f93626314169efc853a6516c83516cc9160c1bd31c844bbe33bad3327dcf
0x4838b106fce9647bdf1e7877bf73ce8b0bad5f97,0x49738b8b9cbfb4fa1f7eb1e76e151226f26cf0b9,0.032638116932655135,2023-04-14T20:09:59+00:00,0x180ce051dd9788a42ec8764b93dbd16ab45f485d7ec2e4e3f82fb0c0aff730b4
0x4838b106fce9647bdf1e7877bf73ce8b0bad5f97,0x388c818ca8b9251b393131c08a736a67ccb19297,0.013344553148833083,2023-04-14T20:18:59+00:00,0xdc76e928b28e603d227381b4a1f52a3d560bc5bebc5cd5dbcee6ab49748c5a84
0x4838b106fce9647bdf1e7877bf73ce8b0bad5f97,0x388c818ca8b9251b393131c08a736a67ccb19297,0.024213855269789235,2023-04-14T20:55:47+00:00,0x61000fbac26799fc12f65cec4a7fcebd69d952762b0c93693ec3a34bcec4d196
0x4838b106fce9647bdf1e7877bf73ce8b0bad5f97,0xe94f1fa4f27d9d288ffea234bb62e1fbc086ca0c,0.04779745240790335,2023-04-14T21:57:47+00:00,0xc0860359cd8122dfab365901e23b586cc474fcde77e68bc156118958255ad858
0x4838b106fce9647bdf1e7877bf73ce8b0bad5f97,0x388c818ca8b9251b393131c08a736a67ccb19297,0.0339264002448426,2023-04-14T22:19:11+00:00,0xd1a785ca0878bef53800d2deae019eb99ba83889a062b96a8e83edde880993a2
0x4838b106fce9647bdf1e7877bf73ce8b0bad5f97,0x388c818ca8b9251b393131c08a736a67ccb19297,0.032993751116983695,2023-04-14T23:29:59+00:00,0xb4130e49ee26e90e0af69aa7cbcc0a1b4cadcf044a80bd9a064528cdaf84caad
0x4838b106fce9647bdf1e7877bf73ce8b0bad5f97,0xe46208627394bdde678098fa671bd0d82f332ab1,0.024858883831227776,2023-04-14T23:53:11+00:00,0x8f02728c809560e4f1100f80e6620053a2120d2d3ae8e7d6944f5730fb576489
0x4838b106fce9647bdf1e7877bf73ce8b0bad5f97,0x388c818ca8b9251b393131c08a736a67ccb19297,0.01939706880073487,2023-04-15T00:13:11+00:00,0x192f9547ef9f985208e7dc7bcb351f8020e15a3409cf75c549e9f3ad9a0e0f29
0x4838b106fce9647bdf1e7877bf73ce8b0bad5f97,0x388c818ca8b9251b393131c08a736a67ccb19297,0.010486043448280339,2023-04-15T00:21:35+00:00,0xb72d7a1448729abf8785f6e7984b58843cf3da62b5aa5729fec76d1c6fd7d4fd
0x4838b106fce9647bdf1e7877bf73ce8b0bad5f97,0x388c818ca8b9251b393131c08a736a67ccb19297,0.04596790603907203,2023-04-15T01:02:35+00:00,0x495bb0e35486f1877c00459132dbba1bd1e1a3494986ea077a4cae2c45a53f87
0x4838b106fce9647bdf1e7877bf73ce8b0bad5f97,0x1cedc0f3af8f9841b0a1f5c1a4ddc6e1a1629074,0.04586142479708813,2023-04-15T01:15:11+00:00,0x1d9afb09ea3920222bc8abdf30aa8a441e5a8f54b25b6073e48bcf8f0a9333e7
0x4838b106fce9647bdf1e7877bf73ce8b0bad5f97,0x3e3753491f224571dd8d7e925b73cc685ab0aae4,0.013154788230173043,2023-04-15T01:16:35+00:00,0x345a5f3681a457b75d936cd070e54775d78f90118cc137843c804858710917c3
0x4838b106fce9647bdf1e7877bf73ce8b0bad5f97,0xeee27662c2b8eba3cd936a23f039f3189633e4c8,0.01581168241457145,2023-04-15T01:23:11+00:00,0xfcce9850924c7cde5cb8ffd97e88308e68fb06855a3e7caab831151fb392a537
0x4838b106fce9647bdf1e7877bf73ce8b0bad5f97,0xf22e098cb0d6c24d88ab79c1ce87b73ea26e608f,0.013652577110190151,2023-04-15T01:29:23+00:00,0x56950c4e743033c29f31b289d5e4ce03056a4cd93839e5fb4084fd60a34c7f9f
0x4838b106fce9647bdf1e7877bf73ce8b0bad5f97,0x1cedc0f3af8f9841b0a1f5c1a4ddc6e1a1629074,0.017085546610381478,2023-04-15T01:29:35+00:00,0x8ec6e8630b09642e2428215e2e54d5b82c4ce5faed15bb9ffe21386ea68ab60b
0x4838b106fce9647bdf1e7877bf73ce8b0bad5f97,0x388c818ca8b9251b393131c08a736a67ccb19297,0.008276552156068233,2023-04-15T01:54:23+00:00,0xdd09fdc90e8f6a2f4360447e58b81cc626d6c54a2f8d89571e60e970e59f8c39
0x4838b106fce9647bdf1e7877bf73ce8b0bad5f97,0xa27cef8af2b6575903b676e5644657fae96f491f,0.014748634699200326,2023-04-15T01:56:11+00:00,0xab425cd7c74ad035f026be724e6a281af61221568e1b5cc464f969e9b3543e2b
0x4838b106fce9647bdf1e7877bf73ce8b0bad5f97,0x388c818ca8b9251b393131c08a736a67ccb19297,0.03642538203720912,2023-04-15T02:10:59+00:00,0x9682a894990afe72ae6f4a79e8d332027fe3c77dafcf3d5d52635c50d72ed885
0x4838b106fce9647bdf1e7877bf73ce8b0bad5f97,0x388c818ca8b9251b393131c08a736a67ccb19297,0.021399680744284846,2023-04-15T02:22:47+00:00,0xf534e575c521c9875ed3d0ba02d959b69c35d121981a9339bd871e7a63497fdd
0x4838b106fce9647bdf1e7877bf73ce8b0bad5f97,0x388c818ca8b9251b393131c08a736a67ccb19297,0.012398931461709882,2023-04-15T02:23:47+00:00,0x3dd95ea34d2cc09d584460fabafc64511402cda9074be07d0a5a50d939ddaeec
0x4838b106fce9647bdf1e7877bf73ce8b0bad5f97,0xce8a9a40bd846dc8f27dda35dc8630f461fa0b1a,0.013110783802727078,2023-04-15T02:26:35+00:00,0x33ebd8a4492b7273940a72ac594f97530a095b38f8ca6c08600d601ccbbcf82a
0x4838b106fce9647bdf1e7877bf73ce8b0bad5f97,0x388c818ca8b9251b393131c08a736a67ccb19297,0.019186069328253647,2023-04-15T02:54:11+00:00,0x81ada3357e67cfb32c8236044a3d42f940497dc8f3f77d1b190d4b5fbcb68ff9
0x4838b106fce9647bdf1e7877bf73ce8b0bad5f97,0x388c818ca8b9251b393131c08a736a67ccb19297,0.028924946502465344,2023-04-15T03:07:11+00:00,0x183d74514b9253172fa9d190ede97f41041f4468d4b104f56c9c22e086814fea
0x4838b106fce9647bdf1e7877bf73ce8b0bad5f97,0x4675c7e5baafbffbca748158becba61ef3b0a263,0.028937150633850005,2023-04-15T03:10:11+00:00,0xad28d28b433de5c6a49f35109252da81a75162b42cc68c71360e2fb58f947824
0x4838b106fce9647bdf1e7877bf73ce8b0bad5f97,0x2194331af2cf9de9adb36cf09654fad65cafb58b,0.038593050413241986,2023-04-15T03:15:59+00:00,0x172a2675360084b27f657b9ccd1fdbafb4b2cfc54abe9f1ea105717d0b943e79
0x4838b106fce9647bdf1e7877bf73ce8b0bad5f97,0xebec795c9c8bbd61ffc14a6662944748f299cacf,0.018948158324477393,2023-04-15T03:21:35+00:00,0xd0eda3437a4c4f7d997f212c0bc2ccb1902c6028d227f1af4860ea460e915c96
0x4838b106fce9647bdf1e7877bf73ce8b0bad5f97,0x4675c7e5baafbffbca748158becba61ef3b0a263,0.011884015780722798,2023-04-15T03:25:35+00:00,0x333574a00116596b0afcbe022ef7d960cb60f55f1795ce581d756a6f04a94060
0x4838b106fce9647bdf1e7877bf73ce8b0bad5f97,0xf4d1645dd1a8a44a3dd197cba2626161b01163c5,0.017354590803273097,2023-04-15T03:29:35+00:00,0x5290a9cc530688226f018d2ff42beb4538cece792ec9c75c448ded00accd917d
0x4838b106fce9647bdf1e7877bf73ce8b0bad5f97,0x0077732907bfc6208933cfd2a51afb8f33ca5958,0.006500622157424106,2023-04-15T03:39:59+00:00,0x6f0783e2a300b1f693f10bf30bb88cc0d4c3dc8a158386fb58dba831e54cc036
0x4838b106fce9647bdf1e7877bf73ce8b0bad5f97,0x388c818ca8b9251b393131c08a736a67ccb19297,0.012867621729176028,2023-04-15T03:44:47+00:00,0x0966f633db2843b5d62b50eaeac3feeb75af7a3e77ac53b363694e40bd457624
0x4838b106fce9647bdf1e7877bf73ce8b0bad5f97,0x388c818ca8b9251b393131c08a736a67ccb19297,0.014463716836125783,2023-04-15T03:50:47+00:00,0xdb3908c68f82404cc2c52a361524907932b0187e90f54dd64f6f7da546302a85
0x4838b106fce9647bdf1e7877bf73ce8b0bad5f97,0xeee27662c2b8eba3cd936a23f039f3189633e4c8,0.015558096215533241,2023-04-15T03:51:47+00:00,0x933616116471baf1ba9f42406aa674bb624a668d411b9c1960fb3ebf6cc537ae
0x4838b106fce9647bdf1e7877bf73ce8b0bad5f97,0x388c818ca8b9251b393131c08a736a67ccb19297,0.03872562350902826,2023-04-15T03:53:11+00:00,0x245b940dc051c602dccf209423b5726dcd6d94a3bf5dc1180bc744c9b3cebfab
0x4838b106fce9647bdf1e7877bf73ce8b0bad5f97,0x388c818ca8b9251b393131c08a736a67ccb19297,0.012262287244225935,2023-04-15T03:59:23+00:00,0x31e3945732e0ccab619d274b3cd1e3d44249575600fc14412fcd611844f530ef
0x4838b106fce9647bdf1e7877bf73ce8b0bad5f97,0xade4a1e54a0efa7c0557e8fdecc714f716ed0be6,0.03014143980280135,2023-04-15T04:08:23+00:00,0x0070b6d2828d968e03ce22129fefc3ce5098b05548bfa8968f38253b083e797e
0x4838b106fce9647bdf1e7877bf73ce8b0bad5f97,0x378cdc4e9e9bccd7aeda011888ecf6a8528271fb,0.013167964723307557,2023-04-15T04:16:59+00:00,0x8a770e989d4629be940bf6b586754a037e6d84b4f8c41e4108e5803b3aa9413d
0x4838b106fce9647bdf1e7877bf73ce8b0bad5f97,0x4675c7e5baafbffbca748158becba61ef3b0a263,0.013287761229774056,2023-04-15T04:17:23+00:00,0x73fa9689a3f16933bbffab6ef99f7977eb7d99b22eceff2d3ef5997f3afc51a9
0x4838b106fce9647bdf1e7877bf73ce8b0bad5f97,0x388c818ca8b9251b393131c08a736a67ccb19297,0.011903976202621784,2023-04-15T04:29:23+00:00,0x0642bdec6e4f5789bc032bbec5e258dbefe8499eda74c300e5d131f3051fdd81
0x4838b106fce9647bdf1e7877bf73ce8b0bad5f97,0xebec795c9c8bbd61ffc14a6662944748f299cacf,0.008068202240370678,2023-04-15T04:34:47+00:00,0xd370116545ed08e908154fe1de0eb70b2fd81061f3fbd51a2d43d72bfe4bdd09
0x4838b106fce9647bdf1e7877bf73ce8b0bad5f97,0xe887312c0595a10ac88e32ebb8e9f660ad9ab7f7,0.019744458930533056,2023-04-15T04:41:11+00:00,0x8ecac1bb9d54e33c40c3a887e0507b98b48b502abb4bfd505c24ec546346c621
0x4838b106fce9647bdf1e7877bf73ce8b0bad5f97,0x8880bb98e7747f73b52a9cfa34dab9a4a06afa38,0.012989276230286962,2023-04-15T04:42:47+00:00,0x0e3700796980d6443abd75b8afa9e20963e3bea4d20856244ef9ba3dc8fcc66a
0x4838b106fce9647bdf1e7877bf73ce8b0bad5f97,0x4675c7e5baafbffbca748158becba61ef3b0a263,0.022619550867085482,2023-04-15T05:25:47+00:00,0xd743467c235ca9dcba639d692de434404925e8f2372b7ac1dd546785b67c5614
0x4838b106fce9647bdf1e7877bf73ce8b0bad5f97,0x4675c7e5baafbffbca748158becba61ef3b0a263,0.016762728209441656,2023-04-15T05:29:11+00:00,0xc3348d174e2b87d25f2b21c3afd322623af96f36a64adc1077c3ea7adf8b9c09
0x4838b106fce9647bdf1e7877bf73ce8b0bad5f97,0x4675c7e5baafbffbca748158becba61ef3b0a263,0.012382805393858278,2023-04-15T06:16:59+00:00,0x4045e3429b94909affca1539f71d1aa566a2cd8222f9aa4f18070865a7b64537
0x4838b106fce9647bdf1e7877bf73ce8b0bad5f97,0x4675c7e5baafbffbca748158becba61ef3b0a263,0.015378683165786859,2023-04-15T06:17:47+00:00,0xc14f56888c7d66e64e0b93b311b18c3a69b7ee709e891d433365709ead9c7f6a
0x4838b106fce9647bdf1e7877bf73ce8b0bad5f97,0x6d2e03b7effeae98bd302a9f836d0d6ab0002766,0.01298967960647601,2023-04-15T06:18:47+00:00,0xb3e663bc7acea748cd288d91fa545cb5f3989632625a89f3f3681e5f9e18e06a
0x4838b106fce9647bdf1e7877bf73ce8b0bad5f97,0xe688b84b23f322a994a53dbf8e15fa82cdb71127,0.015407446510756548,2023-04-15T06:38:35+00:00,0xee0d493cb6f097184f2ae10a5d3199e40ed5e54241ad889bada90ba3114ff0a9
0x4838b106fce9647bdf1e7877bf73ce8b0bad5f97,0x388c818ca8b9251b393131c08a736a67ccb19297,0.014235772033104757,2023-04-15T06:40:47+00:00,0x9a5a1afb66f0b89697e4f29c82cd02e28e5c5542fb39c86b796321690da575cd
0x4838b106fce9647bdf1e7877bf73ce8b0bad5f97,0xe688b84b23f322a994a53dbf8e15fa82cdb71127,0.03292154992592983,2023-04-15T06:45:35+00:00,0xebfb9576bbfea5c1887795af86c72fd45789a7cab591b7bb0c960adf9be09d01
0x4838b106fce9647bdf1e7877bf73ce8b0bad5f97,0x5bd7a278b8a67ec8e6f7df970dbc12697b2aa714,0.00899484210139554,2023-04-15T07:03:35+00:00,0x37f5cfaba8a89c80203412ff547085cc3251be4ae0382bbb736eca18eaefe8a4
0x4838b106fce9647bdf1e7877bf73ce8b0bad5f97,0x388c818ca8b9251b393131c08a736a67ccb19297,0.029961957571441607,2023-04-15T07:40:47+00:00,0x972296be2a18639dfe5483df494c61b2270cca507cce67e0313e2b35055f3fd7
0x4838b106fce9647bdf1e7877bf73ce8b0bad5f97,0xcba0074a77a3ad623a80492bb1d8d932c62a8bab,0.032037102428103925,2023-04-15T07:44:35+00:00,0x2931b2e92f252e57e01907a079b4f3172bc74b407a63a7b178df912eb74fe933
0x4838b106fce9647bdf1e7877bf73ce8b0bad5f97,0x388c818ca8b9251b393131c08a736a67ccb19297,0.017338608298949666,2023-04-15T07:58:11+00:00,0x5e377e5681f05249b64f4f56320cbbd6ba5959ba75e21e2d2d26847bcb74c998
0x4838b106fce9647bdf1e7877bf73ce8b0bad5f97,0x388c818ca8b9251b393131c08a736a67ccb19297,0.018342879998514933,2023-04-15T07:59:35+00:00,0x7d04f9039be4707bb93e4c9adecfe6c7ed1f70dc3375ed609860a5a22bfdcaf0
0x4838b106fce9647bdf1e7877bf73ce8b0bad5f97,0xfa92f503c82b2be5705e63df1de9bcef8eb6e561,0.013089221202070756,2023-04-15T08:24:35+00:00,0x28b2e37f429b95f71adab1630dbb9c54149feef87f3adbd0bdb6ff624080910d
0x4838b106fce9647bdf1e7877bf73ce8b0bad5f97,0x4675c7e5baafbffbca748158becba61ef3b0a263,0.017092036554072466,2023-04-15T08:29:23+00:00,0x83e33f0e1847ea875acbbfbbfd117e76d5f55f49af254a1f853cb5ac7b46109e
0x4838b106fce9647bdf1e7877bf73ce8b0bad5f97,0x4675c7e5baafbffbca748158becba61ef3b0a263,0.008614669366415428,2023-04-15T08:39:35+00:00,0x7a3afa9ebec1ccca9049e48cd6556f99eef4ef9ecf48236774c9c90912119131
0x4838b106fce9647bdf1e7877bf73ce8b0bad5f97,0x634316ea0ee79c701c6f67c53a4c54cbafd2316d,0.025583130285435293,2023-04-15T08:47:35+00:00,0x4671884fb37f0948bfad62bdcf368f1ffe7658291ab54e5de81843d8570d4423
0x4838b106fce9647bdf1e7877bf73ce8b0bad5f97,0x388c818ca8b9251b393131c08a736a67ccb19297,0.03414630907766735,2023-04-15T08:49:11+00:00,0x67355d74f707a45723fe163a21d9effbe4cb4253acf18fbd01d18c743e9d0b53
0x4838b106fce9647bdf1e7877bf73ce8b0bad5f97,0xe94f1fa4f27d9d288ffea234bb62e1fbc086ca0c,0.014746985029280629,2023-04-15T09:05:47+00:00,0xe8a25753d25895ff2411b8325392d5dd599ec46a1e51e68dcce0772949d62b87
0x4838b106fce9647bdf1e7877bf73ce8b0bad5f97,0x4675c7e5baafbffbca748158becba61ef3b0a263,0.010067150316145766,2023-04-15T09:35:59+00:00,0x8ddbde1eed8bcad364617ec33abee4dd8bfc258ec353bf378485dcf957725c03
0x4838b106fce9647bdf1e7877bf73ce8b0bad5f97,0xe688b84b23f322a994a53dbf8e15fa82cdb71127,0.03701938805115458,2023-04-15T10:04:11+00:00,0xf50f79d451ae9b96dbfb71802c88daad3a1a7b861903899b94b7e0fc86aa88e4
0x4838b106fce9647bdf1e7877bf73ce8b0bad5f97,0x2147d1156c28e7c6268e887c5fdc2360ca078fbd,0.00611599495913117,2023-04-15T10:09:35+00:00,0xb05ad7feb25d96982b8a56e695e7a652c48df94b9b3f7af4fb89d97204988461
0x4838b106fce9647bdf1e7877bf73ce8b0bad5f97,0x5a1c235597a228d0594ad7304865a5a4fd153f1e,0.007745914503799114,2023-04-15T10:23:35+00:00,0xcea336d1d166d0f6af899454376ac4231a16aa241b2a89acde3b2cab450a1dda
0x4838b106fce9647bdf1e7877bf73ce8b0bad5f97,0xebec795c9c8bbd61ffc14a6662944748f299cacf,0.011034360644913246,2023-04-15T10:47:23+00:00,0xd3038fbc7bc0dcdd2ea5df7ff0c23741fb24d4d2a4b6126f018b114247143471
0x4838b106fce9647bdf1e7877bf73ce8b0bad5f97,0x388c818ca8b9251b393131c08a736a67ccb19297,0.03184669509099896,2023-04-15T10:49:11+00:00,0x1f3021480dabc9d82ae85a26d2fb975f6402d1a2f8f82fb6806442dbebac73f5
0x4838b106fce9647bdf1e7877bf73ce8b0bad5f97,0xe688b84b23f322a994a53dbf8e15fa82cdb71127,0.007159546183250818,2023-04-15T11:01:23+00:00,0x6e654a6965078347cfe23731b2f5aa6eadb0e248359d4a35dc602118a6f0d85a
0x4838b106fce9647bdf1e7877bf73ce8b0bad5f97,0x4675c7e5baafbffbca748158becba61ef3b0a263,0.007543420557581442,2023-04-15T11:18:35+00:00,0x59d32ff88897ae3db5d97ce70e180246b55dc318c4b2e349f99ce077e57ebb6d
0x4838b106fce9647bdf1e7877bf73ce8b0bad5f97,0x4a8ac9badfcc384d8bd1640f3fa1b6f549de38c1,0.010298096152469627,2023-04-15T12:08:47+00:00,0x3ffcb0ea6025637aba2057cb012805688e50c9169d09eb73f17742c063cf37cc
0x4838b106fce9647bdf1e7877bf73ce8b0bad5f97,0xe688b84b23f322a994a53dbf8e15fa82cdb71127,0.009865048575535376,2023-04-15T12:16:47+00:00,0x85ed34fbd1ebea6c9095e9cbcd1011f7d8949a2590988b0cdb0b8e583fe4c371
0x4838b106fce9647bdf1e7877bf73ce8b0bad5f97,0xdee2c8f3345104f6dd081657d180a9058be7ab05,0.019057997507225383,2023-04-15T12:20:59+00:00,0x847726a4fbe4c219670f0d69dc74120cd408d89e83933bb291eed3b9e854e307
0x4838b106fce9647bdf1e7877bf73ce8b0bad5f97,0x4675c7e5baafbffbca748158becba61ef3b0a263,0.03197697684672129,2023-04-15T12:53:23+00:00,0x311cf8ad1de091ee3dff173dcf1b7be02d098221283e0480a703d64ca3b4cad2
0x4838b106fce9647bdf1e7877bf73ce8b0bad5f97,0xe688b84b23f322a994a53dbf8e15fa82cdb71127,0.04744777804882632,2023-04-15T13:11:11+00:00,0x99a65320a9d133306ca52691270f30dfa5f8114c5bea9e4a027a5d7b05385592
0x4838b106fce9647bdf1e7877bf73ce8b0bad5f97,0x1bab39fc245a93b507c44da5772bc4bfd7409df4,0.012324390790157505,2023-04-15T13:12:11+00:00,0xb1e2e8966f350018f35624d98e4293a21dbd7e5b27938d6ba3e03683e9453301
0x4838b106fce9647bdf1e7877bf73ce8b0bad5f97,0xcfe2caaf3cec97061d0939748739bffe684ae91f,0.0187228044871195,2023-04-15T13:28:35+00:00,0x084e8b21e6c987e72ab5cfb9a83ca93811d2cc651b012a2829af60a92624f0e7
0x4838b106fce9647bdf1e7877bf73ce8b0bad5f97,0x388c818ca8b9251b393131c08a736a67ccb19297,0.012312463665423969,2023-04-15T13:43:11+00:00,0x08f477eb7591f63c514ff0cb0f865bda4ae83fe12c97584fc8163905738f0617
0x4838b106fce9647bdf1e7877bf73ce8b0bad5f97,0x388c818ca8b9251b393131c08a736a67ccb19297,0.013958342248118117,2023-04-15T13:54:59+00:00,0xd3a9a4625a3df9252889d76f0446e9b010e5e3a151204c201d0ebeb0957c37db
0x4838b106fce9647bdf1e7877bf73ce8b0bad5f97,0x2112bb05f70898cd022c5a1452a78a1bf79df5d8,0.030698646345013385,2023-04-15T13:56:47+00:00,0xb1ad4b90bb82036d2ad592905408e145f6bc89534593a4097693f2e59bc304c4
0x4838b106fce9647bdf1e7877bf73ce8b0bad5f97,0xe688b84b23f322a994a53dbf8e15fa82cdb71127,0.012533531771985781,2023-04-15T14:02:35+00:00,0x767c8907d59864897c08bdcbdadd1569541653e26c497af684fa49fe8d33c50d
0x4838b106fce9647bdf1e7877bf73ce8b0bad5f97,0xce8a9a40bd846dc8f27dda35dc8630f461fa0b1a,0.02234671857522213,2023-04-15T14:18:11+00:00,0xccc0b939057fb98445eced97769d07c7eda0b5556c293d9d91140de9768e15c4
0x4838b106fce9647bdf1e7877bf73ce8b0bad5f97,0x388c818ca8b9251b393131c08a736a67ccb19297,0.01339765238062462,2023-04-15T14:35:23+00:00,0x3e70e3822d3841b2526a88129313f74bf9a76707765fbe98da15259f5d6de90e
0x4838b106fce9647bdf1e7877bf73ce8b0bad5f97,0x388c818ca8b9251b393131c08a736a67ccb19297,0.011349207995375045,2023-04-15T14:53:23+00:00,0x7337654da70260c1e1522858d8ffae89c90593aae96178541bcc5011e454c657
0x4838b106fce9647bdf1e7877bf73ce8b0bad5f97,0x4675c7e5baafbffbca748158becba61ef3b0a263,0.01867213284310534,2023-04-15T15:55:47+00:00,0xb61f084f9318506b5b44de0a1cbe6537a9b023a3cda61df32a7b46da506b4efb
0x4838b106fce9647bdf1e7877bf73ce8b0bad5f97,0x388c818ca8b9251b393131c08a736a67ccb19297,0.030384191783954313,2023-04-15T16:29:35+00:00,0xa684274522334bbbb1f080af9a37da1418944d5f55abdee8a8405105504bcbdb
0x4838b106fce9647bdf1e7877bf73ce8b0bad5f97,0x4675c7e5baafbffbca748158becba61ef3b0a263,0.029777262127185507,2023-04-15T18:42:47+00:00,0x106e9f905fa0996bbdd2c326b1070405b20f51ebe7753952ad2c259e50ff1f98
0x4838b106fce9647bdf1e7877bf73ce8b0bad5f97,0x8593eb96ff01488a0cdc74ace1f12f18c60781f7,0.018110001626416482,2023-04-15T19:01:23+00:00,0x02fcfb2556ae765b7eb8baaca1b7e11183a8a988d8cab3dddcb89dbdb79944ab
0x4838b106fce9647bdf1e7877bf73ce8b0bad5f97,0x388c818ca8b9251b393131c08a736a67ccb19297,0.061151695346986765,2023-04-15T20:20:11+00:00,0x0c71681323f0b1c238094d52b2a0ac2965671c6dd04704e627485a6f341493cc
0x4838b106fce9647bdf1e7877bf73ce8b0bad5f97,0x49738b8b9cbfb4fa1f7eb1e76e151226f26cf0b9,0.018356587263096292,2023-04-15T20:21:59+00:00,0xd82be26f09a8062863b01b71e17357ae98391ef17d0e3f1f47060f323dc526d7
0x4838b106fce9647bdf1e7877bf73ce8b0bad5f97,0xf0bafd58e23726785a1681e1dea0da15cb038c61,0.025069234700376572,2023-04-15T20:29:11+00:00,0xb9cfe26be0ea993c149ba69f157f435a8b5d46b6c9532830129d98c971d3a830
0x4838b106fce9647bdf1e7877bf73ce8b0bad5f97,0xd280eb548c5af093faa5c108e4be6eebacfc2886,0.04870187390717253,2023-04-15T21:09:11+00:00,0x4f0c2feac1a1138ba9be3784698552a2c0153b8b513fdb988f0dcc0cc1bee619
0x4838b106fce9647bdf1e7877bf73ce8b0bad5f97,0x388c818ca8b9251b393131c08a736a67ccb19297,0.027798171756117006,2023-04-15T21:27:59+00:00,0xa5d36c57adeb5d480ebd8d8781bd955f555721a29fb502e343c9e6832b98266e
0x4838b106fce9647bdf1e7877bf73ce8b0bad5f97,0x4675c7e5baafbffbca748158becba61ef3b0a263,0.010690963563403943,2023-04-15T21:30:47+00:00,0x3eaa060fffb1df2c5ef449572a8637e6b6f5d02c74f94f951df9a720a91aa9bf
0x4838b106fce9647bdf1e7877bf73ce8b0bad5f97,0xf0bafd58e23726785a1681e1dea0da15cb038c61,0.010081119910519156,2023-04-15T21:33:59+00:00,0x415dae23507aca5623b472b95cd545021fb3e2070129af5276e29380cea0025c
0x4838b106fce9647bdf1e7877bf73ce8b0bad5f97,0xd4e96ef8eee8678dbff4d535e033ed1a4f7605b7,0.02325035810126009,2023-04-15T21:47:11+00:00,0x365a7d943ba3812f4d1ccb240b5947ad575b4fcc38263273979a96fbb415997f
0x4838b106fce9647bdf1e7877bf73ce8b0bad5f97,0xa1feaf41d843d53d0f6bed86a8cf592ce21c409e,0.01322284124781953,2023-04-15T22:06:47+00:00,0xff431772ff9637b356cfe313f5ce5c764ab5c26fab1e392d8536470202def1a9
0x4838b106fce9647bdf1e7877bf73ce8b0bad5f97,0xebec795c9c8bbd61ffc14a6662944748f299cacf,0.015287021679544793,2023-04-15T22:16:23+00:00,0xc82abff8544773169dd2a4147815270f3b1e89a031494a5b1d2ab7b42cfd171a
0x4838b106fce9647bdf1e7877bf73ce8b0bad5f97,0xbedf00adcf57d009037d2a86860f733b0bdfb887,0.015115011801715305,2023-04-15T22:27:47+00:00,0x592a9bb7b040cae90357e249a288ab00bee8088316592a525f7abbc10dea299b
0x4838b106fce9647bdf1e7877bf73ce8b0bad5f97,0xde12c3d2257fc9bb1c1a00d409f292eecd55ffaf,0.01714717410825704,2023-04-15T22:51:35+00:00,0xc9b19ce5fe30879075c606a753936cf3ed0e504a6da4bfbe64907f86dd83b7da
0x4838b106fce9647bdf1e7877bf73ce8b0bad5f97,0xab6b4b11378a57933333e4acfdc45567dd78f14e,0.010423954972210516,2023-04-15T22:52:35+00:00,0x0cbb679d940e59f23cccfe5b152fa8eab9a23b83f290052be2f46b91a092cb2d
0x4838b106fce9647bdf1e7877bf73ce8b0bad5f97,0xe688b84b23f322a994a53dbf8e15fa82cdb71127,0.01218929197633774,2023-04-15T22:53:35+00:00,0xf01b8f9eb6541437f1ef3ee5f60b67fefa286580ae428f6c7a9eeaed7c2759fa
0x4838b106fce9647bdf1e7877bf73ce8b0bad5f97,0x388c818ca8b9251b393131c08a736a67ccb19297,0.015183049077502257,2023-04-15T23:06:11+00:00,0xcb134a1ffadf0c48f596c60a2c8cb903767aa4443727b28bf060b420d0c5404d
0x4838b106fce9647bdf1e7877bf73ce8b0bad5f97,0x388c818ca8b9251b393131c08a736a67ccb19297,0.018015452996803398,2023-04-15T23:21:47+00:00,0xe3055858a4b70ad412ec96a16300296d5800bad890de34c1238a19d2f961428a
0x4838b106fce9647bdf1e7877bf73ce8b0bad5f97,0xd4e96ef8eee8678dbff4d535e033ed1a4f7605b7,0.04057931633330805,2023-04-15T23:27:11+00:00,0xb7b9aafe5b6b5bc00eb3e677f62ad51873dc584a477b9d23c823584eacf325c7
0x4838b106fce9647bdf1e7877bf73ce8b0bad5f97,0x0b70b578abd96aab5e80d24d1f3c28dbde14356a,0.024659145561293942,2023-04-15T23:27:59+00:00,0x47130647ed90cad15df8f608b8b0ecba96e749f88f3a5a919fcaa82aeeeaa63d
0x4838b106fce9647bdf1e7877bf73ce8b0bad5f97,0x388c818ca8b9251b393131c08a736a67ccb19297,0.005448176083408276,2023-04-15T23:41:59+00:00,0x51145230c907921413f3a57af24e6a8642168fbf0c487bb14b1cc2e945d95227
0x4838b106fce9647bdf1e7877bf73ce8b0bad5f97,0x388c818ca8b9251b393131c08a736a67ccb19297,0.0424912465676964,2023-04-16T00:20:11+00:00,0x0e7e6bab3196a3c31527e6105618b098248a7196787061fae163a13857f4ea70
0x4838b106fce9647bdf1e7877bf73ce8b0bad5f97,0xd11d7d2cb0aff72a61df37fd016ee1bd9f180633,0.005918666696287025,2023-04-16T01:08:23+00:00,0x678f06a82010884badd4cfb46fe2e39ea0cd34cea9cf16b3b955aec533595b4d
0x4838b106fce9647bdf1e7877bf73ce8b0bad5f97,0xd4e96ef8eee8678dbff4d535e033ed1a4f7605b7,0.023420587349513636,2023-04-16T01:18:23+00:00,0x7f90e8be589a39ca2926cdf7e001d88cbaed39a23a4fa12db64ce17ef36de36d
0x4838b106fce9647bdf1e7877bf73ce8b0bad5f97,0xa1feaf41d843d53d0f6bed86a8cf592ce21c409e,0.009654562325114928,2023-04-16T01:28:11+00:00,0xfab53412e4dd0cf20a79aadfa2a96a558799f71c683e7d6b7d769b046dab2ac9
0x4838b106fce9647bdf1e7877bf73ce8b0bad5f97,0xa4c94a6091545e40fc9c3e0982aec8942e282f38,0.02365625556792693,2023-04-16T01:29:23+00:00,0xbcfff561e275aa26d40fc45369cc1aa80319ca884883ede0784040c4bab9886a
0x4838b106fce9647bdf1e7877bf73ce8b0bad5f97,0x388c818ca8b9251b393131c08a736a67ccb19297,0.03212572678183978,2023-04-16T02:09:47+00:00,0x4fb7b32a73b6b6d57618ad09cbd5676bb136cbcf4fb50f872ca22cf4fd88b246
0x4838b106fce9647bdf1e7877bf73ce8b0bad5f97,0xb372ed5ca2fef2b5fcdd16288e8fe9ac73696761,0.010692543048649713,2023-04-16T02:34:23+00:00,0xda64c1d6d214c1307e9b87cccf96f7f71c0c4892f8d17ab6b2ca02c5c1a8807e
0x4838b106fce9647bdf1e7877bf73ce8b0bad5f97,0xbe4ed2345b57b87cb43d31c7f90cba7cd7f4457f,0.03353601459783242,2023-04-16T02:39:47+00:00,0x8bcee14bc6561e9afb2f15735a8b9ad4782817221773b3cbb9570fd89ee82057
0x4838b106fce9647bdf1e7877bf73ce8b0bad5f97,0x35b56618aad07af51a3fb4b80cafec6b1175b886,0.00793293577389857,2023-04-16T02:45:59+00:00,0x0d63990d6403b5ba7a38f4e2fe600d4483cbc9f49dae8f84e79b9e248a3d2cf3
0x4838b106fce9647bdf1e7877bf73ce8b0bad5f97,0x4e9cc05f7f944d618de85396e669922c2cf6813e,0.01291587951138628,2023-04-16T02:46:47+00:00,0xf5f8761909db3a43d6fc20d9ea49777af8a1145b245013876b8cb645460e7a8d
0x4838b106fce9647bdf1e7877bf73ce8b0bad5f97,0xe887312c0595a10ac88e32ebb8e9f660ad9ab7f7,0.013596793713474007,2023-04-16T02:52:35+00:00,0xdcddc23679d165d8ffd1e7c12d706f9a477052695dbb3f303c3882043cb531f4
0x4838b106fce9647bdf1e7877bf73ce8b0bad5f97,0x388c818ca8b9251b393131c08a736a67ccb19297,0.010032321762973796,2023-04-16T02:53:35+00:00,0xb97c30f579adf102fc5634c3d15f82bedd9f5e683d4cf8aae902838ad5fead2b
0x4838b106fce9647bdf1e7877bf73ce8b0bad5f97,0x4675c7e5baafbffbca748158becba61ef3b0a263,0.01421681941183742,2023-04-16T02:58:23+00:00,0xf5f337128a2a65f8e313d99805d4a340c34eb76fbc45602495e6986569f9866d
0x4838b106fce9647bdf1e7877bf73ce8b0bad5f97,0xf39d15cb3910d5e33fb1a2e42d4a2da153ba076b,0.008751620993697206,2023-04-16T02:59:47+00:00,0x86f3d26aebf008448027ed057c8fcde7600502dccbf1945c0b4ab85536ce051a
0x4838b106fce9647bdf1e7877bf73ce8b0bad5f97,0x3b7b0efd530d5814fb61e23942f3b5e3bd427b70,0.008720399138040657,2023-04-16T03:01:23+00:00,0x005ddea5273cb8aafa7ea34ffeef688531adb5b21b76a3b8ed74668477d2c063
0x4838b106fce9647bdf1e7877bf73ce8b0bad5f97,0xe887312c0595a10ac88e32ebb8e9f660ad9ab7f7,0.01713232925664943,2023-04-16T03:05:11+00:00,0xd436e7a7833e15a3737acb0994a50b41543fe4e89adb8f22084727d8f7e667fb
0x4838b106fce9647bdf1e7877bf73ce8b0bad5f97,0xebec795c9c8bbd61ffc14a6662944748f299cacf,0.023778974654707404,2023-04-16T03:06:11+00:00,0xf145e5b3e91f796d186f0dc7bd567149d2b22bfd26d5f28c75220f3c79ed59b4
0x4838b106fce9647bdf1e7877bf73ce8b0bad5f97,0x4675c7e5baafbffbca748158becba61ef3b0a263,0.02456937460277142,2023-04-16T03:07:59+00:00,0xeab9b47d03b57b644f230dc517e98ddabcc07fbf1fa8fb2458d6f09ffc5dda75
0x4838b106fce9647bdf1e7877bf73ce8b0bad5f97,0x1bab39fc245a93b507c44da5772bc4bfd7409df4,0.009802760852198427,2023-04-16T03:37:35+00:00,0x1513837b3ca01fb16ca7ac7f326a3792f5cbe5f9cbcad6b4800a11734e06598c
0x4838b106fce9647bdf1e7877bf73ce8b0bad5f97,0x4675c7e5baafbffbca748158becba61ef3b0a263,0.005888625173897945,2023-04-16T03:40:35+00:00,0xb55faa52d5f7f0efc13d3434f1659b0c68a72c3663af654194aa23a938c81ca8
0x4838b106fce9647bdf1e7877bf73ce8b0bad5f97,0xebec795c9c8bbd61ffc14a6662944748f299cacf,0.022708673463706905,2023-04-16T04:02:47+00:00,0xbdf30cc2bd6355a44f223872c6a8bf064a308f0e5e612b3e02948498e0d1ceed
0x4838b106fce9647bdf1e7877bf73ce8b0bad5f97,0xa27cef8af2b6575903b676e5644657fae96f491f,0.027669701201177118,2023-04-16T04:03:35+00:00,0xeb00ff409766deddc4a2f83837d6d1d17107241f0c774a967b983ab15d6eea7d
0x4838b106fce9647bdf1e7877bf73ce8b0bad5f97,0x4675c7e5baafbffbca748158becba61ef3b0a263,0.01352972305357176,2023-04-16T04:14:47+00:00,0xaa97da2563a460109191f4fc1e5f781453d0a015510828db7c3e36498fc2057f
0x4838b106fce9647bdf1e7877bf73ce8b0bad5f97,0xab6b4b11378a57933333e4acfdc45567dd78f14e,0.009773398130133056,2023-04-16T04:50:47+00:00,0x0d43915565ab13386a5ece8583e72206537d25351c6d823c558a2b37e362ff1c
0x4838b106fce9647bdf1e7877bf73ce8b0bad5f97,0x388c818ca8b9251b393131c08a736a67ccb19297,0.020127312744924658,2023-04-16T05:02:59+00:00,0xe49efe9c126b9750e81f0120a7270c60bc4d1b1a5421ac7bcbe8f616ced59663
0x4838b106fce9647bdf1e7877bf73ce8b0bad5f97,0xe94f1fa4f27d9d288ffea234bb62e1fbc086ca0c,0.027703987060907438,2023-04-16T05:09:23+00:00,0xe7a407f6c5b3ffbff254946988af89ba1a205d6b7e2823bc03b8018f67e1abd2
0x4838b106fce9647bdf1e7877bf73ce8b0bad5f97,0x4675c7e5baafbffbca748158becba61ef3b0a263,0.00899668542642834,2023-04-16T05:28:47+00:00,0x25297614b400276e669cc02ccfd56cdd0ad4b358537205ae760b40dbaded22d3
0x4838b106fce9647bdf1e7877bf73ce8b0bad5f97,0x388c818ca8b9251b393131c08a736a67ccb19297,0.015919760970033787,2023-04-16T05:34:47+00:00,0x6c9c3ce268dc269bd2005ccd16165a950cbc2cf3d64f0d29a6af65d1f2f004f7
0x4838b106fce9647bdf1e7877bf73ce8b0bad5f97,0x2112bb05f70898cd022c5a1452a78a1bf79df5d8,0.00951390684888181,2023-04-16T05:40:23+00:00,0x6e9a98923c3ece2c07dc444d8ede8421f738ab2d9eb48a1d25d36dfd68f5d75e
0x4838b106fce9647bdf1e7877bf73ce8b0bad5f97,0x4675c7e5baafbffbca748158becba61ef3b0a263,0.014816915217998458,2023-04-16T05:41:35+00:00,0x03633e37a5d34290280062e0045c88003d6d287b3d68898231b9bfcc936a908d
0x4838b106fce9647bdf1e7877bf73ce8b0bad5f97,0x4675c7e5baafbffbca748158becba61ef3b0a263,0.009215037778207352,2023-04-16T05:45:11+00:00,0x47860182ed74bb78553756a071dcf870de84a8d35bc34d1e780a406cca70f8a5
0x4838b106fce9647bdf1e7877bf73ce8b0bad5f97,0x388c818ca8b9251b393131c08a736a67ccb19297,0.006072589534010407,2023-04-16T05:46:47+00:00,0x965775d553e7eb35e5f83867ee6ec2db2c614b42d5345e0944b8ebbba23bfb50
0x4838b106fce9647bdf1e7877bf73ce8b0bad5f97,0xe94f1fa4f27d9d288ffea234bb62e1fbc086ca0c,0.017628588333415206,2023-04-16T05:47:47+00:00,0xf1b359e69320e87cdb3ecc9c0583fa406b74bfb149fa99412db4edabf168d4d0
0x4838b106fce9647bdf1e7877bf73ce8b0bad5f97,0x86d769964f2ad6c70c585eaedc5324e461577c5b,0.014966979724198382,2023-04-16T05:52:47+00:00,0xae50fbed76ccc2e547cb4b63caf1420777594207bff66cb9687dba45f61f1eea
0x4838b106fce9647bdf1e7877bf73ce8b0bad5f97,0x388c818ca8b9251b393131c08a736a67ccb19297,0.01602475951095664,2023-04-16T06:08:59+00:00,0x96424900d67cfdeb753dcded66d6d02ca9ac197502ab0a8aab1221a9c92d7299
0x4838b106fce9647bdf1e7877bf73ce8b0bad5f97,0x5e88f6863c00fb3b83f086fed635f662918d1460,0.01725141321499041,2023-04-16T06:38:59+00:00,0x16ebce0d3bd4c84aa9cade8c89f21a032d433b1a08cc931f1ccc2e1c86432acd
0x4838b106fce9647bdf1e7877bf73ce8b0bad5f97,0x388c818ca8b9251b393131c08a736a67ccb19297,0.009961960958891874,2023-04-16T07:01:47+00:00,0x828c97d4e6836df257c3b4e4373144a2d696858cf3d726046994d00e8f971e3e
0x4838b106fce9647bdf1e7877bf73ce8b0bad5f97,0xfb89a9cafa6edbb75afef66ef90f282c6259f449,0.028940278055597603,2023-04-16T07:03:11+00:00,0x763bfa1b79ece3600385c665e683d94392eea834f406524637e74fb95d2a5e3b
0x4838b106fce9647bdf1e7877bf73ce8b0bad5f97,0x6d2e03b7effeae98bd302a9f836d0d6ab0002766,0.01832080295496728,2023-04-16T07:11:35+00:00,0x124770d674714a5966e84507b9a99aee269ff7d49c8ca526431a9ff63e55d8e3
0x4838b106fce9647bdf1e7877bf73ce8b0bad5f97,0xe94f1fa4f27d9d288ffea234bb62e1fbc086ca0c,0.013277748035165083,2023-04-16T07:13:35+00:00,0x7162ea7e33519a2ccb13d518a08a7d85c4c2dc34ad9fdaaf4f57e2d26833f4c9
0x4838b106fce9647bdf1e7877bf73ce8b0bad5f97,0x388c818ca8b9251b393131c08a736a67ccb19297,0.009381764535229303,2023-04-16T07:34:47+00:00,0xe8e044dd72d7a05ab40e568263a8ecd4333cb7afd50736e82afe0a8c95a1adcd
0x4838b106fce9647bdf1e7877bf73ce8b0bad5f97,0x388c818ca8b9251b393131c08a736a67ccb19297,0.023294372938380072,2023-04-16T07:56:47+00:00,0x9a98f17fe051718c952dfe8a929c805dde0475b11f291e9c9b6f983e48bb8b0a
0x4838b106fce9647bdf1e7877bf73ce8b0bad5f97,0xeee27662c2b8eba3cd936a23f039f3189633e4c8,0.012917775105923953,2023-04-16T07:57:35+00:00,0xe219ba0531951a36794bc13df3f6cbe13ca5b8ddd484125a7499e68b753f8ad4
0x4838b106fce9647bdf1e7877bf73ce8b0bad5f97,0x388c818ca8b9251b393131c08a736a67ccb19297,0.024827082683926725,2023-04-16T07:59:11+00:00,0x231da2a9db8af0d3a7ff8f9a9dce2975ba432427e749240917c5a418d7f6320b
0x4838b106fce9647bdf1e7877bf73ce8b0bad5f97,0x388c818ca8b9251b393131c08a736a67ccb19297,0.013008574790490692,2023-04-16T08:15:11+00:00,0x13f1c2ab50e7c5e32336e82e2a85276c4233983dc579396183e129273c44f2eb
0x4838b106fce9647bdf1e7877bf73ce8b0bad5f97,0x388c818ca8b9251b393131c08a736a67ccb19297,0.07869036661752483,2023-04-16T08:35:59+00:00,0xd5a3cbc26a3afb76345bd26be79ec2558c238b29b66c8debe8c464d9a2deffb0
0x4838b106fce9647bdf1e7877bf73ce8b0bad5f97,0x4675c7e5baafbffbca748158becba61ef3b0a263,0.21267932847859047,2023-04-16T08:36:11+00:00,0x74f7ee0f1c937cbec58185f5f5b4070fa495765af312d4779370b973f6820f94
0x4838b106fce9647bdf1e7877bf73ce8b0bad5f97,0xe688b84b23f322a994a53dbf8e15fa82cdb71127,0.013156248911924406,2023-04-16T08:41:35+00:00,0xe7fd1d126e20ad2f19b3c8c3def47b9326f5f06b59e24567e262a41fa3da043a
0x4838b106fce9647bdf1e7877bf73ce8b0bad5f97,0x388c818ca8b9251b393131c08a736a67ccb19297,0.032218920186354215,2023-04-16T08:55:47+00:00,0xe65a7c546430f918992057fe83c96a7686eea07903fef7760b4accabcd0e0d1b
0x4838b106fce9647bdf1e7877bf73ce8b0bad5f97,0xa27cef8af2b6575903b676e5644657fae96f491f,0.016368804676465273,2023-04-16T09:04:59+00:00,0x4c2762215bb738d84b3316fd7b6520a414e1db2bf61befa2de266bd520eb0c32
0x4838b106fce9647bdf1e7877bf73ce8b0bad5f97,0xe688b84b23f322a994a53dbf8e15fa82cdb71127,0.005976814687567857,2023-04-16T09:49:23+00:00,0x4d4caf58a0986ff3ff829e1c063a505f724150b81efe42f4655d03188dbf0062
0x4838b106fce9647bdf1e7877bf73ce8b0bad5f97,0x388c818ca8b9251b393131c08a736a67ccb19297,0.012646166281666042,2023-04-16T09:59:23+00:00,0xc275d7dcf2f10707d4dc779e4f0ee87b521adc8e4c3975f9dbcb1a8783930d1c
0x4838b106fce9647bdf1e7877bf73ce8b0bad5f97,0xeee27662c2b8eba3cd936a23f039f3189633e4c8,0.032233917756741476,2023-04-16T10:08:47+00:00,0x37dc69bba68901530bdd0b12385a8c22080675586548dfd51ad21e3d017d13fc
0x4838b106fce9647bdf1e7877bf73ce8b0bad5f97,0x8880bb98e7747f73b52a9cfa34dab9a4a06afa38,0.010366285629746378,2023-04-16T10:20:59+00:00,0x5f94edb6782cbd1e201932e37eae817339d9ca39b1252a1bcc79de87dafac8f1
0x4838b106fce9647bdf1e7877bf73ce8b0bad5f97,0x4675c7e5baafbffbca748158becba61ef3b0a263,0.022811824958284828,2023-04-16T11:15:11+00:00,0x0b9f9bc9d7b30fcc6a0503bfa2cbfcb33691b24e310039a5c050f86f31e5018f
0x4838b106fce9647bdf1e7877bf73ce8b0bad5f97,0xa8babac2a6d66db720d8271e7a85fb0cb78a5377,0.04502351298236389,2023-04-16T11:17:35+00:00,0xd17819b6a5c34a20a47f402f50aa973bd7b3ccb8c53a045e9c9f9bcb3d744af5
0x4838b106fce9647bdf1e7877bf73ce8b0bad5f97,0x388c818ca8b9251b393131c08a736a67ccb19297,0.010909321847543304,2023-04-16T11:19:11+00:00,0x2911ca776173e147f8cc4f8f1d3f1fb7b4375e0df88fbfbdc5a068f54532607f
0x4838b106fce9647bdf1e7877bf73ce8b0bad5f97,0x4675c7e5baafbffbca748158becba61ef3b0a263,0.025486098706205166,2023-04-16T12:04:47+00:00,0x3e2c99b195c4deef44a4423eefbb47f4b67eb8b58711620da15ea015d3f81bd4
0x4838b106fce9647bdf1e7877bf73ce8b0bad5f97,0xcba0074a77a3ad623a80492bb1d8d932c62a8bab,0.013825726985072529,2023-04-16T12:35:59+00:00,0x60cde3ab01a75dae7b99fd10b2895e2940b38bdbf66fee719292867a137cab19
0x4838b106fce9647bdf1e7877bf73ce8b0bad5f97,0x2706482473cfc1ecbfb70906196aa253728d742d,0.01661023681373875,2023-04-16T12:40:59+00:00,0xcc3489d3ff116c44d70e489cc1897a5f91c803bac3c078981d85295a737a0f29
0x4838b106fce9647bdf1e7877bf73ce8b0bad5f97,0x0077732907bfc6208933cfd2a51afb8f33ca5958,0.005815725674214135,2023-04-16T12:45:35+00:00,0x16911f64d43278365bc6602a2605a58c1d7055e3d174b082f81713d03ec3cfb8
0x4838b106fce9647bdf1e7877bf73ce8b0bad5f97,0xebec795c9c8bbd61ffc14a6662944748f299cacf,0.012665338759046877,2023-04-16T12:47:11+00:00,0xfcb12c7030473bf309802b9e2bf9101da6c0dead78cd07ad766840ed003ee990
0x4838b106fce9647bdf1e7877bf73ce8b0bad5f97,0xe688b84b23f322a994a53dbf8e15fa82cdb71127,0.08323714691622444,2023-04-16T13:00:59+00:00,0xf5b8c29b310901ffaef9bfb90776f417405c3097cb05b5f646c53106d6e00549
0x4838b106fce9647bdf1e7877bf73ce8b0bad5f97,0x4675c7e5baafbffbca748158becba61ef3b0a263,0.010514762935834887,2023-04-16T13:37:23+00:00,0x3f2e0d33c6190e7285b37fab2c6ae70e440699d8db5d80e0fdcb331f532275f9
0x4838b106fce9647bdf1e7877bf73ce8b0bad5f97,0x388c818ca8b9251b393131c08a736a67ccb19297,0.038965495032998544,2023-04-16T13:50:11+00:00,0xc07cd757ff644a28c51f5069dfbfd4ca8c5613f70d8bcc2ad6e9c3e58630fa72
0x4838b106fce9647bdf1e7877bf73ce8b0bad5f97,0x388c818ca8b9251b393131c08a736a67ccb19297,0.01298546094826373,2023-04-16T14:09:23+00:00,0x22f714f7d1844a7bdd642bab63f99ade5c5427ee51543369924c8a0b9813fa5d
0x4838b106fce9647bdf1e7877bf73ce8b0bad5f97,0x194ba8f2aade18eab192aec4291f4285a0ae0934,0.01344842818397047,2023-04-16T14:13:35+00:00,0x0aaea0cf37a5d8f64ca7638a5814e80603621ac7d05de9883723dd4b38205741
0x4838b106fce9647bdf1e7877bf73ce8b0bad5f97,0x6b333b20fbae3c5c0969dd02176e30802e2fbbdb,0.10974986946684308,2023-04-16T14:17:23+00:00,0xdae4142b626a610139f975848e02a7e9626e19d36d98c927d1d74333933ed06a
0x4838b106fce9647bdf1e7877bf73ce8b0bad5f97,0xbb3afde35eb9f5feb5377485a3bd18a3eb0fe248,0.01019044295132548,2023-04-16T14:24:23+00:00,0xe4f52571c7abf5e7513f2390776db9b567934bed11e89d1ecc1331fcb5ecfc1a
0x4838b106fce9647bdf1e7877bf73ce8b0bad5f97,0xed33259a056f4fb449ffb7b7e2ecb43a9b5685bf,0.023730792246066404,2023-04-16T14:50:35+00:00,0xb1a69e6b706d28b50cd7da65df31bf4f50e9ffc2635130cf18f20f7dd908bbe6
0x4838b106fce9647bdf1e7877bf73ce8b0bad5f97,0xeee27662c2b8eba3cd936a23f039f3189633e4c8,0.00917293744300508,2023-04-16T14:59:23+00:00,0xab59a86f62952e1c71f325093a708e98cbdf9fba4be07be39acc7fdab4122950
0x4838b106fce9647bdf1e7877bf73ce8b0bad5f97,0xe94f1fa4f27d9d288ffea234bb62e1fbc086ca0c,0.06599239854216914,2023-04-16T15:13:59+00:00,0xdd0ce4d7e07f93fe34aa07633165f8900bef931b501956b047cf5ed51cafc5dc
0x4838b106fce9647bdf1e7877bf73ce8b0bad5f97,0x388c818ca8b9251b393131c08a736a67ccb19297,0.030490782399406783,2023-04-16T15:17:59+00:00,0xefa666bcead0acf9b4e333de70286b63cf19b0423184fc9051b91bb6230ef685
0x4838b106fce9647bdf1e7877bf73ce8b0bad5f97,0xebec795c9c8bbd61ffc14a6662944748f299cacf,0.02610995035661469,2023-04-16T15:34:47+00:00,0x0012ff15d95762f704896cb37efa06df20e538b0d77ffcc02ea27bd42ea8f1a4
0x4838b106fce9647bdf1e7877bf73ce8b0bad5f97,0x388c818ca8b9251b393131c08a736a67ccb19297,0.008831987051329813,2023-04-16T16:04:59+00:00,0x7ffddc3c3ddf6a40059db0602d9a98253d014d8d27a4e741265dcbd6e51eea2f
