sender_address,recipient_address,amount,timestamp,metadata
0x1db3439a222c519ab44bb1144fc28167b4fa6ee6,0xd8da6bf26964af9d7eed9e03e53415d37aa96045,0.25,2015-09-28T08:24:43+00:00,0x9b629147b75dc0b275d478fa34d97c5d4a26926457540b15a5ce871df36c23fd
0xd8da6bf26964af9d7eed9e03e53415d37aa96045,0x7e2d0fe0ffdd78c264f8d40d19acb7d04390c6e8,0.00012,2015-10-01T18:08:05+00:00,0x6ff0860e202c61189cb2a3a38286bffd694acbc50577df6cb5a7ff40e21ea074
0xd8da6bf26964af9d7eed9e03e53415d37aa96045,0x7e2d0fe0ffdd78c264f8d40d19acb7d04390c6e8,9e-05,2015-10-01T18:34:11+00:00,0xf3c0067e8aca43cf421dc502c0976525b89727fdfaee12bf356895f3b2bd7205
0xd8da6bf26964af9d7eed9e03e53415d37aa96045,0x82afa2c4a686af9344e929f9821f3e8c6e9293ab,0.001,2015-10-01T18:37:53+00:00,0x3143895f399c642f861af2522feef8b61385593f390c53effa40836800af1ace
0xd8da6bf26964af9d7eed9e03e53415d37aa96045,0x82afa2c4a686af9344e929f9821f3e8c6e9293ab,0.001,2015-10-01T18:41:26+00:00,0x021304206b2517c3f8f2df07014a55b79aac2ae097488fa807cc88eccd851a50
0xd8da6bf26964af9d7eed9e03e53415d37aa96045,0x82afa2c4a686af9344e929f9821f3e8c6e9293ab,0.0,2015-10-01T18:42:47+00:00,0xfc99fb94a17ab02fd58062498e8c348abaeeff8addf96609cb58f0c55e295761
0xd8da6bf26964af9d7eed9e03e53415d37aa96045,0x7e2d0fe0ffdd78c264f8d40d19acb7d04390c6e8,0.00016,2015-10-02T10:52:10+00:00,0x66590e1f93e649099e253739512ad8735f9bbaba3016ca190e12cb10d5b1951b
0xd8da6bf26964af9d7eed9e03e53415d37aa96045,0x7e2d0fe0ffdd78c264f8d40d19acb7d04390c6e8,0.0,2015-10-02T11:06:13+00:00,0x23e998729d0ca7fd4f0dc880d7b54ee1ef3afb9dda505b00b74337c4aa453f5e
0xd8da6bf26964af9d7eed9e03e53415d37aa96045,0x7e2d0fe0ffdd78c264f8d40d19acb7d04390c6e8,0.0,2015-10-02T11:09:12+00:00,0x979d49e48626ac9f440bcd8f35b04bf9cb4430934f6bc1df1bc73f178fc36369
0xd8da6bf26964af9d7eed9e03e53415d37aa96045,0x7e2d0fe0ffdd78c264f8d40d19acb7d04390c6e8,0.0,2015-10-02T11:09:12+00:00,0x8a537d60710a41af8ca477f8e1af6c1498c4ca4046c3429f782151afcaa24b12
0xd8da6bf26964af9d7eed9e03e53415d37aa96045,0x7e2d0fe0ffdd78c264f8d40d19acb7d04390c6e8,0.0,2015-10-02T11:09:18+00:00,0x55c749e2dfefb46060a455ea2037319c802c8f76008dc8a4d3fdf2c99dc6201c
0xd8da6bf26964af9d7eed9e03e53415d37aa96045,0x7e2d0fe0ffdd78c264f8d40d19acb7d04390c6e8,0.0,2015-10-02T11:10:19+00:00,0x83cca015abfbaa8fb015d860e9ac1a57173ac85e0ed0366e271a0ed4d233d91c
0xd8da6bf26964af9d7eed9e03e53415d37aa96045,0x7e2d0fe0ffdd78c264f8d40d19acb7d04390c6e8,0.0,2015-10-02T11:12:07+00:00,0xb579c9a6b69167a564246725a71257660f2fe2e5a901ed58f92f2986e7c73acf
0xd8da6bf26964af9d7eed9e03e53415d37aa96045,0x7e2d0fe0ffdd78c264f8d40d19acb7d04390c6e8,0.0002,2015-10-02T14:02:48+00:00,0xcd1337c48dff49558ae44dee9b06264bd4f904fe473f1161627586c9608ee084
0x1db3439a222c519ab44bb1144fc28167b4fa6ee6,0xd8da6bf26964af9d7eed9e03e53415d37aa96045,2e-18,2015-10-04T03:14:47+00:00,0x197f702031f60ea46533fa979a2ef0daf94e0cbf5ca25bbb9929d10f973d17e1
0xd8da6bf26964af9d7eed9e03e53415d37aa96045,0x3ec7829f9c875894d9e693b9b422eab0e917e38c,0.0,2015-10-06T07:56:55+00:00,0x8c9c05447b9aa3c8dfa8995ca04ce2cc96643c975e7c8f068f2bf516441447f7
0x1db3439a222c519ab44bb1144fc28167b4fa6ee6,0xd8da6bf26964af9d7eed9e03e53415d37aa96045,1.0,2015-10-13T06:54:23+00:00,0x4d4c6fc89ff719889314e5a46bcebc612a17c3db448be2dec5f8870541a9172b
0xd8da6bf26964af9d7eed9e03e53415d37aa96045,0x6acc9a6876739e9190d06463196e27b6d37405c6,0.007,2015-10-13T07:19:39+00:00,0xb3b5da1a0e841707b47b21c808f3dc13e1008ebb9d185042db168742827c31da
0xd8da6bf26964af9d7eed9e03e53415d37aa96045,0x6acc9a6876739e9190d06463196e27b6d37405c6,0.007,2015-10-13T12:13:55+00:00,0x57468326c5aa36b82880eac23d5d6b5ceaaa1bceb94b3fb641955a33c4301ea7
0xd8da6bf26964af9d7eed9e03e53415d37aa96045,0x6acc9a6876739e9190d06463196e27b6d37405c6,0.007,2015-10-13T12:17:13+00:00,0xa1689e9e96c763e3071bba5d18a67c6e750b194e725b2c0fb9437168cf6f23d5
0xd8da6bf26964af9d7eed9e03e53415d37aa96045,0x6acc9a6876739e9190d06463196e27b6d37405c6,0.007,2015-10-14T06:07:22+00:00,0x3d3c6b8bdf81f96eeb2bac32bfbed832fb02bc2a8faf60a151317c800732bd76
0xd8da6bf26964af9d7eed9e03e53415d37aa96045,0xafc8e369f15a92a438537de3b4a8b2afba75dda9,0.0,2015-10-14T08:41:53+00:00,0xdb8d92812b1f7e668bf3fe1e94ae2e6278d9920f25a99a1be12b8fbadb5f7ebb
0xd8da6bf26964af9d7eed9e03e53415d37aa96045,0x95d4cf086717577b7168ff535d885fd81a57bf79,0.0,2015-10-14T08:43:36+00:00,0xdc176608498b93f07178b87833422691bab3c90cbdc7f7dc574fbd709be07359
0xd8da6bf26964af9d7eed9e03e53415d37aa96045,0xce7fb4c38949d7c09bd95197c3981ec8bb0638e5,0.5,2015-10-20T03:47:12+00:00,0x32e725433af17709360462be3ee194bba4994650fe697b5677339531a5db99a9
0x1db3439a222c519ab44bb1144fc28167b4fa6ee6,0xd8da6bf26964af9d7eed9e03e53415d37aa96045,0.0,2015-10-23T09:32:11+00:00,0xa68c128877d8056f3ef0f008782cc6c94e8134e52806f79f12b5557b5f4af312
0xd8da6bf26964af9d7eed9e03e53415d37aa96045,0x1db3439a222c519ab44bb1144fc28167b4fa6ee6,0.0,2015-10-23T09:32:11+00:00,0x451173fc3fabf8c9658fbc2871bc85a80170b8a00b1f287fcf5678bae56c311d
0xd8da6bf26964af9d7eed9e03e53415d37aa96045,0x31e684ad5c33b741b4043bb28ece3b0c1bf9e4d4,0.0,2015-10-23T09:32:31+00:00,0x4d76896ab6b112cb7e524c439580a50bc8185915be879f777a649f649707f555
0xd8da6bf26964af9d7eed9e03e53415d37aa96045,0x31e684ad5c33b741b4043bb28ece3b0c1bf9e4d4,9e-05,2015-10-23T09:33:40+00:00,0x3dafb72a45fa3897465fe1c7e05274ca6fb24c52f210be25bac817d537ae21bf
0xd8da6bf26964af9d7eed9e03e53415d37aa96045,0x31e684ad5c33b741b4043bb28ece3b0c1bf9e4d4,0.001,2015-10-23T09:43:24+00:00,0x0635cf7bbed7c62b62f21a56f479982456bcf92ef9082a08f1f507e65e28c59c
0xd8da6bf26964af9d7eed9e03e53415d37aa96045,0x31e684ad5c33b741b4043bb28ece3b0c1bf9e4d4,0.0005,2015-10-23T09:43:48+00:00,0x275f0c51d7c3612590adef80ad0300e8071f6d969835190c1243d328c9e6a6ad
0xd8da6bf26964af9d7eed9e03e53415d37aa96045,0x31e684ad5c33b741b4043bb28ece3b0c1bf9e4d4,0.0003,2015-10-23T09:46:12+00:00,0x94d3dd387b4fc042414acc8967500d911352ea384c641bf51d6bf9e55bd29aaa
0xd8da6bf26964af9d7eed9e03e53415d37aa96045,0x31e684ad5c33b741b4043bb28ece3b0c1bf9e4d4,0.0003,2015-10-23T09:46:12+00:00,0x3bcc67dec9e88d5f40a684af0122c44ce14abd6479d3fa6ef0907a20dbcbd126
0xd8da6bf26964af9d7eed9e03e53415d37aa96045,0x31e684ad5c33b741b4043bb28ece3b0c1bf9e4d4,0.0,2015-10-23T09:46:55+00:00,0x293c0b481a415e973623957fa99ef441524189dcfeaf57e84ac31f447d866a2d
0xd8da6bf26964af9d7eed9e03e53415d37aa96045,0x31e684ad5c33b741b4043bb28ece3b0c1bf9e4d4,0.0,2015-10-23T09:52:04+00:00,0xaa7b65ca60bcd4f980d801eb0e6c4b31da37dd1e92602f74950ddced85bb4dea
0xd8da6bf26964af9d7eed9e03e53415d37aa96045,0x31e684ad5c33b741b4043bb28ece3b0c1bf9e4d4,0.001,2015-10-23T09:55:07+00:00,0x9795a2df6d1c486e9e3c02e65d60e1fc049345ee5a0703534c9bbcaa7fdc4d85
0xd8da6bf26964af9d7eed9e03e53415d37aa96045,0x1db3439a222c519ab44bb1144fc28167b4fa6ee6,0.0,2015-10-24T07:46:42+00:00,0x4f631fb8b2a386e939a0d96d3aa3c6cab07e2402f7158f0bdc151d6d8f602ff4
0xd8da6bf26964af9d7eed9e03e53415d37aa96045,0x31e684ad5c33b741b4043bb28ece3b0c1bf9e4d4,0.0,2015-10-24T08:24:46+00:00,0x25ea7fc6983d24910bbcc48cbd0df149481d5f5d809a41880c46a32e0fa3f1b7
0xd8da6bf26964af9d7eed9e03e53415d37aa96045,0x31e684ad5c33b741b4043bb28ece3b0c1bf9e4d4,0.0009,2015-10-24T08:26:37+00:00,0xb1466fcd2d9ac742a77d66b3ff3f91ae47ca1fb74f5c7fef375122b5bb67fc44
0xd8da6bf26964af9d7eed9e03e53415d37aa96045,0x31e684ad5c33b741b4043bb28ece3b0c1bf9e4d4,0.0009,2015-10-24T08:27:33+00:00,0xaf102da96dd153b9553a7438d34d1a522fb5a640d0821184d672467fad00255c
0xd8da6bf26964af9d7eed9e03e53415d37aa96045,0x31e684ad5c33b741b4043bb28ece3b0c1bf9e4d4,0.0005,2015-10-24T08:28:59+00:00,0x0cce5429e0b54a65dd012306d470599f0ebda5f62bd5e4bc86da3892c09982c5
0xd8da6bf26964af9d7eed9e03e53415d37aa96045,0x31e684ad5c33b741b4043bb28ece3b0c1bf9e4d4,0.0004,2015-10-24T08:31:02+00:00,0xc5fc74c372c3ba4317a982f06aeb6637b879ad069aea0c8825721e34dddb67c8
0x1db3439a222c519ab44bb1144fc28167b4fa6ee6,0xd8da6bf26964af9d7eed9e03e53415d37aa96045,0.0,2015-10-24T08:49:00+00:00,0x7ceb1538dbd5927ed406c59b178dd04e22c6fba0e64137f1bda6ad6224a61fa5
0xd8da6bf26964af9d7eed9e03e53415d37aa96045,0x31e684ad5c33b741b4043bb28ece3b0c1bf9e4d4,0.0,2015-10-24T08:49:24+00:00,0xc06ba4fe96f689ff88434291d8946c802c95c4e972319296770bd0f6591c871c
0xd8da6bf26964af9d7eed9e03e53415d37aa96045,0x1db3439a222c519ab44bb1144fc28167b4fa6ee6,0.0,2015-10-24T08:53:01+00:00,0x30cf2178a9ff043fff12a0a5b742d437470c826341d9b4f89d0fb3b85bc0c8f0
0xd8da6bf26964af9d7eed9e03e53415d37aa96045,0x31e684ad5c33b741b4043bb28ece3b0c1bf9e4d4,0.0002,2015-10-24T09:04:01+00:00,0x88aa0368ec9983aa85a778c19c092cfae88c64e596b420f868de7be1b332e958
0xd8da6bf26964af9d7eed9e03e53415d37aa96045,0x31e684ad5c33b741b4043bb28ece3b0c1bf9e4d4,0.0,2015-10-24T09:04:58+00:00,0x9f365699f753fe2f6bb85d2e530fc6ed0db3257e22a5f79a1e7bb901e0fba53d
0xd8da6bf26964af9d7eed9e03e53415d37aa96045,0x1db3439a222c519ab44bb1144fc28167b4fa6ee6,0.0,2015-10-24T09:10:32+00:00,0x9b8964cd49910fd7494fb8359912b8925bf7417126a3e5a0a3f69e0166ad437e
0xd8da6bf26964af9d7eed9e03e53415d37aa96045,0x31e684ad5c33b741b4043bb28ece3b0c1bf9e4d4,0.0002,2015-10-24T09:10:35+00:00,0x012616c16fc2dbffe6dfba0f450aca81624743a684e176cea208e499a1af9b62
0xd8da6bf26964af9d7eed9e03e53415d37aa96045,0x31e684ad5c33b741b4043bb28ece3b0c1bf9e4d4,0.0,2015-10-24T09:11:50+00:00,0x08b5e510f1ae8a1cc7ed2f9416d735e4f481aefa2a00ef807359800954539b40
0xd8da6bf26964af9d7eed9e03e53415d37aa96045,0x31e684ad5c33b741b4043bb28ece3b0c1bf9e4d4,0.0,2015-10-24T09:12:42+00:00,0x65d7c0cf2f9ef8159f349f54813921f213b7c5e6474d2243d01a622e5c8284cd
0xd8da6bf26964af9d7eed9e03e53415d37aa96045,0x31e684ad5c33b741b4043bb28ece3b0c1bf9e4d4,0.0,2015-10-24T09:19:38+00:00,0x44738475282f73af1b44dd5e449206e97cdad551aaba4e9b2b9783119c190f4a
0xd8da6bf26964af9d7eed9e03e53415d37aa96045,0x31e684ad5c33b741b4043bb28ece3b0c1bf9e4d4,0.0,2015-10-24T09:24:54+00:00,0x672e7634ae033990bd47df24cdee1f92ecd286fe59c23a89ebcf52d2bf5326b1
0xd8da6bf26964af9d7eed9e03e53415d37aa96045,0x31e684ad5c33b741b4043bb28ece3b0c1bf9e4d4,0.0001,2015-10-24T09:25:28+00:00,0xf9e000cd023a09165336ef19059483c21167ba13ea82bb0c175f8658b138c7ab
0xd8da6bf26964af9d7eed9e03e53415d37aa96045,0x31e684ad5c33b741b4043bb28ece3b0c1bf9e4d4,0.0001,2015-10-24T09:32:13+00:00,0x18aa7df33b8ea1f3248535c0d869f8e4b68bde28be2e7de63f7fda71fe5163bd
0xd8da6bf26964af9d7eed9e03e53415d37aa96045,0x1db3439a222c519ab44bb1144fc28167b4fa6ee6,0.0,2015-10-24T09:59:13+00:00,0xe012de46648297c456174235b10de931658a77339b3c07d9a45fb2571ba2a923
0xd8da6bf26964af9d7eed9e03e53415d37aa96045,0x31e684ad5c33b741b4043bb28ece3b0c1bf9e4d4,0.0003,2015-10-24T09:59:38+00:00,0x7596acfd6e9c38806965636e20d4a507b86047eb9d790d44c7412035651cf565
0xd8da6bf26964af9d7eed9e03e53415d37aa96045,0x31e684ad5c33b741b4043bb28ece3b0c1bf9e4d4,0.0,2015-10-24T10:00:12+00:00,0x5cdc67ff13037e1b43232e76d3a9612148e0fd6248f10ecee19fcf0e6a2fcec0
0xd8da6bf26964af9d7eed9e03e53415d37aa96045,0x31e684ad5c33b741b4043bb28ece3b0c1bf9e4d4,0.0002,2015-10-24T10:00:43+00:00,0x4de0ebe9019dc037e35f367f147bc9959d1176111dfc149758f883ffbd44677f
0xd8da6bf26964af9d7eed9e03e53415d37aa96045,0x31e684ad5c33b741b4043bb28ece3b0c1bf9e4d4,0.0003,2015-10-24T10:02:56+00:00,0x0088a1350e44468a040aef4a2145094c42255f0f9e37279926f93df589e1bc6a
0xd8da6bf26964af9d7eed9e03e53415d37aa96045,0x1db3439a222c519ab44bb1144fc28167b4fa6ee6,0.0,2015-10-25T05:51:07+00:00,0x8f3139f97ba1a642e1704d936006323ed89204dd816a3b5251a95f45e9df6975
0xd8da6bf26964af9d7eed9e03e53415d37aa96045,0x31e684ad5c33b741b4043bb28ece3b0c1bf9e4d4,0.0033,2015-10-25T05:51:18+00:00,0xb90dcb5669db8573850623ab84c6ff96bcf4213bdb1bd94ca0d1154baf7aea35
0xd8da6bf26964af9d7eed9e03e53415d37aa96045,0x31e684ad5c33b741b4043bb28ece3b0c1bf9e4d4,0.001,2015-10-25T05:52:51+00:00,0xc3b06ed7a5875c31c993eacc9229f82f8ebb019725d6b9d01a108031d6bc1993
0xd8da6bf26964af9d7eed9e03e53415d37aa96045,0x31e684ad5c33b741b4043bb28ece3b0c1bf9e4d4,0.0,2015-10-25T05:55:27+00:00,0x154c662cc483e23c4a45a32d33b8bfde657b5a2f5d58aa10384c4f40232110fa
0xd8da6bf26964af9d7eed9e03e53415d37aa96045,0xb1247665ae0cbba65343cb7382d29b077ec47927,0.01,2015-10-25T07:52:07+00:00,0x3783798cd75cca2677cfa64eb8e32da58ecbfd5f6644d4be543e034b2e19e66e
0xd8da6bf26964af9d7eed9e03e53415d37aa96045,0x90786bf95df3f62c774695b166e6adfc8a0d18a5,0.001,2015-10-25T08:22:17+00:00,0x5a554530d896a47a87d79feb6fc86799400b7e872736d5f6db656704b4523a81
0xd8da6bf26964af9d7eed9e03e53415d37aa96045,0x90786bf95df3f62c774695b166e6adfc8a0d18a5,0.001,2015-10-25T09:21:49+00:00,0xc82681612f752f99aa79d3a4aa931fcb7c975d15d1e09ba66743194d0dbb6257
0xd8da6bf26964af9d7eed9e03e53415d37aa96045,0xb1247665ae0cbba65343cb7382d29b077ec47927,0.001,2015-10-25T09:23:10+00:00,0x5ad9260d55faad1a70f4d1c2efec52ba114fb7a8d31476e7e1a0e98f4127d451
0xd8da6bf26964af9d7eed9e03e53415d37aa96045,0x90786bf95df3f62c774695b166e6adfc8a0d18a5,0.0,2015-10-25T09:23:53+00:00,0x74a41de1aa9ef2ec8aad0d45200bb5defe280d3a18533669c07d661b7390c785
0xd8da6bf26964af9d7eed9e03e53415d37aa96045,0x1db3439a222c519ab44bb1144fc28167b4fa6ee6,0.0,2015-10-26T12:38:21+00:00,0x6937c9cf472909d2796249c1012240dd47ff2cab1ddd3ec30059179270ce1bd0
0xd8da6bf26964af9d7eed9e03e53415d37aa96045,0x31e684ad5c33b741b4043bb28ece3b0c1bf9e4d4,0.002,2015-10-26T12:38:34+00:00,0x64426b39b22e76b9679c86292d16e1ca1f68a144a9029ec49efdae1f900db8d8
0xd8da6bf26964af9d7eed9e03e53415d37aa96045,0xb1247665ae0cbba65343cb7382d29b077ec47927,0.001,2015-10-26T13:03:43+00:00,0x4ad8d13e0dc6b2c93db0bc8377896b0ab8e7237bf07f5f2938e7757dac652970
0xd8da6bf26964af9d7eed9e03e53415d37aa96045,0x3d9e942f183a7e564dd27479081f745a4f081f28,0.0006,2015-10-26T13:04:03+00:00,0x75c390d8421ab6be36ad8352a95795908dd82aba81fd47d3a962028685893053
0xd8da6bf26964af9d7eed9e03e53415d37aa96045,0x31e684ad5c33b741b4043bb28ece3b0c1bf9e4d4,0.0009,2015-10-26T13:04:16+00:00,0xb609485a1fef2d4bc3ec0c2ff07d51975c6ae5db8e2bf3c5e7ae96326efbca59
0xd8da6bf26964af9d7eed9e03e53415d37aa96045,0x31e684ad5c33b741b4043bb28ece3b0c1bf9e4d4,0.0009,2015-10-26T13:05:03+00:00,0xbf3dac5b26b631f7e205fbe1e48c9d2372da9927f68fe77871df763da8fc72b4
0xd8da6bf26964af9d7eed9e03e53415d37aa96045,0xb1247665ae0cbba65343cb7382d29b077ec47927,0.0,2015-10-26T13:05:10+00:00,0x8c65bcd3770085df36508623384b031d8a0aad8766b1a90e0d87465cb135f1a5
0xd8da6bf26964af9d7eed9e03e53415d37aa96045,0xb1247665ae0cbba65343cb7382d29b077ec47927,0.0001,2015-10-26T13:27:40+00:00,0xbc54a4a4cb58db6eb858b9a13beede6155ce8547989dcc57165f8c257fd20583
0xd8da6bf26964af9d7eed9e03e53415d37aa96045,0x90786bf95df3f62c774695b166e6adfc8a0d18a5,0.0001,2015-10-26T13:27:40+00:00,0xafa6f0e310b187095975a3fa156abc388991b339fbc4829d0424cc5c0a8783c5
0xd8da6bf26964af9d7eed9e03e53415d37aa96045,0x3d9e942f183a7e564dd27479081f745a4f081f28,0.0001,2015-10-26T13:27:54+00:00,0x68b21fdd29561d118ef65a9596d15e06814ba137562cac46b10747016ff566ba
0xd8da6bf26964af9d7eed9e03e53415d37aa96045,0x31e684ad5c33b741b4043bb28ece3b0c1bf9e4d4,0.0001,2015-10-26T13:28:34+00:00,0x37b859272bf5b7687ecd2fd1bd9d4356b8ff8b8ac397d92a397f047355b9a1c9
0xd8da6bf26964af9d7eed9e03e53415d37aa96045,0xb1247665ae0cbba65343cb7382d29b077ec47927,0.0,2015-10-26T13:31:09+00:00,0x27958e79f2c6237f28a9f789379c92ed0a6062700bdcab1f0c98c0b22a8135bf
0xd8da6bf26964af9d7eed9e03e53415d37aa96045,0x31e684ad5c33b741b4043bb28ece3b0c1bf9e4d4,0.0,2015-10-26T13:32:44+00:00,0x68d93829254afd1b5cd2cdb61d6e03bf02af05f4de3e03ed9568619b5f37a688
0xd8da6bf26964af9d7eed9e03e53415d37aa96045,0x3d9e942f183a7e564dd27479081f745a4f081f28,0.0,2015-10-26T13:33:00+00:00,0xb26bf6d738e18411ebfc038798bcda87798f6975d5561e51ab4c94150ecd7317
0xd8da6bf26964af9d7eed9e03e53415d37aa96045,0x848c87d50533d4b9e5169519335e862a1c917d57,1e-18,2015-10-26T13:33:51+00:00,0x86a9ee34d66f443559e59d090803b0bdd7ebc3e9ca607d0c2ac30e3c15948397
0xd8da6bf26964af9d7eed9e03e53415d37aa96045,0x848c87d50533d4b9e5169519335e862a1c917d57,1e-18,2015-10-26T13:33:51+00:00,0xe366ddfa38d27bcad5855e430151c4990b5c5b105345d522bcd97ad4945129be
0xd8da6bf26964af9d7eed9e03e53415d37aa96045,0x848c87d50533d4b9e5169519335e862a1c917d57,1e-18,2015-10-26T13:34:58+00:00,0x0a5307fc476546aa25a2fa0e4ab8bdfb138f28316260cff2b072faae92500c1d
0xd8da6bf26964af9d7eed9e03e53415d37aa96045,0x848c87d50533d4b9e5169519335e862a1c917d57,0.001,2015-10-26T13:35:08+00:00,0xd7fc53c1bc0b8f01f1f64811a50feeb191261318eaa8d4e2b20b6e04da8ce062
0x1db3439a222c519ab44bb1144fc28167b4fa6ee6,0xd8da6bf26964af9d7eed9e03e53415d37aa96045,0.1,2015-10-27T14:46:56+00:00,0x9b43167ed68e5607024285dc5f2d91b95ca8d2a1047296c97c28864b71971a5a
0xd8da6bf26964af9d7eed9e03e53415d37aa96045,0x8e96a2c65e9fa8ef3a620afb6737bc870adefeec,0.0,2015-10-28T12:04:07+00:00,0x88ee74106379a3b1cffacba3c370a0f09a49ebafd886adebfa6006ecc099724e
0xd8da6bf26964af9d7eed9e03e53415d37aa96045,0x8e96a2c65e9fa8ef3a620afb6737bc870adefeec,0.0,2015-10-28T12:06:32+00:00,0x10e82b0fb61bdf5d19ecc30d69c6b005e6bf5537f0a710cfb831ce003529273a
0xd8da6bf26964af9d7eed9e03e53415d37aa96045,0x73629aaa79aa9d44596ced948871b379f3cda2e2,0.008,2015-10-30T01:46:22+00:00,0xe33023e3e932700ddf4b83a06527b57850404b65133a837a5249e6afd27099c2
0xd8da6bf26964af9d7eed9e03e53415d37aa96045,0x73629aaa79aa9d44596ced948871b379f3cda2e2,0.008,2015-10-30T02:04:06+00:00,0xee5bd3019be451b167fbcf53a83c5934a95feb3522b14e6f670d05dd61a330d8
0xd8da6bf26964af9d7eed9e03e53415d37aa96045,0x73629aaa79aa9d44596ced948871b379f3cda2e2,0.008,2015-10-30T02:05:58+00:00,0xb13c6eadf2eb25e8040f670032a804582fa383224ad578da8d67d6b977bb6b68
0xd8da6bf26964af9d7eed9e03e53415d37aa96045,0x73629aaa79aa9d44596ced948871b379f3cda2e2,0.008,2015-10-30T02:11:34+00:00,0x9369e460da03751edd99ff1fa2b53277fa6f6b0ee9ad63732a847ef4f9550f24
0xd8da6bf26964af9d7eed9e03e53415d37aa96045,0x73629aaa79aa9d44596ced948871b379f3cda2e2,0.008,2015-10-30T02:25:26+00:00,0x35025d9c3a05352a96a5d2b218f0afba7cf40211438f85790ae763e3ff7e5795
0xd8da6bf26964af9d7eed9e03e53415d37aa96045,0x7e2d0fe0ffdd78c264f8d40d19acb7d04390c6e8,0.00065,2015-11-14T05:44:46+00:00,0x9a7b867f3d95667d1da58c72a5dcb9bd87c770285bfa8033b3a4d7efbca9fd0a
0xd8da6bf26964af9d7eed9e03e53415d37aa96045,0x7e2d0fe0ffdd78c264f8d40d19acb7d04390c6e8,0.0,2015-11-14T05:45:59+00:00,0x556f598d655b146f41874947f91f8fd40a5da4213908e8208f2f6b3b8ab2cfc6
0xd8da6bf26964af9d7eed9e03e53415d37aa96045,0x1db3439a222c519ab44bb1144fc28167b4fa6ee6,0.1,2016-03-06T12:30:44+00:00,0x700f1c15af695266e7991093348c3d001e2d2859abdf46f87f5318525f920d7e
0xd8da6bf26964af9d7eed9e03e53415d37aa96045,0x2a0d4e479976267408a3a97c620d4efa53ed6321,0.007,2016-03-06T20:43:38+00:00,0x52aae28abd2dccf615077a21cce8127d887f934d742be6e012063e0dbee39bdc
0xd8da6bf26964af9d7eed9e03e53415d37aa96045,0xbef6d2b0aa3f978858664444623cf98a1099a1e6,0.007,2016-03-06T20:43:38+00:00,0x346f2b25e8d2161b01a4ff1148d7bb3110535a51a6a22e9a5a0070195225fa79
0xd8da6bf26964af9d7eed9e03e53415d37aa96045,0x8e614a106bbab1288f7dac28f56e4f28882c7535,0.007,2016-03-06T20:43:38+00:00,0x5e067734e2f2c5717fea2f74383767c314bc0c8d8f5f1054a47d8b0a6b55fdcd
0xd8da6bf26964af9d7eed9e03e53415d37aa96045,0xf38cd38d748d383d14565a8a58297b4340085aa2,0.007,2016-03-06T20:43:38+00:00,0x20d5720ecedb1d390bb1d35b26909345f3c4f0c8d2e1171d3e50dd79cd986ea6
0xd8da6bf26964af9d7eed9e03e53415d37aa96045,0x89a538387b805a2921e86882d890364df6c3fc23,0.007,2016-03-06T20:43:38+00:00,0x5b975cdc50914b93ccc37ebe5a74212e1bfef0f8bbdc9c539399a26c7f2ff5db
0xd8da6bf26964af9d7eed9e03e53415d37aa96045,0xce54c6f657b149ad69d30df25e4343d15a8a8bab,0.007,2016-03-06T20:43:38+00:00,0x093ea4e94a7230979eccc9a9da1d01ffb26286f5a32ce2bdd6c2f055399f916f
0xd8da6bf26964af9d7eed9e03e53415d37aa96045,0x5032122808822970bfa4be80bfc854ceeac6bab1,0.007,2016-03-06T20:43:38+00:00,0xc724f48186059a05dc3c0a2d6c297533eb0cbe4bf3cbbcc7c7a06f3f3af5ad63
0xd8da6bf26964af9d7eed9e03e53415d37aa96045,0x4e32d23b542af172689535950bb8ec0f423f5492,0.007,2016-03-06T20:43:38+00:00,0x070891378f652692e9db7986e2fd2904d2b604686df6c92d123e7b1608249a37
0xd8da6bf26964af9d7eed9e03e53415d37aa96045,0x0a20e8de70cffa386c0b73dbf4764809d0d94794,0.007,2016-03-06T20:43:38+00:00,0x5d5c264efb13e344f7b2c8be3bba511f431f49eb558461ec18ec401281626540
0xd8da6bf26964af9d7eed9e03e53415d37aa96045,0x76a62f94d855f3c6757fe5a389ea8e367fe628f7,0.007,2016-03-06T20:43:38+00:00,0x837daf230623e4d1bd2bca07e72ff9729414e878267bc9637e565f44fc216dc4
0xd8da6bf26964af9d7eed9e03e53415d37aa96045,0xe456871cdaf9b9ec337b1be337e93c67c36c584a,0.007,2016-03-06T20:43:38+00:00,0x61ae968424bc5d93e17ba98764f07695d1e6e02f2ba4fb3079eea99436333f06
0xd8da6bf26964af9d7eed9e03e53415d37aa96045,0x0ea8b3717c0adf87fdc4a1ba1ca700c6ccbf1b7a,0.007,2016-03-06T20:43:38+00:00,0x675beaf17b528dc1c38f2636f5535cf6153fea1a935653a0092978eec9849f78
0xd8da6bf26964af9d7eed9e03e53415d37aa96045,0x5f0eba766c7b8119afd29e1caa17b079ca6ce7a6,0.007,2016-03-06T20:43:38+00:00,0xcfd0c8a4be438161e6b2970730b6e6d3f68c81f9360906d5d4ce57455274ce51
0xd8da6bf26964af9d7eed9e03e53415d37aa96045,0x5b161c15aff89d358cceed38600735c5c8a7bf59,0.007,2016-03-06T20:43:38+00:00,0x2c9e1f7974230ea2fc755c1ff7bc2a626a4ef21a4475ff303dab79e2e34ba662
0xd8da6bf26964af9d7eed9e03e53415d37aa96045,0xbbdbbefb30aab65c7dd5e30f5f9358013bb6792f,0.007,2016-03-06T20:43:38+00:00,0xddc7fe69186e115fa65f68a97549583a04583211d0cdc37659a2ffeaabc6e465
0xd8da6bf26964af9d7eed9e03e53415d37aa96045,0x0ced20b8734d290f948c1c1c49d1d021336243f6,0.007,2016-03-06T20:43:38+00:00,0x56270ca85f8c44747874b0cf3c919191a841f7b378c430cbfa80f03f3d8e3cf5
0xd8da6bf26964af9d7eed9e03e53415d37aa96045,0xd24fcea6077c01b58b19b39df70be4ba12ee546e,0.007,2016-03-06T20:43:38+00:00,0xcf7a47c8d46e050195f440fe53e566fb84702254c6e7332eb00ce0ff817e3d11
0xd8da6bf26964af9d7eed9e03e53415d37aa96045,0xf0b6b34f23d87ae480d8d0497c67f7e145f03cdd,0.007,2016-03-06T20:43:38+00:00,0x212704de290c404daddd1a0f0498e3835fffa0dbf4e194416fc2d5dcab26cb77
0xd8da6bf26964af9d7eed9e03e53415d37aa96045,0x84a060d56889fd4ba0f817cbc75a27823eb8cca4,0.007,2016-03-06T20:43:38+00:00,0x13cfb9436d8c37bdd8b2e9535463e808a96eae00b8ec29424828624f64f32e66
0xd8da6bf26964af9d7eed9e03e53415d37aa96045,0x22d289299c6d4e331d0dfb343333e35a9e2dd311,0.007,2016-03-06T20:43:38+00:00,0x4260513d7bf669154f830235db7291ca33f74bb06aa93e87d7fc6f41b4a36c74
0xd8da6bf26964af9d7eed9e03e53415d37aa96045,0x5d6ba97ef1e0f87f118edd9372a6b7116226f0c7,0.007,2016-03-06T20:43:38+00:00,0xb6feed30012f69b59e91e37e1eabfa3a24a2a95e73ca108dd56311adca88130a
0xd8da6bf26964af9d7eed9e03e53415d37aa96045,0x8f251742ab91be51615a199ba1ff9253d92c70a9,0.007,2016-03-06T20:43:38+00:00,0xdeb304f733ad1c18a4ccdfdcf97200e175695f33e175423b985d033fa5f15da8
0xd8da6bf26964af9d7eed9e03e53415d37aa96045,0x0b54b2fc857c823a1afe788d2c90deb068cdf0fc,0.007,2016-03-06T20:43:38+00:00,0x100d10d760e252526dd9e5f3e09f8e7b75354efa556fb99a8ad00063862604d8
0xd8da6bf26964af9d7eed9e03e53415d37aa96045,0x0bd9571f2e4a8cb9c9ef3290e2f7892a072e93a7,0.007,2016-03-06T20:43:38+00:00,0x5768183e9d9b5b4b508b496df659d0c287786c569875acbd5a7db03c4cb75a74
0xd8da6bf26964af9d7eed9e03e53415d37aa96045,0xe2f2cb9d8c1bdd17f58a3a91569bff14b00f0044,0.007,2016-03-06T20:43:38+00:00,0xe846302502af736985e91df6f0548591aa23c6fae90fc47ada40600526b45d50
0xd8da6bf26964af9d7eed9e03e53415d37aa96045,0x2a0d4e479976267408a3a97c620d4efa53ed6321,0.007,2016-03-06T20:48:59+00:00,0x3796d554638523aab204f8b08f799401915dd9a399f1b9e3d1ec2e1843c18225
0xe2f2cb9d8c1bdd17f58a3a91569bff14b00f0044,0xd8da6bf26964af9d7eed9e03e53415d37aa96045,0.005992,2016-03-06T20:58:41+00:00,0x17b46ad5453494aa56dfba10c40bfa3fd934d436c2d2d1fc9b9b17d788aa4e09
0x0bd9571f2e4a8cb9c9ef3290e2f7892a072e93a7,0xd8da6bf26964af9d7eed9e03e53415d37aa96045,0.006034,2016-03-06T20:58:41+00:00,0x9be45b03c54234fd5a6c442c3ad47ac7681323107cbde7a3f3ecb1fe51a0d5a7
0xd8da6bf26964af9d7eed9e03e53415d37aa96045,0xbef6d2b0aa3f978858664444623cf98a1099a1e6,0.007,2016-03-06T21:00:25+00:00,0xaf95602d7a7b7e9592d5c21b8e24df7a02d19b6e82347b4f483b4fbbe380bb93
0x0b54b2fc857c823a1afe788d2c90deb068cdf0fc,0xd8da6bf26964af9d7eed9e03e53415d37aa96045,0.006076,2016-03-06T21:02:24+00:00,0xbc4d158132d6db6378f09cda085541d6f8c3ff5adc0000999c245a19ea032f38
0x8f251742ab91be51615a199ba1ff9253d92c70a9,0xd8da6bf26964af9d7eed9e03e53415d37aa96045,0.006118,2016-03-06T21:02:55+00:00,0xf21df4eb8931d6e2832f1249c57355b67eb2a0774d565f2201e8ad5b97244bb1
0x5d6ba97ef1e0f87f118edd9372a6b7116226f0c7,0xd8da6bf26964af9d7eed9e03e53415d37aa96045,0.00616,2016-03-06T21:02:55+00:00,0x0fc56a46bfa15543834a4c3e16a693628dc07526268d7ec70d4291a147c74020
0x22d289299c6d4e331d0dfb343333e35a9e2dd311,0xd8da6bf26964af9d7eed9e03e53415d37aa96045,0.006202,2016-03-06T21:02:55+00:00,0xcfa03f1c37a300077810cd2a1feae290cfe2afa2a2d404ff7c5c4258e2af12bc
0x84a060d56889fd4ba0f817cbc75a27823eb8cca4,0xd8da6bf26964af9d7eed9e03e53415d37aa96045,0.006244,2016-03-06T21:02:55+00:00,0xafe404dbe6807da619fb6b138620c88c739618eef18cd52586c5c9b09fddcd88
0xf0b6b34f23d87ae480d8d0497c67f7e145f03cdd,0xd8da6bf26964af9d7eed9e03e53415d37aa96045,0.006286,2016-03-06T21:02:55+00:00,0x6324f382de0959ce69fb899450cbfd87640886a2891860d08abd4612bfae2549
0xd24fcea6077c01b58b19b39df70be4ba12ee546e,0xd8da6bf26964af9d7eed9e03e53415d37aa96045,0.006328,2016-03-06T21:02:55+00:00,0xe9ebb6b82a381bd712097aa5e2b4fbdfe680f4670727583d8730912e07cc2455
0x0ced20b8734d290f948c1c1c49d1d021336243f6,0xd8da6bf26964af9d7eed9e03e53415d37aa96045,0.00637,2016-03-06T21:02:55+00:00,0x0b3907a549afe6c1d79a9060b1b0cbb02252cec9ac0c77546f0977a82c1af614
0xbbdbbefb30aab65c7dd5e30f5f9358013bb6792f,0xd8da6bf26964af9d7eed9e03e53415d37aa96045,0.006412,2016-03-06T21:02:55+00:00,0x05fe9ec8c7f6ba25688ddf68b49bbaee0e54e80255e2f2830e1215c3f00ee5a3
0x5b161c15aff89d358cceed38600735c5c8a7bf59,0xd8da6bf26964af9d7eed9e03e53415d37aa96045,0.006454,2016-03-06T21:02:55+00:00,0x25ea23e0882bcd2c88ddddd670b874471d509d5bbe6a7ad56721e2a8e8ffd9fc
0x5f0eba766c7b8119afd29e1caa17b079ca6ce7a6,0xd8da6bf26964af9d7eed9e03e53415d37aa96045,0.006496,2016-03-06T21:02:55+00:00,0x33f39dbb7f09e826bc38bd6e995f182c7b77e417758d85d1cf4b377ec19da771
0x0ea8b3717c0adf87fdc4a1ba1ca700c6ccbf1b7a,0xd8da6bf26964af9d7eed9e03e53415d37aa96045,0.006538,2016-03-06T21:02:55+00:00,0x12cacc970e338580bd5d38f8a85323866102740853a8acd31b0fb5fa8036da71
0xe456871cdaf9b9ec337b1be337e93c67c36c584a,0xd8da6bf26964af9d7eed9e03e53415d37aa96045,0.00658,2016-03-06T21:02:55+00:00,0x24b22bf88788eddd336a2fef0b4c20094fa0714f328996219acc11b80036c74c
0x76a62f94d855f3c6757fe5a389ea8e367fe628f7,0xd8da6bf26964af9d7eed9e03e53415d37aa96045,0.006622,2016-03-06T21:02:55+00:00,0xbfad757db6f86427a40788a7a132b9494898ee90824277a4d95c4fab53ba598e
0xd8da6bf26964af9d7eed9e03e53415d37aa96045,0x8e614a106bbab1288f7dac28f56e4f28882c7535,0.007,2016-03-06T21:03:32+00:00,0x6df093140b558cb591429b084c0d50adef4de530ebee02163052b6ef79672b32
0xd8da6bf26964af9d7eed9e03e53415d37aa96045,0xf38cd38d748d383d14565a8a58297b4340085aa2,0.007,2016-03-06T21:03:32+00:00,0x909efa88cf8e6fe1a154f926796e897a933459654c492bc15945a0e7bd91dad5
0xd8da6bf26964af9d7eed9e03e53415d37aa96045,0x89a538387b805a2921e86882d890364df6c3fc23,0.007,2016-03-06T21:03:32+00:00,0x2b993d06ba27dd336bfcda846bb7c95ec092d995bb7d087c63d48b2d80949980
0xd8da6bf26964af9d7eed9e03e53415d37aa96045,0xce54c6f657b149ad69d30df25e4343d15a8a8bab,0.007,2016-03-06T21:03:32+00:00,0x136935974f93524a1c3e347ca75644cc314df1bb990445bfde3429a670d89d4e
0xd8da6bf26964af9d7eed9e03e53415d37aa96045,0x5032122808822970bfa4be80bfc854ceeac6bab1,0.007,2016-03-06T21:03:32+00:00,0xf7d1a9cbaafdeb9876a70154403924184ac9e6fa2bcee06599857bd3372bbc70
0xd8da6bf26964af9d7eed9e03e53415d37aa96045,0x4e32d23b542af172689535950bb8ec0f423f5492,0.007,2016-03-06T21:03:32+00:00,0xc901278b72dc3332e6fa2a7c7a494ea4f12d41934d92c3adf34b6208579f495f
0xd8da6bf26964af9d7eed9e03e53415d37aa96045,0x0a20e8de70cffa386c0b73dbf4764809d0d94794,0.007,2016-03-06T21:03:32+00:00,0xe14731e7141f03e45fc00ca887021f383d7dd114e611ae8c9f93c67d26cdc7b2
0xd8da6bf26964af9d7eed9e03e53415d37aa96045,0x76a62f94d855f3c6757fe5a389ea8e367fe628f7,0.007,2016-03-06T21:03:32+00:00,0xa67c3063cc90d5acdb8598ce38a0961d18156435d8e0220166c9a55c28b73145
0xd8da6bf26964af9d7eed9e03e53415d37aa96045,0xe456871cdaf9b9ec337b1be337e93c67c36c584a,0.007,2016-03-06T21:03:32+00:00,0xb6e3ce57d0eee55bb41435cc8173b0bd465cfcf5e056caf8e2bfef247b1819af
0xd8da6bf26964af9d7eed9e03e53415d37aa96045,0x0ea8b3717c0adf87fdc4a1ba1ca700c6ccbf1b7a,0.007,2016-03-06T21:03:32+00:00,0xc16835e0eb0f44585c9191c30f50df31dc99bcf899b39e00d420dd79080bd3f7
0xd8da6bf26964af9d7eed9e03e53415d37aa96045,0x5f0eba766c7b8119afd29e1caa17b079ca6ce7a6,0.007,2016-03-06T21:03:32+00:00,0xfcb2fb7e018671e0ad019c3944706b0a096d49170fe7af33abd067c066db1578
0x1db3439a222c519ab44bb1144fc28167b4fa6ee6,0xd8da6bf26964af9d7eed9e03e53415d37aa96045,0.25,2016-05-06T13:38:31+00:00,0x1b4597e68f25d2b5464eab5348184834bb32eabeedddf7840a81a93a89daefb7
0xd8da6bf26964af9d7eed9e03e53415d37aa96045,0x5b161c15aff89d358cceed38600735c5c8a7bf59,0.007,2016-05-06T13:39:17+00:00,0x5d662f257280ecf70d1d73e8421d6bdf4926f9753224023f7a334199952cf7b7
0xd8da6bf26964af9d7eed9e03e53415d37aa96045,0xbbdbbefb30aab65c7dd5e30f5f9358013bb6792f,0.007,2016-05-06T13:39:17+00:00,0x8e59e6e14dcb8cf11181c26b8b970fa23685c810ed83060ba3d5ff441159a6fd
0xd8da6bf26964af9d7eed9e03e53415d37aa96045,0x0ced20b8734d290f948c1c1c49d1d021336243f6,0.007,2016-05-06T13:39:17+00:00,0xaa7317532f6a797a74838d294e2655345f8daedd55af3d2cfe5d3f12b3104409
0xd8da6bf26964af9d7eed9e03e53415d37aa96045,0xd24fcea6077c01b58b19b39df70be4ba12ee546e,0.007,2016-05-06T13:39:17+00:00,0x63e7d9af787099d7bba670489bb695098185a5530d96f58a6eaa6b5c76ee68ef
0xd8da6bf26964af9d7eed9e03e53415d37aa96045,0xf0b6b34f23d87ae480d8d0497c67f7e145f03cdd,0.007,2016-05-06T13:39:17+00:00,0x90b8a9a1dce599b7c1430391ad8e2adf2860aedda7f9f2721e5bd6e0b01ee8f0
0xd8da6bf26964af9d7eed9e03e53415d37aa96045,0x84a060d56889fd4ba0f817cbc75a27823eb8cca4,0.007,2016-05-06T13:39:17+00:00,0xbe090bf94b761e5f2126dde0f88a2fa18a27c7ae128dc2b0b6d17f935e94d495
0xd8da6bf26964af9d7eed9e03e53415d37aa96045,0x22d289299c6d4e331d0dfb343333e35a9e2dd311,0.007,2016-05-06T13:39:17+00:00,0xd056de89c4785f8fd6b445cae9967f82aab70ad328fdb373b58624cff7736ed7
0xd8da6bf26964af9d7eed9e03e53415d37aa96045,0x5d6ba97ef1e0f87f118edd9372a6b7116226f0c7,0.007,2016-05-06T13:39:17+00:00,0x64f5ae06a8e73fce3b133894167f3d7b358c8401631881ea8b683af9dfa3a433
0xd8da6bf26964af9d7eed9e03e53415d37aa96045,0x8f251742ab91be51615a199ba1ff9253d92c70a9,0.007,2016-05-06T13:39:17+00:00,0x6b7a81ab695d12904c0be1672895d940851ab23bb2ea46dc7bcfe9f7b29f1be3
0xd8da6bf26964af9d7eed9e03e53415d37aa96045,0x0b54b2fc857c823a1afe788d2c90deb068cdf0fc,0.007,2016-05-06T13:39:17+00:00,0x9a5a36e14cc7058f777a4bdbf53643464422f64e81b68422730c860e45ddc1e0
0xd8da6bf26964af9d7eed9e03e53415d37aa96045,0x0bd9571f2e4a8cb9c9ef3290e2f7892a072e93a7,0.007,2016-05-06T13:39:17+00:00,0x426fad2ef9f1e43dfc21e61ee6c47090f54c432a5e08e670c68adc87d26d88a0
0xd8da6bf26964af9d7eed9e03e53415d37aa96045,0xe2f2cb9d8c1bdd17f58a3a91569bff14b00f0044,0.007,2016-05-06T13:39:17+00:00,0xde568b1a8ca62fa62743f77ec7b1df87dafa79c57ee9652d477b5f6d59301e01
0xd8da6bf26964af9d7eed9e03e53415d37aa96045,0x3f3b7d763bc520ba3fc861922fa9f65ad51130ef,0.0,2016-05-06T13:49:39+00:00,0xca873bbaf7857acede870e524356c57b16ebfb7de147ca2c36cbcb65e2526bc5
0x1db3439a222c519ab44bb1144fc28167b4fa6ee6,0xd8da6bf26964af9d7eed9e03e53415d37aa96045,1000.0,2016-05-09T10:23:14+00:00,0xfbd90d3899aa9fb0548332a9a17f1f0ffd22162488f83dd16f111da644388c43
0xd8da6bf26964af9d7eed9e03e53415d37aa96045,0xd654bdd32fc99471455e86c2e7f7d7b6437e9179,1.0,2016-05-19T10:19:53+00:00,0x557c3e14a8e86cd0b947d5c7790d332bbe52bb6ec8cba0aa532ddc717ffd0abe
0xd8da6bf26964af9d7eed9e03e53415d37aa96045,0xd654bdd32fc99471455e86c2e7f7d7b6437e9179,349.0,2016-05-19T10:23:24+00:00,0xd49283609461b28de9ee8d4a3c70d6a4dfee91119552313f8dd73a35a49f966e
0xd8da6bf26964af9d7eed9e03e53415d37aa96045,0xd654bdd32fc99471455e86c2e7f7d7b6437e9179,0.0,2016-05-19T11:04:16+00:00,0x8f73177b4d578068b04597b74848e22a7ef9098e3e3c7257abbe9b73b0ba150b
0xd8da6bf26964af9d7eed9e03e53415d37aa96045,0xf51bc4633f5924465c8c6317169faf3e4312e82f,0.0,2016-05-19T11:09:40+00:00,0x932cdcd0c76e08cf8730af625a5bb5932b8412b09f9806285271fd9ff2ce28f7
0xd8da6bf26964af9d7eed9e03e53415d37aa96045,0xd654bdd32fc99471455e86c2e7f7d7b6437e9179,0.0,2016-05-22T12:42:45+00:00,0x825870d45ed8fbb53fa99e113bbdb0f5845bc4b69160b60e02e0793e1a73629e
0xd8da6bf26964af9d7eed9e03e53415d37aa96045,0xd654bdd32fc99471455e86c2e7f7d7b6437e9179,250.0,2016-05-22T12:44:20+00:00,0x19d95aa62a83ae0e9ff8247fec3641ba43699dabc7b65588f7f14a926874ba2a
0xd8da6bf26964af9d7eed9e03e53415d37aa96045,0xf51bc4633f5924465c8c6317169faf3e4312e82f,0.0,2016-05-22T12:45:17+00:00,0xcb79dfb1f6f11b0a7b2f1fb2803b7ee8bb6a4fc44641db43b2dd8fecbb58a1e3
0xd8da6bf26964af9d7eed9e03e53415d37aa96045,0xc66ea802717bfb9833400264dd12c2bceaa34a6d,0.0,2016-05-22T12:46:14+00:00,0x5f3564ada1c0547480b957b0d13eedf98a74a78d64fb3bc4a243a17db6e6d9e9
0xd8da6bf26964af9d7eed9e03e53415d37aa96045,0xf51bc4633f5924465c8c6317169faf3e4312e82f,0.0,2016-05-22T12:46:33+00:00,0x589f57a61de41cec9f4df7db07be0c85280c869f5785d8f79b8805011b2880ab
0xd8da6bf26964af9d7eed9e03e53415d37aa96045,0xc66ea802717bfb9833400264dd12c2bceaa34a6d,0.0,2016-05-25T11:40:16+00:00,0x3c128d6284a7ba01a6a44fa644dc086b3ce4a4b2ad9e9eb2efe522f6dd7fbd0a
0xd8da6bf26964af9d7eed9e03e53415d37aa96045,0x23595334b4a25ad317d9529c5a35ca70819d836c,1.0,2016-05-29T08:09:21+00:00,0xf3adf9c7b32871eb28ff29d29cc507690690c2c3ed554e86af22ac4e61091333
0xd8da6bf26964af9d7eed9e03e53415d37aa96045,0xf51bc4633f5924465c8c6317169faf3e4312e82f,0.0,2016-05-29T08:36:57+00:00,0xd7030243eca63fd41ca0f890ac924cd87bfc8ba15e1b0e77b30aed518a3a4eb7
0xd8da6bf26964af9d7eed9e03e53415d37aa96045,0xd654bdd32fc99471455e86c2e7f7d7b6437e9179,399.0,2016-05-29T08:37:24+00:00,0xc0a166a5f4782ce82f1309286d35507abce519badecf0d6316eecc536eca2f7f
0xd8da6bf26964af9d7eed9e03e53415d37aa96045,0xd654bdd32fc99471455e86c2e7f7d7b6437e9179,0.0,2016-05-29T08:38:31+00:00,0x13052019b92e532f19322f6d13d95f981ddda396f4c4939423ebd14a5b112f2b
0xd8da6bf26964af9d7eed9e03e53415d37aa96045,0xf51bc4633f5924465c8c6317169faf3e4312e82f,0.0,2016-05-29T08:40:06+00:00,0x0f7fd5b1486148aa881894a189136e29c3dada9eb9d0b98b1b82f0c0403d4f39
0xd8da6bf26964af9d7eed9e03e53415d37aa96045,0xf51bc4633f5924465c8c6317169faf3e4312e82f,0.0,2016-05-29T08:41:18+00:00,0xd19b5377d00c34c87e13ff13e22e4b4f43d81e911f419ff5970f9fe2ca5bc45d
0xd8da6bf26964af9d7eed9e03e53415d37aa96045,0xc66ea802717bfb9833400264dd12c2bceaa34a6d,0.0,2016-06-06T08:44:38+00:00,0x5bd51163ad0553aa855018e45eb92f065e16dd888615a481effc026aeec2ab5d
0xd8da6bf26964af9d7eed9e03e53415d37aa96045,0xf51bc4633f5924465c8c6317169faf3e4312e82f,0.0,2016-06-06T08:45:08+00:00,0x3c796b78069347eb11a3d5a92bb78e1f9e76efde5cb28e3f031135487973ead0
0xd8da6bf26964af9d7eed9e03e53415d37aa96045,0xd654bdd32fc99471455e86c2e7f7d7b6437e9179,0.0,2016-06-11T03:26:12+00:00,0xcb57c84c8811e4c5ee0004b974b9ce89987acbb7f348f1a2a27fb5da2940dffa
0xd8da6bf26964af9d7eed9e03e53415d37aa96045,0xc66ea802717bfb9833400264dd12c2bceaa34a6d,0.0,2016-06-11T03:26:12+00:00,0x89b9efd8666e64abc58e137679289299761ce40b180e3b022d9f42fc96668b0d
0xd8da6bf26964af9d7eed9e03e53415d37aa96045,0xf51bc4633f5924465c8c6317169faf3e4312e82f,0.0,2016-06-11T03:28:11+00:00,0x923311e62bc19ded49022bc6f020e203094ca0a2669e343f4821fbb40e4ed752
0xd8da6bf26964af9d7eed9e03e53415d37aa96045,0xf51bc4633f5924465c8c6317169faf3e4312e82f,0.0,2016-06-11T03:28:11+00:00,0xaac6719051362a6a4e34c0cabfc699e2d62ef83e43043498cfe1860f00770bc7
0x1db3439a222c519ab44bb1144fc28167b4fa6ee6,0xd8da6bf26964af9d7eed9e03e53415d37aa96045,80.0,2016-06-17T07:21:42+00:00,0xefd1be7ab3ae15679f018709f5f47a04310f000da651631e89af3a0f406a72e8
0xd8da6bf26964af9d7eed9e03e53415d37aa96045,0x16be46f6146f2d284a040f4d5674df28bd73a5ff,0.0,2016-06-17T07:28:00+00:00,0x1733f6789812820a1720647f9323b2bf9fb5658addb83cb85a095c620d80d140
0xd8da6bf26964af9d7eed9e03e53415d37aa96045,0x4b8caef0cf5d33d3d24b07107c5f7adb2e9330ac,0.0,2016-06-17T07:28:00+00:00,0x1c04d5ed49715dc39a8d2a0ee22cc334f97d48f6881fcf89ed96dfbab5f47815
0xd8da6bf26964af9d7eed9e03e53415d37aa96045,0x3a2689d036de75e4d1d6f3d444900af434f1dc2c,0.0,2016-06-17T07:28:28+00:00,0x91118970c9791f896a5b57d59f986c9da50dd9058862706b852e64ad36ad3dec
0xd8da6bf26964af9d7eed9e03e53415d37aa96045,0xb7ff4609a40328dfe4f02170005389761b4c4e25,0.0,2016-06-17T07:28:28+00:00,0x3ed4307b48bebfd40f3c52e1aaa266ab536b3de0fcfaf8afa81c76d1369176f4
0xd8da6bf26964af9d7eed9e03e53415d37aa96045,0x93853750458861e4d95c6fd2029ed908cc2a7ee0,0.0,2016-06-17T07:28:56+00:00,0x072661bc3725b1f40e4c710f8957dddba0aca2cc5b23be4a300564a775caf1a8
0xd8da6bf26964af9d7eed9e03e53415d37aa96045,0xce242fde261a77675cc6f3a72ddc3fb19e76cd1f,0.0,2016-06-17T07:28:56+00:00,0x67d9a631c460754a67f3358bbd8e58af746557c97b5495391942619c71f96857
0xd8da6bf26964af9d7eed9e03e53415d37aa96045,0xefac976bdd8e95f01e50680803c3fce8913bd862,0.0,2016-06-17T07:29:18+00:00,0x1b211f158a167ec810d34bf7dd5b2d90c14d15f486c5da99873094f9f235b229
0xd8da6bf26964af9d7eed9e03e53415d37aa96045,0x66835197ceeed5d4d792484912f7af940efff665,0.0,2016-06-17T07:29:18+00:00,0xa6838e6ad93fb14cfa3474c2a75229195fd68ce63f4e40517cc9145cdccf3914
0xd8da6bf26964af9d7eed9e03e53415d37aa96045,0xb9882eacb8557a2843d39e5fbe1c33dd8452b0e6,0.0,2016-06-17T07:30:20+00:00,0x0d71636db0ec3bbbde744f5e1144326c341ec1cfca161189af881fd8a367db33
0xd8da6bf26964af9d7eed9e03e53415d37aa96045,0x885bfec85f18629af280b5cccd9c92eb9c50a691,0.0,2016-06-17T07:30:20+00:00,0xa6ee7f24af9a87530d02f7d30940b536f850f80e457c0127ed66bccd6a8ce423
0xd8da6bf26964af9d7eed9e03e53415d37aa96045,0x57648aea5fcd33fb3fd6fdac05cdf42c4d143b2d,0.0,2016-06-17T07:30:37+00:00,0x999ca6284fd992800b06609ee6816e5dc016bbac191ed70871081ad3bc6ec1cf
0xd8da6bf26964af9d7eed9e03e53415d37aa96045,0xee5abfe81afa459ae282dccc556f11663f9dc561,0.0,2016-06-17T07:30:37+00:00,0x06648a2abc6186b1713ba7834fd4769151cadffc2e7f6dbfbc885f64d75d2eef
0xd8da6bf26964af9d7eed9e03e53415d37aa96045,0x87f51227d82c0daa22fe3b45277b08af897ec3df,0.0,2016-06-17T07:30:55+00:00,0x6d511a4c75e1f21d4e612b7c0ff0f7d1c144b2a652e552c48221784c5f478b6d
0xd8da6bf26964af9d7eed9e03e53415d37aa96045,0xd653160a743b765d5e3647ab23be70feace27b30,0.0,2016-06-17T07:30:55+00:00,0xfaba50da97f17a29d82ef52fbde8bb6125391f38c22cbc44322996b60a85574a
0xd8da6bf26964af9d7eed9e03e53415d37aa96045,0xa85ca6af4c0787321805505a609062969b53fd99,0.0,2016-06-17T07:31:23+00:00,0x7ad67e6004e6c6befa75ca401cf7bc229e67cc455cb086d4efd271f78b09cb0a
0xd8da6bf26964af9d7eed9e03e53415d37aa96045,0x0595e838bbbca326e5c2d7f43f633caff5937120,0.0,2016-06-17T07:31:23+00:00,0xed1e7a76363b86c148fba416b0ad1f9c8f85db903d20ca91185880f2d7692562
0xd8da6bf26964af9d7eed9e03e53415d37aa96045,0x14b735d53afa46769ff7fab689c4e4609bf43ca1,0.0,2016-06-17T07:31:32+00:00,0x60700323cae77c7cf77a85e693528f39d2acf37191503b1ea0b44f098dd0008c
0xd8da6bf26964af9d7eed9e03e53415d37aa96045,0xceb9265dfe3e883c4ba93b41049ba2444ce0fd8f,0.0,2016-06-17T07:31:32+00:00,0xfeaf3f1d980c92450855a118c46dc16d4c0eea10c7ca41184c5f9caa5989a00b
0xd8da6bf26964af9d7eed9e03e53415d37aa96045,0x5c56dde163d0187142327f1548066dc7c5426453,0.0,2016-06-17T07:31:54+00:00,0xe24af23de9fced1e55c4f6345539ee87fca34438055b379f829352d59939e3a9
0xd8da6bf26964af9d7eed9e03e53415d37aa96045,0x785417e9ab581f0bc9caa4f24b657f9a08beb54f,0.0,2016-06-17T07:31:54+00:00,0x700f30bcbca20d01ca24c1298692edfbb06de47638b910fea22a0759cbb57940
0xd8da6bf26964af9d7eed9e03e53415d37aa96045,0xd35d9aa23cfd4ba07d08cea079b0f4947cc56c9d,0.0,2016-06-17T07:33:02+00:00,0x123d0e91cf71963d9acd1e4b47553d5f4c4d0bc8953908b74cd04bb474f74613
0xd8da6bf26964af9d7eed9e03e53415d37aa96045,0x25cee6af4b45607ad9e20ae8f65267e525c27bd2,0.0,2016-06-17T07:33:02+00:00,0x6106686585a90ce4b0f9c391acab8b4d598b5ddeab865a3e49300bd627257d87
0xd8da6bf26964af9d7eed9e03e53415d37aa96045,0xa86647e8eaf222595fcd16b774a3101865d026b2,0.0,2016-06-17T07:33:06+00:00,0x6014eb4b51f561532b8419785e35bfb408e0f4fc0fd6414a44e1454a0d32e2ea
0xd8da6bf26964af9d7eed9e03e53415d37aa96045,0xcd6d096675c784ba9a1dc44dd0f69dd26296aad6,0.0,2016-06-17T07:33:06+00:00,0xcc8ee78d1687509e7d8434fcd4fdc4f1356d23d91658839b9beee917d3e17745
0xd8da6bf26964af9d7eed9e03e53415d37aa96045,0xda04dc90f5f39840dcb116e5a09c1543f55e6b93,0.0,2016-06-17T07:33:30+00:00,0x5c5a75f52b57800cb32fa9c78a75efa0e2389b34ba517501e592534dab02c497
0xd8da6bf26964af9d7eed9e03e53415d37aa96045,0x5d64b600a0f6877c9cdf8692dfba444567be5797,0.0,2016-06-17T07:33:43+00:00,0xc338f38a69123227dd82e55d51472aac66c1a9b443d349b9521c7ca570ca8dcb
0xd8da6bf26964af9d7eed9e03e53415d37aa96045,0x9cd754c2b793cb2ec67e73223a1c3cc46917276f,0.0,2016-06-17T07:33:43+00:00,0x95335e9678137c40d86201df2b0b438ec4e5391a21c36dcc05b6b327600c8bd1
0xd8da6bf26964af9d7eed9e03e53415d37aa96045,0xecccf44ec93e27d4acac6463515301648f0bf943,0.0,2016-06-17T07:33:56+00:00,0xd498a1708658807295728cd057e1b42e059b8a44226d1c3c9a36567ab24596b8
0xd8da6bf26964af9d7eed9e03e53415d37aa96045,0x1c8f9d5e5402fc8f6281f5c2e2915e7dd5eb2f1b,0.0,2016-06-17T07:33:56+00:00,0xe89262a7f4d99a9d7c824affa0defc64b7ab0c7542cbe4f8ea47a74877402305
0xd8da6bf26964af9d7eed9e03e53415d37aa96045,0x9000a5c176cf1f7a2360f2256e32d74be9fea0c3,0.0,2016-06-17T07:34:25+00:00,0xe0bec7cd058842c7a37cd2031243164f8f32bb645c90a157c0b83683f8fff19e
0xd8da6bf26964af9d7eed9e03e53415d37aa96045,0x7caa62cc9490beb88aee465ba326ebd05db9f386,0.0,2016-06-17T07:34:25+00:00,0xfc812d6c16273e5b338e40b5ac1d7cf60878041a34bca58428d877f24e4bfd6b
0xd8da6bf26964af9d7eed9e03e53415d37aa96045,0x9ce38a07e41f361755b09a875fa7e6df10645652,0.0,2016-06-17T07:34:45+00:00,0xa0064b282edc10361741c1561bf6e995094f793d3db770fd1591ea8d8197c8d3
0xd8da6bf26964af9d7eed9e03e53415d37aa96045,0xdde80fab6ec3664f7b4b4bcf9c3a688f0e4edb6c,0.0,2016-06-17T07:34:45+00:00,0xcb45d418da3a85f15e3126f733245842276243ece767a49bfc1fc6cf0d5422bf
0xd8da6bf26964af9d7eed9e03e53415d37aa96045,0x9e4a2214a327f0f7f296a0365ca958c9184cdb10,0.0,2016-06-17T07:35:10+00:00,0x2ea5988ef8261f8f2116320316aa7ffed7827e75b0d61fb3a4aa3dd4e803afd0
0xd8da6bf26964af9d7eed9e03e53415d37aa96045,0x48b2014edb1cc97b35db7a9faf899393ccf234ee,0.0,2016-06-17T07:35:10+00:00,0x5de571a0beee270ea7ea3edf836cebc19ad67f816183d2da52123491b9381126
0xd8da6bf26964af9d7eed9e03e53415d37aa96045,0x228632d36dc76f446fcff09be462717febaf4e00,0.0,2016-06-17T07:35:38+00:00,0xc26cec251b5708016096d4cd5cc0f01640aedd3fd019f8766cdc78b9257195d5
0xd8da6bf26964af9d7eed9e03e53415d37aa96045,0x4d3e5a33c138c1b84c9426c6f5cc126a5d9daa2b,0.0,2016-06-17T07:35:38+00:00,0xa302bbe1c3a028e6b70f9e653bd7438149d2d19a5d2caf81e4a70e7ffa91d0fb
0xd8da6bf26964af9d7eed9e03e53415d37aa96045,0x85f054dc597bd0642a2348622d1149224c880934,0.0,2016-06-17T07:36:20+00:00,0xdaa8566787d0fd816c409f5a3f38a653f20afa15e05fe30d82bf7c16a8630b35
0xd8da6bf26964af9d7eed9e03e53415d37aa96045,0xf16f20b72d51fa9bc9ad97a44be0cf2d8be5d214,0.0,2016-06-17T07:36:20+00:00,0xf879a2e5af95d5bc092218cfb3811c5d9e8b49ac1b58e2dbaccfc4e7354cd279
0xd8da6bf26964af9d7eed9e03e53415d37aa96045,0xb16dd148fec20d88774a0e2fff4092dbc286b065,0.0,2016-06-17T07:37:03+00:00,0x19a65f0f544e8df66af1253ac78dd60574ac65f23fbc517cba5e366bd96f211d
0xd8da6bf26964af9d7eed9e03e53415d37aa96045,0x3fa524897361206cb668f28aeb2365f738ac73a5,0.0,2016-06-17T07:37:03+00:00,0x698ded1ac03aead0a94188dc01e1ba0fe292eec916303832df2fce63b7b05609
0xd8da6bf26964af9d7eed9e03e53415d37aa96045,0xbd5fcf43108694c17101593e47647a3c58f5ad9f,0.0,2016-06-17T07:37:37+00:00,0x943940d0b335bb25924c48e8aaa430c7e4e487ec16a3a3e255eaa97f39bd6ff9
0xd8da6bf26964af9d7eed9e03e53415d37aa96045,0x1a7c3c716b4e375acf3295640953633d12eff6df,0.0,2016-06-17T07:37:37+00:00,0xb1dfd4a86688de4c737f12b164727c7c0fa89236ad2020bc8185436772c4032a
0xd8da6bf26964af9d7eed9e03e53415d37aa96045,0x770f4be9a59735df0296c37ba75072b90fd196ff,0.0,2016-06-17T07:38:08+00:00,0xc770bdde7edd9786bcbd9bf44ec3d22aa90960c70441a314b79e9090df893018
0xd8da6bf26964af9d7eed9e03e53415d37aa96045,0xf1e2be3069d10108b3ee5920e7b8871d1b96d725,0.0,2016-06-17T07:38:08+00:00,0x718c463c5066eef484f5818b1e8a39b0763740cb3faade802f59ad20c903dcae
0xd8da6bf26964af9d7eed9e03e53415d37aa96045,0x770ddea5989900194136d91ef2585d5f34676311,0.0,2016-06-17T07:38:36+00:00,0xbde584d37dbe377c779cc11ba498f1d55758098121a0ea6ebda20c3e12dbee09
0xd8da6bf26964af9d7eed9e03e53415d37aa96045,0x08607a41b816b12799851624de1ead5d65849129,0.0,2016-06-17T07:38:36+00:00,0x6ed83e381f9b1dc76615bb21cadf76334f9f6d5e23814bd444c1224687eaca9e
0xd8da6bf26964af9d7eed9e03e53415d37aa96045,0x83e9d77b883f95b47af79c6db7e13cc1d4299373,0.0,2016-06-17T07:39:09+00:00,0xb6c095be744995249155dd566a0318083fb5f196ccd8d48878ce835f6190a949
0xd8da6bf26964af9d7eed9e03e53415d37aa96045,0x9a3a68a34e88bd74e55553c86fdec32cba4b1089,0.0,2016-06-17T07:39:09+00:00,0x16f844c9b633903dbb7003d4a92961608d6ce65ce467a5680a6f5d7eb998ac6c
0xd8da6bf26964af9d7eed9e03e53415d37aa96045,0x6f6f90cdbbd35130a433ec635ebedee0e3c59f39,0.0,2016-06-17T07:39:40+00:00,0x3f0b49a21ea3c4e0a320fe6583f3ea662cedbb90ee2b058b8e72fdb094dab7f0
0xd8da6bf26964af9d7eed9e03e53415d37aa96045,0x55f941b9433c015f87ee7c7b5763f4ddf6b2a1ec,0.0,2016-06-17T07:39:40+00:00,0x39aa239b7ab1c069aa22edb2ab4e167eaefd6ae32f6fa2d75233e54476777f78
0xd8da6bf26964af9d7eed9e03e53415d37aa96045,0xaa03a07476e6257f965740f058bb801ec0035d88,0.0,2016-06-17T07:40:09+00:00,0xd7490872734656558943b13d54181e8098115d48dc66f2d4c528d93a5dd13e3d
0xd8da6bf26964af9d7eed9e03e53415d37aa96045,0x78e2d0722a23200b298cdce3215bd8813c329a2b,0.0,2016-06-17T07:40:09+00:00,0x07b3687537f85a7d5f294ac4712dc75c330c071e6425f9aff1cf05457d738b0e
0xd8da6bf26964af9d7eed9e03e53415d37aa96045,0xa683d5d27e8585035d23ec6a6ae43ed4b96d0aed,0.0,2016-06-17T07:40:31+00:00,0x6a42b242cfde118309eaf71e5cc59cec351b4e60cf4d91252359310743456012
0xd8da6bf26964af9d7eed9e03e53415d37aa96045,0x58886106e8c7b75aa9f28e84256f6ee2a3f81020,0.0,2016-06-17T07:40:31+00:00,0xccea29537c8d905aa876f9cd345d39acd48bc48593b14fea21d7d1feeda78fb5
0xd8da6bf26964af9d7eed9e03e53415d37aa96045,0x8f7a12a97898d9d16df29dd618843bc3a60ad1b6,0.0,2016-06-17T07:40:56+00:00,0x29f475744e0e6296dbd78f4ed44ec5368044e8204b51a5c089c9e63f6ec98804
0xd8da6bf26964af9d7eed9e03e53415d37aa96045,0x3944933b43f7d8989dc7352dfde0d0d7db5dcaf2,0.0,2016-06-17T07:40:56+00:00,0xf5272b1f6249dfef802bebe459b1b9de0852e19cb2317ad7e7690e388b5a4fac
0xd8da6bf26964af9d7eed9e03e53415d37aa96045,0x810b4b9be8831f5aa3bae715d5e074fb034ea920,0.0,2016-06-17T07:41:10+00:00,0x7cfcfdf218310aa49722b26c95151df9376748733683a8ef80b8d7c2fd6453b1
0xd8da6bf26964af9d7eed9e03e53415d37aa96045,0x21222bfe9e4ad3fa035f1b79fa7f2268d8b69fd8,0.0,2016-06-17T07:41:10+00:00,0x853a7233557dcef40ab5359d5a9265040097b050ef7677e01b23c152de6b0fb7
0xd8da6bf26964af9d7eed9e03e53415d37aa96045,0xaf02c218f0325dac91118f615d138d9be1f1fc81,0.0,2016-06-17T07:41:38+00:00,0x62253480836f580adb61cf981aba41438cedd25866a992832208c76996f79f13
0xd8da6bf26964af9d7eed9e03e53415d37aa96045,0x1ccb86a175bbd0d80a8e0fe7f9879df28963896b,0.0,2016-06-17T07:41:38+00:00,0xd153c155ef19de66df82757c2e8b898adb92dba1e7fdc6d88b5ffad5219c1e8b
0xd8da6bf26964af9d7eed9e03e53415d37aa96045,0x2449bdb9acb9fe7ce64739b172fc05b8b71dac1d,0.0,2016-06-17T07:41:48+00:00,0xa97e7877f59489cbb85b5e09e9b39a42d165eb13e2ced10533d07a7993b899ca
0xd8da6bf26964af9d7eed9e03e53415d37aa96045,0x8b7f436cd2419d8f4b479ac5e3b6a2655aabd7d4,0.0,2016-06-17T07:41:48+00:00,0xcf558b04487c0d15f3795f2746dd88ad93696868b1ce50451321d6f51cbe16ab
0xd8da6bf26964af9d7eed9e03e53415d37aa96045,0x84958d686279e3b518aa6ffc224f10cccbf3781a,0.0,2016-06-17T07:42:04+00:00,0xb91230c63e11d33857c33872e6f8e56e1ecc079f8742a4c0aeb77bbee0c8e9bf
0xd8da6bf26964af9d7eed9e03e53415d37aa96045,0xf52cc600a76d84b117505d1fee3b7d6e4645592f,0.0,2016-06-17T07:42:04+00:00,0x0e2df51ee977e3d27cc02cf182f1d57a6c977240684a63c1127f6f4efe84c8de
0xd8da6bf26964af9d7eed9e03e53415d37aa96045,0xd9e1b7060af802bb5b65412f726c649f0a8671ac,0.0,2016-06-17T07:42:38+00:00,0x8e6be8b5cbcec459ea2b54b8247d1acd3de35381ea0c2213422e8f1751102617
0xd8da6bf26964af9d7eed9e03e53415d37aa96045,0x22bc13e51b89467a7bde262e514f4cda6db601c3,0.0,2016-06-17T07:43:10+00:00,0xa60fd2096f73933ee7ad83934b3cc7e525e46ad277e796d6a048492c8e3b37fa
0xd8da6bf26964af9d7eed9e03e53415d37aa96045,0x39574fe3af1e2c6d04068a76d4dc829f4e415a78,0.0,2016-06-17T07:43:10+00:00,0x493057c57ce940ed9661d830f173e5d2e8d0178b0788a863cea5a7ff85a2e78f
0xd8da6bf26964af9d7eed9e03e53415d37aa96045,0xafe0602d8b125d29ec64f6909bdc693180cc49e8,0.0,2016-06-17T07:43:27+00:00,0x102d0309fde369225afabcd6895a1c2d02232271268af55e7faa292d054a0eb6
0xd8da6bf26964af9d7eed9e03e53415d37aa96045,0x975ebc58eebe916322e7fa697f50131bd0a71954,0.0,2016-06-17T07:43:27+00:00,0x7da1d5efb40dff78097ed015342f29e0bb072c0e41aca4633536227cc2fd191c
0xd8da6bf26964af9d7eed9e03e53415d37aa96045,0x43b3dfb11e90499714da8913793b213c8b17d282,0.0,2016-06-17T07:44:23+00:00,0x0e7fdb63fb856cf632831747ec3e4be4f7ddc985826146ec52c89ecd84ad38c3
0xd8da6bf26964af9d7eed9e03e53415d37aa96045,0x62aa7018fb13abeb41673c07847b3970216f748c,0.0,2016-06-17T07:44:23+00:00,0xe0131337c5f2ab61a202b51dd802af46c6f0b0c8d60d241df647371f9fd477e4
0xd8da6bf26964af9d7eed9e03e53415d37aa96045,0xce277cdc566df7b7326a84cbf078320a1885e59e,0.0,2016-06-17T07:44:33+00:00,0xc3891b308d19a8e0c41861bbedd7221a324fcc42b158ee491ec99af7ee148d20
0xd8da6bf26964af9d7eed9e03e53415d37aa96045,0x8e4a852109fa5c27dd18b7143af4c5f9397df07f,0.0,2016-06-17T07:44:33+00:00,0xe84e0345a4694ceb28d9e12ee465f11ff481c5859fc8e4d5ec559a30302a76fd
0xd8da6bf26964af9d7eed9e03e53415d37aa96045,0xbeda67fed224cce73c2359102be7c9552ef03ab0,0.0,2016-06-17T07:44:50+00:00,0x14140ec16f5acb030fe2ce3f30ec447b3250e63e96562c80800ada06c6ae6279
0xd8da6bf26964af9d7eed9e03e53415d37aa96045,0xcf026fb694cb28374c8308030334d80e7a7ac33f,0.0,2016-06-17T07:44:50+00:00,0x095cb9ce351ec0c4d157d96c022a119c76ef2ed809ea3f0d00e658697050118e
0xd8da6bf26964af9d7eed9e03e53415d37aa96045,0x733285ad60b481180838af355f8835fa12403987,0.0,2016-06-17T07:45:31+00:00,0x710ab3cf56d7456b3621e741521f766cd46fb3b66faef4b095db17e320d07db5
0xd8da6bf26964af9d7eed9e03e53415d37aa96045,0xc82f9e7c82059375e3b5e7c39b07b660fdd1c9fd,0.0,2016-06-17T07:45:31+00:00,0x1d4a322437da39c492070561cb12c7f6ca58884ffc2d2da2094ef87c4e03ed75
0xd8da6bf26964af9d7eed9e03e53415d37aa96045,0xbbfc3f806b4a057b6b395c9e1eb95cbf4aaec928,0.0,2016-06-17T07:46:46+00:00,0x93b87c5d159c84a2632bcaeadb16762175470515f01051e4b0335f2a87b3ebab
0xd8da6bf26964af9d7eed9e03e53415d37aa96045,0x9d8edb72714b9b52bc33ecdce7029a9cc08c1b1b,0.0,2016-06-17T07:46:46+00:00,0x9945b5e5f1632acaecddacaa48db16ddd0fc2e0745ebdc7847969d0f058ee216
0xd8da6bf26964af9d7eed9e03e53415d37aa96045,0xc00553ca8cd219d87334e86aa4af2b540c7ab550,0.0,2016-06-17T07:47:10+00:00,0x28e88a0add5f40602a4dd8ed40f99ee8be776e3f241f51f58fbc6cce1b9abb3b
0xd8da6bf26964af9d7eed9e03e53415d37aa96045,0x1aea089d52d0097273b39fa64358bb30d1c2d29c,0.0,2016-06-17T07:47:25+00:00,0x14e3edbc9a44e3e213693f42c9fc84161f5c9e9e145ceabff2df0f12a41ce268
0xd8da6bf26964af9d7eed9e03e53415d37aa96045,0x5e54804d15456eb9a97dc55a5f36db324e4084a2,0.0,2016-06-17T07:48:27+00:00,0xd96622017e9ae7575142a61d5185c9985ccc7e1f16abc1ffc181bdac9b286720
0xd8da6bf26964af9d7eed9e03e53415d37aa96045,0xa8468ba1355d3023e80a224bd8692d6df6deb827,0.0,2016-06-17T07:50:08+00:00,0xc13a7a0cffda166706971819fa56d613ef7769455825154170daee4e16be99c6
0xd8da6bf26964af9d7eed9e03e53415d37aa96045,0x42a971e858ba231e82c4fd3ff42ec3dc77dc07c1,0.0,2016-06-17T07:51:14+00:00,0x32d20e1417733651eca0b244c2dfeb2fe6471b201ce86dc34479c37ba565fe54
0xd8da6bf26964af9d7eed9e03e53415d37aa96045,0xc59215526edfeee779a9578d2033ed9b97e517fe,0.0,2016-06-17T07:51:41+00:00,0x82d4fa82bf0fea9b835598ef9eb00b842051628ebeda857fe5e35407279469c7
0xd8da6bf26964af9d7eed9e03e53415d37aa96045,0x85f5ed5054ed908a7805e69041103b217cd26151,0.0,2016-06-17T07:52:47+00:00,0x4505524dae8987ffa16eb122b1fd1a885865a14d84fc259a84be53fdcb617b8c
0xd8da6bf26964af9d7eed9e03e53415d37aa96045,0xe3773801753e315d3d961f60c76a22d984dc5f59,0.0,2016-06-17T07:54:10+00:00,0x234d1923f6b41e96b5e3b588c4c7ebcafe85297b86007bef8ee195a53e70ff65
0xd8da6bf26964af9d7eed9e03e53415d37aa96045,0x7eaa901ba5179ae79bd6e05f5992d991ff3c664e,0.0,2016-06-17T07:54:31+00:00,0xbdc8916c646e9f47cb4663f05754933f7523844bfcdfc393efb8b1d62df1dfe8
0xd8da6bf26964af9d7eed9e03e53415d37aa96045,0x94f2598734c47dc6675b0ff028bc9e58c0ee099a,0.0,2016-06-17T07:54:41+00:00,0xeabee8e73de0ccde58430da6dbadec928a491404cfdad755370d94323cfa6a81
0xd8da6bf26964af9d7eed9e03e53415d37aa96045,0xe50bbf3187e39397afac6015978fa10c6552bd9b,0.0,2016-06-17T07:55:17+00:00,0x62cb6d3e3c663bfa2d5a4f9b5d47cf3dddcd7c679fde9448d3dc6cc911428c59
0xd8da6bf26964af9d7eed9e03e53415d37aa96045,0x498470146d51c782f3a5462e86896fb6af5f8ec4,0.0,2016-06-17T07:56:36+00:00,0x5ebfcc76dc5459a85bf0e5ca76d4bf045a71b273c1665a272d27aba09f35b603
0xd8da6bf26964af9d7eed9e03e53415d37aa96045,0x7f923e33c6678e88b791fe243bc408efb0fdbd75,0.0,2016-06-17T07:57:57+00:00,0x4984087fb5490b1cbc8f821a33133b2ce43ce95f8e7c9982a7a49c2f5ecd1d09
0xd8da6bf26964af9d7eed9e03e53415d37aa96045,0x4b5ba181125333d78a5c0529274aaaee54de8654,0.0,2016-06-17T07:59:05+00:00,0x0a6d248ca973794cd377d0716756d011b395da5299cd4ca6ed7615f5eb3f3239
0xd8da6bf26964af9d7eed9e03e53415d37aa96045,0x50226a73733a3d3945d28755d3448eb7ca259cb1,0.0,2016-06-17T07:59:18+00:00,0x141ed6f217b24923a2b6b98417b51e4a81e679aaeaf392bd5e57ab7ade6a562c
0xd8da6bf26964af9d7eed9e03e53415d37aa96045,0x0f4fc69c77dd5e1c1941ff6af4a07b75fb32f049,0.0,2016-06-17T08:04:45+00:00,0x4ff5bcff1fee1c9d0035d553bc3534c6d095b475266e24ca4b9ec8017a5b1b8e
0xd8da6bf26964af9d7eed9e03e53415d37aa96045,0xec740950b40805c5b4e39671da85cdba7b4800fb,0.0,2016-06-17T08:04:45+00:00,0x93d8e36cc554a5f651f3d318af4a3e007f0261a993f8ddde78e3b12bb0611ab1
0xd8da6bf26964af9d7eed9e03e53415d37aa96045,0x694daa3ddd6bf363f4020cc465f26447d77d55e7,0.0,2016-06-17T08:05:25+00:00,0x6e398bdd0659f9b4978d0e27fd2277fdcaa104382978302b17889791474a582e
0xd8da6bf26964af9d7eed9e03e53415d37aa96045,0xd20c6ca9e7ee1a0007a7608bce64d27d209f0ed9,0.0,2016-06-17T08:05:33+00:00,0x272a933c6926591224b1d0b8b2b4c797d9b26082d8565e1a22d2e1a488203701
0xd8da6bf26964af9d7eed9e03e53415d37aa96045,0x963658733e73314b7da4e9a4c002e7e21c7b75c0,0.0,2016-06-17T08:08:15+00:00,0x4765a8a174e201043c038735bdb1f2ff347acfd9c6c6dac20424dbfd984116c9
0xd8da6bf26964af9d7eed9e03e53415d37aa96045,0x2e4d699863a46b65a919408e742373d2ec1013b8,0.0,2016-06-17T08:15:39+00:00,0x0997bd2a74b741ba24131b6bb92226293a6e992f10abcc808e11d1d665f709dc
0xd8da6bf26964af9d7eed9e03e53415d37aa96045,0xf20660a2dcbd7f6a6cae982e602de46457c38697,0.0,2016-06-17T08:16:30+00:00,0x8a439b724f4b3d2ee1c75bac827b3a266db135fedd1fdd8363d2e631a2448ddc
0xd8da6bf26964af9d7eed9e03e53415d37aa96045,0x691732ccad42afabbf94a613dba5c720a87f004e,0.0,2016-06-17T08:16:49+00:00,0xfa0e738d1a2548fd6dab0582da00858a1e891e967254621573ee3cb19f274efa
0xd8da6bf26964af9d7eed9e03e53415d37aa96045,0x7f875fed0cfd3a1f3f52f1daa24624f4f7155b13,0.0,2016-06-17T08:17:05+00:00,0x376b286f2e054f89c60fd848a0a78dd95e1bfe4775609f9dd88dd7ee63aac125
0xd8da6bf26964af9d7eed9e03e53415d37aa96045,0xeb24201718282d2c9942f0d10e56e4f18e6b3537,0.0,2016-06-17T08:20:45+00:00,0x3d34a2e20a10c213bf17eaec981982a7bcb1bee7e5f30f700b0b10d6fe465b51
0xd8da6bf26964af9d7eed9e03e53415d37aa96045,0x985918b0d6d1061950461f1432b1ecd57265ef18,0.0,2016-06-17T08:22:49+00:00,0x4f49e4f7bfbd9c7ae6878005c616fed28180b902852b26383f5dd500dbc9e044
0xd8da6bf26964af9d7eed9e03e53415d37aa96045,0x3879760fceb4fcb62eb234dc1dfcbe6336cae519,0.0,2016-06-17T08:23:14+00:00,0xa3c71f70a56fde8bfecd146df7ec0cc0fd290d03bff4a2a6b795f84f64290c9c
0xd8da6bf26964af9d7eed9e03e53415d37aa96045,0xaf30fe69005e551eeef56153bdb316e57ae26fbb,0.0,2016-06-17T08:24:29+00:00,0x41fdae14c84442bdd6f5d13603e7a56750052fbf35ab00c537b30ae9d179ea9d
0xd8da6bf26964af9d7eed9e03e53415d37aa96045,0x5ac810ae800d2c948abf1a8b7384728825364e03,0.0,2016-06-17T08:27:23+00:00,0x4c5e6f16ca17dea025a8b10e1697dfbaa6f373133975bd6fda833a706dc09e57
0xd8da6bf26964af9d7eed9e03e53415d37aa96045,0x732aeaec72a71c4a210adb39bfa4f8b8b48ed33f,0.0,2016-06-17T08:27:36+00:00,0xab85091bbe838809e6f8515febdc2440e0af09125e485cd2c2b7c2569a3cedcc
0xd8da6bf26964af9d7eed9e03e53415d37aa96045,0xc4073985ac969fcc3791790b6d52c7ee529ce959,0.0,2016-06-17T08:31:16+00:00,0x45f60e4646e2fccade8d360ff3335dabc3bf13182e23fa7bd39b676abdb3b56b
0xd8da6bf26964af9d7eed9e03e53415d37aa96045,0x1aff462888fbf538ef30e4dab81a09ba7ac8f249,0.0,2016-06-17T08:31:35+00:00,0x646e1cad9fbe0b27490c990b1330b9ee8a85b2b1c4350ccde9255c2eb1e66833
0xd8da6bf26964af9d7eed9e03e53415d37aa96045,0xcd238eb2dee045b076a39b48aa0c4294a3b2495a,0.0,2016-06-17T08:32:08+00:00,0x25befe95662765b28c61245cf8e893bdef8dd23b3218ef3a78c26913d5ae4ce2
0xd8da6bf26964af9d7eed9e03e53415d37aa96045,0x18df4a77bd5af82d43783b01656f7853a0ca5ced,0.0,2016-06-17T08:33:36+00:00,0x056e46559188b57e0e9f6889c2b22c1161ed7e8cf451e01c8c7a0e2899f689fe
0xd8da6bf26964af9d7eed9e03e53415d37aa96045,0xfe4a9f36a833cd7fbf8ea92cff3872326e3572fe,0.0,2016-06-17T08:36:19+00:00,0x52062e5b4a09f7a6d9b475d62792eddfbb561475e18d248f03f1309a268a85ff
0xd8da6bf26964af9d7eed9e03e53415d37aa96045,0x21a9a1bfbc587725c74d8ab24d300f618f4c39e1,0.0,2016-06-17T08:36:34+00:00,0xd51aefd440ebb473a8c60524a8465946400f9093029b77d37c0fe27126f3f2d0
0xd8da6bf26964af9d7eed9e03e53415d37aa96045,0x76462d8f6c3d109704fc56e7465b88cfd9ebf0d0,0.0,2016-06-17T08:36:43+00:00,0xc0be28b728d54d237122cbce56a6a644f7f5c5b77c64b4bc93f252daef3cb632
0xd8da6bf26964af9d7eed9e03e53415d37aa96045,0xcadeb675bd497f519e228b5505388b5e19e0f5ce,0.0,2016-06-17T08:37:18+00:00,0x81e8dd5c3119076fcefdc4df121f45d423772c7d652926b07caae7253992650b
0xd8da6bf26964af9d7eed9e03e53415d37aa96045,0xbd4f3b9a0828b183e1873bbd93dcf7251b55a4f7,0.0,2016-06-17T08:37:49+00:00,0xc60bd1bc92aab534dcd72186b08fea07f4e42c341357ace5c2d7cb260d38ee74
0xd8da6bf26964af9d7eed9e03e53415d37aa96045,0x190ddbf512484a7879e204e9116573ef70c1ba76,0.0,2016-06-17T08:38:38+00:00,0xfae3f248cdadb1a55bccfcd4ca7e5cf3e4b3a48b7151855224bffae08eec3f6e
0xd8da6bf26964af9d7eed9e03e53415d37aa96045,0x5444196572d8ddbf0475d796131a530840c19297,0.0,2016-06-17T08:38:45+00:00,0xd83733fbc731e219a7a4f0f73e07e13a2cd913c3814453cc3bb94c09e9344c84
0xd8da6bf26964af9d7eed9e03e53415d37aa96045,0xb5b4c852c4f7f7360db3c972d56c8edbff99550d,0.0,2016-06-17T08:39:49+00:00,0x27108083dbe5ab4ba07bd9a79d37ea86b00e67286ba7f9e9f41b9eb807183377
0xd8da6bf26964af9d7eed9e03e53415d37aa96045,0xeb3d8b4c8297bc31f50427c49dfe73e978785667,0.0,2016-06-17T08:40:19+00:00,0xe87950ee780e53930f456e768179944c6ec88af1dde3857f490a8b2953da5b55
0xd8da6bf26964af9d7eed9e03e53415d37aa96045,0x8947e19c7b3ff877d388cb5e49b7d74dd359d2d2,0.0,2016-06-17T08:40:33+00:00,0x385e64c810aa962840a0fbcd9ec7b63129a6a16079e16cf4147b6d817a348451
0xd8da6bf26964af9d7eed9e03e53415d37aa96045,0x76c1350c8d87be306153ad68319bdb9bf33b6c6c,0.0,2016-06-17T08:40:45+00:00,0xc43ec1ffb844f54a3d3eff153a918af6c2c3a70a722d42656e7b4a8a91116d98
0xd8da6bf26964af9d7eed9e03e53415d37aa96045,0x1dc6792acf428064340055d38ebe1ee86c0a03bf,0.0,2016-06-17T08:41:14+00:00,0x4d768e5287f5c13ad76076518e153e5d0fbe9a4820b32c4adff929da3aac77fd
0xd8da6bf26964af9d7eed9e03e53415d37aa96045,0xe839c610c1286ebe0e4b5c9374edaf305d318a8b,0.0,2016-06-17T08:41:30+00:00,0xa26b0cf8ece88b978b845f69f3f7c9d259d61f83013bca3da4c861628ef115a2
0xd8da6bf26964af9d7eed9e03e53415d37aa96045,0xc90ba2aaefa047c619c8aa3a92a3559ed499812d,0.0,2016-06-17T08:41:40+00:00,0x123c00fa7818a31dee4e8c38b0619cce5181629c049ecf8d97e81ac9d890ddf5
0xd8da6bf26964af9d7eed9e03e53415d37aa96045,0xe6883bcb1b1355ca132d4df98bb8b13f4a798222,0.0,2016-06-17T08:41:46+00:00,0x87b9087d1b77531f5e8225d0c80232a8ff5af5fb3ca90c7f427f3634ac68b517
0xd8da6bf26964af9d7eed9e03e53415d37aa96045,0x0c9ea0967c33909601a19b5be3164db040a7477f,0.0,2016-06-17T08:42:02+00:00,0xc1f72fec162423aa5ee296fb678cb09b8e1f51a4b5e8e893180856c7d067da9b
0xd8da6bf26964af9d7eed9e03e53415d37aa96045,0x31d5369d90764304a76933dcbe7b0a01debdcb5c,0.0,2016-06-17T08:42:38+00:00,0xd658e5e648c4e3723e939bb4d5a644ecea6fb62cb2204b3d21430afce877423d
0xd8da6bf26964af9d7eed9e03e53415d37aa96045,0x8dead4d38a9cfa7fdb07b89623e5d14144138649,0.0,2016-06-17T08:45:25+00:00,0x8d51eaa589539a84df762efb40ee5a32738d1c8b12806c5a97604932daa07e49
0xd8da6bf26964af9d7eed9e03e53415d37aa96045,0x65163393f3fe9ecc150b0bf6f3ee05f19e47628b,0.0,2016-06-17T08:45:25+00:00,0x8aacdbeecfc715032fde96a93f554f69baea87957abf17c792f375cb33e52d3c
0xd8da6bf26964af9d7eed9e03e53415d37aa96045,0x05f4c4ce8dbb059ea37ae8ed31d502df7ab557ff,0.0,2016-06-17T08:46:19+00:00,0xc287c5ccbda7891cef39050cb5f842c7203e78b4232bcb2aa04669510f756e94
0xd8da6bf26964af9d7eed9e03e53415d37aa96045,0x75d31118a004ac43079d75061542d055288a7fd3,0.0,2016-06-17T08:46:23+00:00,0x017fd4e220dca3ec7946136ab11d2a4206b2baea1852515245012e6791140bdd
0xd8da6bf26964af9d7eed9e03e53415d37aa96045,0x018e46516e1c9f0fe6f1c965582f04097bc2ca6c,0.0,2016-06-17T08:47:20+00:00,0x54ea6eb0d0bfb36aee1207dfa8012ca1ab6e643c14be42db250f6c75ee857ae6
0xd8da6bf26964af9d7eed9e03e53415d37aa96045,0x0302cbe8ca053249f0cb04091e06798fa11de2fb,0.0,2016-06-17T08:47:34+00:00,0x5b50d465cfb815af5fed535318c8882a81b21173310a3405049e06f64bbfaaf4
0xd8da6bf26964af9d7eed9e03e53415d37aa96045,0xcc23d5aca7f52326a20f99caa1aab8a1096b482b,0.0,2016-06-17T08:48:01+00:00,0xb01e5b809f6bc4e6eb59421d727b81cda72a66abf2ebeee599649e79d8074984
0xd8da6bf26964af9d7eed9e03e53415d37aa96045,0xd67babd5bccb0c7487fab4b868651a6957a661c2,0.0,2016-06-17T08:48:09+00:00,0x58d6faef366108bc36f7fcc0bd31417c3710efae05bf1f30960d9956893b304d
0xd8da6bf26964af9d7eed9e03e53415d37aa96045,0x159cfa8c3bcbd6e027ca269ab89c8dde7debfcd0,0.0,2016-06-17T08:48:09+00:00,0x97aa2c07426f9f96294c53d869f35cb84345d21d5c108439eeb3a5c2de5202c5
0xd8da6bf26964af9d7eed9e03e53415d37aa96045,0xdf1ce1377a47181e7c1b696ff264ffc726ed9284,0.0,2016-06-17T08:48:52+00:00,0x6d5340e5fb1230321b28278a798aa9fa0ba5af0cb874109bd96f8b898fceda15
0xd8da6bf26964af9d7eed9e03e53415d37aa96045,0xf962935bb8001e7bdf8c9fe52f500e7c8fceb8c0,0.0,2016-06-17T08:50:06+00:00,0x905c7f5f93075295b9b5180aa23720d53388ee228494d3baad81035df03bd87f
0xd8da6bf26964af9d7eed9e03e53415d37aa96045,0x0fa5ed83114d0c2fd38a9a36d35501bb2d78eccd,0.0,2016-06-17T08:50:17+00:00,0x43188bfb33bc67795320fb751e963dd075db8b3f92c174e245fa78a5938f65db
0xd8da6bf26964af9d7eed9e03e53415d37aa96045,0x4773d4e5647ece557515d63b0c85f1979a7bd850,0.0,2016-06-17T08:51:20+00:00,0xb4ec1a317bc9dad858ca350bdfa2528dc4107450b3f332496b734d42d301a6ed
0xd8da6bf26964af9d7eed9e03e53415d37aa96045,0x81e6d8e418c56883cacdd6ac40a606971dbc6ad7,0.0,2016-06-17T08:52:07+00:00,0xd9cf040f18248a4c67fd99f0e05333770e18a79c4860dc0279c5a6a92a557cfb
0xd8da6bf26964af9d7eed9e03e53415d37aa96045,0xae375491e81ffac8c96fac59580b9af7c79eecad,0.0,2016-06-17T08:53:51+00:00,0x348d5a9f083ff401d9145549073e2b51a532d3a1bb63cbcfbff8710721f82738
0xd8da6bf26964af9d7eed9e03e53415d37aa96045,0xa87cf00ccc2d4c44c169c3e64500739907fafba7,0.0,2016-06-17T08:54:06+00:00,0x39f79a99b4cb09670f4ae1f6df0a357f2e199b1293a0b08b60de5bd386899793
0xd8da6bf26964af9d7eed9e03e53415d37aa96045,0x8e739fa441de2460df86a325eca7b6b7d8b7f2dc,0.0,2016-06-17T08:54:44+00:00,0xf92de8fceb6412dd538e60e98eb1e5cf9d573d1d324d13d76d7f64b32711f75e
0xd8da6bf26964af9d7eed9e03e53415d37aa96045,0x44f087d5f2c18bdcd83cbbc32fe31c046aa14610,0.0,2016-06-17T08:55:04+00:00,0x129358f34b9d927850b249d1404a90efaffabd9e620f78eb99b8f005a1e390c0
0xd8da6bf26964af9d7eed9e03e53415d37aa96045,0x76a4f38e6e784554d5739717ca97d74f93c6338e,0.0,2016-06-17T08:55:14+00:00,0x96c31cb81b2f9f31e4614daebbf254e63aa416ed233aa1b71a139041fba7877a
0xd8da6bf26964af9d7eed9e03e53415d37aa96045,0x740d8576913576186c298b21a6003b2d34321aae,0.0,2016-06-17T08:55:48+00:00,0x6d866a23373265891f3b42738aa39f1bc725c8b3a984ef3f50f23916c37802fe
0xd8da6bf26964af9d7eed9e03e53415d37aa96045,0x615f29457a06db67ebba1a7e5140365f2da0a5c3,0.0,2016-06-17T08:55:56+00:00,0xa54c03212252c18fe823ba28f1abbac3998fb36d0e98e89ad3b9f54e5b21793a
0xd8da6bf26964af9d7eed9e03e53415d37aa96045,0x345a28e82aaa2122a2e86e67133272496087c78a,0.0,2016-06-17T08:57:36+00:00,0xea2dfdb69bf911f3de337b8ae72a9e7cef939c04b1d9acf77e0c98ef5412abd7
0xd8da6bf26964af9d7eed9e03e53415d37aa96045,0xb9750872f695453a25878b742eb246cf4bf64a28,0.0,2016-06-17T08:57:50+00:00,0xbbc7d4a027b1facda264940b2403e0bd18f93d4bdc9abdf48d822715700af709
0xd8da6bf26964af9d7eed9e03e53415d37aa96045,0xd3893c4da41998cb8720e65799ee99054fb3f6ef,0.0,2016-06-17T08:58:37+00:00,0x46edfaa3a46eed3152b6cd4d178611ebb8016e9cdfe5a71dce01493f3d4d9b0c
0xd8da6bf26964af9d7eed9e03e53415d37aa96045,0xa6f9d25c322015b5e7c78e8f24735e1b54b303d3,0.0,2016-06-17T08:59:00+00:00,0x1f7421e9234769549954b4f7aaa0e4db8d7d363186f73d7d67d2efbee78941ce
0xd8da6bf26964af9d7eed9e03e53415d37aa96045,0x48a5a32912ced18482d1845ff8e8c5cd7310c8c1,0.0,2016-06-17T08:59:19+00:00,0x2a88d0ada2d8f1076390e430be1ec6c1a88b3619348dd9e25d675202f19c8826
0xd8da6bf26964af9d7eed9e03e53415d37aa96045,0x315660697f31a9d386a06c50b8bbabb1a4d00ff1,0.0,2016-06-17T09:00:18+00:00,0x926f5febdda960abe47f9c25d04738cedc0f251c0fc1f49abde3ebb0e012d25b
0xd8da6bf26964af9d7eed9e03e53415d37aa96045,0x2dd30c130b3e3e1c15ae0dd4c8aba6b26c315ea4,0.0,2016-06-17T09:00:30+00:00,0xf5994905584242daccd37ac9501641ee8ad034922bd9f94951e11356f1ed1d89
0xd8da6bf26964af9d7eed9e03e53415d37aa96045,0x7b1c4cdacfe498af6e0102a9e28cc3196346e253,0.0,2016-06-17T09:00:56+00:00,0xab0d4d6b67da9711a7e0084f9ee6c221a28b84e315f000db3e862b8ac8556571
0xd8da6bf26964af9d7eed9e03e53415d37aa96045,0x79b3656f88ab4d68cee66cd305b15aea1115331d,0.0,2016-06-17T09:01:35+00:00,0x3a2dd336f4662265a4515256ecf1282e9a634ffffbfd5b9ce615df39dd9e64fb
0xd8da6bf26964af9d7eed9e03e53415d37aa96045,0xe674cd715672fc5c7dfc1d317368ef4ed2cc84a2,0.0,2016-06-17T09:01:43+00:00,0x9ad3264ed2a2f42aa7636bf5a2336ce8fa580cb108188048c8db80361ed41278
0xd8da6bf26964af9d7eed9e03e53415d37aa96045,0x602f9269b9ca2bdaf004a7a2e0f0f2adc96df04a,0.0,2016-06-17T09:02:11+00:00,0xca5eaa34a77eeee47d31f95f4a7c1b4ad4fe80ef465be73149e5f83069801f31
0xd8da6bf26964af9d7eed9e03e53415d37aa96045,0x396429c6a610bbc4fd465036db7db6c69102cc17,0.0,2016-06-17T09:02:19+00:00,0xd0a60f1f39b8222399447f1c918f6f4cfdee521cddfe602397bfd23915529ca5
0xd8da6bf26964af9d7eed9e03e53415d37aa96045,0x97b790a9837346cc89380ded5534108497f9da74,0.0,2016-06-17T09:03:03+00:00,0x0d0bfe3d16fb44533691765a2da19518955627bd22e709938e2ca414ab2d90d9
0xd8da6bf26964af9d7eed9e03e53415d37aa96045,0x7cd4cd8be36caefb9a926dbf6cfe8189c0bec3f1,0.0,2016-06-17T09:03:18+00:00,0x2baf0d5639929460580c0d273f5b40a729c77cc5960bc7a04e1bed181e098c13
0xd8da6bf26964af9d7eed9e03e53415d37aa96045,0xac0dd79d0cf9db7acc49cc8a86860444f2c65a58,0.0,2016-06-17T09:03:58+00:00,0x43a07bfb575968df7cdf9b8a4c978baa6bc15627d2599c5ce214a0825a048deb
0xd8da6bf26964af9d7eed9e03e53415d37aa96045,0x9549843f597647615e6705e8c930a3334111335b,0.0,2016-06-17T09:04:11+00:00,0x72745665a6927782d7e115c0825a2e5bedd805cbc0e195c60072c53cd9d04ae6
0xd8da6bf26964af9d7eed9e03e53415d37aa96045,0x57267ab89507835acc1ba13afb0bfb5f9b495c47,0.0,2016-06-17T09:04:31+00:00,0xf5cbdf26e9e6ee9628c8e431d2dfc79816db3be0aa92608ab9169417fe62bdec
0xd8da6bf26964af9d7eed9e03e53415d37aa96045,0xf7da1e8e28d20c4f71c8c7b6ef427589f9d797cd,0.0,2016-06-17T09:05:26+00:00,0x87c9ca18611e1afee958b5462978c4a65f987d279a9a1ba536ff1ab32fd53796
0xd8da6bf26964af9d7eed9e03e53415d37aa96045,0x53329cfdcec4235db7beb86e87c8198dae6eda72,0.0,2016-06-17T09:05:26+00:00,0x9c0d6265a31ab4030e28a2d3229d3c9771c1ce8a5fbe831b44f82b0b66d4c1b5
0xd8da6bf26964af9d7eed9e03e53415d37aa96045,0xe92aa35aaf25c840511f54524d599ac1d9eff495,0.0,2016-06-17T09:07:17+00:00,0x84634d6ee61362f08b1366aeaf2da5e94fa9eb2305728326144f3f6fcc80d64d
0xd8da6bf26964af9d7eed9e03e53415d37aa96045,0x0ed47dc9b774718877d168a254d6d459722d211f,0.0,2016-06-17T09:07:59+00:00,0x5b68e501b5d065a0615abc7056b46f6cf8e46762f2351c9caef380a5ad5765aa
0xd8da6bf26964af9d7eed9e03e53415d37aa96045,0xd1573fe0f21ec642d126995b1df78b19714ce2a1,0.0,2016-06-17T09:08:13+00:00,0x728fe7c2f920ecef74b9fd13315d9a06636a25b4b3c75870336463a16069c5e1
0xd8da6bf26964af9d7eed9e03e53415d37aa96045,0x2688f53e89b2443b0f2b7e6ee103da09a442d282,0.0,2016-06-17T09:09:49+00:00,0x47519afa9f38eeb60f725b86bf042ede5057094b251943ca559b4d91af8ee638
0xd8da6bf26964af9d7eed9e03e53415d37aa96045,0x625bad4d807738cb6eee2541a24ec71dc1e36e62,0.0,2016-06-17T09:10:40+00:00,0x9a2c9f9a64a4013766be30d61621e596e0e7ce968087525df28917b58a14f92f
0xd8da6bf26964af9d7eed9e03e53415d37aa96045,0xc5f0633a92c65b299637e43b4b6661cd26127318,0.0,2016-06-17T09:11:05+00:00,0xc1b382040319951b484d56703c4b8f3718f265afb7c0ce8e26302d7580c5fa7d
0xd8da6bf26964af9d7eed9e03e53415d37aa96045,0x8c529f7c72480b9e9ce81fba0ed46effcdebcba2,0.0,2016-06-17T09:11:19+00:00,0x5bf9d340c76476b5a6ef637f782aecdaaab07043176d44596234a4005105d6d1
0xd8da6bf26964af9d7eed9e03e53415d37aa96045,0x3d5badc4b5b2e86e72e35b7bd5b8e1c448aaca47,0.0,2016-06-17T09:11:33+00:00,0xc72619fa93b0e32eeb2dccb40f70ee2a97c6ea4099e3a958b36f96853924f422
0xd8da6bf26964af9d7eed9e03e53415d37aa96045,0xa5b1ba5e65af069ea941d7aaed9da539a903dcbb,0.0,2016-06-17T09:12:48+00:00,0x5bce107ef656e3884103335e4424881a83b920b9dcb3e731a56f7d29d1140aa4
0xd8da6bf26964af9d7eed9e03e53415d37aa96045,0x9363c9ff9ec654016e52a9c5103d5362bd0a317a,0.0,2016-06-17T09:13:18+00:00,0x3d57a19afa63c16fb4338fd5247b55fe0fc79c78bc617d1cedc9326547261889
0xd8da6bf26964af9d7eed9e03e53415d37aa96045,0xe79d73f6628fd223bf9e31a3e8ceefd3228ccf38,0.0,2016-06-17T09:13:25+00:00,0xe777874a787574dbe86b1955b1f3d7033085e78e361934eb8c96e76f21ff249c
0xd8da6bf26964af9d7eed9e03e53415d37aa96045,0x9e3fddff608c399fc0b0c314460af78544ff1c37,0.0,2016-06-17T09:14:22+00:00,0x6f775388b7beda873ad230cd156f8219389f3c2ea829f75bf832e57d94b207af
0xd8da6bf26964af9d7eed9e03e53415d37aa96045,0xbc1af340ff8b80724c3cf6d1f73b837754d3c579,0.0,2016-06-17T09:14:31+00:00,0x4c77800d5053bf281c3443078f9acee24830a18de08e0ac98c3f4b76a6618f2c
0xd8da6bf26964af9d7eed9e03e53415d37aa96045,0xd20db5d07618e361406dfcf7387bf18ccb4a6293,0.0,2016-06-17T09:14:38+00:00,0x632d13e6619d3f4901a08c51ec81c43cc91f752453f1a6ded0a57de7689c5e52
0xd8da6bf26964af9d7eed9e03e53415d37aa96045,0xc3b14f588489a11072cc57cc08289afcfcf22f81,0.0,2016-06-17T09:15:27+00:00,0xcb876b379493085b3eaef6147a956dcee5de4d964c5045d54d6fc2e7a35896f2
0xd8da6bf26964af9d7eed9e03e53415d37aa96045,0xb98589e3c4f130d2f518b541ab1e1da128f33c76,0.0,2016-06-17T09:15:51+00:00,0x39c5ec87052aa2b3382b6410583bf2613286497f83174ecee97f5c60a7ef3362
0xd8da6bf26964af9d7eed9e03e53415d37aa96045,0x838785a244453f44733420785a1b326fc1604938,0.0,2016-06-17T09:15:51+00:00,0x93a4fd8a19fa4d6e9ca087d83f4f106aa89a79646e23809c78edf7727ca1eb21
0xd8da6bf26964af9d7eed9e03e53415d37aa96045,0xb63bdb85fe9442104461fbd79c9a1e6c16a87424,0.0,2016-06-17T09:16:07+00:00,0x64f1b750f385e54d33dac69fc0e2c30ff449c336fa3eb7210bb1dd71eadc00b8
0xd8da6bf26964af9d7eed9e03e53415d37aa96045,0x36d468d8680fe9e765d72058039b66836ce366ac,0.0,2016-06-17T09:16:17+00:00,0xea8bfd8ec918fe9804a749bae8bc45827a7a1c90bebde7e700bcc5b8c99d66c9
0xd8da6bf26964af9d7eed9e03e53415d37aa96045,0x95c10be05df135a44d2108c130441545ebe50f0d,0.0,2016-06-17T09:18:19+00:00,0x6adfcc92dd92a3d81655965666ef5918c0af61a7133f46843f4f22e57adec224
0xd8da6bf26964af9d7eed9e03e53415d37aa96045,0x18da3ed5a63f7648b2d6c28e9a4ff11c39abb952,0.0,2016-06-17T09:19:04+00:00,0xb00fb198b1bbd665dee1fe9afece39dc18337b6d16ea02520698ac40bdee5f20
0xd8da6bf26964af9d7eed9e03e53415d37aa96045,0x342e3c7f861b0f51691a7eeb6b383c86998a331d,0.0,2016-06-17T09:19:17+00:00,0x5c40300da8382be078274004b691f98417d476659ef8153d95385b5ea6255c4d
0xd8da6bf26964af9d7eed9e03e53415d37aa96045,0x5695c7b9a2a35279351176dc59c0a45bedd938d5,0.0,2016-06-17T09:19:17+00:00,0xc8c3acd9faa25116f8ed9cf5e31364d2cb4d8f69a4fb926501fce7d52ee694ea
0xd8da6bf26964af9d7eed9e03e53415d37aa96045,0xd08d7b4781a3f5c416bdab9ac9412f1dc1de424d,0.0,2016-06-17T09:19:24+00:00,0x06aeb6cfb53f5f89aa641a294e2a61c69f8cf69b59a1d049cca9a63e85931c15
0xd8da6bf26964af9d7eed9e03e53415d37aa96045,0x8c71b51aa1a04c9b481ff65140d2ae873b678c98,0.0,2016-06-17T09:19:32+00:00,0x7ef425ca1653082794d55b550131b92de688f65f70d5a8be283a2bb26a1f4f7c
0xd8da6bf26964af9d7eed9e03e53415d37aa96045,0xcc61e6e4d2327190d97894c0878c926a419a4f3c,0.0,2016-06-17T09:19:35+00:00,0xa848b928fa6a53f2b1e1ed6b50e1eab1ec2274bc1e3773756641ec5f62114111
0xd8da6bf26964af9d7eed9e03e53415d37aa96045,0xfe7b48895c6952a30eaab938767c24c4f9e0565c,0.0,2016-06-17T09:19:49+00:00,0xbf4e19f65ff6461b3147a256c8cf21d987fbd81aeabfa43fc52efa1841f6e6c0
0xd8da6bf26964af9d7eed9e03e53415d37aa96045,0x44068eaf8b5240b53a4264907670a7314e7ac02a,0.0,2016-06-17T09:21:30+00:00,0x4d9fb9b3c368359de6cd410f020bc4e740b4116a983ca9f7da188ab3909d95bd
0xd8da6bf26964af9d7eed9e03e53415d37aa96045,0x20b439ae00d0005763f87d95d11e73aa65151278,0.0,2016-06-17T09:21:34+00:00,0x1b5db3c636a0bb7c81f6f9ad1f8eaa124ec97d861a018095a508f07300a23083
0xd8da6bf26964af9d7eed9e03e53415d37aa96045,0x97103d18933790ee04b833db7181f81d535ed7b6,0.0,2016-06-17T09:21:55+00:00,0xa3d00376e8cfc83a64d18644efe68951cfb42d828828f06128f1f321354727fd
0xd8da6bf26964af9d7eed9e03e53415d37aa96045,0xdd01c9f07699aadd03d085271eae722c443cc9d6,0.0,2016-06-17T09:22:18+00:00,0xd0a2d8eee8938c94f876a382224c0f8c0ad1424c209e2d132ccdec5b08839a94
0xd8da6bf26964af9d7eed9e03e53415d37aa96045,0xda78530b88029fdfced0b5064330b7672b9ebf66,0.0,2016-06-17T09:22:18+00:00,0xa0f1797a2151e2a7abf89d191c17492bef47b5bb8d134e915cd9c18a45a1a263
0xd8da6bf26964af9d7eed9e03e53415d37aa96045,0xb7cc447f443013f07809afc6ee83d58ffc2517a2,0.0,2016-06-17T09:22:45+00:00,0xd6ca9add44f8bc81b61a1d68f965a80984c184bf51badf73b28235e05a2902f1
0xd8da6bf26964af9d7eed9e03e53415d37aa96045,0xe5623cde341474094ff7879e2a28c62cdd5d6d88,0.0,2016-06-17T09:22:55+00:00,0x65d44db618c68bb4632d296b32845c5ace2af6a77f7b1d46f9973690a653f0d4
0xd8da6bf26964af9d7eed9e03e53415d37aa96045,0x23fdbedb56f0b9bffc291ad1001a124f67e314a8,0.0,2016-06-17T09:22:55+00:00,0x2760875cb943d61071d479f13d0c2e3b61c532662b57cc2e4b991a80983d9629
0xd8da6bf26964af9d7eed9e03e53415d37aa96045,0xfdc887136817da5bfa029ac672ec6b4a48d5627a,0.0,2016-06-17T09:23:02+00:00,0x7b6a0aa76b24f161db235ab7f223b4f23d0227fb0630e767c76d379edc216dec
0xd8da6bf26964af9d7eed9e03e53415d37aa96045,0x7ef83b43381712c22616a3eda5b57ccabbfea455,0.0,2016-06-17T09:23:02+00:00,0x7766ba73c43abe8a5aad8b3e3cc271f8d67dcd56e2796f35ed7e13746a45f4ec
0xd8da6bf26964af9d7eed9e03e53415d37aa96045,0x2449cfa55a19c65a5194df8dfa6388f4942a30bb,0.0,2016-06-17T09:23:28+00:00,0x7d8716d18aad409c5b391aa799dff66ae0e8233069d1ebdbaa9d04fd0385c515
0xd8da6bf26964af9d7eed9e03e53415d37aa96045,0xc0da3b8e1095a7a43b390dd2800c23619ce4c195,0.0,2016-06-17T09:23:28+00:00,0xd558e1e63f28f8d4db85dc6a6ea0dad798cae51f1aeff719bd9ccd4c4a51e2b9
0xd8da6bf26964af9d7eed9e03e53415d37aa96045,0x2f4186de25b8b5c937915d1b389238a382502d23,0.0,2016-06-17T09:23:39+00:00,0x44ed823aca6d5b8efbca456172deda33dc3b687fe2e95bbb255e0970d69a6f6d
0xd8da6bf26964af9d7eed9e03e53415d37aa96045,0x9f472facc327681058af3ae90018ce875b24d05b,0.0,2016-06-17T09:23:39+00:00,0x7e702065962c8524d0a48a9eece57190247ed9545ad06a7a986ff0e1824f9ac1
0xd8da6bf26964af9d7eed9e03e53415d37aa96045,0xabaa810484e78087dc97a8a4f1b09b967d6c34db,0.0,2016-06-17T09:23:51+00:00,0x34cb6a607006c95423113e9580970ec0bba121ee8673146be9edf12f82af4a04
0xd8da6bf26964af9d7eed9e03e53415d37aa96045,0xdfe86c4de283d71b0130f848758e47dd601286ff,0.0,2016-06-17T09:23:51+00:00,0xd397176cdab2c6f96ce17d63f1f002debf2d8c48a8647c2e1e0a0056d36718b6
0xd8da6bf26964af9d7eed9e03e53415d37aa96045,0x699a5496c710b86f367ca44f084da7ba65b80453,0.0,2016-06-17T09:24:03+00:00,0x720b7c4a6f57a43622e1a50e2d105a85c9daebaf33af53f697c15799b2bc4757
0xd8da6bf26964af9d7eed9e03e53415d37aa96045,0x68b857b876f8d03c5f959f0734891b14ed4f9cb8,0.0,2016-06-17T09:24:03+00:00,0xcd69e6269e90dc0dc56b336eecf5a1b67fe0f1bb3815d87dc79c33993b66866a
0xd8da6bf26964af9d7eed9e03e53415d37aa96045,0xc0c52a18817e4f7381e9439c22c99e33c298ec43,0.0,2016-06-17T09:24:11+00:00,0x07efd6d647614dfc1b4d1704e6388c8354e49cbc58fe3c733d40cd6566d0cb29
0xd8da6bf26964af9d7eed9e03e53415d37aa96045,0x8ddf68fddbae7ee51f7aebdcf750cc36db2e4a2b,0.0,2016-06-17T09:24:11+00:00,0x7f0362c1a6d27768f85d4ba33dee0b0106ede1023d87b52657f083ff2b8a2d69
0xd8da6bf26964af9d7eed9e03e53415d37aa96045,0x72d4db79a4a433ae57b69a7ab92657b14e586275,0.0,2016-06-17T09:24:44+00:00,0xa1bcc785ec4a5ae1a5efd2d1ba5a4685dec103648be41eb7a80e37e9636dd1a6
0xd8da6bf26964af9d7eed9e03e53415d37aa96045,0x84a07aa4e5d64f51f880e06dcf37cae03316758a,0.0,2016-06-17T09:24:44+00:00,0x6936318956b1b6955e394983657a60202f9baf53f15e3116d2695adf92e78210
0xd8da6bf26964af9d7eed9e03e53415d37aa96045,0x42bc516d598b9f4cd474d1978f3723bd822c5259,0.0,2016-06-17T09:25:29+00:00,0x54c8864f26740647e7d34af2aefd9ba0ee6bb5b85a55641b815db79288b8f239
0xd8da6bf26964af9d7eed9e03e53415d37aa96045,0x32cfc15cc8975141e37e1b3329a8246cf8c830d8,0.0,2016-06-17T09:25:29+00:00,0xf1fa62eb9405254559c56ef2fdc5b8569d40bbc67e64bdada3af80e8cb7ad6a8
0xd8da6bf26964af9d7eed9e03e53415d37aa96045,0x36bc69ecbdab404d15ec5098663aa5933f3d156a,0.0,2016-06-17T09:25:35+00:00,0x26bdbb0d3e1bbdf205af74d37a252676d75c9c4f9ff6df38224cc4d0018b1d10
0xd8da6bf26964af9d7eed9e03e53415d37aa96045,0x985d1425b206837c98898ebde657c5fa4918878c,0.0,2016-06-17T09:25:35+00:00,0xbccb23c8b23a9697520be2ab89592793ea21864c727986f0924bd98abdc0b984
0xd8da6bf26964af9d7eed9e03e53415d37aa96045,0x6e02251cd2e422f08d0c637a1f5a6e7e859b12b8,0.0,2016-06-17T09:25:55+00:00,0xd25efc2ca6acbc961317c88be91aca9e3c383922e1376ccc1a7ef53a6c7b3630
0xd8da6bf26964af9d7eed9e03e53415d37aa96045,0x2e3409df6162a2b6a942da26eed7b86366d428c0,0.0,2016-06-17T09:25:55+00:00,0xdd02098690527e3bdc68f34710d7737eb71cd2c03c283ff343066664c4daf91d
0xd8da6bf26964af9d7eed9e03e53415d37aa96045,0x879718b28b020babc31b9bd7b96216c8470036d8,0.0,2016-06-17T09:26:18+00:00,0x3a76c821c8d423ef734a8a35089cf64d6de96631f46e8edaa5709502462eeca2
0xd8da6bf26964af9d7eed9e03e53415d37aa96045,0x34f7271101e00d9cdc8c9150642d016e341f14b3,0.0,2016-06-17T09:26:34+00:00,0x4fbaf5e3ea98910774b0adb7b938b4866f52a808a3a32decded7410eefdc7a6c
0xd8da6bf26964af9d7eed9e03e53415d37aa96045,0x5a2368fefb65c6c3e8e51d77797878d5c220c327,0.0,2016-06-17T09:26:34+00:00,0xe86324e3a2b3b8af6f0d0d57e35fc5ca5ccef86740db1db3b4886d92cd3cfe1f
0xd8da6bf26964af9d7eed9e03e53415d37aa96045,0x0cc93b92b6765831f0421c18b9d4033e4c60998e,0.0,2016-06-17T09:28:06+00:00,0xd13c72a631ff30e94c0269fed7e6eeb37ea1a070d652d92e55fd4d3633bbbd61
0xd8da6bf26964af9d7eed9e03e53415d37aa96045,0x68a42980118511a70da13b03fe805ea7d243ff54,0.0,2016-06-17T09:28:24+00:00,0x022dce2b933ddc86288a830695b163fc4dbf7e38e78118559637dc3ce986ff9b
0xd8da6bf26964af9d7eed9e03e53415d37aa96045,0x12af8114e59910b89c3a06407f72de550c0bd499,0.0,2016-06-17T09:28:24+00:00,0xbb77f0842116ebea1a673fb6ad8e5250629829e3a56d306ffa084da60ff1258c
0xd8da6bf26964af9d7eed9e03e53415d37aa96045,0x3a4a5bee228e06aa90a5585c1f7cb2471fe0f105,0.0,2016-06-17T09:28:49+00:00,0x781e677331f4551fad4243aeeabdbb2cd20a31522ea46e32ea66f261dd3c5116
0xd8da6bf26964af9d7eed9e03e53415d37aa96045,0x28e9aa29a4c4ba255f73d18d1647aeeef1727b7d,0.0,2016-06-17T09:29:43+00:00,0x480f8eb681789591642d8de9ed3c3362148c2e41df4009dcf1cd139d8ece84b7
0xd8da6bf26964af9d7eed9e03e53415d37aa96045,0x4d5b39c1d622a495e22c96525db4d55153255c06,0.0,2016-06-17T09:30:00+00:00,0x85cc3daccce86393ea1237be2f8360f1b6f6aa52222b1b543ce39d1c00b24d65
0xd8da6bf26964af9d7eed9e03e53415d37aa96045,0xd83573cd9815726dbb6257a18f7ceb9e927fbc73,0.0,2016-06-17T09:30:00+00:00,0x3c5a6686b805a225bea04e0ebb4d4e06ff1661b99a6390a6ec33160174588252
0xd8da6bf26964af9d7eed9e03e53415d37aa96045,0xd27baeddd96f3cda50ba4251b33e10d9987eca4f,0.0,2016-06-17T09:30:19+00:00,0x4c1a0cac74a79c2d77c52c651f4417ea79a20a0ac258aa9e967b72f87be7b793
0xd8da6bf26964af9d7eed9e03e53415d37aa96045,0xcced9b9039ea1f6b89d8b8c7ab5d4abf38e16b1e,0.0,2016-06-17T09:30:19+00:00,0x5c5b60cc8c5c6bf03a7abff231f547973180a4831591ff7bbfaeafcc931fa8d2
0xd8da6bf26964af9d7eed9e03e53415d37aa96045,0xbdfb0266e9cf55333e271b213704230fb3984df9,0.0,2016-06-17T09:31:00+00:00,0x4ba81a5501a4348cb7b16b77c4634fb1cd171ab3a3fd46c46ede870414c7c0b9
0xd8da6bf26964af9d7eed9e03e53415d37aa96045,0xdaa7a949c6f3c8b42f14ea9a1c0477225884d766,0.0,2016-06-17T09:31:13+00:00,0x733c0177ecae676c94c2a1178c62e3bf327459eca00c90fe5a37710cd302a951
0xd8da6bf26964af9d7eed9e03e53415d37aa96045,0x34ab70bb4ea8f230a2f7e54c30d8030f0accba8b,0.0,2016-06-17T09:32:14+00:00,0xa4259c3e105df998a171f14139f19f63588d2a2e072721a3f608860b8ee744af
0xd8da6bf26964af9d7eed9e03e53415d37aa96045,0x1e424bb5e34a9e72fe56957a49ee2210d9dfd9e1,0.0,2016-06-17T09:32:21+00:00,0xeebb9b6c836f7c8e843d454c7f17ddafe899a7b2fa4c090d932d3476dac30759
0xd8da6bf26964af9d7eed9e03e53415d37aa96045,0xf88895c615ff7f088fb1bc7b9c33c2684f849afa,0.0,2016-06-17T09:32:21+00:00,0xd87f6a2d66383e4fd3c1ec2201906faf0c7eb07d05b24bb9c9a234f924438245
0xd8da6bf26964af9d7eed9e03e53415d37aa96045,0xad6ad76680d6faee864e1784c5be83192dfba5da,0.0,2016-06-17T09:33:34+00:00,0xea56ac61a1eb2ec19d26266a6db68347fb94c567aec9dbe14d68aff8243c25be
0xd8da6bf26964af9d7eed9e03e53415d37aa96045,0x9722544195b0735e8e964ae60793bd0ba1e98e43,0.0,2016-06-17T09:35:12+00:00,0x0a79a89e8817cc590df61cf8b761892942d991c814db66573f8cc8b6a6e454b6
0xd8da6bf26964af9d7eed9e03e53415d37aa96045,0x33f517574f22db7ae882d2275206e093017ece50,0.0,2016-06-17T09:35:15+00:00,0x0f429085ddd9aa500ec5f056be0527c97040896abd3d58c72ea0b644040350a5
0xd8da6bf26964af9d7eed9e03e53415d37aa96045,0xe79fe16336fb3dc2275f9f81b134d55a003de17d,0.0,2016-06-17T09:35:15+00:00,0x5a07d1d9b34cae882b7ba5647e185976443d555555ece87d0c9539e85369fc75
0xd8da6bf26964af9d7eed9e03e53415d37aa96045,0xb8fa20b11e97a1b35d65fe3a4d6bf0bfedca431e,0.0,2016-06-17T09:35:22+00:00,0x8c517298127abfcfa39d9b6092141432cc37cb2ce4381ecad51a33efeb915958
0xd8da6bf26964af9d7eed9e03e53415d37aa96045,0x4efd0c583c2fa1c66497400690237e6eb80221c2,0.0,2016-06-17T09:35:22+00:00,0x415179cc3ee78fc1b8e72f755d37613044f6d5095036f93342542df66c45aeb3
0xd8da6bf26964af9d7eed9e03e53415d37aa96045,0x98d3dfe5dd0b898d729571b54b793a6e4b22650a,0.0,2016-06-17T09:36:26+00:00,0x422b64fda60559191d5202e4cb6b29e764025232e8c0722687409669c691e9d7
0xd8da6bf26964af9d7eed9e03e53415d37aa96045,0xe2139397f22fae32ec5ccb76119960def6a69c15,0.0,2016-06-17T09:37:02+00:00,0x6ff2d911e1061a71c8108828a0b959de19d3dbe1e4d781a9f4b9ecbe4108c204
0xd8da6bf26964af9d7eed9e03e53415d37aa96045,0xd983308f1e29c53a582cee9d2e55d7bf1e0ff904,0.0,2016-06-17T09:37:49+00:00,0x9eb8664def17ee98e73d6f36f97902cb1b50e5e63f704b0054ca22606ea8b9af
0xd8da6bf26964af9d7eed9e03e53415d37aa96045,0x15ed50b441a713267a0cc08c0cc960eef1c63773,0.0,2016-06-17T09:38:19+00:00,0x25d8d50ba2d9d05f498746f2dc8401f5a360cf165f04cf12588ef0c6ec7a9542
0xd8da6bf26964af9d7eed9e03e53415d37aa96045,0x5495de7b6b7693accf835ab82ada0bb741152bfa,0.0,2016-06-17T09:38:51+00:00,0xade367ced188fc00230ae7f55511e38a7d771b948de21f9d83951ed0f1cf61c1
0xd8da6bf26964af9d7eed9e03e53415d37aa96045,0xc14ea1309b60883c9c39972c9940381d0d55ce4e,0.0,2016-06-17T09:38:51+00:00,0xaf9af1b845b5581fc85df468d07f87c64a893b1dd0580baae76b3f064a0c705e
0xd8da6bf26964af9d7eed9e03e53415d37aa96045,0x8ac472689cc7ef4ca45a5e71d7c3e01543c0a3c0,0.0,2016-06-17T09:41:08+00:00,0x2df759bc532f4baff6b110c0c4f2b817da078b4efb4e8559169f5f0a111b0c6a
0xd8da6bf26964af9d7eed9e03e53415d37aa96045,0xd048ea2cc9a6468f2d5dac7c6a9a381851b7a178,0.0,2016-06-17T09:41:15+00:00,0x8da2ee893f6ec631ff32d1d9fa846fafab42aac660a57772e2f6c7f07bce511b
0xd8da6bf26964af9d7eed9e03e53415d37aa96045,0xa882a6c73024da0f0a58faccd2a9bc7eaa10da71,0.0,2016-06-17T09:41:15+00:00,0xd69a99d25a9c8d8e75e22f1cf18344b6e135281b64bf487824a0d8b1e5e563aa
0xd8da6bf26964af9d7eed9e03e53415d37aa96045,0x812242b8915522d34932fccbbdff34bcdb266d3e,0.0,2016-06-17T09:41:44+00:00,0xa13401566f2a4b13213811b47f7992f11177af963105e3f5404219e729efecf1
0xd8da6bf26964af9d7eed9e03e53415d37aa96045,0xc5adb1b497a5d08f93e4030a4e06bf19c56c06e1,0.0,2016-06-17T09:42:01+00:00,0x5ce12bdc01ba2c28772feb6bb5940e026dbedad6929100e04dc1445aa2987168
0xd8da6bf26964af9d7eed9e03e53415d37aa96045,0x1bfdb9234ec80566259d8092a5af21903d86e34d,0.0,2016-06-17T09:42:01+00:00,0x75592de23b7ab4a9ffa4cb3d1670e1ab318c6d077a0d49e7910879ac8e875181
0xd8da6bf26964af9d7eed9e03e53415d37aa96045,0x3b0753c159aadec57955832bcef99d912257c536,0.0,2016-06-17T09:43:30+00:00,0xac225ba6eb4422ecc7dc9ed3420aafb183af19ff774aeaaffad9ae33d1a4345d
0xd8da6bf26964af9d7eed9e03e53415d37aa96045,0xe6f2a3ee907fa8eb30b197c1f4b83124985977d4,0.0,2016-06-17T09:43:56+00:00,0x800c9a86d7deb2c3557c2ec323b99f6b54762d1023ce288a87330c1890f1af76
0xd8da6bf26964af9d7eed9e03e53415d37aa96045,0xac832a14bc5ffbb40a7bc7271a5d63ed9187ebea,0.0,2016-06-17T09:43:56+00:00,0x8635c151149f9ea6cea435b2eefa565108970adde7e10323bfc4608ad2c4680a
0xd8da6bf26964af9d7eed9e03e53415d37aa96045,0xb41f68383cd99aca7c70a43848e14762d68b040f,0.0,2016-06-17T09:44:33+00:00,0xe422602dd25918543da52ed4a34550a059ac04d6bd99b7ad00d729c15d814bc0
0xd8da6bf26964af9d7eed9e03e53415d37aa96045,0xbea965403157d8a856e8bf83614afe249dce5ff9,0.0,2016-06-17T09:44:33+00:00,0x01df75fe3536d9c177641b95c89e2c103b083484398f4d73ba5089d9f36db717
0xd8da6bf26964af9d7eed9e03e53415d37aa96045,0x73fadeaef4085ca08effbcd2ea71757f25959828,0.0,2016-06-17T09:44:44+00:00,0xa4d4734420cbd2a1083f9762b9660b2b524b99c4bb71484af421ff0427911d27
0xd8da6bf26964af9d7eed9e03e53415d37aa96045,0x350f0d60b508bdcfbb83799c0fa5bbd425294d2a,0.0,2016-06-17T09:44:44+00:00,0x832d0598d8633820c469be9a58000a6ec1c663837b79afefc268f1bd0aa8f870
0xd8da6bf26964af9d7eed9e03e53415d37aa96045,0x8962c4dbb649913eca4471f86791c50c68df158f,0.0,2016-06-17T09:45:26+00:00,0x4aecf7d803545fdc16f8a01e9ad1f3a63f7a233222210bc2e0bb04913dc361f8
0xd8da6bf26964af9d7eed9e03e53415d37aa96045,0x264d67e6b454f5c9923c284887f1df28a7b5c281,0.0,2016-06-17T09:46:08+00:00,0x38fb76109def7c54eba60d730df9cbcacdad5034878c245b7ac778e6a10b2e45
0xd8da6bf26964af9d7eed9e03e53415d37aa96045,0x3dd2c07f38dd3d2e26e4e20ed0123a35903c5f4e,0.0,2016-06-17T09:46:15+00:00,0x74fcde3d0f7a6dfa9c2bc7734eb18ed1900b3d8904586b328bbd0686a00147df
0xd8da6bf26964af9d7eed9e03e53415d37aa96045,0x0db8e42e3a79d2fc0068277bc3500d54e560025a,0.0,2016-06-17T09:46:15+00:00,0xefc28cd19ecb0e1a300a33a153e1368231b7cb5197373958c06df4244929b5f9
0xd8da6bf26964af9d7eed9e03e53415d37aa96045,0x3880dd8a68d59d8fc3288d20e064822714c2044b,0.0,2016-06-17T09:46:29+00:00,0xee7479b8669cbd4bc52aa24d33ed15f234ab080d7df28c14deacb3186d1fcce5
0xd8da6bf26964af9d7eed9e03e53415d37aa96045,0xc4a8ff07e8b085a3c84da69944dbb4ebdcafc655,0.0,2016-06-17T09:47:17+00:00,0xa8ceebd42031a76d270a1c9c28a42b92a5d53fe0d950b588c7fb9d204a656c47
0xd8da6bf26964af9d7eed9e03e53415d37aa96045,0x6744b30600756cf807760aaa5b40bdab7d347169,0.0,2016-06-17T09:47:45+00:00,0x7ee51d303d424d231ea70376810c4699686aa6539a30f84f6639a8e0898640db
0xd8da6bf26964af9d7eed9e03e53415d37aa96045,0x808fbf2d0774ff976e3409e65c8c906a1564bd3f,0.0,2016-06-17T09:48:03+00:00,0x86cbd3a22de80b848b2143bb8eecd536405a4adfadf930e773457788426255f2
0xd8da6bf26964af9d7eed9e03e53415d37aa96045,0x535f5d6e4aac08cae8ef0c5c881e05eecd161576,0.0,2016-06-17T09:48:34+00:00,0x7c2e23274f787535c17fe0cc215d5971dcbade7b80d385f0b738b0add244e869
0xd8da6bf26964af9d7eed9e03e53415d37aa96045,0x6eb03ffb82c2048de87a132cb780bb1b7f978c6c,0.0,2016-06-17T09:48:34+00:00,0xd81bb43277b43cdc097244615c7ce177684ec11852cff86d8f2dbeb4c51c7020
0xd8da6bf26964af9d7eed9e03e53415d37aa96045,0x4f8d0f3c8b5fdd79b6ba4590a924949474b21c58,0.0,2016-06-17T09:48:48+00:00,0x0554537c27469e205fd60a6fef6f3e95ef5f22cd1b4a5367c0ef5e7a2e60cc76
0xd8da6bf26964af9d7eed9e03e53415d37aa96045,0x3245c8692586e13fd646dc4f8a16ae69b3761030,0.0,2016-06-17T09:49:21+00:00,0x209e879caa5eb524f5792f5a43cac8c7b946b2a71045323867a8c459ae5deae3
0xd8da6bf26964af9d7eed9e03e53415d37aa96045,0xbb585b40cef6e30500b3a32d711f26e07d1381ab,0.0,2016-06-17T09:49:57+00:00,0xbb197d1284beb4bab308ba185fd3f85879180915e6047674bbf79ca8ffda03fe
0xd8da6bf26964af9d7eed9e03e53415d37aa96045,0x8d867ea190d99d46cb5814c3a54fa4d88d46fcde,0.0,2016-06-17T09:50:31+00:00,0xdfda68d498c773d72d233ad2f6b39d97f4216e89466c09f75450c0b3a9204d57
0xd8da6bf26964af9d7eed9e03e53415d37aa96045,0x3d20e89a5e60a0c8365a23e2639f51e396905ce0,0.0,2016-06-17T09:50:37+00:00,0x6765f69162f122549a658f81478b985f4976c1e1099136c1bb6481a2014c2789
0xd8da6bf26964af9d7eed9e03e53415d37aa96045,0x6d8d30391505f192b9038420b73acbb72381a701,0.0,2016-06-17T09:50:37+00:00,0x769d8400291cff550d0f02fb47bea9f83a83c74a0071534aab258ea949bf4653
0xd8da6bf26964af9d7eed9e03e53415d37aa96045,0xfdb0958dc92ec1101c27509fc500d0d945673899,0.0,2016-06-17T09:52:09+00:00,0xe45e1074a37d5742b0e7329ce52414dff9c035be4f879826d0fbf6ba5959525f
0xd8da6bf26964af9d7eed9e03e53415d37aa96045,0x0f0f29531ec360ccb26f62b30731644755efc93a,0.0,2016-06-17T09:52:13+00:00,0x6278d48b5c7e81812a6ab0e14ffc5565ea307210a4e51c1438fd32ddf843b6a3
0xd8da6bf26964af9d7eed9e03e53415d37aa96045,0x6b56b2e7892096165180c66d95a5a2ede194599f,0.0,2016-06-17T09:52:13+00:00,0x6c6c73e9d54182d52d18578db65bc0ff5e00fb511a97b30361282e82871046cf
0xd8da6bf26964af9d7eed9e03e53415d37aa96045,0x91138ee5b53ac0f604db927d2c4c941793e74ecc,0.0,2016-06-17T09:52:28+00:00,0x47e6b47b1cab17bedaa3ab5ea2301725cba7844124095908a9086668c2bdb0fe
0xd8da6bf26964af9d7eed9e03e53415d37aa96045,0x7ec0010818cb6c4f9ef926ea74c8daa440c7eab1,0.0,2016-06-17T09:52:28+00:00,0xe73116e63ce390aedcc2bdd69bbf788558e69eae8dd91d905480c7dbce34f274
0xd8da6bf26964af9d7eed9e03e53415d37aa96045,0xc9d371b925db6fb94e3077e01c73b2da0590b0b1,0.0,2016-06-17T09:52:43+00:00,0x9371b5c1ddd454c3343d16795a313c9d94866896a83b36703fa015fc3e14d782
0xd8da6bf26964af9d7eed9e03e53415d37aa96045,0x3d948cb1497985e1096015a14fe40fbb5e4e4f46,0.0,2016-06-17T09:52:43+00:00,0x3c61cf87cb7addf4837e0a328ee7c334e5338513a91da7d5c4e60fe0801a53cf
0xd8da6bf26964af9d7eed9e03e53415d37aa96045,0x2ef6836ec0a58300b6f6e8eb2a8bbf8137c4bc76,0.0,2016-06-17T09:53:19+00:00,0xff253ba760a6accd9930ad6f87845fb10a44b0b4684d358229d036b189849b82
0xd8da6bf26964af9d7eed9e03e53415d37aa96045,0xcb9ab5dc44cb5c99c58baaf58de715b596d0f73b,0.0,2016-06-17T09:53:19+00:00,0x74182cc9289d1cbb5f2863774d50514f5f8a603cd0e5b87d4a69b0c225edfe5a
0xd8da6bf26964af9d7eed9e03e53415d37aa96045,0x2cad7c136363acf43c181cb6b54876767a5c0e07,0.0,2016-06-17T09:53:31+00:00,0x53c66ce9547fcf6f2064fb7fd0740b2abab72bb02dfef1f918ecc565c6a913b9
0xd8da6bf26964af9d7eed9e03e53415d37aa96045,0xcdb71cfda8df66e807ee3f9cfc59fe8b375c927d,0.0,2016-06-17T09:53:31+00:00,0xe96bbab47d21a7d525e164dd4faa62bdd75e14687c68ac0113c3ec6dcb0faca2
0xd8da6bf26964af9d7eed9e03e53415d37aa96045,0x51c7c5fd6b1cef7c0ca771ede64402003a00a293,0.0,2016-06-17T09:53:45+00:00,0xe259d4cf79521e6bd14390a4889389a37d03e3e23c52cc4c136f8b083d2ba4c9
0xd8da6bf26964af9d7eed9e03e53415d37aa96045,0x0b8c1bbb4b27984f33b98fcdd718a01211dfe295,0.0,2016-06-17T09:53:45+00:00,0x51fff3b6a80872fd465e4ddb3ebddf68b495cf938d4196bd97f18b5c75c9f367
0xd8da6bf26964af9d7eed9e03e53415d37aa96045,0x70072a987ac9f29e7a0fb39d98c82ce0dce0485d,0.0,2016-06-17T09:54:29+00:00,0x9f5f1b73569c4e7f71f14e0e1c7658097de582f2efe209bedfb1b88d56bd6987
0xd8da6bf26964af9d7eed9e03e53415d37aa96045,0x74b83d6739f1eae4577fa37612b9a8cd04e1bfbd,0.0,2016-06-17T09:54:56+00:00,0xeb71bf1ccb9df434508d05d430841e98e7f8b973d543b67ab8b0ccd305ebf29d
0xd8da6bf26964af9d7eed9e03e53415d37aa96045,0x661ad0a18a951226e2b2aec109eb4279cbdc3830,0.0,2016-06-17T09:55:25+00:00,0xed2a2eae2c8a0a81e59b0521b4457b1e0bc63d356172f31c71cfb49cde5ed158
0xd8da6bf26964af9d7eed9e03e53415d37aa96045,0x4a59f94b5056335595d48f6706c5e1ae90fe8be3,0.02,2016-06-23T05:38:52+00:00,0x5643b18476df99e04261e954fd00fd84c7975a5a345b40bdbea6e4bd5da4e1c5
0xd8da6bf26964af9d7eed9e03e53415d37aa96045,0xcd8b73c03ba077336c619751e18690bda5b26ff2,0.0,2016-06-23T05:44:38+00:00,0x487971ef5928c6e301d0e6eedf0fed01552e2c4194cc286773434289a2482d7a
0xd8da6bf26964af9d7eed9e03e53415d37aa96045,0xcd8b73c03ba077336c619751e18690bda5b26ff2,0.0,2016-06-23T05:49:56+00:00,0xff7d57afb3140abde8f9a967f7e80da1759999dda5683cd87e3ec8b8135a0e6b
0xd8da6bf26964af9d7eed9e03e53415d37aa96045,0xcd8b73c03ba077336c619751e18690bda5b26ff2,0.04,2016-06-23T05:53:05+00:00,0xf474b92b90d5bd8533fd21597820ed6f47b2cb9646fd5e6e2cd367627a7ea3ca
0xd8da6bf26964af9d7eed9e03e53415d37aa96045,0xcd8b73c03ba077336c619751e18690bda5b26ff2,0.0,2016-06-23T05:55:07+00:00,0xf1e22bb926d5029f2d4370aa39784e8eb797dc1e1efbb39b3ee563f9bc520005
0xd8da6bf26964af9d7eed9e03e53415d37aa96045,0xa68f65bb1169359df1a7c66113c5b4e9a9bbb5d6,0.0,2016-06-23T06:28:15+00:00,0x4ce0c5309528a64707e6def7f3a5aac45ca457c5b14c5c16421c50821bfad9ac
0xd8da6bf26964af9d7eed9e03e53415d37aa96045,0xa68f65bb1169359df1a7c66113c5b4e9a9bbb5d6,0.02,2016-06-23T06:31:29+00:00,0xe2378e0e27863fd64d10740df58fba00189fdea67151a062751bc0ba488bfc97
0xd8da6bf26964af9d7eed9e03e53415d37aa96045,0xa68f65bb1169359df1a7c66113c5b4e9a9bbb5d6,0.01,2016-06-23T06:31:43+00:00,0x1bc9ad04e07bb4b9f9036a142ce06bb242c628bfdeabe4badac47729c74df5cf
0xd8da6bf26964af9d7eed9e03e53415d37aa96045,0xa68f65bb1169359df1a7c66113c5b4e9a9bbb5d6,0.02,2016-06-23T06:31:43+00:00,0x9b15e7f4781b08789123176c6f717bc32ee77dba7c8a178a1f79eb9e8045c2b0
0xd8da6bf26964af9d7eed9e03e53415d37aa96045,0xa68f65bb1169359df1a7c66113c5b4e9a9bbb5d6,0.005,2016-06-23T06:31:43+00:00,0x1cb640bb3454f74a259b4e6d2b849dfe9799bd7f57e79c415ac43408a28656ce
0xd8da6bf26964af9d7eed9e03e53415d37aa96045,0xa68f65bb1169359df1a7c66113c5b4e9a9bbb5d6,0.0,2016-06-23T06:37:29+00:00,0x9b0cb1366804b1b032b5ac1a139983839c4b5492440463aa47b3a70b0c989d71
0xd8da6bf26964af9d7eed9e03e53415d37aa96045,0xa68f65bb1169359df1a7c66113c5b4e9a9bbb5d6,0.0,2016-06-23T06:39:39+00:00,0x3c8f323e984896650e8108bbb42f0081bd435b77879ad38af741300fe8035b30
0xd8da6bf26964af9d7eed9e03e53415d37aa96045,0x79ecdb8c66c6d9e6deb5ef361fb4c360a522f995,0.0,2016-06-23T06:45:11+00:00,0x169eca56f6434fb1e9df9075af3bede5f4e243cb5609c1e2f93bfbfd37438294
0xd8da6bf26964af9d7eed9e03e53415d37aa96045,0x79ecdb8c66c6d9e6deb5ef361fb4c360a522f995,0.03,2016-06-23T06:46:03+00:00,0x1a6a413da4d91d793eedc26ee858ac8c82c87c4238c7070d25f1504a03394d1b
0xd8da6bf26964af9d7eed9e03e53415d37aa96045,0x79ecdb8c66c6d9e6deb5ef361fb4c360a522f995,0.03,2016-06-23T06:46:41+00:00,0xff61cc4e295639218f837cf444c3f844151067c7950c2db4f6305c95abe48f69
0xd8da6bf26964af9d7eed9e03e53415d37aa96045,0x79ecdb8c66c6d9e6deb5ef361fb4c360a522f995,0.0,2016-06-23T06:57:46+00:00,0xbbdffe26cb1c36a6c690da830be781fe45a6b777068580c2b48577601ffe06cc
0xd8da6bf26964af9d7eed9e03e53415d37aa96045,0x12e1422d9153ff3195e3739d400bd0f78a9d7afb,0.04,2016-06-24T06:26:58+00:00,0xb0a1baf66086b2d972ae73901235c3be5afcf677ad38ee3cab572625d31f0718
0xd8da6bf26964af9d7eed9e03e53415d37aa96045,0x83fb0973451090a83a3abca8ec5f30e9c889527e,0.0,2016-06-24T06:36:55+00:00,0x5f54406de78ae034c4f76c03a1d9efe93faa332f2a8b50dd9472dcad7390354c
0xd8da6bf26964af9d7eed9e03e53415d37aa96045,0x83fb0973451090a83a3abca8ec5f30e9c889527e,0.0,2016-06-24T06:42:05+00:00,0x228fdd41acbd2c6896a23c62dc6d63219eb24f9900fc9e8af223395f90935636
0xd8da6bf26964af9d7eed9e03e53415d37aa96045,0x83fb0973451090a83a3abca8ec5f30e9c889527e,0.0,2016-06-24T06:44:35+00:00,0xc2bec5b0abf932def8dfd7fdde9ce3617781e3e72e57b776ab5c708a59c5d34e
0xd8da6bf26964af9d7eed9e03e53415d37aa96045,0x0e7100e836150589b2be7030523d23c86a2093b5,0.0,2016-06-24T06:58:14+00:00,0x179993e3476fa3e678f3811c3e51e77f98e93952f2f49941b6749316bb83ca4a
0xd8da6bf26964af9d7eed9e03e53415d37aa96045,0x0e7100e836150589b2be7030523d23c86a2093b5,0.02,2016-06-24T07:00:37+00:00,0x86db14dab3b85426f99326050225c666eba4bd01e4b4cd967bc9c664ec679c55
0xd8da6bf26964af9d7eed9e03e53415d37aa96045,0x0e7100e836150589b2be7030523d23c86a2093b5,0.02,2016-06-24T07:00:37+00:00,0xc661bf8a98b2f6280774b02d09847529456ac4fed231d018fc548669dc83ee83
0xd8da6bf26964af9d7eed9e03e53415d37aa96045,0x0e7100e836150589b2be7030523d23c86a2093b5,0.005,2016-06-24T07:00:37+00:00,0x8b23ea4745b4d7e478619db96029d985d56cb81d9e049a7f12f4466b371ee898
0xd8da6bf26964af9d7eed9e03e53415d37aa96045,0x0e7100e836150589b2be7030523d23c86a2093b5,0.0,2016-06-24T07:01:05+00:00,0x8f5f601439ee63db6cbc44c959cea37c83026c59f99b1837135a5d5830d6ac43
0xd8da6bf26964af9d7eed9e03e53415d37aa96045,0x0e7100e836150589b2be7030523d23c86a2093b5,0.0,2016-06-24T07:04:13+00:00,0xccfd23467256d8819b43c952acf82d92ef5da2c4a127869e9bdf8967737202ed
0xd8da6bf26964af9d7eed9e03e53415d37aa96045,0x0e7100e836150589b2be7030523d23c86a2093b5,0.0,2016-06-24T07:09:34+00:00,0x1f79afee7c90102751ec5fab56452464343a020903cd1cc0c011411523e3ce5d
0xd8da6bf26964af9d7eed9e03e53415d37aa96045,0x4023f93668b132e1903c6a4841721ff197ae7b03,0.0,2016-06-24T07:13:06+00:00,0xf98770c236d8a93c0d227cb57f19fdd10cfe5e62224d8d87a37c5022dbd2c1be
0xd8da6bf26964af9d7eed9e03e53415d37aa96045,0x4023f93668b132e1903c6a4841721ff197ae7b03,0.03,2016-06-24T07:14:41+00:00,0x64529c2fd75ea75c4c26ff102044999fff85eaacb4fad31aa073f6f16c89af10
0xd8da6bf26964af9d7eed9e03e53415d37aa96045,0x4023f93668b132e1903c6a4841721ff197ae7b03,0.03,2016-06-24T07:14:41+00:00,0xdbf7e50a5ff3ed5bb684fd22cbc757aab9d5e8f312e963ee2427bb72316cc230
0xd8da6bf26964af9d7eed9e03e53415d37aa96045,0x4023f93668b132e1903c6a4841721ff197ae7b03,0.0,2016-06-24T07:17:08+00:00,0x98091be38531d270c2cb3fed6a4a87317081abfc3b2eb238e76605fe05f7ba23
0xd8da6bf26964af9d7eed9e03e53415d37aa96045,0x4023f93668b132e1903c6a4841721ff197ae7b03,0.0,2016-06-24T07:17:48+00:00,0xdf9058baa2687a9415ec2899b8b469dee77c702f92d8faa7cf2211b1c19b4e8c
0xd8da6bf26964af9d7eed9e03e53415d37aa96045,0xf70b702bf839c1f338c90f912f2e7ccebf892761,0.04,2016-06-26T09:17:41+00:00,0x076b9da8afd9a499a42e6431ae42f4d9d5655c8c329584b0f92a103ed0803c70
0xd8da6bf26964af9d7eed9e03e53415d37aa96045,0xdfa42284475636ecc1e04f519b075ec7f1e04f48,0.0,2016-06-26T09:29:14+00:00,0x24cc35252921ceaa0f8ca3cce72ef9731a38b17da449ca05aaa2222cfcb3a523
0xd8da6bf26964af9d7eed9e03e53415d37aa96045,0xfcb65d5e7b8150ee047bcc9b33cac42d24aca1b4,0.0,2016-06-26T09:29:14+00:00,0x87d34ff2da36c5ab0c3416d075504011a1d4a7370d6da253ccb2c80404e0ab5f
0xd8da6bf26964af9d7eed9e03e53415d37aa96045,0xdfa42284475636ecc1e04f519b075ec7f1e04f48,0.0,2016-06-26T09:32:53+00:00,0x0e24c53cef5b741fb9902f79f2a2e7de191dbe62c92df1b2dd75540ec6a0dc58
0xd8da6bf26964af9d7eed9e03e53415d37aa96045,0xef71862273817c9e082ca2c92486c8dcdcd9356f,0.0,2016-06-26T09:35:20+00:00,0x7fabf60a676af57b670fd040c2b0e78cff47bab6294a395429aa07fa3e6b4a9d
0xd8da6bf26964af9d7eed9e03e53415d37aa96045,0xef71862273817c9e082ca2c92486c8dcdcd9356f,0.0,2016-06-26T09:37:07+00:00,0x4dde4f26da763464e151a92b133e248fa5f4f0f31626fc1cbb1a9a6a92c39f97
0xd8da6bf26964af9d7eed9e03e53415d37aa96045,0x13c1b06b5762da081e45f302b0d7696a7fa1f526,0.0,2016-06-26T09:50:40+00:00,0xf441df96a836ac14a0337a35a5725c6a24050d2acc630ffe47a12ae67513cae4
0xd8da6bf26964af9d7eed9e03e53415d37aa96045,0x13c1b06b5762da081e45f302b0d7696a7fa1f526,0.0,2016-06-26T09:51:44+00:00,0x12c7e882b84550776568c50c545c005d292d7cb283df2917f94925ebc65e0d18
0xd8da6bf26964af9d7eed9e03e53415d37aa96045,0x13c1b06b5762da081e45f302b0d7696a7fa1f526,0.0,2016-06-26T09:51:44+00:00,0xc2b54abd5aaff238d6adada34645abf83575b4e27093aa59d006dac99586bf2e
0xd8da6bf26964af9d7eed9e03e53415d37aa96045,0x13c1b06b5762da081e45f302b0d7696a7fa1f526,0.0,2016-06-26T09:51:59+00:00,0xf45bf6fe3ce07b10d596fa742dab33788cef65cad0a8111912b2403eb0b8b144
0xd8da6bf26964af9d7eed9e03e53415d37aa96045,0x13c1b06b5762da081e45f302b0d7696a7fa1f526,0.01,2016-06-26T09:55:34+00:00,0x72baaac95c195deebc67cd900c25cc33f7b48376b23af227e5ad6884c4d8cf38
0xd8da6bf26964af9d7eed9e03e53415d37aa96045,0x13c1b06b5762da081e45f302b0d7696a7fa1f526,0.0,2016-06-26T09:57:41+00:00,0xf99aa80c217ef9b1caf2667e7c04a24e5d617617d89a66938ab37323fafee2e3
0xd8da6bf26964af9d7eed9e03e53415d37aa96045,0x13c1b06b5762da081e45f302b0d7696a7fa1f526,0.0,2016-06-26T10:00:41+00:00,0xf1230728749e0d85241b9d134dabcf4cbd7a89fe3756d9f6f6764a532fbc44b5
0xd8da6bf26964af9d7eed9e03e53415d37aa96045,0xeb661d12171b066a4d0523dbe9d7ed309353eb60,0.0,2016-06-26T10:01:31+00:00,0xd4cb5d1c18b527cf6f07f901e7e4b1e594a545d856bcb2747b9d1a37548e68c3
0xd8da6bf26964af9d7eed9e03e53415d37aa96045,0xeb661d12171b066a4d0523dbe9d7ed309353eb60,0.03,2016-06-26T10:02:31+00:00,0x2650e46d782cd7ff13d52ebb8018927b55834f9afba577726bfa4fb44050b3e5
0xd8da6bf26964af9d7eed9e03e53415d37aa96045,0xeb661d12171b066a4d0523dbe9d7ed309353eb60,0.03,2016-06-26T10:03:45+00:00,0x2c8c394783ccde4702ff8d375ae6751a93e2f8d476a473e4f1e1976999159c18
0xd8da6bf26964af9d7eed9e03e53415d37aa96045,0xeb661d12171b066a4d0523dbe9d7ed309353eb60,0.0,2016-06-26T10:05:12+00:00,0xb5d04333c9e48d56269182b527a8bbfea138b4d1cc2c62f18bd80d5ee5a003cc
0xd8da6bf26964af9d7eed9e03e53415d37aa96045,0xeb661d12171b066a4d0523dbe9d7ed309353eb60,0.0,2016-06-26T10:05:12+00:00,0x72ef45ec1834fed973431fbb6b97ab825c2ee61e7f5f2425d8880a8d6968f80c
0xd8da6bf26964af9d7eed9e03e53415d37aa96045,0xa34bd5f804a0e5fee22ce37962170f1afd764075,0.0,2016-06-28T01:55:34+00:00,0x49ea6d7013b7165c46f0b135f63faecab929bc37f30d016e4e9489575f3918d4
0xd8da6bf26964af9d7eed9e03e53415d37aa96045,0xb887261e11d3d9cc3b96ef37ad220140c9c5404b,0.0,2016-06-28T02:34:48+00:00,0x8b64831e80bec909492c24b1111cb62d7be3b951d63b1105c38e8b06842b1364
0xd8da6bf26964af9d7eed9e03e53415d37aa96045,0xb887261e11d3d9cc3b96ef37ad220140c9c5404b,0.0,2016-06-28T02:37:06+00:00,0xd69548734b14636a13749d7e426cbfca7f7663a87150fc7ca19536247fe537b4
0xd8da6bf26964af9d7eed9e03e53415d37aa96045,0x3039d0a94d51c67a4f35e742b571874e53467804,0.0,2016-07-07T01:45:02+00:00,0x905c7fae5d162efb2c636b800b195b359f835c3be51db73473278e6d8d7463a7
0xd8da6bf26964af9d7eed9e03e53415d37aa96045,0xecf8f87f810ecf450940c9f60066b4a7a501d6a7,50.0,2016-07-08T02:25:12+00:00,0x5208551c52850ffc7292d86af89eeea7e97a14c1b4996437ecc95938ceb4c8f3
0xd8da6bf26964af9d7eed9e03e53415d37aa96045,0xecf8f87f810ecf450940c9f60066b4a7a501d6a7,0.0,2016-07-08T02:26:33+00:00,0x2b606a44b16cb7ec6113b4e13aac85c5b7c8fb4f005c382dd4066e976f4adc1b
0xd8da6bf26964af9d7eed9e03e53415d37aa96045,0x5a70db543902f4ccccf028b19d2142fde7eb0593,0.0,2016-07-08T02:27:28+00:00,0xbd4aa84302d71e9d51730c3fe970107e727267e9fa2ebdf8087975a3a0b4e4f0
0xd8da6bf26964af9d7eed9e03e53415d37aa96045,0xbb9bc244d798123fde783fcc1c72d3bb8c189413,0.001,2016-07-09T06:08:43+00:00,0xfe3a0e7000165c2957eaa798538a2366545239ad63c4696cc3acd8ff50f84ed7
0xd8da6bf26964af9d7eed9e03e53415d37aa96045,0xbb9bc244d798123fde783fcc1c72d3bb8c189413,0.001,2016-07-09T06:08:43+00:00,0x41648a6e3883bf0cb5414ecc942cdc2c0b5542544778194e88d416d36fa02da0
0xd8da6bf26964af9d7eed9e03e53415d37aa96045,0xd6da3c786d0c54c19dbc11c4bf018c5d6b9da9c3,0.0,2016-07-09T06:35:04+00:00,0x031f5f0c86dc6cab53daa84c1b4d4459792918559500d6ff01c041658202eaea
0xd8da6bf26964af9d7eed9e03e53415d37aa96045,0xd6da3c786d0c54c19dbc11c4bf018c5d6b9da9c3,0.02,2016-07-09T06:37:44+00:00,0x6e85ff79948392d7f4126e8f8d314808db2f937b2d0ceb10a967d61348b0cdba
0xd8da6bf26964af9d7eed9e03e53415d37aa96045,0xd6da3c786d0c54c19dbc11c4bf018c5d6b9da9c3,0.0,2016-07-09T06:38:54+00:00,0x832231acfcf7506557df261e701cff344e6ae9f358469b2462ad712ac43aeab6
0xd8da6bf26964af9d7eed9e03e53415d37aa96045,0xd6da3c786d0c54c19dbc11c4bf018c5d6b9da9c3,0.0,2016-07-09T06:39:38+00:00,0x276adc4113ae934ba5f9df0b59f17aaaaae80a2e4b3ef1012a6da377c24c0166
0xd8da6bf26964af9d7eed9e03e53415d37aa96045,0xd6da3c786d0c54c19dbc11c4bf018c5d6b9da9c3,0.0,2016-07-09T06:41:30+00:00,0xada3df99579f9e779635401838d05f0b6d93a40099b34dde7529dc69be69c2ea
0xd8da6bf26964af9d7eed9e03e53415d37aa96045,0x1ea51f9d4b69745a25b06bf18f8461740322940a,0.0,2016-07-09T07:56:26+00:00,0x0964f3fd89467889fe56e39f7955e772419b5a9723c4497d9b9d2c1c26811969
0xd8da6bf26964af9d7eed9e03e53415d37aa96045,0x6c8670c7031ac8ea9ee0b5138038a6a15fc1d37d,0.0,2016-07-09T08:06:25+00:00,0xe49a76a09485e28ea4df3b97532be1f2aeec415426bb5a87d8c9680632e0a25b
0xd8da6bf26964af9d7eed9e03e53415d37aa96045,0x12191e219b41d144cc6f9a8396e07bf9cdb891fb,0.0,2016-07-09T08:06:25+00:00,0x1f6de3fbf2b559a54f87b321f0695d1ad2da74c37b1efc4ff08ff58373246015
0xd8da6bf26964af9d7eed9e03e53415d37aa96045,0x12191e219b41d144cc6f9a8396e07bf9cdb891fb,0.02,2016-07-09T08:07:39+00:00,0x8dc4f89b6a6e839fcc44be0818d9db4387d312b9958eecaf1b812b7e52d2fa25
0xd8da6bf26964af9d7eed9e03e53415d37aa96045,0x12191e219b41d144cc6f9a8396e07bf9cdb891fb,0.01,2016-07-09T08:07:39+00:00,0x8e649a73b4f529a8817fb588f4e8bde7358252e18b921986fe0a413d308d311e
0xd8da6bf26964af9d7eed9e03e53415d37aa96045,0x12191e219b41d144cc6f9a8396e07bf9cdb891fb,0.005,2016-07-09T08:07:39+00:00,0xc0370e2043e44973e9c51f5a6b790465dc0142950ee75fe17c56a0bb80794b86
0xd8da6bf26964af9d7eed9e03e53415d37aa96045,0x12191e219b41d144cc6f9a8396e07bf9cdb891fb,0.0,2016-07-09T08:10:28+00:00,0x4999fb507f38ab7b80da4e4aa340f628674ff0d86042dd5a156f96bcd7507070
0xd8da6bf26964af9d7eed9e03e53415d37aa96045,0x12191e219b41d144cc6f9a8396e07bf9cdb891fb,0.0,2016-07-09T08:12:47+00:00,0x8af3bf8734231192987187146c9483b54ca80326870dbecad0a93956ca0b80fc
0xd8da6bf26964af9d7eed9e03e53415d37aa96045,0x12191e219b41d144cc6f9a8396e07bf9cdb891fb,0.0,2016-07-09T08:14:26+00:00,0xec27e82e82276a17e6ab10ad800b34878df1d44ba5472b3b53b0473e7882c549
0xd8da6bf26964af9d7eed9e03e53415d37aa96045,0xb8df363e0dd784defa2c23ad281cad70e34b9895,0.0,2016-07-09T08:38:23+00:00,0x8afeef6fdda6125517b9e02407f0e8e758f847a1d4499e0c9ccbe211a37d32a2
0xd8da6bf26964af9d7eed9e03e53415d37aa96045,0xb8df363e0dd784defa2c23ad281cad70e34b9895,0.01,2016-07-09T08:41:19+00:00,0x52bded6281f6b698766032e178831f879a79bd5d9ec76754d87fb6a69e12ff5f
0xd8da6bf26964af9d7eed9e03e53415d37aa96045,0xb8df363e0dd784defa2c23ad281cad70e34b9895,0.005,2016-07-09T08:42:58+00:00,0x4cf81bf96302fd2f6a69ae5c2e189ac9639a186fb6a45f9f52c5cc605817f177
0xd8da6bf26964af9d7eed9e03e53415d37aa96045,0x52e2a44945f28ee13ec7fcb9c44573f1de87f2f5,0.0,2016-07-09T08:48:42+00:00,0x2b0a1a7bff563f850d2af5af72e3bb0f9bf8622b63f72b4c26b8d47059e242bc
0xd8da6bf26964af9d7eed9e03e53415d37aa96045,0x52e2a44945f28ee13ec7fcb9c44573f1de87f2f5,0.001,2016-07-09T08:55:17+00:00,0xbe38528f59bd8b68b82d3e5b771e88112b46e6ecad44551399de0ed5cc42509f
0xd8da6bf26964af9d7eed9e03e53415d37aa96045,0x52e2a44945f28ee13ec7fcb9c44573f1de87f2f5,0.02,2016-07-09T09:00:20+00:00,0x704af1f18ba75af9abf00fc79a0facfc81877d9f38576d02cba5309f1a0b378a
0xd8da6bf26964af9d7eed9e03e53415d37aa96045,0x52e2a44945f28ee13ec7fcb9c44573f1de87f2f5,0.0,2016-07-09T09:04:14+00:00,0xdfe8d461453b96402608f9562b91712a8c5ae72cdb0bde1721920099066b9c27
0xe6986f596621e44c460320d497278ec9fe0e5faa,0xd8da6bf26964af9d7eed9e03e53415d37aa96045,204.3375,2016-07-12T16:16:22+00:00,0xc96a9895a463b9ebc747df2cd2a6f2d6fb02487a36cde4ebd181fda5d3d54e96
0xd8da6bf26964af9d7eed9e03e53415d37aa96045,0xbb9bc244d798123fde783fcc1c72d3bb8c189413,0.0,2016-07-14T13:10:11+00:00,0xc02c7c1980b976d927d355952c65c123d2f841d3f34d842debba26e4ea726146
0xd8da6bf26964af9d7eed9e03e53415d37aa96045,0xbf4ed7b27f1d666546e30d74d50d173d20bca754,0.01,2016-07-14T13:11:29+00:00,0x23bc611a2dac58055401518e488f76cd1696b151f4a837c6c5006d105ee3cb12
0xd8da6bf26964af9d7eed9e03e53415d37aa96045,0xbb9bc244d798123fde783fcc1c72d3bb8c189413,0.0,2016-07-14T13:12:06+00:00,0x6100bbf08f5ed2a8c77d68e8bc040dc2dd3875e2f9d05a9c447055b8cdd49bdf
0xd8da6bf26964af9d7eed9e03e53415d37aa96045,0xbf4ed7b27f1d666546e30d74d50d173d20bca754,0.0,2016-07-14T13:14:11+00:00,0xa2d43ef6ec0b34ffe83628ccacc21df47858140e6a3fe5a33c078fede26ac109
0xd8da6bf26964af9d7eed9e03e53415d37aa96045,0xecf8f87f810ecf450940c9f60066b4a7a501d6a7,0.0,2016-07-16T19:28:16+00:00,0xdd8d4b18ceeea66955d67b75adf88af66e14903b9fd84b1e17f9bf81e6f3f41e
0xd8da6bf26964af9d7eed9e03e53415d37aa96045,0xecf8f87f810ecf450940c9f60066b4a7a501d6a7,200.0,2016-07-16T19:29:26+00:00,0x02ca970ac91b61ed0017e7b9f24f053096c7fe0d781fccc4f77fddfdd44dea16
0xd8da6bf26964af9d7eed9e03e53415d37aa96045,0xb671c3883307cf05bb3dff77a9754e87b4347195,0.0,2016-07-17T12:46:08+00:00,0x851160ad6271ec4777cd5cb56ba13c006d218b321eb029872fa70e585f3cbbd9
0xd8da6bf26964af9d7eed9e03e53415d37aa96045,0xb671c3883307cf05bb3dff77a9754e87b4347195,0.001,2016-07-17T13:00:46+00:00,0x1e7d5594113e44ab96d723487f93c84b0cd75d22a4427225b3843cdb3a5e02a2
0xd8da6bf26964af9d7eed9e03e53415d37aa96045,0xb671c3883307cf05bb3dff77a9754e87b4347195,0.002,2016-07-17T13:00:46+00:00,0x73620f52a0e796c3f9b28e18005c40141d76c266e1ea6a50ad852b4191223539
0xd8da6bf26964af9d7eed9e03e53415d37aa96045,0xecf8f87f810ecf450940c9f60066b4a7a501d6a7,0.0,2016-07-17T14:16:33+00:00,0x21dcda06b058231fe2ad081c9a68d5cbc2123ddf03ceed46b257d19ec9260751
0x32be343b94f860124dc4fee278fdcbd38c102d88,0xd8da6bf26964af9d7eed9e03e53415d37aa96045,3.99,2016-07-25T20:07:26+00:00,0x335ec52e3ecf01eeee644b349d92e26bbd9660fbc3d2070c798a7082cdcee18a
0xd8da6bf26964af9d7eed9e03e53415d37aa96045,0xaa1a6e3e6ef20068f7f8d8c835d2d22fd5116444,0.1,2016-07-26T12:24:50+00:00,0x182452a1bc3bfde1a2e3a7a87e93c7ffd68b5f9420a39ee12f526988ee538ecb
0xd8da6bf26964af9d7eed9e03e53415d37aa96045,0xaa1a6e3e6ef20068f7f8d8c835d2d22fd5116444,0.08,2016-07-26T12:30:35+00:00,0x8113961c81eab540e272678dfbc236a1625d6379a3ab7c13d991fd46d8a9b650
0xd8da6bf26964af9d7eed9e03e53415d37aa96045,0xab5801a7d398351b8be11c439e05c5b3259aec9b,1.0,2016-08-05T01:24:19+00:00,0x756d8747044664a29469af58971dbe24ca180c8272bd2d09c0098252c1ebb1f9
0xd8da6bf26964af9d7eed9e03e53415d37aa96045,0xab5801a7d398351b8be11c439e05c5b3259aec9b,49999.0,2016-08-05T01:24:47+00:00,0x1a5f4f3b427c4849ec899957bbb03394cbf546d2f2e73f739495f1723926faf1
0xd8da6bf26964af9d7eed9e03e53415d37aa96045,0x2136bbba2edca21afdddee838fff19ea70d10f03,20.0,2016-08-05T20:22:39+00:00,0xe50042b364fc71f6b27e5f5ba6510812c14612f63b2f3fc9eb3c6310f4021c03
0xd8da6bf26964af9d7eed9e03e53415d37aa96045,0xc66ea802717bfb9833400264dd12c2bceaa34a6d,0.0,2016-08-05T20:26:44+00:00,0x5eaf071b5440c6b1604d877d972fd07cdd55e24817c288bc74125a3c6a816d06
0xd8da6bf26964af9d7eed9e03e53415d37aa96045,0x2136bbba2edca21afdddee838fff19ea70d10f03,0.0,2016-08-05T20:27:03+00:00,0xca84cfeb6f1472cf44b76041fa8832fbb3e86af3e08896d2ec301e7dac105496
0xd8da6bf26964af9d7eed9e03e53415d37aa96045,0x2136bbba2edca21afdddee838fff19ea70d10f03,0.0,2016-08-05T20:57:47+00:00,0x2421048a5142e90c08d875cefddbaae6aac40648a35124d68d2d22ab1d8cfc79
0xd8da6bf26964af9d7eed9e03e53415d37aa96045,0x2136bbba2edca21afdddee838fff19ea70d10f03,0.0,2016-08-25T07:58:53+00:00,0xbbd3f43d1dd159e92cf952994243839215f86b25f7ff6536db2d823213446615
0xd8da6bf26964af9d7eed9e03e53415d37aa96045,0xecf8f87f810ecf450940c9f60066b4a7a501d6a7,210.0,2016-08-25T08:09:20+00:00,0x8e4c19b937cf4028c7c67eec03de4f8eb70dc54ae0094def833ee85789d18d45
0xd8da6bf26964af9d7eed9e03e53415d37aa96045,0xecf8f87f810ecf450940c9f60066b4a7a501d6a7,0.0,2016-08-25T08:10:33+00:00,0x6e0769f91f5a1234f449657e69162d02949d137a10e9a2df086a1374b68ee160
0xd8da6bf26964af9d7eed9e03e53415d37aa96045,0xb375cfa627aa4d4ceffca59e46a2a3a13e5e9d69,0.0,2016-08-25T08:15:37+00:00,0x39bd4fc54a43910c0ed33ccc9ef7f3388a01131ba004d6bf61c5e461813d8420
0xd8da6bf26964af9d7eed9e03e53415d37aa96045,0xb375cfa627aa4d4ceffca59e46a2a3a13e5e9d69,0.0,2016-08-25T23:51:35+00:00,0xc176ab9c3f854c851fc5ce8edd9cf0255bf8f7d10b437e94b45d704134a65ed3
0xd8da6bf26964af9d7eed9e03e53415d37aa96045,0xecf8f87f810ecf450940c9f60066b4a7a501d6a7,0.0,2016-08-25T23:52:58+00:00,0xec3f0c6466e6f09bae54c939145f5778cbf49514c3cda4fee74982b092efc6be
0xd8da6bf26964af9d7eed9e03e53415d37aa96045,0xb375cfa627aa4d4ceffca59e46a2a3a13e5e9d69,0.0,2016-08-25T23:54:12+00:00,0xed86bcd0833723981e2325cfae0a5c84e12737673250c7e0b736008f8b00b7a4
0xd8da6bf26964af9d7eed9e03e53415d37aa96045,0xabad6ec946eff02b22e4050b3209da87380b3cbd,0.1,2016-08-30T06:15:00+00:00,0xa57e65c440fddd682693c238c39881623e19e4e8608c462e5314bb7d2c2bbea6
0xd8da6bf26964af9d7eed9e03e53415d37aa96045,0xabad6ec946eff02b22e4050b3209da87380b3cbd,0.1,2016-08-30T07:29:45+00:00,0x076d56e9d5593d303de8cae842795223023affb74a3e90a74fb88e9015887ceb
0xd8da6bf26964af9d7eed9e03e53415d37aa96045,0x9c32c0e817830e40bc0632bb365a092f0e39057a,0.0,2016-08-30T07:53:24+00:00,0x600ca0b240186c972c75479181153866375636288967afc049378b56b804cf73
0xd8da6bf26964af9d7eed9e03e53415d37aa96045,0xa377bec3971ed3cb13d9a192fb2fd47599a85572,0.0,2016-08-30T07:53:24+00:00,0x28c5a80e41a7009d95e9f8c58e7d96a782d3710d4933cc642f1c21c096751d06
0xd8da6bf26964af9d7eed9e03e53415d37aa96045,0x65b80630c256a527341b6e24c4c5d75558de4939,0.0,2016-08-30T07:53:33+00:00,0x405ea715b7a7428082cbe04da45f30eda56e89e91f02df98a9376ea02232be58
0xd8da6bf26964af9d7eed9e03e53415d37aa96045,0x7f9ac1b8c63b95f196ff1daab3b7d6bbb953467d,0.0,2016-08-30T07:58:28+00:00,0xc069046e9d0e0fb870bd2804f2b6a00ad482836e69b383eacf95982e5eaea3c8
0xd8da6bf26964af9d7eed9e03e53415d37aa96045,0xce77a9f979e700b13b8e27dd4dd9f38d383a7515,0.05,2016-08-30T09:18:21+00:00,0xc683815f97c3de4972442448b5fa17aff31ec8f0d9e939f82234884ff989ac9e
0xd8da6bf26964af9d7eed9e03e53415d37aa96045,0x66943100bf0464c1ec43b957a5f72fe2d67a3678,0.02,2016-08-30T09:28:01+00:00,0xe2b11a929d659b2cce42685d48e6a0eb170bf5d8dded421e5bb085ccd5963b98
0xd8da6bf26964af9d7eed9e03e53415d37aa96045,0x66943100bf0464c1ec43b957a5f72fe2d67a3678,0.0,2016-08-30T09:37:55+00:00,0x909b08db5c0b0db762f2c1450263ef8d91ba18cb10a86b467e86160baa2f0220
0xd8da6bf26964af9d7eed9e03e53415d37aa96045,0x01dc689804a1c05040b68388b9fd4a3755837d0c,0.01,2016-08-30T09:45:09+00:00,0x343d288b041c605049ad1b211ca9876e8ff7566751bcfb35cb1bbeaa19a85925
0xd8da6bf26964af9d7eed9e03e53415d37aa96045,0xca883c55082de9cecf72ec60f5e71970b86a0da8,0.01,2016-08-30T09:47:00+00:00,0x5202a1abdde59a49c4e7c6d32b7c6d6c68018c77ba8044c82daa5d2a9f18660c
0xd8da6bf26964af9d7eed9e03e53415d37aa96045,0xabad6ec946eff02b22e4050b3209da87380b3cbd,0.01,2016-08-30T10:09:31+00:00,0xb99021b5d6b68030ee0290e86b39fc7cef3dd49bfa94b5184f441b27bcd70c19
0xd8da6bf26964af9d7eed9e03e53415d37aa96045,0x798b964d9807a98d03c9932cb5989291c4c54354,0.0,2016-08-30T10:16:19+00:00,0x1fc972a86cc8031e1e264d952eecca274f4eea5a0269d280b6359457f54618d7
0xd8da6bf26964af9d7eed9e03e53415d37aa96045,0xe22415b337113ca32a32c92f7c60c9f3b4acefd3,0.0,2016-08-30T10:28:58+00:00,0xb67aa79d7e4857e32128e9f60252ab0a17bf253f1bf4ef1ae32ea293ea7075a9
0xd8da6bf26964af9d7eed9e03e53415d37aa96045,0x7cc1669a3ef1304db932c0dc0bc539b838d1e15e,0.0,2016-08-30T10:29:01+00:00,0x77250713c2c267225146bd6b02867e5f7c34d5ca3c70d6277989582974624395
0xd8da6bf26964af9d7eed9e03e53415d37aa96045,0x511c41f063402a3f5b439f860bd53c7145fab032,0.0,2016-08-30T10:31:37+00:00,0x9d9571dd7476f6cd307314c3288b47057812d823166d686b7764f46f4f6d3770
0xd8da6bf26964af9d7eed9e03e53415d37aa96045,0x890b0f3f7b2917f7d5859bc68e6c6eea1026ba90,0.0,2016-08-30T10:33:55+00:00,0xb105d33f7f76889a094793f3ea9a552a8f70c702660d2be8aee0eb06f8d7ad00
0xd8da6bf26964af9d7eed9e03e53415d37aa96045,0x890b0f3f7b2917f7d5859bc68e6c6eea1026ba90,0.005,2016-08-30T10:35:54+00:00,0x4848bbbf147cd9015ceb10b9d8633a06520574f98746b129248d827327c64e93
0x32be343b94f860124dc4fee278fdcbd38c102d88,0xd8da6bf26964af9d7eed9e03e53415d37aa96045,176.99,2016-08-31T04:08:58+00:00,0x9502526eed3dd85bda8b741f26161b76c3245e3093b37ae0b3a11af0c94cd01d
0x32be343b94f860124dc4fee278fdcbd38c102d88,0xd8da6bf26964af9d7eed9e03e53415d37aa96045,1.99,2016-08-31T04:08:58+00:00,0x4e8ff14915e2fe134fea41dcc423161563d734e42d244d605e61c4a63423801d
0xd8da6bf26964af9d7eed9e03e53415d37aa96045,0x47e25df8822538a8596b28c637896b4d143c351d,0.05,2016-08-31T04:30:55+00:00,0x52bcc832712cdc13070def1373331f76c6769a67070bfb37a32255d3351cfca7
0xd8da6bf26964af9d7eed9e03e53415d37aa96045,0x3212650963f219431ca5080d44373ed9a02cdfbf,1.0,2016-09-01T05:19:45+00:00,0x2d4120eeb7b66cfc035dd15a3ec058994b9425c7fd02f1fb0b1ca542eed56b41
0xd8da6bf26964af9d7eed9e03e53415d37aa96045,0xf5446e77728810d4fded1708b888ab6a4eb8075e,1.0,2016-09-01T05:21:57+00:00,0x318aa3bab4c4d44473a9ff2a183551bdfc94e56b8e6c643339487022900725d6
0xd8da6bf26964af9d7eed9e03e53415d37aa96045,0xf5446e77728810d4fded1708b888ab6a4eb8075e,4.0,2016-09-02T08:11:41+00:00,0x3791d0c2fe59e22f1ff21d179bd1cf49059e6d8a1fdff357d71437fa656b8151
0x32be343b94f860124dc4fee278fdcbd38c102d88,0xd8da6bf26964af9d7eed9e03e53415d37aa96045,170.19,2016-09-05T04:11:23+00:00,0x242ce7059d7df9f9430faf29c1015026ac457858402fbc8165fe31fd77c831a4
0xd8da6bf26964af9d7eed9e03e53415d37aa96045,0xecf8f87f810ecf450940c9f60066b4a7a501d6a7,0.0,2016-09-05T04:12:42+00:00,0xa5b39ca963a9005473dc746279ce25208c7d402833d6324a101675234fc0a616
0xd8da6bf26964af9d7eed9e03e53415d37aa96045,0xecf8f87f810ecf450940c9f60066b4a7a501d6a7,210.0,2016-09-05T04:12:55+00:00,0x76ae288b1512b0d96d676f743066486eefc8fd466b0d46d6d4100600098808e6
0xd8da6bf26964af9d7eed9e03e53415d37aa96045,0xc8b976247a04025e24ff5f078b80a4cb42a579db,0.0,2016-09-05T04:13:50+00:00,0xf2ec6f48a606e4ddc1e1d70d09d22fc710c678c5427ef6795ff28d0209e6e40b
0xd8da6bf26964af9d7eed9e03e53415d37aa96045,0xecf8f87f810ecf450940c9f60066b4a7a501d6a7,0.0,2016-09-05T04:15:17+00:00,0x2233ca75f7babcba3acec38a4d76d9f67aadac6d6d575e8e6cfc435a9ba7e29f
0xd8da6bf26964af9d7eed9e03e53415d37aa96045,0xc8b976247a04025e24ff5f078b80a4cb42a579db,0.0,2016-09-05T04:16:24+00:00,0x143e6922ae58f826d1d8b525ecafad1b77a0516697c26cd7ae81102f20de254b
0xfbe0678db305a280820d02194c94d450d0755883,0xd8da6bf26964af9d7eed9e03e53415d37aa96045,109.5,2016-09-06T14:26:36+00:00,0xd0af803645c15b40ab9c9cec0d5e949ca766a1927e06fbf5f54db93ebf130cc1
0xd8da6bf26964af9d7eed9e03e53415d37aa96045,0xc8b976247a04025e24ff5f078b80a4cb42a579db,0.0,2016-09-08T05:58:40+00:00,0x2f2fd5bc5c8648ad0eb9921a29103cebc1426d6d6508223270d0b31680b3e50b
0xd8da6bf26964af9d7eed9e03e53415d37aa96045,0xecf8f87f810ecf450940c9f60066b4a7a501d6a7,0.0,2016-09-08T05:59:54+00:00,0xfa3652d58aa17192c91a3d718660e7b70ed777998cdea7748bbf81886fb3a478
0xd8da6bf26964af9d7eed9e03e53415d37aa96045,0xecf8f87f810ecf450940c9f60066b4a7a501d6a7,60.0,2016-09-08T06:00:54+00:00,0x309cfc6ad46d7d050e25cfc8b00e8ffa16b7cec1c1f6dce5953fd48ac3101cbb
0xd8da6bf26964af9d7eed9e03e53415d37aa96045,0xc8b976247a04025e24ff5f078b80a4cb42a579db,0.0,2016-09-08T06:02:54+00:00,0xaca4372d01ea06650d416f488fef094ae9c261940d5012e2c4907db8468d9398
0xd8da6bf26964af9d7eed9e03e53415d37aa96045,0xc8b976247a04025e24ff5f078b80a4cb42a579db,0.0,2016-09-08T06:06:39+00:00,0x3e2e202e522a90e611ba577c99a9842b4cd3b3fd5a40b6724d396f32dba478e2
0x32be343b94f860124dc4fee278fdcbd38c102d88,0xd8da6bf26964af9d7eed9e03e53415d37aa96045,169.99,2016-09-10T03:26:36+00:00,0xac7616d786643b481308aa22ef2ea15f69abbf139b4b4cc53ad8b70ede2e2563
0x32be343b94f860124dc4fee278fdcbd38c102d88,0xd8da6bf26964af9d7eed9e03e53415d37aa96045,1.69,2016-09-10T03:26:36+00:00,0x1668c247c98c3e4e0690538fbb49b5d261a214ade5812303c038609fa860fc07
0xd8da6bf26964af9d7eed9e03e53415d37aa96045,0xecf8f87f810ecf450940c9f60066b4a7a501d6a7,220.0,2016-09-10T03:28:23+00:00,0xf74595b347c68acd82a09c85e7f24a023cf9984eea7ba7f6c8eb4fd918115295
0xd8da6bf26964af9d7eed9e03e53415d37aa96045,0xecf8f87f810ecf450940c9f60066b4a7a501d6a7,0.0,2016-09-10T03:29:25+00:00,0x2d01c450aeeccac41848506736ea475276ef7850d02264beb4d9355deb465931
0xd8da6bf26964af9d7eed9e03e53415d37aa96045,0x364d85d117b9908adf6a441dc12638bda963fc01,0.0,2016-09-10T03:29:53+00:00,0xd88a8fd8f5025e123880b8a87e8f68f9ab7d61373367979c90952cf55040ff1c
0xd8da6bf26964af9d7eed9e03e53415d37aa96045,0xecf8f87f810ecf450940c9f60066b4a7a501d6a7,43.0,2016-09-13T07:55:12+00:00,0xcdbe4497c49ad1879326440be75a5a2fe221a6c2a371db8d73ea66860db2568a
0xd8da6bf26964af9d7eed9e03e53415d37aa96045,0x364d85d117b9908adf6a441dc12638bda963fc01,0.0,2016-09-13T08:21:43+00:00,0xcf6a240086e25fad8ac5a931895ff68b4ea289871d64146ce2a9bd5529305560
0xd8da6bf26964af9d7eed9e03e53415d37aa96045,0xc66ea802717bfb9833400264dd12c2bceaa34a6d,0.0,2016-09-13T08:22:06+00:00,0x8619f650db51fbe6c1edd6ccd8f943448ea1fef094aefb3a212f41a3d998ccc7
0xd8da6bf26964af9d7eed9e03e53415d37aa96045,0x364d85d117b9908adf6a441dc12638bda963fc01,0.0,2016-09-13T08:24:00+00:00,0x3aeff75ca054acbcf2b7a91ccd3a029c2035d62063da7d2d5dab5f209298c648
0xd8da6bf26964af9d7eed9e03e53415d37aa96045,0x364d85d117b9908adf6a441dc12638bda963fc01,0.0,2016-09-16T05:20:49+00:00,0x53d078dfd79f575589c2028f4613902091636bd88612b13cce36b883bbbb0ee9
0xd8da6bf26964af9d7eed9e03e53415d37aa96045,0xecf8f87f810ecf450940c9f60066b4a7a501d6a7,0.0,2016-09-16T22:34:19+00:00,0x5cfba170defe39d6cfebbedee93a8cc0699ffb0b71db5af03686873f6d274d08
0xd8da6bf26964af9d7eed9e03e53415d37aa96045,0xc66ea802717bfb9833400264dd12c2bceaa34a6d,0.0,2016-09-16T22:34:38+00:00,0xdce2dd8bbba965e4003d888f981918c60fb02dbe4e4c7e12353cd21baa07abb7
0xd8da6bf26964af9d7eed9e03e53415d37aa96045,0xdc7d570bb61a80e43eb250bbbb47754ae9e6449a,0.0,2016-09-16T22:35:24+00:00,0x10da1b3812627dc7c6faef15dc3dd3f25c3f5098117d6ed08cdcda202da1823b
0xd8da6bf26964af9d7eed9e03e53415d37aa96045,0x1db3439a222c519ab44bb1144fc28167b4fa6ee6,0.1,2016-09-30T09:55:34+00:00,0x379e5405f44a48aea8ac8f612c2ead7c7e6f200a599635d4cfbbefebff0c4431
0xd8da6bf26964af9d7eed9e03e53415d37aa96045,0x1db3439a222c519ab44bb1144fc28167b4fa6ee6,0.1,2016-09-30T09:57:38+00:00,0xfa4cd293a980df1cdeac656a1afd69ed5e7d848465767d33a6172888d6eb92eb
0xd8da6bf26964af9d7eed9e03e53415d37aa96045,0x1db3439a222c519ab44bb1144fc28167b4fa6ee6,0.1,2016-09-30T09:57:38+00:00,0x62c1b5c405913772a290c3e5562d13708e8ee935b972b80b1f3e4af4b544066e
0xd8da6bf26964af9d7eed9e03e53415d37aa96045,0x1db3439a222c519ab44bb1144fc28167b4fa6ee6,0.1,2016-09-30T09:57:38+00:00,0x3c8fe4604e6b0783946625e9813443f620f5c870e496b587153ff3b62cb5627b
0xd8da6bf26964af9d7eed9e03e53415d37aa96045,0x1db3439a222c519ab44bb1144fc28167b4fa6ee6,0.1,2016-09-30T09:57:38+00:00,0xfe21ad0eef5dc9a847f733340232e6e4f7d3f367ddaf1518326903029ac9331e
0xd8da6bf26964af9d7eed9e03e53415d37aa96045,0xd76b58f71271988f1235b55693b1a7d383011a92,0.0,2016-09-30T10:02:35+00:00,0x907e50d6d0ecf680658bc03c362932f5f2649e6bbf2511deac7d5fff3a89e086
0xd8da6bf26964af9d7eed9e03e53415d37aa96045,0x5030e0c9a07b54c45b3ff3bb24c442f5075d6a7f,0.0,2016-09-30T10:02:58+00:00,0xe6b6b8d09b3a2c694ed08ac180354b323d19ffcf13b673d4a6d93d27263c7a2c
0xd8da6bf26964af9d7eed9e03e53415d37aa96045,0x5030e0c9a07b54c45b3ff3bb24c442f5075d6a7f,0.03,2016-09-30T10:06:39+00:00,0x6f7c4a9c2dbc9adbb918a5119cad21c9af933beba2a0724d300ac2d0de9b481d
0xd8da6bf26964af9d7eed9e03e53415d37aa96045,0x5030e0c9a07b54c45b3ff3bb24c442f5075d6a7f,0.03,2016-09-30T10:07:47+00:00,0xb8ddcf57090e93b25582deea63f8ae739dadebcefead171789cec0197dc2d02c
0xd8da6bf26964af9d7eed9e03e53415d37aa96045,0x5030e0c9a07b54c45b3ff3bb24c442f5075d6a7f,0.0,2016-09-30T10:08:46+00:00,0x9f10785f8f7f2ffefbf657e2b79bf6f7ffb030420619ce3886f1eb3436746c3d
0xd8da6bf26964af9d7eed9e03e53415d37aa96045,0x2cec1ed41c42b4573a598979e3d416fb7bbdf4c2,0.0,2016-10-01T08:46:29+00:00,0x4798a3c02ef765cc227847f44413b50c1b94b8be3ed0dfc854f5b7f2105f51aa
0x1db3439a222c519ab44bb1144fc28167b4fa6ee6,0xd8da6bf26964af9d7eed9e03e53415d37aa96045,0.1,2016-10-30T06:56:55+00:00,0x2f4a1930baecf1bc64b43c5164c0a1d438b022e1bc591c6a5760605d337f34b3
0xd8da6bf26964af9d7eed9e03e53415d37aa96045,0x6090a6e47849629b7245dfa1ca21d94cd15878ef,50.0,2017-06-10T01:05:37+00:00,0xe4629d74de5131447550678e967881d2a8c34742e2246f8b7269eeb35672e529
0xd8da6bf26964af9d7eed9e03e53415d37aa96045,0x6090a6e47849629b7245dfa1ca21d94cd15878ef,0.0,2017-06-13T00:41:53+00:00,0xa64d2aff14deda869fc64e64c2e012018b0aca793ec1352ae7395def21546e14
0x1db3439a222c519ab44bb1144fc28167b4fa6ee6,0xd8da6bf26964af9d7eed9e03e53415d37aa96045,200.0,2017-06-13T00:50:19+00:00,0xd48ac786168e3e23fe8d2e1db2f10dca98140c3066aa4cd65544d3a7eb6814c9
0xd8da6bf26964af9d7eed9e03e53415d37aa96045,0x6090a6e47849629b7245dfa1ca21d94cd15878ef,250.0,2017-06-13T00:55:44+00:00,0x40173d76c1e689df2e2d441accc271bcb591a0b71cf9f617bac0c17206c5654c
0xd8da6bf26964af9d7eed9e03e53415d37aa96045,0x6090a6e47849629b7245dfa1ca21d94cd15878ef,0.0,2017-06-16T00:16:36+00:00,0x614f5a65dc44c4790f6abe0e7a6940e3f2aaa513196dc4cb4005e9b45cc0ad21
0xd8da6bf26964af9d7eed9e03e53415d37aa96045,0x6090a6e47849629b7245dfa1ca21d94cd15878ef,0.0,2017-06-16T00:26:12+00:00,0x6c104eeca1a773689575d6a3ac27b29f4fc4ff53aea7c6ad7c778527b3dab3d7
0xd8da6bf26964af9d7eed9e03e53415d37aa96045,0x6090a6e47849629b7245dfa1ca21d94cd15878ef,0.0,2017-06-18T08:39:14+00:00,0xdd16deb1ea750037c3ed1cae5ca20ff9db0e664a5146e5a030137d277a9247f3
0xd8da6bf26964af9d7eed9e03e53415d37aa96045,0xd26114cd6ee289accf82350c8d8487fedb8a0c07,0.0,2017-07-14T14:32:26+00:00,0xb45ccdfca767ca12a1ac144cef49355427c7d086eddfbdce5a147b4fe0fd87ba
0x9c67e141c0472115aa1b98bd0088418be68fd249,0xd8da6bf26964af9d7eed9e03e53415d37aa96045,40.91542163,2017-07-16T18:14:42+00:00,0xe635782fd442da48436d2d0a14a56ebb6bf09999124c1fd591d8f9618efc684a
0xd8da6bf26964af9d7eed9e03e53415d37aa96045,0xd26114cd6ee289accf82350c8d8487fedb8a0c07,0.0,2017-08-20T06:33:20+00:00,0x6b1da1487ebfbd072d8aa0569e4e72022fa3792911b11848c7ac0cb64d586f6a
0xd8da6bf26964af9d7eed9e03e53415d37aa96045,0xd26114cd6ee289accf82350c8d8487fedb8a0c07,0.0,2017-08-20T07:00:32+00:00,0x0c75a051a55bfd0e8793443d316e2d4db389bcf35212a74f0fd0171a5f122e97
0x0cfb686e114d478b055ce8614621f8bb62f70360,0xd8da6bf26964af9d7eed9e03e53415d37aa96045,0.008,2017-09-03T13:30:38+00:00,0x6fb33a085456e2de34522a70f829a4d816585ea1526ca9e5e05706c2f62691e7
0xd94c9ff168dc6aebf9b6cc86deff54f3fb0afc33,0xd8da6bf26964af9d7eed9e03e53415d37aa96045,1000.0,2017-09-03T14:16:02+00:00,0x9d25a4aa47b20ff1fe8e99c2f89bd578428d781fe907d2b4936e1e227a2f3df3
0xd8da6bf26964af9d7eed9e03e53415d37aa96045,0x27f706edde3ad952ef647dd67e24e38cd0803dd6,0.0,2017-09-06T12:53:03+00:00,0xfbcfc08ace44b0c0244927eb4e7949c0a712617983eb03a9bae3c59f7f7900c5
0xd8da6bf26964af9d7eed9e03e53415d37aa96045,0x27f706edde3ad952ef647dd67e24e38cd0803dd6,0.0,2017-09-06T18:14:03+00:00,0xe110727d120e9a7c480facc3f8633ece3bafccebcc578253ea4083371be54a64
0xfbb1b73c4f0bda4f67dca266ce6ef42f520fbb98,0xd8da6bf26964af9d7eed9e03e53415d37aa96045,0.015,2017-09-07T03:21:35+00:00,0xa237b4fac20b60ddcbc7ce4ce57eb13f381c76226c967e560e792d0dc3800dd0
0xd8da6bf26964af9d7eed9e03e53415d37aa96045,0xd26114cd6ee289accf82350c8d8487fedb8a0c07,0.0,2017-09-25T21:31:57+00:00,0xf1ef536e27ed72ae0743d633dbb9c225d861ba8be080558f2b702e52d4f1c9e8
0xd8da6bf26964af9d7eed9e03e53415d37aa96045,0xd26114cd6ee289accf82350c8d8487fedb8a0c07,0.0,2017-09-26T08:41:11+00:00,0x6c85bc925379265865d8598663529ee57da4a23cc7cde20195694cd25ba69da8
0xd8da6bf26964af9d7eed9e03e53415d37aa96045,0xd26114cd6ee289accf82350c8d8487fedb8a0c07,0.0,2017-10-02T03:52:06+00:00,0xd09b82b7f92eeaa2de356ad190535dbd06c1d6028c037a341e4eb33c07cce986
0xd8da6bf26964af9d7eed9e03e53415d37aa96045,0xd26114cd6ee289accf82350c8d8487fedb8a0c07,0.0,2017-10-03T07:40:55+00:00,0xb00eddecbc05e62dc9a83eba30017b03a1762c328338b082c6a143dbd23fe2fe
0xd8da6bf26964af9d7eed9e03e53415d37aa96045,0xd26114cd6ee289accf82350c8d8487fedb8a0c07,0.0,2017-10-11T05:19:43+00:00,0xb3f2ee74c16b5acb1ebdb0b336b5515da65fda8e5fea7fcecc19a654d7e74415
0xd8da6bf26964af9d7eed9e03e53415d37aa96045,0xd26114cd6ee289accf82350c8d8487fedb8a0c07,0.0,2017-10-20T20:33:39+00:00,0x32ce726cd2c148d0bad625d129e0d3ad18d0ef76a65f6caadff0a1d901c9cde8
0xd8da6bf26964af9d7eed9e03e53415d37aa96045,0xe659b84b23528f935ac669d23d834fcebf98b887,0.01,2017-10-20T20:35:45+00:00,0x63f3c6b99bd0886ac1021ea8c22e10fc3f0972dba924ba94ee45faf84c6bdf7c
0xd8da6bf26964af9d7eed9e03e53415d37aa96045,0xd26114cd6ee289accf82350c8d8487fedb8a0c07,0.0,2017-10-20T20:42:41+00:00,0xed01840999e68bb30e57272dc4619346921b60ec491b6948f03bbb0a36ff376e
0xd8da6bf26964af9d7eed9e03e53415d37aa96045,0x6b7a32f06df45badd0408347416e661e1b0de750,2.0,2017-10-20T21:14:10+00:00,0xb0b93ad49e7f85c27d218930e53bd57630138f6e0f5e2280a584e3ade8b1de3d
0xd8da6bf26964af9d7eed9e03e53415d37aa96045,0xd26114cd6ee289accf82350c8d8487fedb8a0c07,0.0,2017-10-27T14:33:40+00:00,0x5b438086d7ed9a9c5cea0308078d8cc673a60424e06823fb0860853680f4ba8c
0xd8da6bf26964af9d7eed9e03e53415d37aa96045,0xd26114cd6ee289accf82350c8d8487fedb8a0c07,0.0,2017-10-28T03:19:26+00:00,0x06613188a69b3fcaba4e70782d83acfe35ba6376dc7f9bc5ec07637b978fd0ad
0xd8da6bf26964af9d7eed9e03e53415d37aa96045,0xd26114cd6ee289accf82350c8d8487fedb8a0c07,0.0,2017-10-28T03:19:26+00:00,0x53123751698f3244d3c2523c678881dbbb1630b436e0d90712f9551e47bd1fa4
0xd8da6bf26964af9d7eed9e03e53415d37aa96045,0xdd974d5c2e2928dea5f71b9825b8b646686bd200,0.0,2017-11-17T04:01:39+00:00,0xf46583aef4a322fd5387ed13e51dfeb206c8edd6d6841e6e44eb05e57d7fa509
0xd8da6bf26964af9d7eed9e03e53415d37aa96045,0xdd974d5c2e2928dea5f71b9825b8b646686bd200,0.0,2017-11-21T09:58:35+00:00,0xfc2192e9716490dbe46c3d59c7c99f81d3b685118b01e2812872a6aae7049c4b
0xd8da6bf26964af9d7eed9e03e53415d37aa96045,0xc66ea802717bfb9833400264dd12c2bceaa34a6d,0.0,2017-11-21T10:01:58+00:00,0x5de94d93f2faf00d23c5a35f0b917c26efa3b3a0f960b97c359248b983e5867a
0xd8da6bf26964af9d7eed9e03e53415d37aa96045,0x0cfb686e114d478b055ce8614621f8bb62f70360,505.0,2017-11-21T10:03:34+00:00,0x565d32190fc9ec52fa87e4da5baa2400a8e6b2ce0c3dadb791f13db47debc51f
0xd8da6bf26964af9d7eed9e03e53415d37aa96045,0xc66ea802717bfb9833400264dd12c2bceaa34a6d,0.0,2018-04-23T13:59:38+00:00,0xe1c301d713e7888072da98b35add2bad77649a9ada0ef0489b73037331fadc70
0xd8da6bf26964af9d7eed9e03e53415d37aa96045,0x818e6fecd516ecc3849daf6845e3ec868087b755,0.01,2018-09-13T08:46:57+00:00,0x06d3839b4dde3fee9208b360306fa1c0b33a9f67b0f9cb2145f68a6f65a77480
0xd8da6bf26964af9d7eed9e03e53415d37aa96045,0x818e6fecd516ecc3849daf6845e3ec868087b755,0.005,2018-09-13T08:51:07+00:00,0x5e8e19450ac209427ee5e5979db291570aad0f277b9a706298497ad3fae44487
0xd8da6bf26964af9d7eed9e03e53415d37aa96045,0xc02aaa39b223fe8d0a0e5c4f27ead9083c756cc2,0.1,2018-12-23T13:47:34+00:00,0xd993061300af47515afa9d60fadc5f7b60638b7ad3c78bdc55295e784243a569
0xd8da6bf26964af9d7eed9e03e53415d37aa96045,0xa5c9ecf54790334b73e5dfa1ff5668eb425dc474,0.0,2018-12-23T14:04:09+00:00,0x5dadba8b590f4e8fd1a331e0726c2d27809223645f479e7d7cf67741eb832c4e
0xd8da6bf26964af9d7eed9e03e53415d37aa96045,0xa5c9ecf54790334b73e5dfa1ff5668eb425dc474,0.0,2018-12-23T14:05:59+00:00,0x815e5cc6e8b3569e3d96128b08ce24f51305a8a3d3fdaa7f8671107e6bf91f16
0xd8da6bf26964af9d7eed9e03e53415d37aa96045,0xc02aaa39b223fe8d0a0e5c4f27ead9083c756cc2,0.0,2018-12-23T14:09:45+00:00,0xff65029ac17a0ee7c392e97dcbe9fcf3b1699e08ba0688ba5d1660f0881960c4
0xd8da6bf26964af9d7eed9e03e53415d37aa96045,0xa5c9ecf54790334b73e5dfa1ff5668eb425dc474,0.0,2018-12-23T14:11:54+00:00,0x637617194f4d4c011e51eda6f2e3db422c5ac1057517e9767622c9690f0b50d1
0xd8da6bf26964af9d7eed9e03e53415d37aa96045,0xc02aaa39b223fe8d0a0e5c4f27ead9083c756cc2,0.0,2018-12-23T14:13:33+00:00,0x02817613d01a0ab9d2a79399308abf67274a72fb67ac39b3a356033bfad8399e
0xd8da6bf26964af9d7eed9e03e53415d37aa96045,0xa5c9ecf54790334b73e5dfa1ff5668eb425dc474,0.0,2018-12-23T14:14:40+00:00,0xb5b72aed692df19bea08e19ac6593476e5339a78808e78eaca635a77f8e46977
0xd8da6bf26964af9d7eed9e03e53415d37aa96045,0x6090a6e47849629b7245dfa1ca21d94cd15878ef,0.0,2019-07-10T05:58:51+00:00,0xea30bda97a7e9afcca208d5a648e8ec1e98b245a8884bf589dec8f4aa332fb14
0xd8da6bf26964af9d7eed9e03e53415d37aa96045,0xf0ad5cad05e10572efceb849f6ff0c68f9700455,0.01607196073918491,2019-07-10T06:01:21+00:00,0xe041715c535731cbae8473248b293e8a2355c38301c616adadb74a9f3e9e2309
0xd8da6bf26964af9d7eed9e03e53415d37aa96045,0x6090a6e47849629b7245dfa1ca21d94cd15878ef,0.0,2019-07-10T06:03:56+00:00,0x9386f4c688be0d6007d35562d45a7de0c312e19711ba9b4e2cce57b0233a9726
0xd8da6bf26964af9d7eed9e03e53415d37aa96045,0xf0ad5cad05e10572efceb849f6ff0c68f9700455,0.01607196073918491,2019-07-10T06:07:39+00:00,0x84f5ca64aadacaf1bf438760cb40acdb84a1e09630985e2f0a6c1b22924ed137
0xd8da6bf26964af9d7eed9e03e53415d37aa96045,0xe692869347b9b18ef2deed19ae1bbace303b52b0,3.0,2019-10-11T13:34:33+00:00,0x4f8b944eb2e2f3384894286661a8282bc199ce3b93419896f0d7f1b8e2792ee3
0xd8da6bf26964af9d7eed9e03e53415d37aa96045,0x314159265dd8dbb310642f98f50c066173c1259b,0.0,2019-10-29T13:40:16+00:00,0x4a183e0ca3ab37956b600b7f3249826280897bc9ac6325c98e235d6a8c98e30c
0xd8da6bf26964af9d7eed9e03e53415d37aa96045,0x226159d592e2b063810a10ebf6dcbada94ed68b8,0.0,2019-10-29T13:47:34+00:00,0x09922ac0caf1efcc8f68ce004f382b46732258870154d8805707a1d4b098dfd0
0xd8da6bf26964af9d7eed9e03e53415d37aa96045,0x226159d592e2b063810a10ebf6dcbada94ed68b8,0.0,2019-10-29T13:48:34+00:00,0xa1d55ef0c616993359b62e059d0696a87e1c4248a918f0d52168b01be7df84db
0xd8da6bf26964af9d7eed9e03e53415d37aa96045,0x9062c0a6dbd6108336bcbe4593a3d1ce05512069,0.0,2019-10-29T17:23:20+00:00,0xc9fbb6fecc767d532f019880fe1e267b96ef8aef23656e073b7ca95513468b9a
0x3379e1cdb6ef6515dbfaece748b69083ad28aa67,0xd8da6bf26964af9d7eed9e03e53415d37aa96045,0.002,2019-11-15T11:46:15+00:00,0x9abef55652f6513f5a134462e8b831e21d8a1a596b1dab103126956ae4bf1ba7
0xa7cba8eec7079345a5681d3d847da2da0b31dd42,0xd8da6bf26964af9d7eed9e03e53415d37aa96045,0.000182983969415307,2019-11-19T05:41:03+00:00,0xb739993dd01dd5b556321b301bd9498c9b3f7e8ab77301e2730fc71fc9a4c70c
0x0056e5148741ba26729e7d2330a1fe8668929d7c,0xd8da6bf26964af9d7eed9e03e53415d37aa96045,0.002,2019-12-15T04:09:13+00:00,0x5fe5f63041c670d73d41799dcb66178474bf357fc10ae94875f1b0c3e36c1d0e
0x7b4a4ea6b348ab30485db514fbdd17d59539dc99,0xd8da6bf26964af9d7eed9e03e53415d37aa96045,1e-09,2019-12-21T16:25:06+00:00,0xd9da613bf46e0f667bbe57dee0b0b2b7341ba80411ca39244872ea6519e69762
0x363fdb02aee6838afb0e034dc5ea54eb8e31e8b9,0xd8da6bf26964af9d7eed9e03e53415d37aa96045,1e-09,2020-01-05T14:16:20+00:00,0x845990bce5d91af74aee7fd58fa40d60b34f5ff3981373cc8b652108a100e04b
0x363fdb02aee6838afb0e034dc5ea54eb8e31e8b9,0xd8da6bf26964af9d7eed9e03e53415d37aa96045,1.337e-08,2020-01-05T14:38:50+00:00,0xa8dfc02c443c03d3178526ffcfc46075f0a53cda2a389ed897d128caf161fe5c
0x363fdb02aee6838afb0e034dc5ea54eb8e31e8b9,0xd8da6bf26964af9d7eed9e03e53415d37aa96045,1.337e-08,2020-01-05T14:40:14+00:00,0x9ba32fa24a686458a9c9539fa5a72a893c37f2cce794b5df3c939cd69922c90c
0x363fdb02aee6838afb0e034dc5ea54eb8e31e8b9,0xd8da6bf26964af9d7eed9e03e53415d37aa96045,1.337e-08,2020-01-05T14:40:14+00:00,0xad11c1ebb5497214d9096a2ff6d36518f0b31febcaa13722851518a5cbbac78a
0x363fdb02aee6838afb0e034dc5ea54eb8e31e8b9,0xd8da6bf26964af9d7eed9e03e53415d37aa96045,1.337e-08,2020-01-05T14:40:25+00:00,0xbc27f50e0d4b41c79b6a8590528581fa045bc2127e2e57842a2930d6feb9ccdb
0x363fdb02aee6838afb0e034dc5ea54eb8e31e8b9,0xd8da6bf26964af9d7eed9e03e53415d37aa96045,1.337e-08,2020-01-05T14:40:33+00:00,0xd0c04db25885c89413c39abfccb25d13923fabfca86748570cf19136d3905579
0x363fdb02aee6838afb0e034dc5ea54eb8e31e8b9,0xd8da6bf26964af9d7eed9e03e53415d37aa96045,1.337e-06,2020-01-05T17:55:29+00:00,0x0e51e59b9545e8da66d61f2ba70ceeff9acc1ef3f3e8fc6873d72445c71c6175
0x3dda1d6ad867d28e76ed733dc1d357d249039310,0xd8da6bf26964af9d7eed9e03e53415d37aa96045,0.0,2020-01-07T09:48:17+00:00,0x211efea7307a064ba4f210a6b3568a71c16118c3a38be4edb97b589cdc1a7bef
0x8d3caf6b8630038eec261646a53476402c8fc739,0xd8da6bf26964af9d7eed9e03e53415d37aa96045,1e-06,2020-01-09T12:50:38+00:00,0xede1eb15f5e74520dab15047b4755ec674635f6002a3c05d65b4b6695249898c
0xc5748c74b99e6948d8f5738e7e0a8da12e322099,0xd8da6bf26964af9d7eed9e03e53415d37aa96045,0.001,2020-01-13T02:29:59+00:00,0x5fa5bc2070fb535ea46eecdfa7715944642e5a8937484fdf64b33478736cf8d7
0x392cf49ef5219a28cf3e5de4ac56214365a85af0,0xd8da6bf26964af9d7eed9e03e53415d37aa96045,0.0,2020-01-28T03:54:03+00:00,0x2d8bbb0d65ffb567ec091997df89244021ac284adb6f27a69c62e8c970d86c52
0xce2b8fdfbfe3677a994cfbbe7924a748345fdef1,0xd8da6bf26964af9d7eed9e03e53415d37aa96045,1e-07,2020-01-28T05:08:20+00:00,0xc033118620554652e0d3ffa403c7581ed76e829f81311088b9756bd5b9d3541c
0x5e9c1e2d525ffd382a11ce706607a61ff3ced75f,0xd8da6bf26964af9d7eed9e03e53415d37aa96045,0.001,2020-01-29T20:26:00+00:00,0x5d4d441be5afe289cfb686223f5ebfc4d78ed98ba7b9412c47df602c14c09534
0x08e240028a8b4106f802185a3eb9f39e39b56692,0xd8da6bf26964af9d7eed9e03e53415d37aa96045,0.0005,2020-02-01T01:45:13+00:00,0x698b9f893199bcba7773c0d7a8ee6d6f8f8f3bd78ca1d71c9077fa5f6a37c0f8
0x5e9c1e2d525ffd382a11ce706607a61ff3ced75f,0xd8da6bf26964af9d7eed9e03e53415d37aa96045,0.0003,2020-02-06T17:33:32+00:00,0xed7824bfadfccd098bfb1005f18796f35f22f57c0d2a76c44835c29025c3822f
0xd8da6bf26964af9d7eed9e03e53415d37aa96045,0xb1e14bccad2f1f5a58fa789d80f8e4142d9f7eaf,800.0,2020-02-06T18:55:08+00:00,0x43884a9355d54dae48ad37bad5889a50f19af1f8f231143e15add370a42d1f26
0x332777864cce8879efe2356de27946b643be38d0,0xd8da6bf26964af9d7eed9e03e53415d37aa96045,0.000372710161942565,2020-02-13T23:33:58+00:00,0x1431d96e733e275744af33dfb84d3adebf68663548625fb237da6e23663da746
0xd8da6bf26964af9d7eed9e03e53415d37aa96045,0x62700146f115fe08ca37be4a3a91935b28dfbc08,0.0,2020-03-19T23:11:55+00:00,0xb591a8162204ac5aa6db1dd867c75569dea9a3035fad51212cd4babe5cfcc755
0xd8da6bf26964af9d7eed9e03e53415d37aa96045,0x3945d766185e2264900c84fac10958b3619c2bd4,0.09500000000000001,2020-03-23T17:27:27+00:00,0x7a58169130cc7273c5ed891f6d1b91fd811386246738c7c0aa5d78cff02626e9
0xd8da6bf26964af9d7eed9e03e53415d37aa96045,0x00de4b13153673bcae2616b67bf822500d325fc3,0.005000000000000001,2020-03-23T17:27:27+00:00,0xa9b7d9defa2dcf8c7c6241ec846e129b9209be74712e81a7f7e34f048ffa5c07
0xd8da6bf26964af9d7eed9e03e53415d37aa96045,0x00de4b13153673bcae2616b67bf822500d325fc3,0.09500000000000001,2020-03-24T11:14:46+00:00,0x314b63edc269ff50bed4972c89b90df1c70d87dae40ac6f4ec84eaadd95b9e0a
0xd8da6bf26964af9d7eed9e03e53415d37aa96045,0x00de4b13153673bcae2616b67bf822500d325fc3,0.005000000000000001,2020-03-24T11:14:46+00:00,0xa6fc113dbe011af195455b2878705d6c0ed884aea8dba112530adf39e763ecc7
0xd8da6bf26964af9d7eed9e03e53415d37aa96045,0x314159265dd8dbb310642f98f50c066173c1259b,0.0,2020-03-24T17:58:29+00:00,0xf105d4322a9edb88ac2874cc0740e2fe885e6390dedd1222b95aad33f01a9dfc
0x7bf6fc2f7a4867c3b8c1b7a55fdf01800774a1ff,0xd8da6bf26964af9d7eed9e03e53415d37aa96045,0.0,2020-04-17T13:18:28+00:00,0x052c69bab3337614cfc3d50505ef30538943a82a3edae18edcd6d1825f20ffd4
0xd8da6bf26964af9d7eed9e03e53415d37aa96045,0x910cbd523d972eb0a6f4cae4618ad62622b39dbf,10.0,2020-05-22T01:36:34+00:00,0xcfb2f3b3dde6af53c2b68e6289f0d4137cf63bae6b14adaffca97b2bc41fd672
0xd8da6bf26964af9d7eed9e03e53415d37aa96045,0x910cbd523d972eb0a6f4cae4618ad62622b39dbf,10.0,2020-05-22T01:37:01+00:00,0xde62368e181700c96daeb002116297b4be421ba3dc0eb10eb16a1f23cda1cbbc
0xd8da6bf26964af9d7eed9e03e53415d37aa96045,0x910cbd523d972eb0a6f4cae4618ad62622b39dbf,10.0,2020-05-22T01:37:19+00:00,0x31bff9248de7cae7e695ac64e48e70736c243727f7946ff456f933d9e996352e
0xd8da6bf26964af9d7eed9e03e53415d37aa96045,0x910cbd523d972eb0a6f4cae4618ad62622b39dbf,10.0,2020-05-22T01:37:40+00:00,0x5c5b1c38a48e9e8aac1c16cdd97e1a0f1639fe6da88231f893f1b3c0f9c3eda4
0xd8da6bf26964af9d7eed9e03e53415d37aa96045,0x910cbd523d972eb0a6f4cae4618ad62622b39dbf,10.0,2020-05-22T01:37:49+00:00,0x6a6e605d0417c7b23a66bbc9dffa2eef947f89122e8d83e575d827910acdb09d
0xd8da6bf26964af9d7eed9e03e53415d37aa96045,0x7d655c57f71464b6f83811c55d84009cd9f5221c,11.0,2020-06-26T20:40:43+00:00,0xf372f3135a68c9a928eef65dcb970b1f5c8be28d337c15d82019af170036e5f2
0xf0f21ab2012731542731df194cff6c77d29cb31a,0xd8da6bf26964af9d7eed9e03e53415d37aa96045,1e-10,2020-07-06T06:36:05+00:00,0x3b8dc97ff6e228096426edaa3c5b7178ca41c627ff17b38506d90162d9892039
0xf0f21ab2012731542731df194cff6c77d29cb31a,0xd8da6bf26964af9d7eed9e03e53415d37aa96045,0.0001,2020-07-06T10:09:48+00:00,0x0ecf589ef842431dec8b6b541fe166baa3a67a001c752457a900c26a9492ab1a
0xd8da6bf26964af9d7eed9e03e53415d37aa96045,0x283af0b28c62c092c9727f1ee09c02ca627eb7f5,0.14054689255943764,2020-08-01T08:47:08+00:00,0xab2cc289b49a5ccc797a699e831f5b9672c12cc69f6077ca8075bc6c8d18e760
0xd8da6bf26964af9d7eed9e03e53415d37aa96045,0x6e5e7d5dcad928c814caf7af7b0e706049a36629,1.0,2020-08-20T10:22:20+00:00,0xe169f05990bfd860cb47431d8d2f251733b694aa2ae8c8a5739855c37bf6ab7e
0x0aa09d795b856639e3780a22caded36d226f31b2,0xd8da6bf26964af9d7eed9e03e53415d37aa96045,0.001,2020-08-23T10:44:31+00:00,0x09f45ed3b333182e997c513144a900115eccd7655b891d15431157e743988391
0xddfc2e10702d8a781727a34d83b3bb3ca94a3e91,0xd8da6bf26964af9d7eed9e03e53415d37aa96045,0.0,2020-09-10T07:27:59+00:00,0x88825367be44a7de4d280b5d7b45167cd759f270482291369981c6bad7a1b54b
0x61095a23df5a2442a6ca33bf5f6c30be4449eec2,0xd8da6bf26964af9d7eed9e03e53415d37aa96045,2.784119383039e-06,2020-09-30T22:34:04+00:00,0x221ed42aadbc86f0b334a1c82033a31b4ca71e24e99d9b7bc30f606134d1cb6c
0xdb01a28ccf8a8bc1a0928b267594a74cbab03ed5,0xd8da6bf26964af9d7eed9e03e53415d37aa96045,0.0005,2020-10-14T07:22:14+00:00,0x76c8aa4ab16c606254f1f8332da964522e5637116242cf198905af241c347b8d
0x60ce43490fe4375e023abc8f80d4f6e58b0f692a,0xd8da6bf26964af9d7eed9e03e53415d37aa96045,0.01,2020-10-20T16:59:11+00:00,0xf566a68a7d2ae26c9d27b1549c64da04fb77ec9b5349d77a0d30ac0a7b28692c
0xf6780321f4d5fe449f4632e4b80defba4fd2b1ea,0xd8da6bf26964af9d7eed9e03e53415d37aa96045,0.0,2020-11-25T06:10:35+00:00,0xdcfa0037fbc1b56287f1530c8dbd71544b6aaf0872246c60831a8060616aebb0
0xe3ba6bcfd9f9c4f49d7fd9268dd4633588ca57c8,0xd8da6bf26964af9d7eed9e03e53415d37aa96045,1e-18,2020-12-11T07:42:11+00:00,0xe93caaa5ec4f1797aa1dbab8450cf83941928e68aa383ac5211519cf3e64484c
0x1702f2d0df7c99011a690461c34e51bd81cbab48,0xd8da6bf26964af9d7eed9e03e53415d37aa96045,0.001,2020-12-18T16:22:29+00:00,0x12b67b69b1cdb06131803221763f6687ba1fac57975f064d90995705f4111994
0x7976622f261ab2a23eff07da1bbf5ebc168c647b,0xd8da6bf26964af9d7eed9e03e53415d37aa96045,0.001,2020-12-18T16:25:03+00:00,0x2ed3519b55fd8c3142039ade5707775bb7ddc03ec7b97021c5e4a68f56e012be
0xe3ba6bcfd9f9c4f49d7fd9268dd4633588ca57c8,0xd8da6bf26964af9d7eed9e03e53415d37aa96045,1e-18,2020-12-18T19:25:20+00:00,0xbda7cf1f4c3badf059db279f006439614aeac4304cb7c2f5ff2f98267eca7ad0
0x3c809101fbab307278cb3f3497796ba89f938cef,0xd8da6bf26964af9d7eed9e03e53415d37aa96045,1e-05,2020-12-20T00:50:38+00:00,0xdf47c50372abe3b460fe8ce005e398ad6104b19ac2d1d688709e9d8a91eaef5d
0xe3ba6bcfd9f9c4f49d7fd9268dd4633588ca57c8,0xd8da6bf26964af9d7eed9e03e53415d37aa96045,2e-18,2020-12-20T17:26:19+00:00,0x70e63afd3cf71c103d1427ff1fd374a5460fa3684ae6a3ec7d6830b8ccf0bcb4
0xe3ba6bcfd9f9c4f49d7fd9268dd4633588ca57c8,0xd8da6bf26964af9d7eed9e03e53415d37aa96045,3e-18,2020-12-20T17:26:48+00:00,0x658312d4079602ff3502930dce6d427f2b27ecb4259a7cdb3674bd9d908c6b72
0xe3ba6bcfd9f9c4f49d7fd9268dd4633588ca57c8,0xd8da6bf26964af9d7eed9e03e53415d37aa96045,5e-18,2020-12-20T17:27:32+00:00,0x81aa7eed78ae002fd9d84d68f3de3f396da42d1e73b23cbbd6fe5bbf4cb64308
0xe3ba6bcfd9f9c4f49d7fd9268dd4633588ca57c8,0xd8da6bf26964af9d7eed9e03e53415d37aa96045,8e-18,2020-12-20T17:28:46+00:00,0x5f914e87e3f68cde94831e30d80160efd369dcb4eae53795f13ac585e102bd49
0xe3ba6bcfd9f9c4f49d7fd9268dd4633588ca57c8,0xd8da6bf26964af9d7eed9e03e53415d37aa96045,1.3e-17,2020-12-20T17:29:15+00:00,0x6350e688b4f8320bca387a2a939c6895543df00570354050e79b3d58e920135c
0xf3b1b6e83be4d55695f1d30ac3d307d9d5ca98ff,0xd8da6bf26964af9d7eed9e03e53415d37aa96045,0.0,2020-12-25T21:41:00+00:00,0x50a39aea2fe25803b5a7f8baee22e5da54105cdccb192d82dc723538d05b6244
0xe3ba6bcfd9f9c4f49d7fd9268dd4633588ca57c8,0xd8da6bf26964af9d7eed9e03e53415d37aa96045,3.6e-17,2020-12-31T04:41:09+00:00,0x20764965e49003e68828b594a1076faf65421db8b8c9668be3395ff1cee846ae
0xf27a63071354a265a8c7ee89c3ca9cb4660ac170,0xd8da6bf26964af9d7eed9e03e53415d37aa96045,0.0020254856,2021-01-12T01:56:29+00:00,0xe9d7fc48af04ac80e4790ef45551c22daf32cc31e3a5902b71c0fb3d6cab1987
0xff3ed6d0c66a589f2c2689bbc949a99f21b22140,0xd8da6bf26964af9d7eed9e03e53415d37aa96045,9.11e-16,2021-01-15T02:00:00+00:00,0x0c3a27a8d310045c272995f2a64b833111e3ffa403f6618cd33a5e6696643ec9
0xddfc2e10702d8a781727a34d83b3bb3ca94a3e91,0xd8da6bf26964af9d7eed9e03e53415d37aa96045,0.0,2021-01-26T07:14:24+00:00,0x7f22fe7c85e487d1de38d99609b7dcd9094093c00c2e2de0a44d49caa3cc5262
0xa0917a631b5a0cd28d7e7a023152ecec80f4f9e9,0xd8da6bf26964af9d7eed9e03e53415d37aa96045,1e-05,2021-01-28T13:22:03+00:00,0x2944e493172a3c54f5ff5a7f2fad69ab14154a01545c6bb660c2c94a6c18e7bd
0xd8da6bf26964af9d7eed9e03e53415d37aa96045,0x6b175474e89094c44da98b954eedeac495271d0f,0.0,2021-02-14T13:50:24+00:00,0x86b3f9a945dd7999f9c8cc0bda6e8e3bf83ae9ea7b1fc7563df810809da15259
0xd8da6bf26964af9d7eed9e03e53415d37aa96045,0xabefbc9fd2f806065b4f3c237d4b59d9a97bcac7,0.0,2021-02-14T13:51:27+00:00,0xaba3379b8c81b2734a04ef688580b724b25a36c71e1933c79fdcc4b313fd7ec1
0xd8da6bf26964af9d7eed9e03e53415d37aa96045,0xabefbc9fd2f806065b4f3c237d4b59d9a97bcac7,0.0,2021-02-15T13:02:39+00:00,0x4ae91f97b33b2581f4820f1483bd6164414b4944dedd5c70715b8c90a4d8296f
0xd8da6bf26964af9d7eed9e03e53415d37aa96045,0x4976fb03c32e5b8cfe2b6ccb31c09ba78ebaba41,0.0,2021-02-15T17:19:09+00:00,0x160ef4492c731ac6b59beebe1e234890cd55d4c556f8847624a0b47125fe4f84
0xd8da6bf26964af9d7eed9e03e53415d37aa96045,0x00000000000c2e074ec69a0dfb2997ba6c7d2e1e,0.0,2021-02-15T17:19:17+00:00,0xbb13efab7f1f798f63814a4d184e903e050b38c38aa407f9294079ee7b3110c9
0xd8da6bf26964af9d7eed9e03e53415d37aa96045,0x2e3fec0cfde373465154e36dcd11113952523776,1.0,2021-02-16T18:30:14+00:00,0x457c72ccd4362d5414e101c5ed5bbbb96d32f515237d2d577be45f93e1d63543
0xa0917a631b5a0cd28d7e7a023152ecec80f4f9e9,0xd8da6bf26964af9d7eed9e03e53415d37aa96045,0.0001,2021-02-17T16:44:19+00:00,0x41613f5981bf0b3d155ef002644bf5263fcd748d74163123ce60666bc6b560d9
0xd8da6bf26964af9d7eed9e03e53415d37aa96045,0x6b175474e89094c44da98b954eedeac495271d0f,0.0,2021-02-17T19:58:27+00:00,0x995817820f908e048ba4fa2437f8956a809fd36a63c748d0f62d52d18069a423
0x235c8a2cfd70145ba3be1c91b277c8ea7a583356,0xd8da6bf26964af9d7eed9e03e53415d37aa96045,2e-09,2021-02-20T17:48:16+00:00,0x666df8c4c60108a375298f84d9fcf4f18ff746b0d63f3cacf5d8a9349df5520c
0x7f50efc09474ee3eadd4d03c2111e24203c1d6ec,0xd8da6bf26964af9d7eed9e03e53415d37aa96045,3.6e-10,2021-02-21T05:41:31+00:00,0xbd7817164f0fab1974b1ae162f32c2d2b0e70c501cf5aa11249618dfc0d755a9
0xa0917a631b5a0cd28d7e7a023152ecec80f4f9e9,0xd8da6bf26964af9d7eed9e03e53415d37aa96045,1e-07,2021-02-24T12:43:49+00:00,0x57bd596817df2a28f1a74f82c349a5be68953b04dd217695d3a668ce097fa71d
0xd8bb7a9415d9d5a85e64abfbe8330845c148ba17,0xd8da6bf26964af9d7eed9e03e53415d37aa96045,0.0034968,2021-03-03T16:52:11+00:00,0x5aaf937c1bb597295faba305e9ccacda3cd964ea9a471f309e18a3b9effa8fcf
0xd8bb7a9415d9d5a85e64abfbe8330845c148ba17,0xd8da6bf26964af9d7eed9e03e53415d37aa96045,0.000830845,2021-04-10T00:02:51+00:00,0x9b5db041b857bdfb5b66f015684b2c8fd575438901ed57dbdab88147a78042cf
0x3f46680099cf623163c96747a8addb85a1da1cd1,0xd8da6bf26964af9d7eed9e03e53415d37aa96045,0.01,2021-04-15T16:33:33+00:00,0x932012f39cd7f8bb58d000ee13603707e85fdc3606802a48e68aef32d04b3747
0x9a0f2499e1d720e406f4ba4df9e7b48ad5e8786d,0xd8da6bf26964af9d7eed9e03e53415d37aa96045,0.00129205,2021-04-19T18:39:12+00:00,0x0f65c7fd22a4ba7234c082724f16f574d49dd28edb0cd8f1b2af3120c48d5879
0xd8da6bf26964af9d7eed9e03e53415d37aa96045,0x76e2cfc1f5fa8f6a5b3fc4c8f4788f0116861f9b,0.0,2021-05-12T00:57:52+00:00,0x61ceba58f7a1dcf73f5303b1e229df21ce24f689425b5f0ee02167efd01f2706
0xd8da6bf26964af9d7eed9e03e53415d37aa96045,0x220866b1a2219f40e72f5c628b65d54268ca3a9d,1.0,2021-05-12T01:01:43+00:00,0x90608fbb96a4ffe59ff43068cf39189f30d09a55eca0857495441897d6b9bf10
0xd8da6bf26964af9d7eed9e03e53415d37aa96045,0x220866b1a2219f40e72f5c628b65d54268ca3a9d,0.0,2021-05-12T05:03:18+00:00,0xbf59ec6a9a3c6ad430ba46af0716cd0bfc87bcd1be3dca099f60fab35caba15f
0xab5801a7d398351b8be11c439e05c5b3259aec9b,0xd8da6bf26964af9d7eed9e03e53415d37aa96045,8700.0,2021-05-12T18:40:46+00:00,0x0ac287749b01ac507e386706d47eee195eff69b429295b0285824722a12aa3c6
0x12ccf4b7010f5b201c8fda0f880f0ba63b1a88f3,0xd8da6bf26964af9d7eed9e03e53415d37aa96045,0.0,2021-05-12T21:01:59+00:00,0xe080f5d0f06beda19219182e1f166abdfffb367f67adb28d7213d6c2d11f381b
0x12ccf4b7010f5b201c8fda0f880f0ba63b1a88f3,0xd8da6bf26964af9d7eed9e03e53415d37aa96045,0.0,2021-05-12T21:05:11+00:00,0x20d361b763330dc8216920e5b650882f59f1758f7d44f870111541c999836c81
0x12ccf4b7010f5b201c8fda0f880f0ba63b1a88f3,0xd8da6bf26964af9d7eed9e03e53415d37aa96045,0.0,2021-05-12T21:05:11+00:00,0x28008b30b8b079368a205ed16a299da329765408577a3c5b7c75473c628ecb82
0xd8da6bf26964af9d7eed9e03e53415d37aa96045,0x4e969d3ad9f6c39ab78b0d285b6b34dea6752d12,100.0,2021-05-16T21:57:57+00:00,0xbe71057f461c3d10114a79f08d2abbab207aee3a801a7583b9f5fbb9ddfbe64f
0xff202cbc6c794516164e45621143acde4a3fea24,0xd8da6bf26964af9d7eed9e03e53415d37aa96045,0.00218054,2021-05-27T07:11:35+00:00,0x2b75b18a3ff12aad706e9bc466217eaa2eb49495e7ca49361a2c742d6eb43ec9
0x9a0f2499e1d720e406f4ba4df9e7b48ad5e8786d,0xd8da6bf26964af9d7eed9e03e53415d37aa96045,0.000367613270839077,2021-06-07T19:30:06+00:00,0xf99cc195f97df91dc3692797322943f814bab400d03d5e9a8961ce6fdcc315fb
0x41c7b26ad4873930aa0362a23cdf06f7769288bf,0xd8da6bf26964af9d7eed9e03e53415d37aa96045,1e-08,2021-06-21T00:09:45+00:00,0xe472d7073c0c01d29aa78ef18be42a9100b8d1c2c024132e809857302efa6527
0xd8da6bf26964af9d7eed9e03e53415d37aa96045,0x1aaf2f422f39687459031e6b9a788eccab84d214,1000.0,2021-07-01T23:33:10+00:00,0xce25ece388c74913f28a525fcb5f4cea8b777571f07635c1777a84b15c0ffb8c
0x00000000bb655c688bbace344c91c6a52489bed5,0xd8da6bf26964af9d7eed9e03e53415d37aa96045,0.043397761724098365,2021-07-02T17:07:53+00:00,0x2650f26de13ee6107cbd2db44504423fb826515d9e99709e7efa08181ac24ec6
0x15e52d3c60c623efc8d51b9e92c2a99e9dbaab4a,0xd8da6bf26964af9d7eed9e03e53415d37aa96045,0.01149077,2021-07-07T16:22:47+00:00,0xc3edc7989824592947f8c68120a5b51f3a6470db7dbb630af83229203c8c8e9c
0xfa632f1461f71b9d2658b2cea8494e8d3548fb62,0xd8da6bf26964af9d7eed9e03e53415d37aa96045,1e-05,2021-07-08T21:41:41+00:00,0xa75dcdfb308fe39efd79b275b12262ace807a8851fb1b64c3504705495cc6c67
0x4a414746eec3ea240bd2ab19355f0c3946070b74,0xd8da6bf26964af9d7eed9e03e53415d37aa96045,0.01,2021-07-11T15:53:22+00:00,0x9a5e779941700c39cbae536fb774320679590a46fccd69e376308fbc53a67583
0x000000884f4d8a45a80eee2fe142f94e1572256e,0xd8da6bf26964af9d7eed9e03e53415d37aa96045,0.00055377,2021-07-12T00:02:34+00:00,0xd4f0075d171e879db5b4b9ec2c03f911174f243e973aff127809eee3ec090528
0x09fdd9f27aa092044fd42d3f44e9efe67c1a169b,0xd8da6bf26964af9d7eed9e03e53415d37aa96045,0.0,2021-07-19T02:43:54+00:00,0xb15ac8980ba773df32b27897568bc0fefdee39458e3ad21f3bad00c3d862638e
0x9b6a1051286a1cb79cc951b3d6a045c342d0a2a9,0xd8da6bf26964af9d7eed9e03e53415d37aa96045,0.0,2021-08-10T23:22:35+00:00,0xaccc83eca49726e60d92907cf6710797e0014e55595301d8169992dee0bf4b35
0x099f8498348792abe502ec12f6163254dbbe321e,0xd8da6bf26964af9d7eed9e03e53415d37aa96045,0.000100100001101001,2021-08-11T05:17:02+00:00,0x8f4f0cb6abf6abf15f5bdfc1084ea47a724b22b8d6bf18fea15841ed0e7975b8
0xdd737314dad2726c8a302ca5a3148d06ac7cd875,0xd8da6bf26964af9d7eed9e03e53415d37aa96045,1e-05,2021-08-12T09:08:03+00:00,0xb31e982b42f98ce324bbbed11f82b4b232e3a3d743fe0572cb9b8e893b378dae
0xd8da6bf26964af9d7eed9e03e53415d37aa96045,0x4976fb03c32e5b8cfe2b6ccb31c09ba78ebaba41,0.0,2021-08-29T05:17:10+00:00,0xc778af3fa37f1501b05b307765ba05078ce575f5d30daf9952a4d3011ad94ba1
0xb29f74ca57b11b6377c30d655660b7f1855e4b10,0xd8da6bf26964af9d7eed9e03e53415d37aa96045,0.01,2021-08-30T10:41:44+00:00,0xe6d7282d6230c6cb0dc934100fddc84c1459cac54b655d3a13781977c769c776
0xa5d76cee9e7df248d93df745213004b7af8ce21b,0xd8da6bf26964af9d7eed9e03e53415d37aa96045,0.0001,2021-09-01T10:50:15+00:00,0xd877549b4640a012dff0f32f0563eee41d8cb1f8b2c8aafe46311da3fd602a8a
0xa21c8ba5264b90de6edaae8ca1c3e7b17298533f,0xd8da6bf26964af9d7eed9e03e53415d37aa96045,0.00047148,2021-09-24T16:40:51+00:00,0x236523e7f91e5269c3e70b29a072f606f75f7432e7d4457cc88a4459ac379fe3
0xd8da6bf26964af9d7eed9e03e53415d37aa96045,0x4b442ffa64950c720ec671703b283c9a31524a3d,0.1,2021-09-26T21:56:59+00:00,0xa0a5cb24f81012a3c8665d0149e2dbb82a2a26399ff9093a73741268dd9cc438
0xd8da6bf26964af9d7eed9e03e53415d37aa96045,0x4b442ffa64950c720ec671703b283c9a31524a3d,1499.9,2021-09-26T22:42:09+00:00,0x404b808a64f8402f5c2d43c7bd4fa7d2b5c5ca9867498ced1df827455d7fc99b
0x9b7cf70848c250c854ec768c523084fee47a14f5,0xd8da6bf26964af9d7eed9e03e53415d37aa96045,6.66e-16,2021-10-08T05:01:23+00:00,0x0a322ddbe87d668ae21051d1e3943dc43c2c0b3ec482dee2ff8ac6d91205d1e6
0xead182fd92cedfa9f1151487e97e781f172a720d,0xd8da6bf26964af9d7eed9e03e53415d37aa96045,0.01,2021-10-11T07:55:13+00:00,0xa714805c70ed42e5f8c34003a4809fbec1b8f9f285406fedcc1a4a2c2550c369
0xab5801a7d398351b8be11c439e05c5b3259aec9b,0xd8da6bf26964af9d7eed9e03e53415d37aa96045,2000.0,2021-10-21T15:05:07+00:00,0x96d249b8b59308d2378647041e8b767c9fa53406172969197cce1d3133ce953a
0xd8da6bf26964af9d7eed9e03e53415d37aa96045,0x3efa30704d2b8bbac821307230376556cf8cc39e,0.0,2021-10-23T14:30:07+00:00,0xa274b0f68aa221d2cc25428e667f4d43dc6ccb587bb04b3c435105cda2ad0b7f
0xd8da6bf26964af9d7eed9e03e53415d37aa96045,0x722122df12d4e14e13ac3b6895a86e84145b6967,100.0,2021-10-23T14:40:43+00:00,0xb0f6ab9add75fdcc15cfce9cd18797b6f37028f7e25f7ec219c1f5b720f0ab99
0xd8da6bf26964af9d7eed9e03e53415d37aa96045,0x722122df12d4e14e13ac3b6895a86e84145b6967,100.0,2021-10-23T14:43:29+00:00,0x2defe2f16ebd24e70a52b4888bfab82e70c956266753058fdceceeb38491339c
0xd8da6bf26964af9d7eed9e03e53415d37aa96045,0x722122df12d4e14e13ac3b6895a86e84145b6967,100.0,2021-10-23T14:45:55+00:00,0x82647eab492f6b760e9cdc63da7aabe15e6fa047628f2a15ab3cfbca0d3560a5
0xd8da6bf26964af9d7eed9e03e53415d37aa96045,0x722122df12d4e14e13ac3b6895a86e84145b6967,100.0,2021-10-23T14:49:54+00:00,0x51c1cf3f32188774670da7f856ae9b5d3a61dcb31177d7110208403db668987b
0xd8da6bf26964af9d7eed9e03e53415d37aa96045,0x722122df12d4e14e13ac3b6895a86e84145b6967,100.0,2021-10-23T14:51:57+00:00,0xbaa2436f9b79fe70c08eab4692bf7b74f7f4f7f82a4f74cfeec285c43d3a6384
0xd8da6bf26964af9d7eed9e03e53415d37aa96045,0x722122df12d4e14e13ac3b6895a86e84145b6967,100.0,2021-10-23T14:52:56+00:00,0xc490824a85558e8b71efb549a252cee9e2d46cd6c916a885757abcaf5db18e57
0xd8da6bf26964af9d7eed9e03e53415d37aa96045,0x722122df12d4e14e13ac3b6895a86e84145b6967,100.0,2021-10-23T14:54:20+00:00,0x480f4a4cae52ae0833aa9ff1aecf58850fe60f22ff283be057a789be06629782
0xd8da6bf26964af9d7eed9e03e53415d37aa96045,0x722122df12d4e14e13ac3b6895a86e84145b6967,100.0,2021-10-23T15:11:55+00:00,0x28a28883098b37f8d17b4bbe915409dd9d7cf47adc865e8c349261284af83c22
0xab5801a7d398351b8be11c439e05c5b3259aec9b,0xd8da6bf26964af9d7eed9e03e53415d37aa96045,450.0,2021-10-31T15:56:03+00:00,0xce93fdd6eb3ec70b58feae64cc8362c634f7d55ce0a35c76bec6c747437562cf
0x9953c28a8db5b1e06a37dee397590cb873dcc41d,0xd8da6bf26964af9d7eed9e03e53415d37aa96045,0.0002389,2021-11-06T23:02:57+00:00,0x32c383dd3b390bd8ebd39bf357143dba193ac233e18065b8ae6ce3c351162451
0x7ff3aceee27ba236aaaa926f8f0aea2dd2d72e8c,0xd8da6bf26964af9d7eed9e03e53415d37aa96045,0.0001,2021-11-08T02:55:09+00:00,0xc9f8b04f80e6c870c5b4fea9af0c681968c07baaa7c3addefa8f66482aea7f77
0xd8da6bf26964af9d7eed9e03e53415d37aa96045,0x7eef591a6cc0403b9652e98e88476fe1bf31ddeb,0.25,2021-11-09T00:01:43+00:00,0x4440866ccab87ac40815f5c12fd6f824705c25931583db3534b6adeaeffb4fb9
0xb6f5bf43e90d9ca248b1a1cae4920b4623c166a2,0xd8da6bf26964af9d7eed9e03e53415d37aa96045,0.0009999999,2021-11-13T17:51:01+00:00,0x09b87d69bc6f6d4c4a7dd18b152951d5c755f9d06e1a806467cd1b8b61f45888
0xd8da6bf26964af9d7eed9e03e53415d37aa96045,0x4976fb03c32e5b8cfe2b6ccb31c09ba78ebaba41,0.0,2021-11-16T19:59:07+00:00,0xb4ea8222d3e7db3a5f44f97254bed53c34003f8129903630c886835d594c489e
0x7a3d05c70581bd345fe117c06e45f9669205384f,0xd8da6bf26964af9d7eed9e03e53415d37aa96045,3e-06,2021-12-03T06:26:00+00:00,0xa6666bf812f9576ade9e629cb231d831107bc762b72e3d16988fc4ba173d374f
0xd8da6bf26964af9d7eed9e03e53415d37aa96045,0x4976fb03c32e5b8cfe2b6ccb31c09ba78ebaba41,0.0,2021-12-06T16:24:33+00:00,0xd7b9b4f208bf1716ac006236470f8d56f917e5f88abb6124003e867e13d03b5d
0x70fccea30bb29110a2c6b4c0f7283f28eab2a4a6,0xd8da6bf26964af9d7eed9e03e53415d37aa96045,0.0,2021-12-06T18:13:57+00:00,0xba9f003d945618a37af778eef40ccc9f3a2c777dc16eb6a94afb6c4287238893
0x70fccea30bb29110a2c6b4c0f7283f28eab2a4a6,0xd8da6bf26964af9d7eed9e03e53415d37aa96045,0.0,2021-12-06T18:13:57+00:00,0xe8bb72a699dc57f5005c9dcecacff6e409e4974c2e9ebcea2fed67189750a862
0x70fccea30bb29110a2c6b4c0f7283f28eab2a4a6,0xd8da6bf26964af9d7eed9e03e53415d37aa96045,0.0,2021-12-06T18:14:32+00:00,0xb3fcaad502d90c6fe31582ab93015062f31dbb54dfae4578cd0f0103e4a9351c
0x70fccea30bb29110a2c6b4c0f7283f28eab2a4a6,0xd8da6bf26964af9d7eed9e03e53415d37aa96045,0.0,2021-12-06T18:14:32+00:00,0x4c9538ae1eafcc073a318a96f8160166d1266dbc5be0b57710c52f3efd37be9c
0x70fccea30bb29110a2c6b4c0f7283f28eab2a4a6,0xd8da6bf26964af9d7eed9e03e53415d37aa96045,0.0,2021-12-06T18:14:32+00:00,0xf2ea4dbfd5629c0031c13e45d27ce1a948913abdf4fbc2af3c454fc8387055c3
0x2cd3d988ddad080b33a0202236e4abf1b5920246,0xd8da6bf26964af9d7eed9e03e53415d37aa96045,0.01,2021-12-07T16:28:36+00:00,0x822d60f6abf945f3601eaad8f8a6eac523338bf74448a36ab8b5adc7eb1c3ead
0xd8da6bf26964af9d7eed9e03e53415d37aa96045,0xa82339977b657a6a0d076cc0cac198d0bbdbee2d,128.0,2021-12-13T14:51:03+00:00,0xff18266460f725543badaa40a04cdfbb52428d9e40270e5e0d3a18bbe699fe52
0xd8da6bf26964af9d7eed9e03e53415d37aa96045,0x65dcf4187995e4af1088e7b311bbd50272e21597,0.1337,2021-12-14T02:38:08+00:00,0x156e4c6df5cc544d6dbaeb3b0d0ca0b67e41fc88f0c5a8b8ddd2afe19dba3e70
0xd8da6bf26964af9d7eed9e03e53415d37aa96045,0x65dcf4187995e4af1088e7b311bbd50272e21597,2000.0,2021-12-14T02:51:20+00:00,0xad231f4b7f0d7790e3523d7023199f9befd867e85d9f585177c96fbf5d6385a6
0xd8da6bf26964af9d7eed9e03e53415d37aa96045,0xca0840578f57fe71599d29375e16783424023357,1.0,2021-12-16T12:41:18+00:00,0xc118f1fd818e335e4b9315675c92b43b34a31a050f35c03cee53c9bed5a3d3fb
0xd8da6bf26964af9d7eed9e03e53415d37aa96045,0xc18360217d8f7ab5e7c516566761ea12ce7f9d72,0.0,2021-12-16T14:36:01+00:00,0x20189ce02ecf1acd2cb6878245539104ac9dfdc8341297a5a13e00cdd48b0b55
0xd8da6bf26964af9d7eed9e03e53415d37aa96045,0xb8901acb165ed027e32754e0ffe830802919727f,1.0,2021-12-16T15:24:33+00:00,0x172d90759d5fdbd5eba3212fa2e3beb88bd0a76119d6c7483cde81a8eb6f7fa7
0xd8da6bf26964af9d7eed9e03e53415d37aa96045,0x4976fb03c32e5b8cfe2b6ccb31c09ba78ebaba41,0.0,2021-12-19T14:13:02+00:00,0xbde5f4b46486ba4b7af4e50b4a4098f97c8c6dce5103d50d761c6919a5a4e228
0x03cf40b900971561ac6bd997ef1fe939dcbc95e2,0xd8da6bf26964af9d7eed9e03e53415d37aa96045,0.0,2021-12-19T17:49:02+00:00,0x1cb5d06d28cee4a940efb0e3fda07f746df65c83ab30e90fd0fbc143d9a54827
0x03cf40b900971561ac6bd997ef1fe939dcbc95e2,0xd8da6bf26964af9d7eed9e03e53415d37aa96045,0.0,2021-12-19T17:49:47+00:00,0xde431f312f14c55b7d18f8e6112c826652bc3ca25b036c4c97a48216efc2e88a
0x03cf40b900971561ac6bd997ef1fe939dcbc95e2,0xd8da6bf26964af9d7eed9e03e53415d37aa96045,0.0,2021-12-19T17:49:47+00:00,0x5916acaad456b6d975a71dd54989f788383ed1cb3f135ed1b640c33d01657eb5
0x03cf40b900971561ac6bd997ef1fe939dcbc95e2,0xd8da6bf26964af9d7eed9e03e53415d37aa96045,0.0,2021-12-19T17:50:00+00:00,0x7f4d282c35dd619d06b01a4853a3ad40fdf78228419369d4b8e1ffb4a8a0a67b
0x03cf40b900971561ac6bd997ef1fe939dcbc95e2,0xd8da6bf26964af9d7eed9e03e53415d37aa96045,0.0,2021-12-19T17:50:00+00:00,0x7214e0589d8c122f8e3666bb30fa4915023bde591ce2fa56f76506b7eba61047
0x03cf40b900971561ac6bd997ef1fe939dcbc95e2,0xd8da6bf26964af9d7eed9e03e53415d37aa96045,0.0,2021-12-19T17:50:00+00:00,0x076c70682753d1fb29497685659a2ce146370dd6beee131189928b13fc73e89e
0x03cf40b900971561ac6bd997ef1fe939dcbc95e2,0xd8da6bf26964af9d7eed9e03e53415d37aa96045,0.0,2021-12-19T17:50:30+00:00,0x5bdcc4684e6e2ea22dbff7d4f7f83eaefc4d2d2dec4fbad819ea575f370ba5bb
0x03cf40b900971561ac6bd997ef1fe939dcbc95e2,0xd8da6bf26964af9d7eed9e03e53415d37aa96045,0.0,2021-12-19T17:50:47+00:00,0x6bd72fccea0640e1ccadfc59179537b8a7e75005a2aff7ad99471a400dbf1c94
0x03cf40b900971561ac6bd997ef1fe939dcbc95e2,0xd8da6bf26964af9d7eed9e03e53415d37aa96045,0.0,2021-12-19T17:50:57+00:00,0x0c0069276cf235ea9252f8cfe930925a60e5be70eefb1b2dc011a2501bbab73a
0x03cf40b900971561ac6bd997ef1fe939dcbc95e2,0xd8da6bf26964af9d7eed9e03e53415d37aa96045,0.0,2021-12-19T17:51:01+00:00,0x49976a5791b6459fd330608d45c21afbca486cbc6352bac1b39ccf9d06b0cfb8
0x03cf40b900971561ac6bd997ef1fe939dcbc95e2,0xd8da6bf26964af9d7eed9e03e53415d37aa96045,0.0,2021-12-19T17:51:01+00:00,0xd19318c3f2c43283ee69124e2d3a8373536ded27d95eaa84edc7d7be649efe55
0x03cf40b900971561ac6bd997ef1fe939dcbc95e2,0xd8da6bf26964af9d7eed9e03e53415d37aa96045,0.0,2021-12-19T17:51:25+00:00,0x288dac3a3329852d967a99e89d5e183ed89c0a8567551891473d173fa7022f6b
0x03cf40b900971561ac6bd997ef1fe939dcbc95e2,0xd8da6bf26964af9d7eed9e03e53415d37aa96045,0.0,2021-12-19T17:51:48+00:00,0xdff45b3d8a39272a700267f459c76861f381b581f6823a0004626b8ef75b6045
0x03cf40b900971561ac6bd997ef1fe939dcbc95e2,0xd8da6bf26964af9d7eed9e03e53415d37aa96045,0.0,2021-12-19T17:51:48+00:00,0x32be5162f61ab8549f68b6a55338411db3648d0d6653d2fa445263f1595dbf81
0x03cf40b900971561ac6bd997ef1fe939dcbc95e2,0xd8da6bf26964af9d7eed9e03e53415d37aa96045,0.0,2021-12-19T17:52:24+00:00,0x75ad5c497fea5bff086f9688c7cbaed1cac4c4a1f283b465f88a6bf6ace0cc2f
0x03cf40b900971561ac6bd997ef1fe939dcbc95e2,0xd8da6bf26964af9d7eed9e03e53415d37aa96045,0.0,2021-12-19T17:52:24+00:00,0x97e0354fc7be32b85a614ed9bf265e149ab0f6aee9179a31658913f443ec45e2
0x03cf40b900971561ac6bd997ef1fe939dcbc95e2,0xd8da6bf26964af9d7eed9e03e53415d37aa96045,0.0,2021-12-19T17:52:24+00:00,0x14d9312e3122510364450be5cb52ff715e34024cd0c14ddde0839e535b017337
0x03cf40b900971561ac6bd997ef1fe939dcbc95e2,0xd8da6bf26964af9d7eed9e03e53415d37aa96045,0.0,2021-12-19T17:52:56+00:00,0x74171f8e287c4416acaf8d22a80b2df91f0ff34e4ffee797c5cdee9927afdb3d
0x03cf40b900971561ac6bd997ef1fe939dcbc95e2,0xd8da6bf26964af9d7eed9e03e53415d37aa96045,0.0,2021-12-19T17:53:08+00:00,0x5a9cd4c188b54133156b4c6eb643f079ffd55e8a72378fc09c00bb85a2733a74
0x03cf40b900971561ac6bd997ef1fe939dcbc95e2,0xd8da6bf26964af9d7eed9e03e53415d37aa96045,0.0,2021-12-19T17:53:08+00:00,0xa0a01b5939f8edf8e2a27548ec19316f67655eb65d1f5fa1af96d514ece6f4ca
0x03cf40b900971561ac6bd997ef1fe939dcbc95e2,0xd8da6bf26964af9d7eed9e03e53415d37aa96045,0.0,2021-12-19T17:53:08+00:00,0x66962908a1910fd105bbf6d7d70bea46d6c8ed0e4f73141b0e3fc3312b8963f3
0x03cf40b900971561ac6bd997ef1fe939dcbc95e2,0xd8da6bf26964af9d7eed9e03e53415d37aa96045,0.0,2021-12-19T17:53:51+00:00,0x3b0e31df36c6f1fef0f8e39d8d6f5754259d2bed37551f77b1a274acb21074ca
0x03cf40b900971561ac6bd997ef1fe939dcbc95e2,0xd8da6bf26964af9d7eed9e03e53415d37aa96045,0.0,2021-12-19T17:53:51+00:00,0x893f15dcd2489db618122e5237352091ec49d1858780a82c9327e295572331ae
0x03cf40b900971561ac6bd997ef1fe939dcbc95e2,0xd8da6bf26964af9d7eed9e03e53415d37aa96045,0.0,2021-12-19T17:53:57+00:00,0x7b7a13b4b056998bc556479f508f962c877654895cb6eaf68bf5a0cd8a437fea
0x03cf40b900971561ac6bd997ef1fe939dcbc95e2,0xd8da6bf26964af9d7eed9e03e53415d37aa96045,0.0,2021-12-19T17:53:57+00:00,0xbe716e3a6b312a5f491a73a30b3f29c2d86f10c3d47a428aaff0a9e16bd9bb79
0x03cf40b900971561ac6bd997ef1fe939dcbc95e2,0xd8da6bf26964af9d7eed9e03e53415d37aa96045,0.0,2021-12-19T17:54:22+00:00,0x6fb4226886e9350236db598cf6b41a3fec6bee279ccf8b9dbf3e1ae1484725b9
0xd8da6bf26964af9d7eed9e03e53415d37aa96045,0xd7586bdde2e111a19420679337727e73dabc3add,0.21,2021-12-20T22:21:24+00:00,0xc1b13e2ced8c70e885d1a8702350acb7139ed800bb68f8d9575dfcc222b06383
0xb12d9f8ca21c6f8b945c3afc27b71e8d9d399ae0,0xd8da6bf26964af9d7eed9e03e53415d37aa96045,0.0002,2021-12-27T12:00:44+00:00,0xcfd0c87db83ba915251956f75c5b3431ae683a0fed8878d257ba00d2f03b7a5c
0xed04cd4564c3ef694a54a38377cf5067cb6d221e,0xd8da6bf26964af9d7eed9e03e53415d37aa96045,0.01047400898183449,2021-12-27T22:21:53+00:00,0x5eefa7e41b1e78127259fe7c5a87a01db87d33851c33a9e270ac66422238d78e
0x5d71f467d61dc3680f1bbcacc0dff11877c22147,0xd8da6bf26964af9d7eed9e03e53415d37aa96045,0.001,2021-12-30T10:03:16+00:00,0xa6b2ae72821b69d9ac5d01688832a6530e39571448c28f44c46581b0887b3275
0xee4f8e6a1f43915d271d2285453ba2a7fd4b5f74,0xd8da6bf26964af9d7eed9e03e53415d37aa96045,0.0192135318362825,2021-12-31T07:23:10+00:00,0x9b4fd254d9b5d4e0e2fa7fe84b9286a1eec8b2af28ab611b1cccb9b7339c4e41
0xd82b71aa3ad89152f1d7d4958bffced14b3b0826,0xd8da6bf26964af9d7eed9e03e53415d37aa96045,0.03575554609550799,2022-01-01T10:04:01+00:00,0x063b4366d7d6db05114a9bac8c0b290a3e91d336b41825b0f3bbc65131f0a324
0xd8da6bf26964af9d7eed9e03e53415d37aa96045,0xa6b71e26c5e0845f74c812102ca7114b6a896ab2,0.0,2022-01-04T12:46:15+00:00,0x48415cbfac6e73d45cf0fd4447e4a51a483b64a56131f0acddb5937aaaed7870
0xd8da6bf26964af9d7eed9e03e53415d37aa96045,0xa06c2b67e7435ce25a5969e49983ec3304d8e787,1.0,2022-01-04T12:50:56+00:00,0xdd59ccaba9d1a7a99a870c161674bad4ee985ee5fe1891a8ab86d1b4274d7b9a
0xd8da6bf26964af9d7eed9e03e53415d37aa96045,0xa06c2b67e7435ce25a5969e49983ec3304d8e787,0.0,2022-01-04T20:38:13+00:00,0x57f62a292b884616835546434d52be2eb056372e4c4a71ed5c8ac42e70dcc22f
0xd8da6bf26964af9d7eed9e03e53415d37aa96045,0x4976fb03c32e5b8cfe2b6ccb31c09ba78ebaba41,0.0,2022-01-05T00:24:52+00:00,0x5ca0b25abb5ce4c4c356325a47b31a493ffe729e214f89f37fd3b4a4a2fc3145
0x1ec4de886d40d487366cde7664767db1df6a02e7,0xd8da6bf26964af9d7eed9e03e53415d37aa96045,0.0,2022-01-05T03:11:33+00:00,0xc840972058bd87601b0f0eab87c55588d3487fdf80e7a365eedfc2872cfa2f33
0x1ec4de886d40d487366cde7664767db1df6a02e7,0xd8da6bf26964af9d7eed9e03e53415d37aa96045,0.0,2022-01-05T03:11:33+00:00,0x9febdea899ed82b86083676d7a2feaa0b73227ad776035e8b07bf08bae5f11f2
0x1ec4de886d40d487366cde7664767db1df6a02e7,0xd8da6bf26964af9d7eed9e03e53415d37aa96045,0.0,2022-01-05T03:11:33+00:00,0x395e87ce054df3b2deec38a45836f9b1568d20c4a32a5b8213729ffeeab436fa
0x1ec4de886d40d487366cde7664767db1df6a02e7,0xd8da6bf26964af9d7eed9e03e53415d37aa96045,0.0,2022-01-05T03:11:33+00:00,0x05afb59d8f7e2ff47e62dea30df539fadcab16e68b532851c0eb36c46ef26b20
0x1ec4de886d40d487366cde7664767db1df6a02e7,0xd8da6bf26964af9d7eed9e03e53415d37aa96045,0.0,2022-01-05T03:11:33+00:00,0x5def95db68bee52800422cd7e9d0158ab94f9e5fe1d729a4e1a4b31895bf4f56
0x1ec4de886d40d487366cde7664767db1df6a02e7,0xd8da6bf26964af9d7eed9e03e53415d37aa96045,0.0,2022-01-05T03:11:33+00:00,0xa1c59365bdc4e82ed0e6d6ea3124e5faf8846e67cc07e56ffc4f7d934bc90901
0x1ec4de886d40d487366cde7664767db1df6a02e7,0xd8da6bf26964af9d7eed9e03e53415d37aa96045,0.0,2022-01-05T03:11:33+00:00,0x9340877003eec2b3705592d143955d532b47ae45226809f0496b2c400faf4e25
0x1ec4de886d40d487366cde7664767db1df6a02e7,0xd8da6bf26964af9d7eed9e03e53415d37aa96045,0.0,2022-01-05T03:11:33+00:00,0xa8d94a663b8710fb29f22c9530f091686d1c45ead499eea346cb660cc5117d55
0x1ec4de886d40d487366cde7664767db1df6a02e7,0xd8da6bf26964af9d7eed9e03e53415d37aa96045,0.0,2022-01-05T03:11:33+00:00,0xafe2c168ce467448be86bc35877ebcc41a8325fbd3d4f03e770a85adcc783b13
0x1ec4de886d40d487366cde7664767db1df6a02e7,0xd8da6bf26964af9d7eed9e03e53415d37aa96045,0.0,2022-01-05T03:11:33+00:00,0x5e63e5090d685e82e601d003719bd5a8cef165ed1ca168c421814b0e480ed39b
0x1ec4de886d40d487366cde7664767db1df6a02e7,0xd8da6bf26964af9d7eed9e03e53415d37aa96045,0.0,2022-01-05T03:11:33+00:00,0xbdc0406f308212e57d091fa9aaa395807ca15cde2573274a656133e1228d0ea1
0x1ec4de886d40d487366cde7664767db1df6a02e7,0xd8da6bf26964af9d7eed9e03e53415d37aa96045,0.0,2022-01-05T03:11:33+00:00,0x5e6d6d626a03ab33cd8ff22d37c3c2629e1cef2a5a7a87e879305e80448def7d
0x1ec4de886d40d487366cde7664767db1df6a02e7,0xd8da6bf26964af9d7eed9e03e53415d37aa96045,0.0,2022-01-05T03:11:33+00:00,0xfcf1fa5fc5681977b54be2b6e01e2acfa3054042d1889908fb999d177f5e0120
0x1ec4de886d40d487366cde7664767db1df6a02e7,0xd8da6bf26964af9d7eed9e03e53415d37aa96045,0.0,2022-01-05T03:13:05+00:00,0xa0c0b25583e5ea33ff5e306b81a23d58e91efaf1973dc1f4922c78f4baa6adfb
0x1ec4de886d40d487366cde7664767db1df6a02e7,0xd8da6bf26964af9d7eed9e03e53415d37aa96045,0.0,2022-01-05T03:13:05+00:00,0x7c87b15bf1b47ebea5993ee9ff26d65e4072fb5bfcaf0332f9ef3bba00c3b8a6
0x1ec4de886d40d487366cde7664767db1df6a02e7,0xd8da6bf26964af9d7eed9e03e53415d37aa96045,0.0,2022-01-05T03:13:05+00:00,0x6fe8f9908bce5eadf75cf1d5b9cb2067b9c3e35b3f06988f4389e1438708e778
0x1ec4de886d40d487366cde7664767db1df6a02e7,0xd8da6bf26964af9d7eed9e03e53415d37aa96045,0.0,2022-01-05T03:13:05+00:00,0x49e5f7dbd0d0615c472f03563987fbbe8702c36c93b789a9c6b29d41ea0bdd0b
0x1ec4de886d40d487366cde7664767db1df6a02e7,0xd8da6bf26964af9d7eed9e03e53415d37aa96045,0.0,2022-01-05T03:13:05+00:00,0xfc2691825fa5d8b4932d9fee5ac9a6bb2b809a5593d23525573d0e48d92e52b4
0x1ec4de886d40d487366cde7664767db1df6a02e7,0xd8da6bf26964af9d7eed9e03e53415d37aa96045,0.0,2022-01-05T03:13:05+00:00,0x12ab9a1f87a18df20a72a7f1588ac014e3603a83c5176ff524ae6012add6e78c
0x1ec4de886d40d487366cde7664767db1df6a02e7,0xd8da6bf26964af9d7eed9e03e53415d37aa96045,0.0,2022-01-05T03:13:05+00:00,0x01e08e580edf2cf8808b2a597a6439734e1eaa6e3308a69cd1c621ceefb7fa8c
0x1ec4de886d40d487366cde7664767db1df6a02e7,0xd8da6bf26964af9d7eed9e03e53415d37aa96045,0.0,2022-01-05T03:13:05+00:00,0x95de960ec97a846a24e88be9fec9c7194ad3ddd815d16777d66562aea0ccd434
0x1ec4de886d40d487366cde7664767db1df6a02e7,0xd8da6bf26964af9d7eed9e03e53415d37aa96045,0.0,2022-01-05T03:13:05+00:00,0x70485f68178f453344736f34c9138663c0e20febb91ac10b1b463130bfba9787
0x1ec4de886d40d487366cde7664767db1df6a02e7,0xd8da6bf26964af9d7eed9e03e53415d37aa96045,0.0,2022-01-05T03:13:05+00:00,0xd85fe286dc547157af0a1b6793847ac0c31f1fdc94b48cd1c422f371a678eb81
0x1ec4de886d40d487366cde7664767db1df6a02e7,0xd8da6bf26964af9d7eed9e03e53415d37aa96045,0.0,2022-01-05T03:13:05+00:00,0xcf5ab24e0c5992e12d0cd84554aaa1a979357d385038ecd8ecabb34b97cfd64b
0x1ec4de886d40d487366cde7664767db1df6a02e7,0xd8da6bf26964af9d7eed9e03e53415d37aa96045,0.0,2022-01-05T03:13:05+00:00,0x15729f2559708940d6dab96f0403a12d5dd71e9af7b790df1e1e70173145b119
0xd8da6bf26964af9d7eed9e03e53415d37aa96045,0x4b442ffa64950c720ec671703b283c9a31524a3d,750.0,2022-01-09T19:51:02+00:00,0x9d931b69d9a88d6597312f20a0f84600740370c6768df00fa56c5c59d9ace7c6
0xd8da6bf26964af9d7eed9e03e53415d37aa96045,0x4976fb03c32e5b8cfe2b6ccb31c09ba78ebaba41,0.0,2022-01-10T23:31:25+00:00,0x96302f219dec2a4dc7241fc52facc9ffb7d81615b7f2e86f41c77bf8856e429a
0xd8da6bf26964af9d7eed9e03e53415d37aa96045,0xde21f729137c5af1b01d73af1dc21effa2b8a0d6,0.1,2022-01-11T16:36:39+00:00,0x40b8498f390b63b0e71993afc9762dda1085047b8645d542f933e86c4a8f72c4
0x6639abedc73e5ce3ba25fef008d61f5509a7f61a,0xd8da6bf26964af9d7eed9e03e53415d37aa96045,0.00154621834687384,2022-01-18T00:30:28+00:00,0x8403ae3abfa36b8b25234c6afd0845fd1d43e96432e1b5351290b659b1c3ff91
0xd8da6bf26964af9d7eed9e03e53415d37aa96045,0xde21f729137c5af1b01d73af1dc21effa2b8a0d6,130.0,2022-01-18T23:15:19+00:00,0xbca4904b0d9fade121cf708ed6841383031e5a4ce6106ccbecd3b62ce904b563
0xebd7282b7086b7b25fc4f7b6b0d1af94e2a267f3,0xd8da6bf26964af9d7eed9e03e53415d37aa96045,0.0004,2022-01-19T04:34:36+00:00,0x9f0bd3198ea2a1524502cb12f754264b11edf19e538811cb26b926e8e5bec090
0xf79690e31d8c52148a2e34f1f82d694a6b320445,0xd8da6bf26964af9d7eed9e03e53415d37aa96045,0.01,2022-01-19T08:42:02+00:00,0xb85d2f115816e38565d171f2b1e9240bae5918e06d55ca8fa7c0768b0c71d394
0xd8da6bf26964af9d7eed9e03e53415d37aa96045,0x8d6faf08108511627e602129c78d248f875668f9,100.0,2022-01-20T17:23:52+00:00,0xf28fdbf3fe995bc665c164812c7918b04e57c6497ef00082d44c222494322c6c
0x77f6b62a0c9005ab77b1453ed79b7a7321fac092,0xd8da6bf26964af9d7eed9e03e53415d37aa96045,0.01,2022-01-20T18:22:40+00:00,0x700a57a337f531d9349512a11ba996ab9adb57ff6ffd3e4206e19c4cf0a01aeb
0x571a6a108adb08f9ca54fe8605280f9ee0ed4af6,0xd8da6bf26964af9d7eed9e03e53415d37aa96045,0.000360546881214012,2022-01-21T19:54:58+00:00,0xd13b07b5d7351d6b20d97f13e1fdcc4bb03e0a1ff219ba8cc72d87670c7d3bbe
0x571a6a108adb08f9ca54fe8605280f9ee0ed4af6,0xd8da6bf26964af9d7eed9e03e53415d37aa96045,0.000360636925251313,2022-01-21T19:56:34+00:00,0x82fd94a62d9159610d2af7700051c5bcae8e46f239418461e93bd8f6d0611e74
0xdf0635793e91d4f8e7426dbd9ed08471186f428d,0xd8da6bf26964af9d7eed9e03e53415d37aa96045,3.631614260715e-06,2022-01-21T20:08:27+00:00,0x41de19c58c1cca1e57ec9f3a024fbea9522ab6badf2865e15f7ca0808efda82c
0x571a6a108adb08f9ca54fe8605280f9ee0ed4af6,0xd8da6bf26964af9d7eed9e03e53415d37aa96045,3.659130675956e-06,2022-01-21T20:44:47+00:00,0x249d83ece1187ff8a8be8f448f17fdb34c14ae5eba21a7ad747f36097de9f448
0xd8da6bf26964af9d7eed9e03e53415d37aa96045,0x376a65e81913b8864d82c9b63fcff2e848a3954f,300.0,2022-01-24T13:50:39+00:00,0x83638bb0a157c218f49718753cca4c8cc217c9d05c95eed67c19ee77be1f3232
0xd8da6bf26964af9d7eed9e03e53415d37aa96045,0x4976fb03c32e5b8cfe2b6ccb31c09ba78ebaba41,0.0,2022-01-26T15:54:11+00:00,0xf85ece86f9dec5bfa0357606a6afe0d696290cefe117194c8226ed4adfe228e7
0xdf0635793e91d4f8e7426dbd9ed08471186f428d,0xd8da6bf26964af9d7eed9e03e53415d37aa96045,0.000422838739372785,2022-01-27T22:07:16+00:00,0xcab4ba2b560b06a24841c7c16dccd0b4a733df3fbb553668da9ef121c102082e
0xd8da6bf26964af9d7eed9e03e53415d37aa96045,0xa06c2b67e7435ce25a5969e49983ec3304d8e787,0.0,2022-01-29T13:42:25+00:00,0x96e518cdcdd4232ba4f2b7a629988553827915301c13131c52090697926c64d9
0x40fcbb53203afb640e716a9cc2d6720e36d9c9c9,0xd8da6bf26964af9d7eed9e03e53415d37aa96045,0.0,2022-02-01T00:29:25+00:00,0xd62053c4465251ceb75624d7447bda963863901cc3166a6999c0b5164206a123
0x40fcbb53203afb640e716a9cc2d6720e36d9c9c9,0xd8da6bf26964af9d7eed9e03e53415d37aa96045,0.0,2022-02-01T00:29:25+00:00,0xfd2968d66b6a071170b5e787997e711a9f5dd2f49a530ed1f22264e39b190541
0x40fcbb53203afb640e716a9cc2d6720e36d9c9c9,0xd8da6bf26964af9d7eed9e03e53415d37aa96045,0.0,2022-02-01T00:29:54+00:00,0x2802dd45df894e1ce9aa61adcbbbae80f3988a977da9ec36aee27a7026f2ed2d
0x272f129fd030313d0aa848da230419f61e7cb3a9,0xd8da6bf26964af9d7eed9e03e53415d37aa96045,0.0,2022-02-03T20:59:25+00:00,0xbb68b286b3600a2adfec9ddf899acfe5ec725dc84b3363dfc22bdd16f93155d5
0xd8da6bf26964af9d7eed9e03e53415d37aa96045,0x981c8ecd009e3e84ee1ff99266bf1461a12e5c68,10.0,2022-02-07T13:56:07+00:00,0x9503d3cd397c805a63570f5f4640d26203a9b8efea57de5243ce73af4fccbc3f
0x56eddb7aa87536c09ccc2793473599fd21a8b17f,0xd8da6bf26964af9d7eed9e03e53415d37aa96045,0.00375,2022-02-07T15:35:07+00:00,0x4fd1af6ecc68021ecf92b5e5ab95d487166c3a3d7ef4f5b10b5689140e223eb6
0x03cf40b900971561ac6bd997ef1fe939dcbc95e2,0xd8da6bf26964af9d7eed9e03e53415d37aa96045,0.0,2022-02-07T18:55:19+00:00,0xe07550efbd1e4a2539e452e30d333503d1e9abff99017a939962bd91d0aea51c
0x03cf40b900971561ac6bd997ef1fe939dcbc95e2,0xd8da6bf26964af9d7eed9e03e53415d37aa96045,0.0,2022-02-07T18:55:19+00:00,0x417860b27a58248b8289417776e8516a1334bc6e3deee7efdd92e11192c4be69
0x03cf40b900971561ac6bd997ef1fe939dcbc95e2,0xd8da6bf26964af9d7eed9e03e53415d37aa96045,0.0,2022-02-07T18:55:46+00:00,0x652bcf5afb0266f208a873cca6773167f72b2691b6b026e4776cfa3679516cc6
0x03cf40b900971561ac6bd997ef1fe939dcbc95e2,0xd8da6bf26964af9d7eed9e03e53415d37aa96045,0.0,2022-02-07T18:56:16+00:00,0x962ac4ecd321f0357d64b2c641c82b3348807afc48052002c12ff6f631470a57
0x03cf40b900971561ac6bd997ef1fe939dcbc95e2,0xd8da6bf26964af9d7eed9e03e53415d37aa96045,0.0,2022-02-07T18:56:16+00:00,0x15b4da6b36bbc24d9ddfdf464fd88dfdc7c2b7fa689bb83ff2b2e2d39216da5f
0x03cf40b900971561ac6bd997ef1fe939dcbc95e2,0xd8da6bf26964af9d7eed9e03e53415d37aa96045,0.0,2022-02-07T18:56:16+00:00,0xb6265db671cb22d86c5b399bca0baa31c243d127270f6569affa653d83911202
0x03cf40b900971561ac6bd997ef1fe939dcbc95e2,0xd8da6bf26964af9d7eed9e03e53415d37aa96045,0.0,2022-02-07T18:56:16+00:00,0x2f51222c4cea8e09d7d0fadcd9c626ce495eba2f3ebb1cb3f8e6ca0908695302
0x03cf40b900971561ac6bd997ef1fe939dcbc95e2,0xd8da6bf26964af9d7eed9e03e53415d37aa96045,0.0,2022-02-07T18:56:16+00:00,0xa1ecb8d3fcfc157a666866294807444f5c5e9775829e4948634c7100e3c4f65d
0x03cf40b900971561ac6bd997ef1fe939dcbc95e2,0xd8da6bf26964af9d7eed9e03e53415d37aa96045,0.0,2022-02-07T18:56:52+00:00,0xfab591c8b04e7e3f98665be26cddf7154fcbe121ec420d37550eb28833b7aa70
0x03cf40b900971561ac6bd997ef1fe939dcbc95e2,0xd8da6bf26964af9d7eed9e03e53415d37aa96045,0.0,2022-02-07T18:56:52+00:00,0x97a396f58089a01309b1901345beef0598d236be838bac33fb5a4796a8220412
0x03cf40b900971561ac6bd997ef1fe939dcbc95e2,0xd8da6bf26964af9d7eed9e03e53415d37aa96045,0.0,2022-02-07T18:57:09+00:00,0xc0d637ba36a832a4e3f16241af290590129b4e0760caeb3067da4f116172f006
0x03cf40b900971561ac6bd997ef1fe939dcbc95e2,0xd8da6bf26964af9d7eed9e03e53415d37aa96045,0.0,2022-02-07T18:57:09+00:00,0xf1198e81ff283839e58f5f6d75e6b18b71a34bbb04e7ae490659a4bb2754f009
0x03cf40b900971561ac6bd997ef1fe939dcbc95e2,0xd8da6bf26964af9d7eed9e03e53415d37aa96045,0.0,2022-02-07T18:57:29+00:00,0x4f54ae77dfddb76304de5466f0641a024b0d34f6fb143440800050adbf993bb3
0x03cf40b900971561ac6bd997ef1fe939dcbc95e2,0xd8da6bf26964af9d7eed9e03e53415d37aa96045,0.0,2022-02-07T18:57:45+00:00,0xfd69711690917d6a9bfe5640e2ca8452b0ad824141b1bb6053fbb90b3f90b1a4
0x03cf40b900971561ac6bd997ef1fe939dcbc95e2,0xd8da6bf26964af9d7eed9e03e53415d37aa96045,0.0,2022-02-07T18:57:45+00:00,0xf6b3689f9a1db488c9d8b4faf3aaabc9e176efbb04620fb27026a2c7ea22c8d2
0x03cf40b900971561ac6bd997ef1fe939dcbc95e2,0xd8da6bf26964af9d7eed9e03e53415d37aa96045,0.0,2022-02-07T18:57:45+00:00,0xa5fee04d4696498f07e3c3aadd482ae0e06149ef6a084cbae32d7761fca0f426
0x03cf40b900971561ac6bd997ef1fe939dcbc95e2,0xd8da6bf26964af9d7eed9e03e53415d37aa96045,0.0,2022-02-07T18:57:45+00:00,0xa297f7168557ff405d94b1b93f708ffefe666431e00869f127cca0902ea1b3aa
0x03cf40b900971561ac6bd997ef1fe939dcbc95e2,0xd8da6bf26964af9d7eed9e03e53415d37aa96045,0.0,2022-02-07T18:57:45+00:00,0x9ece2ff0c10c49c5aedeced40372d7439fc5b05a084708aba45f80078cfba103
0x03cf40b900971561ac6bd997ef1fe939dcbc95e2,0xd8da6bf26964af9d7eed9e03e53415d37aa96045,0.0,2022-02-07T18:57:45+00:00,0x90a02651a1a2fc384e27ff4db3e5645d8205ed372b0556004c85d6ae93ae777b
0x03cf40b900971561ac6bd997ef1fe939dcbc95e2,0xd8da6bf26964af9d7eed9e03e53415d37aa96045,0.0,2022-02-07T18:57:45+00:00,0x7d27e209664881322e99d224c239ba7879019ee0d77264302f42cfd3dfef18b8
0x03cf40b900971561ac6bd997ef1fe939dcbc95e2,0xd8da6bf26964af9d7eed9e03e53415d37aa96045,0.0,2022-02-07T18:59:05+00:00,0x744009d9acf40ace38f96cb3dd4ac01064b83c7447ea3db2fd115518bf417b68
0x03cf40b900971561ac6bd997ef1fe939dcbc95e2,0xd8da6bf26964af9d7eed9e03e53415d37aa96045,0.0,2022-02-07T18:59:20+00:00,0x52370167ed529235b18d6f86db7cb67fe3a40e621285b207fd2db67303317b33
0x03cf40b900971561ac6bd997ef1fe939dcbc95e2,0xd8da6bf26964af9d7eed9e03e53415d37aa96045,0.0,2022-02-07T18:59:33+00:00,0xf1f9832d9afa517c9d7395042afe9196cf8be4963dff30c1bbf13814d6dde37d
0x03cf40b900971561ac6bd997ef1fe939dcbc95e2,0xd8da6bf26964af9d7eed9e03e53415d37aa96045,0.0,2022-02-07T18:59:36+00:00,0x9c557f10bdb6f268691d21dee0d7aff639a31faeed31b0f75cdafc7de8f2e2a2
0x03cf40b900971561ac6bd997ef1fe939dcbc95e2,0xd8da6bf26964af9d7eed9e03e53415d37aa96045,0.0,2022-02-07T18:59:36+00:00,0x510567c908a3ff9dd1a699ade1415c75c38123f12e1f1330b13cb073eb198c18
0x03cf40b900971561ac6bd997ef1fe939dcbc95e2,0xd8da6bf26964af9d7eed9e03e53415d37aa96045,0.0,2022-02-07T18:59:36+00:00,0x405cbe1243d2f7db318f31cf1f91fd96ef22ababc43d23261a22709201c7e754
0x20be8761a2b70fc539067bfe3666a7de30be87db,0xd8da6bf26964af9d7eed9e03e53415d37aa96045,0.01,2022-02-19T21:34:29+00:00,0xaefb1a92261bd6741910f9424e424a2638a87a61fd3f7588f0dbbc50ea72eab4
0x46c47c936e335316814dca8ca5a9ec40445cf93f,0xd8da6bf26964af9d7eed9e03e53415d37aa96045,0.01,2022-02-22T13:31:18+00:00,0x653ca70b5318bb78d6a058b742ba020ea3c29d38fefafcb090b557ee443f88d0
0xd57e3155e0082ad4c95e886e3284a0610ef66ef4,0xd8da6bf26964af9d7eed9e03e53415d37aa96045,0.0001,2022-02-25T09:52:14+00:00,0xb68b6536bb3465619e18fbe6977996f215a5693880fce52425269817d290e027
0xd57e3155e0082ad4c95e886e3284a0610ef66ef4,0xd8da6bf26964af9d7eed9e03e53415d37aa96045,0.0001,2022-02-25T09:58:56+00:00,0x4270e77c6dc0dec3781a629d77c79769f3539cb5712bb7060b875b086f4c159f
0xd57e3155e0082ad4c95e886e3284a0610ef66ef4,0xd8da6bf26964af9d7eed9e03e53415d37aa96045,1e-05,2022-02-25T10:02:23+00:00,0x13ac3dd50f6250495bdf7f66aced39ac86f6d893ff7daffc63fe9c10dc33886c
0xd8da6bf26964af9d7eed9e03e53415d37aa96045,0xb1e14bccad2f1f5a58fa789d80f8e4142d9f7eaf,0.1,2022-02-26T23:17:15+00:00,0x7ce0f8d92e9fdec9ec33389473b6e50f2b67ef99c9999b23e1f9aae8066dde6b
0xd8da6bf26964af9d7eed9e03e53415d37aa96045,0xb1e14bccad2f1f5a58fa789d80f8e4142d9f7eaf,199.9,2022-02-26T23:26:48+00:00,0x0a233a7287fe52ebd47ccb6c0bd105f93aca78dee13adcbf4ec2e883521f9c53
0x6b1e7091792ba47b305f528f12e4a29b7a92c9d0,0xd8da6bf26964af9d7eed9e03e53415d37aa96045,0.0,2022-03-11T07:21:32+00:00,0xb9b7dedf1657de98dd386220e41a0394ac74cdc176ef2b3f57bdaf653b13dc16
0xd57e3155e0082ad4c95e886e3284a0610ef66ef4,0xd8da6bf26964af9d7eed9e03e53415d37aa96045,1e-07,2022-03-12T07:02:02+00:00,0xcf62eaa7da15d2bac667f93f06e0b5a769f69f7942ca379669af2b79b583cff7
0xfbcc7a8ecf4fed1fc6948a357198d51d33cd6c5e,0xd8da6bf26964af9d7eed9e03e53415d37aa96045,0.000396425824763928,2022-03-14T03:18:01+00:00,0x703ebce4f848346e7c191c6289a9c5acf809cbcab10be3b6b3b327300d0672e4
0xd8da6bf26964af9d7eed9e03e53415d37aa96045,0xde21f729137c5af1b01d73af1dc21effa2b8a0d6,128.0,2022-03-14T21:42:57+00:00,0x4bae091212f3d6bb7fad5b071d6a4c69cad94cfd58e36e0c1e7d8cad5ba73e27
0xd8da6bf26964af9d7eed9e03e53415d37aa96045,0x1f3d3a8d36fcd52c841aa1c3c1af81757b9ad4df,0.013,2022-03-16T00:49:03+00:00,0x4721a5702f075e84f773a68b31da4843d01987401ae9cf1a01f3a5a7d86ebbc7
0xd8da6bf26964af9d7eed9e03e53415d37aa96045,0x9b27dd5bb15d42dc224fcd0b7caebbe16161df42,0.0,2022-03-17T13:43:19+00:00,0xb14fbda5118acbe6f561da98d70119a10a2d4344f41dc838e1e04070dcc65915
0xd8da6bf26964af9d7eed9e03e53415d37aa96045,0xd90e2f925da726b50c4ed8d0fb90ad053324f31b,100.0,2022-03-17T21:54:53+00:00,0xa776ea1ffb73abc141a69e40e2a579ac02bc3f69dce87c249730777796ff9fb8
0xd8da6bf26964af9d7eed9e03e53415d37aa96045,0xd90e2f925da726b50c4ed8d0fb90ad053324f31b,100.0,2022-03-17T21:56:44+00:00,0x9d98f4f7d1eb43555ef96acd2b99a56b88b4330fecc6af7e0ccaad3e39b6e379
0xd8da6bf26964af9d7eed9e03e53415d37aa96045,0xd90e2f925da726b50c4ed8d0fb90ad053324f31b,100.0,2022-03-17T21:57:00+00:00,0xbc97785d491b2baebfd56046e26cbc972cb4667e9a4fcb5ee461a0bfe15e30b1
0xd8da6bf26964af9d7eed9e03e53415d37aa96045,0xd90e2f925da726b50c4ed8d0fb90ad053324f31b,100.0,2022-03-17T21:57:21+00:00,0x6c647c160035437e72176c6c77b7f71b9bc7aa6417d5300e5044476e71782dc6
0xd8da6bf26964af9d7eed9e03e53415d37aa96045,0xd90e2f925da726b50c4ed8d0fb90ad053324f31b,100.0,2022-03-17T21:58:23+00:00,0x980f6250900dd986f1e597be8b180e323a65e2d3d4473faa4f696797454b3c87
0x4851ae25872c530829d1677f99c429797beee736,0xd8da6bf26964af9d7eed9e03e53415d37aa96045,0.01,2022-03-18T02:52:16+00:00,0x6a9fe7f7146f1d5c1f90126f153831c5300e3a217f08c688908e0b425fc2f24c
0xd8da6bf26964af9d7eed9e03e53415d37aa96045,0xd90e2f925da726b50c4ed8d0fb90ad053324f31b,0.0,2022-03-18T13:39:48+00:00,0x995e5a875cd4f7bb0bdd3821edb7a2cacabed685d3d0fc780df1faac255c9604
0x557e36cf180def8c3632980f894160fc19c9c172,0xd8da6bf26964af9d7eed9e03e53415d37aa96045,0.005,2022-03-18T15:13:29+00:00,0xf19000641ef83a7c9a9fe72465c68311bddfc00378ce6bd96fd149c070ba1a3f
0xd8da6bf26964af9d7eed9e03e53415d37aa96045,0xfccf08bd2be84cabe3e73dbfd23042198067c205,300.0,2022-03-18T16:37:17+00:00,0x1d5c206ee9f1cf173330102b886aa9ea4b1f0ad93124ab359ff115466fcf33cf
0x6bb6cafe40301288c65ff98d97e15c6e33730998,0xd8da6bf26964af9d7eed9e03e53415d37aa96045,0.00965213587696,2022-03-19T08:36:06+00:00,0x09f4335a94597d14049df38721c30922c5e0843ef38ce650a2c803d3aba84111
0xd8da6bf26964af9d7eed9e03e53415d37aa96045,0xa06c2b67e7435ce25a5969e49983ec3304d8e787,0.0,2022-03-22T02:05:38+00:00,0x418eaa2c488d1c166774bd06bea92fc3eea37fd3063273b4d6c6485bd5385147
0x46b1b34b4e4bb7d80372e9bc036808d04c1dd3cf,0xd8da6bf26964af9d7eed9e03e53415d37aa96045,0.0008,2022-03-22T10:34:27+00:00,0xb0f695ad0a118aca695e1c4e04d75c310a2d206e64541ad6d9af13f21d77c0a9
0x46b1b34b4e4bb7d80372e9bc036808d04c1dd3cf,0xd8da6bf26964af9d7eed9e03e53415d37aa96045,8e-05,2022-03-22T10:41:25+00:00,0x8ddfe4a775f4dd84a8b54b0a66dd7a72403ab0e6476dab6c93d8c6a85da2a6fb
0xd8da6bf26964af9d7eed9e03e53415d37aa96045,0xa06c2b67e7435ce25a5969e49983ec3304d8e787,0.0,2022-03-23T01:56:30+00:00,0x8ba28678b79c0786d1fde5058b9b88d0c1c513a5ab9faf55780719f4d0de0168
